Event Name,Category,Date,Location,Organizer,Venue,Event URL,Source,Email,Website,Title,Fair,Phone,email_is_business,website_ok,title_valid,tier1_passes,tier2_points,score,outreach_category,company_name,description,phone,address,linkedin_url,industry,enrichment_status
Allied Health Conference,Other,August 2026,"Sydney, AU",,"Sydney, AU",https://conferenceindex.org/event/allied-health-conference-allicare-2026-august-sydney-au,conferenceindex,,,,,,False,False,False,0,0,0,skip,,,,,,,partial
Pioneering Medical Futures Summit,Technology,August 2026,"Sydney, AU",,"Sydney, AU",https://conferenceindex.org/event/pioneering-medical-futures-summit-innoheal-2026-august-sydney-au,conferenceindex,,,,,,False,False,False,0,0,0,skip,,,,,,,partial
Global Medical Intelligence Conference,Healthcare,August 2026,"Sydney, AU",,"Sydney, AU",https://conferenceindex.org/event/global-medical-intelligence-conference-medintel-2026-august-sydney-au,conferenceindex,,,,,,False,False,False,0,0,0,skip,,,,,,,partial
Clinical Sciences Exchange,Healthcare,August 2026,"Sydney, AU",,"Sydney, AU",https://conferenceindex.org/event/clinical-sciences-exchange-clinscix-2026-august-sydney-au,conferenceindex,,,,,,False,False,False,0,0,0,skip,,,,,,,partial
Physical Therapy Conference,Other,August 2026,"Sydney, AU",,"Sydney, AU",https://conferenceindex.org/event/physical-therapy-conference-movewell-2026-august-sydney-au,conferenceindex,,,,,,False,False,False,0,0,0,skip,,,,,,,partial
Allergy Conference,Other,August 2026,"Sydney, AU",,"Sydney, AU",https://conferenceindex.org/event/allergy-conference-air-freedom-2026-august-sydney-au,conferenceindex,,,,,,False,False,False,0,0,0,skip,,,,,,,partial
Pathology Conference,Other,August 2026,"Sydney, AU",,"Sydney, AU",https://conferenceindex.org/event/pathology-conference-lablink-2026-august-sydney-au,conferenceindex,,,,,,False,False,False,0,0,0,skip,,,,,,,partial
Cataract Conference,Other,August 2026,"Sydney, AU",,"Sydney, AU",https://conferenceindex.org/event/cataract-conference-eye-summit-2026-august-sydney-au,conferenceindex,,,,,,False,False,False,0,0,0,skip,,,,,,,partial
Critical Care Medicine Conference,Automotive,August 2026,"Sydney, AU",,"Sydney, AU",https://conferenceindex.org/event/critical-care-medicine-conference-life-support-2026-august-sydney-au,conferenceindex,,,,,,False,False,False,0,0,0,skip,,,,,,,partial
"Plastic, Reconstructive and Aesthetic Surgery Conference",Other,August 2026,"Sydney, AU",,"Sydney, AU",https://conferenceindex.org/event/plastic-reconstructive-and-aesthetic-surgery-conference-restore-art-2026-august-sydney-au,conferenceindex,,,,,,False,False,False,0,0,0,skip,,,,,,,partial
International Conference on Intellectual Property Management and Technology Transfer,Technology,December 2026,"Strasbourg, FR",,"Strasbourg, FR",https://conferenceindex.org/event/international-conference-on-intellectual-property-management-and-technology-transfer-icipmatt-2026-december-strasbourg-fr,conferenceindex,,,,,,False,False,False,0,0,0,skip,,,,,,,partial
International Conference on Intellectual Property Management and Technology Transfer,Technology,November 2026,"Toronto, CA",,"Toronto, CA",https://conferenceindex.org/event/international-conference-on-intellectual-property-management-and-technology-transfer-icipmatt-2026-november-toronto-ca,conferenceindex,,,,,,False,False,False,0,0,0,skip,,,,,,,partial
International Conference on Intellectual Property Management and Technology Transfer,Technology,September 2026,"Seoul, KR",,"Seoul, KR",https://conferenceindex.org/event/international-conference-on-intellectual-property-management-and-technology-transfer-icipmatt-2026-september-seoul-kr,conferenceindex,,,,,,False,False,False,0,0,0,skip,,,,,,,partial
IEEE International Conference on Electronic Technology and Information Science,Technology,June 2026,"Guiyang, CN",,"Guiyang, CN",https://conferenceindex.org/event/ieee-international-conference-on-electronic-technology-and-information-science-icetis-2026-june-guiyang-cn,conferenceindex,,,,,,False,False,False,0,0,0,skip,,,,,,,partial
International Conference on Primary Health Care,Healthcare,November 2026,"Barcelona, ES",,"Barcelona, ES",https://conferenceindex.org/event/international-conference-on-primary-health-care-phc-2026-november-barcelona-es,conferenceindex,,,,,,False,False,False,0,0,0,skip,,,,,,,partial
Congress on Innovative Chemistry,Other,April 2026,"Dubai, AE",,"Dubai, AE",https://conferenceindex.org/event/congress-on-innovative-chemistry-2026-april-dubai-ae,conferenceindex,,,,,,False,False,False,0,0,0,skip,,,,,,,partial
Forum on Innovations in Nanotechnology (FIN),Technology,April 2026,"Dubai, AE",,"Dubai, AE",https://conferenceindex.org/event/forum-on-innovations-in-nanotechnology-fin-2026-april-dubai-ae,conferenceindex,,,,,,False,False,False,0,0,0,skip,,,,,,,partial
"International Conference on Chemical, Biological & Environmental Sciences (I2C2BES)",Other,April 2026,"Istanbul, TR",,"Istanbul, TR",https://conferenceindex.org/event/international-conference-on-chemical-biological-environmental-sciences-i2c2bes-2026-april-istanbul-tr,conferenceindex,,,,,,False,False,False,0,0,0,skip,,,,,,,partial
International Conference on Green Technologies & Sustainable Engineering (IGTSE),Technology,April 2026,"Istanbul, TR",,"Istanbul, TR",https://conferenceindex.org/event/international-conference-on-green-technologies-sustainable-engineering-igtse-2026-april-istanbul-tr,conferenceindex,,,,,,False,False,False,0,0,0,skip,,,,,,,partial
"International Conference on Mining, Water and Waste Management (IMWWM)",Other,April 2026,"Istanbul, TR",,"Istanbul, TR",https://conferenceindex.org/event/international-conference-on-mining-water-and-waste-management-imwwm-2026-april-istanbul-tr,conferenceindex,,,,,,False,False,False,0,0,0,skip,,,,,,,partial
"International Conference on Research in Humanities, Social Sciences & Education (RHSSE)",Education,April 2026,"Istanbul, TR",,"Istanbul, TR",https://conferenceindex.org/event/international-conference-on-research-in-humanities-social-sciences-education-rhsse-2026-april-istanbul-tr,conferenceindex,,,,,,False,False,False,0,0,0,skip,,,,,,,partial
"World Congress on Advances in Science, Engineering & Technology (WASET)",Technology,April 2026,"Istanbul, TR",,"Istanbul, TR",https://conferenceindex.org/event/world-congress-on-advances-in-science-engineering-technology-waset-2026-april-istanbul-tr,conferenceindex,,,,,,False,False,False,0,0,0,skip,,,,,,,partial
"International Congress on Animal, Fisheries & Veterinary Sciences (IAFVS)",Other,April 2026,"Istanbul, TR",,"Istanbul, TR",https://conferenceindex.org/event/international-congress-on-animal-fisheries-veterinary-sciences-iafvs-2026-april-istanbul-tr,conferenceindex,,,,,,False,False,False,0,0,0,skip,,,,,,,partial
International Conference on Advances in Civil & Architectural Engineering (IACAE),Manufacturing,April 2026,"Istanbul, TR",,"Istanbul, TR",https://conferenceindex.org/event/international-conference-on-advances-in-civil-architectural-engineering-iacae-2026-april-istanbul-tr,conferenceindex,,,,,,False,False,False,0,0,0,skip,,,,,,,partial
"International Conference on Multidisciplinary Educational Research, Teaching and Learning (ICMERTL)",Education,April 2026,"Milan, IT",,"Milan, IT",https://conferenceindex.org/event/international-conference-on-multidisciplinary-educational-research-teaching-and-learning-icmertl-2026-april-milan-it,conferenceindex,,,,,,False,False,False,0,0,0,skip,,,,,,,partial
International Conference on Recent Innovations in Engineering and Technology (ICRIET),Technology,April 2026,"Milan, IT",,"Milan, IT",https://conferenceindex.org/event/international-conference-on-recent-innovations-in-engineering-and-technology-icriet-2026-april-milan-it,conferenceindex,,,,,,False,False,False,0,0,0,skip,,,,,,,partial
"International Conference on Advances in Electronics, Control and Computing Systems (AEC2S)",Other,April 2026,"Istanbul, TR",,"Istanbul, TR",https://conferenceindex.org/event/international-conference-on-advances-in-electronics-control-and-computing-systems-aec2s-2026-april-istanbul-tr,conferenceindex,,,,,,False,False,False,0,0,0,skip,,,,,,,partial
International Conference on Advances in Mechanical & Manufacturing Engineering (IAMME),Manufacturing,April 2026,"Istanbul, TR",,"Istanbul, TR",https://conferenceindex.org/event/international-conference-on-advances-in-mechanical-manufacturing-engineering-iamme-2026-april-istanbul-tr,conferenceindex,,,,,,False,False,False,0,0,0,skip,,,,,,,partial
"World Conference on Genetics, Cellular and Molecular Biology (WGCMB)",Other,April 2026,"Istanbul, TR",,"Istanbul, TR",https://conferenceindex.org/event/world-conference-on-genetics-cellular-and-molecular-biology-wgcmb-2026-april-istanbul-tr,conferenceindex,,,,,,False,False,False,0,0,0,skip,,,,,,,partial
"World Congress on Disaster Management, Globalization & Sustainable Development (DMGSD)",Other,April 2026,"Istanbul, TR",,"Istanbul, TR",https://conferenceindex.org/event/world-congress-on-disaster-management-globalization-sustainable-development-dmgsd-2026-april-istanbul-tr,conferenceindex,,,,,,False,False,False,0,0,0,skip,,,,,,,partial
Pharma Partnering US Summit,Technology,April 2026,"San Diego, US",,"San Diego, US",https://conferenceindex.org/event/pharma-partnering-us-summit-2026-april-san-diego-us,conferenceindex,,,,,,False,False,False,0,0,0,skip,,,,,,,partial
BioPharma Clinical Trials Nexus (25TH CTN),Healthcare,April 2026,"Zurich, CH",,"Zurich, CH",https://conferenceindex.org/event/biopharma-clinical-trials-nexus-25th-ctn-2026-april-zurich-ch,conferenceindex,,,,,,False,False,False,0,0,0,skip,,,,,,,partial
"International Conference on Humanities, Social Science and Business Management (ICHSSBM)",Other,April 2026,"Kuala Lumpur, MY",,"Kuala Lumpur, MY",https://conferenceindex.org/event/international-conference-on-humanities-social-science-and-business-management-ichssbm-2026-april-kuala-lumpur-my,conferenceindex,,,,,,False,False,False,0,0,0,skip,,,,,,,partial
"International Conference on Big Data, IoT, Cyber Security and Information Technology (ICBDICSIT)",Technology,April 2026,"Kuala Lumpur, MY",,"Kuala Lumpur, MY",https://conferenceindex.org/event/international-conference-on-big-data-iot-cyber-security-and-information-technology-icbdicsit-2026-april-kuala-lumpur-my,conferenceindex,,,,,,False,False,False,0,0,0,skip,,,,,,,partial
"International Conference on Advances in Mechanical, Civil, and Construction Engineering (ICAMCCE)",Manufacturing,April 2026,"Kuala Lumpur, MY",,"Kuala Lumpur, MY",https://conferenceindex.org/event/international-conference-on-advances-in-mechanical-civil-and-construction-engineering-icamcce-2026-april-kuala-lumpur-my,conferenceindex,,,,,,False,False,False,0,0,0,skip,,,,,,,partial
Engaging Digital Comms Conference (EDC),Technology,April 2026,"London, GB",,"London, GB",https://conferenceindex.org/event/engaging-digital-comms-conference-edc-2026-april-london-gb,conferenceindex,,,,,,False,False,False,0,0,0,skip,,,,,,,partial
Financial Services Risk & Compliance Conference (FINTECH),Technology,April 2026,"London, GB",,"London, GB",https://conferenceindex.org/event/financial-services-risk-compliance-conference-fintech-2026-april-london-gb,conferenceindex,,,,,,False,False,False,0,0,0,skip,,,,,,,partial
"International Conferences on Mining, Metallurgy, and Materials Engineering (IC3ME)",Manufacturing,April 2026,"Beijin, CN",,"Beijin, CN",https://conferenceindex.org/event/international-conferences-on-mining-metallurgy-and-materials-engineering-ic3me-2026-april-beijin-cn,conferenceindex,,,,,,False,False,False,0,0,0,skip,,,,,,,partial
"International Conference on Tourism, Transport, and Logistics (ICTTL)",Other,April 2026,"Beijing, CN",,"Beijing, CN",https://conferenceindex.org/event/international-conference-on-tourism-transport-and-logistics-icttl-2026-april-beijing-cn,conferenceindex,,,,,,False,False,False,0,0,0,skip,,,,,,,partial
Global Best Achievements Awards (GBA),Other,April 2026,"Ang Mo Kio New Town, SG",,"Ang Mo Kio New Town, SG",https://conferenceindex.org/event/global-best-achievements-awards-gba-2026-april-ang-mo-kio-new-town-sg,conferenceindex,,,,,,False,False,False,0,0,0,skip,,,,,,,partial
International AI Data Scientist Awards (SCIENCE),Technology,April 2026,"Singapore, SG",,"Singapore, SG",https://conferenceindex.org/event/international-ai-data-scientist-awards-science-2026-april-singapore-sg,conferenceindex,,,,,,False,False,False,0,0,0,skip,,,,,,,partial
Math Scientist Awards (SCIENCE),Other,April 2026,"Singapore, SG",,"Singapore, SG",https://conferenceindex.org/event/math-scientist-awards-science-2026-april-singapore-sg,conferenceindex,,,,,,False,False,False,0,0,0,skip,,,,,,,partial
World Neuroscientists Awards (NES),Other,April 2026,"Singapore, SG",,"Singapore, SG",https://conferenceindex.org/event/world-neuroscientists-awards-nes-2026-april-singapore-sg,conferenceindex,,,,,,False,False,False,0,0,0,skip,,,,,,,partial
International Innovator Awards (IIA),Other,April 2026,"Singapore, SG",,"Singapore, SG",https://conferenceindex.org/event/international-innovator-awards-iia-2026-april-singapore-sg,conferenceindex,,,,,,False,False,False,0,0,0,skip,,,,,,,partial
World Biophotonics Research Awards (BPR),Other,April 2026,"Singapore, SG",,"Singapore, SG",https://conferenceindex.org/event/world-biophotonics-research-awards-bpr-2026-april-singapore-sg,conferenceindex,,,,,,False,False,False,0,0,0,skip,,,,,,,partial
International Research Awards on Genetics & Genomics of Diseases (GGD),Healthcare,April 2026,"Singapore, SG",,"Singapore, SG",https://conferenceindex.org/event/international-research-awards-on-genetics-genomics-of-diseases-ggd-2026-april-singapore-sg,conferenceindex,,,,,,False,False,False,0,0,0,skip,,,,,,,partial
International Research Data Analysis Excellence & Awards (RDA),Technology,April 2026,"Singapore, SG",,"Singapore, SG",https://conferenceindex.org/event/international-research-data-analysis-excellence-awards-rda-2026-april-singapore-sg,conferenceindex,,,,,,False,False,False,0,0,0,skip,,,,,,,partial
Computational Biologists Awards (CBIO),Other,April 2026,"Singapore, SG",,"Singapore, SG",https://conferenceindex.org/event/computational-biologists-awards-cbio-2026-april-singapore-sg,conferenceindex,,,,,,False,False,False,0,0,0,skip,,,,,,,partial
Bike Bus Summit (BIKE BUS),Technology,April 2026,"Lisbon, PT",,"Lisbon, PT",https://conferenceindex.org/event/bike-bus-summit-bike-bus-2026-april-lisbon-pt,conferenceindex,,,,,,False,False,False,0,0,0,skip,,,,,,,partial
International Analytical Chemistry Awards (ANC),Other,April 2026,"Singapore, SG",,"Singapore, SG",https://conferenceindex.org/event/international-analytical-chemistry-awards-anc-2026-april-singapore-sg,conferenceindex,,,,,,False,False,False,0,0,0,skip,,,,,,,partial
World Life Science Awards (SCIENCE),Other,April 2026,"Singapore, SG",,"Singapore, SG",https://conferenceindex.org/event/world-life-science-awards-science-2026-april-singapore-sg,conferenceindex,,,,,,False,False,False,0,0,0,skip,,,,,,,partial
Scientific World Research Awards (SWR),Other,April 2026,"Singapore, SG",,"Singapore, SG",https://conferenceindex.org/event/scientific-world-research-awards-swr-2026-april-singapore-sg,conferenceindex,,,,,,False,False,False,0,0,0,skip,,,,,,,partial
International Plant Scientist Awards (PLS),Other,April 2026,"Singapore, SG",,"Singapore, SG",https://conferenceindex.org/event/international-plant-scientist-awards-pls-2026-april-singapore-sg,conferenceindex,,,,,,False,False,False,0,0,0,skip,,,,,,,partial
Sufism in Saudi Arabia Since 1979: The Politics of Orthodoxy in Contemporary Islam,Other,April 2026,"Istanbul, TR",,"Istanbul, TR",https://conferenceindex.org/event/sufism-in-saudi-arabia-since-1979-the-politics-of-orthodoxy-in-contemporary-islam-2026-april-istanbul-tr,conferenceindex,,,,,,False,False,False,0,0,0,skip,,,,,,,partial
"International Hybrid Conference on ENT, Audiology and Speech Language Pathology",Other,April 2026,"Tokyo, JP",,"Tokyo, JP",https://conferenceindex.org/event/international-hybrid-conference-on-ent-audiology-and-speech-language-pathology-2026-april-tokyo-jp,conferenceindex,,,,,,False,False,False,0,0,0,skip,,,,,,,partial
MSK MRI: Approach and Interactive Case Review with an Orthopedic Surgeon,Energy,April 2026,"Las Vegas, US",,"Las Vegas, US",https://conferenceindex.org/event/msk-mri-approach-and-interactive-case-review-with-an-orthopedic-surgeon-2026-april-las-vegas-us,conferenceindex,,,,,,False,False,False,0,0,0,skip,,,,,,,partial
NP PA Surgical Updates,Other,April 2026,"Orlando, US",,"Orlando, US",https://conferenceindex.org/event/np-pa-surgical-updates-2026-april-orlando-us,conferenceindex,,,,,,False,False,False,0,0,0,skip,,,,,,,partial
International conference on Law and Society (ICLS),Other,April 2026,"Jakarta, ID",,"Jakarta, ID",https://conferenceindex.org/event/international-conference-on-law-and-society-icls-2026-april-jakarta-id,conferenceindex,,,,,,False,False,False,0,0,0,skip,,,,,,,partial
The Diversity & Inclusion Conference,Other,April 2026,"London, GB",,"London, GB",https://conferenceindex.org/event/the-diversity-inclusion-conference-2026-april-london-gb,conferenceindex,,,,,,False,False,False,0,0,0,skip,,,,,,,partial
EAP 2026 Annual Paediatric Forum & Mastercourse (EAP),Other,April 2026,"Tbilisi, GE",,"Tbilisi, GE",https://conferenceindex.org/event/eap-2026-annual-paediatric-forum-mastercourse-eap-2026-april-tbilisi-ge,conferenceindex,,,,,,False,False,False,0,0,0,skip,,,,,,,partial
Art and Dissent: The Norton and Nancy Dodge Collection of Nonconformist Art from the Soviet Union and Its Global Legacy,Other,April 2026,"New Brunswick, US",,"New Brunswick, US",https://conferenceindex.org/event/art-and-dissent-the-norton-and-nancy-dodge-collection-of-nonconformist-art-from-the-soviet-union-and-its-global-legacy-2026-april-new-brunswick-us,conferenceindex,,,,,,False,False,False,0,0,0,skip,,,,,,,partial
Aesthetic and Anti-aging Medicine World Congress,Other,May 2026,"Taipei, TW",,"Taipei, TW",https://conferenceindex.org/event/aesthetic-and-anti-aging-medicine-world-congress-2026-may-taipei-tw,conferenceindex,,,,,,False,False,False,0,0,0,skip,,,,,,,partial
International Aesthetic & Plastic Surgery Meeting (DUBAI),Other,May 2026,"Dubai, AE",,"Dubai, AE",https://conferenceindex.org/event/international-aesthetic-plastic-surgery-meeting-dubai-2026-may-dubai-ae,conferenceindex,,,,,,False,False,False,0,0,0,skip,,,,,,,partial
IEEE International Conference on Clean Energy and Low Carbon Technologies (CELCT),Technology,May 2026,"Tokyo, JP",,"Tokyo, JP",https://conferenceindex.org/event/ieee-international-conference-on-clean-energy-and-low-carbon-technologies-celct-2026-may-tokyo-jp,conferenceindex,,,,,,False,False,False,0,0,0,skip,,,,,,,partial
"International Conference on Education Reform, Ideology and Politics (ERIP)",Education,May 2026,"Beijing, CN",,"Beijing, CN",https://conferenceindex.org/event/international-conference-on-education-reform-ideology-and-politics-erip-2026-may-beijing-cn,conferenceindex,,,,,,False,False,False,0,0,0,skip,,,,,,,partial
Annual Philadelphia Spine Summit (SPINE),Technology,May 2026,"Philadelphia, US",,"Philadelphia, US",https://conferenceindex.org/event/annual-philadelphia-spine-summit-spine-2026-may-philadelphia-us,conferenceindex,,,,,,False,False,False,0,0,0,skip,,,,,,,partial
Mayo Clinic Echocardiography Comprehensive Review Course for Boards and Clinical Practice,Healthcare,May 2026,"Rochester, US",,"Rochester, US",https://conferenceindex.org/event/mayo-clinic-echocardiography-comprehensive-review-course-for-boards-and-clinical-practice-2026-may-rochester-us,conferenceindex,,,,,,False,False,False,0,0,0,skip,,,,,,,partial
"International Conference on Robotics, AI and Computer Engineering (ICRACE)",Technology,May 2026,"London, GB",,"London, GB",https://conferenceindex.org/event/international-conference-on-robotics-ai-and-computer-engineering-icrace-2026-may-london-gb,conferenceindex,,,,,,False,False,False,0,0,0,skip,,,,,,,partial
International Conference on Biological and Medical Sciences (ICBMS-X),Healthcare,May 2026,"Istanbul, TR",,"Istanbul, TR",https://conferenceindex.org/event/international-conference-on-biological-and-medical-sciences-icbms-x-2026-may-istanbul-tr,conferenceindex,,,,,,False,False,False,0,0,0,skip,,,,,,,partial
International Conference on Medical & Health Science (ICMHS),Healthcare,May 2026,"Singapore, SG",,"Singapore, SG",https://conferenceindex.org/event/international-conference-on-medical-health-science-icmhs-2026-may-singapore-sg,conferenceindex,,,,,,False,False,False,0,0,0,skip,,,,,,,partial
"International Conference on Management, Economics & Social Science (ICMESS)",Other,May 2026,"Singapore, SG",,"Singapore, SG",https://conferenceindex.org/event/international-conference-on-management-economics-social-science-icmess-2026-may-singapore-sg,conferenceindex,,,,,,False,False,False,0,0,0,skip,,,,,,,partial
"International Conference on Science, Engineering & Technology (ICSET)",Technology,May 2026,"Singapore, SG",,"Singapore, SG",https://conferenceindex.org/event/international-conference-on-science-engineering-technology-icset-2026-may-singapore-sg,conferenceindex,,,,,,False,False,False,0,0,0,skip,,,,,,,partial
"International Conference on Science, Technology and Management (ICSTM)",Technology,May 2026,"Sharjah, AE",,"Sharjah, AE",https://conferenceindex.org/event/international-conference-on-science-technology-and-management-icstm-2026-may-sharjah-ae,conferenceindex,,,,,,False,False,False,0,0,0,skip,,,,,,,partial
"BI-RADS® v2025: What’s Changed, What Matters, and How to Apply It",Technology,May 2026,"Las Vegas, US",,"Las Vegas, US",https://conferenceindex.org/event/bi-rads-v2025-whats-changed-what-matters-and-how-to-apply-it-2026-may-las-vegas-us,conferenceindex,,,,,,False,False,False,0,0,0,skip,,,,,,,partial
International Conference on Nursing Science and Healthcare (ICNSH),Healthcare,May 2026,"Seattle, US",,"Seattle, US",https://conferenceindex.org/event/international-conference-on-nursing-science-and-healthcare-icnsh-2026-may-seattle-us,conferenceindex,,,,,,False,False,False,0,0,0,skip,,,,,,,partial
"International Conference on Artificial Intelligence, Image Processing, and Computer Science (ICA2IPCS)",Other,May 2026,"Seattle, US",,"Seattle, US",https://conferenceindex.org/event/international-conference-on-artificial-intelligence-image-processing-and-computer-science-ica2ipcs-2026-may-seattle-us,conferenceindex,,,,,,False,False,False,0,0,0,skip,,,,,,,partial
International Conference on Medical and Biological Engineering (ICMBE),Healthcare,May 2026,"Seattle, US",,"Seattle, US",https://conferenceindex.org/event/international-conference-on-medical-and-biological-engineering-icmbe-2026-may-seattle-us,conferenceindex,,,,,,False,False,False,0,0,0,skip,,,,,,,partial
International Conference on Petroleum Engineering and Refinery (ICPER),Manufacturing,May 2026,"Istanbul, TR",,"Istanbul, TR",https://conferenceindex.org/event/international-conference-on-petroleum-engineering-and-refinery-icper-2026-may-istanbul-tr,conferenceindex,,,,,,False,False,False,0,0,0,skip,,,,,,,partial
"International Conference on Electrochemistry, Material Science and Engineering (ICEMSE)",Manufacturing,May 2026,"Istanbul, TR",,"Istanbul, TR",https://conferenceindex.org/event/international-conference-on-electrochemistry-material-science-and-engineering-icemse-2026-may-istanbul-tr,conferenceindex,,,,,,False,False,False,0,0,0,skip,,,,,,,partial
"International Conference on Biodiversity, Ecology and Climate Change (ICBECC)",Other,May 2026,"Istanbul, TR",,"Istanbul, TR",https://conferenceindex.org/event/international-conference-on-biodiversity-ecology-and-climate-change-icbecc-2026-may-istanbul-tr,conferenceindex,,,,,,False,False,False,0,0,0,skip,,,,,,,partial
"International Conferences on Mining, Metallurgy, and Materials Engineering (IC3ME)",Manufacturing,May 2026,"Sharjah, AE",,"Sharjah, AE",https://conferenceindex.org/event/international-conferences-on-mining-metallurgy-and-materials-engineering-ic3me-2026-may-sharjah-ae,conferenceindex,,,,,,False,False,False,0,0,0,skip,,,,,,,partial
"International Conference on Social Science, E-Education and New Learning Technologies (ICSSELT)",Education,May 2026,"Sharjah, AE",,"Sharjah, AE",https://conferenceindex.org/event/international-conference-on-social-science-e-education-and-new-learning-technologies-icsselt-2026-may-sharjah-ae,conferenceindex,,,,,,False,False,False,0,0,0,skip,,,,,,,partial
International Conferences on Medical and Health Science (ICMHS),Healthcare,May 2026,"Sharjah, AE",,"Sharjah, AE",https://conferenceindex.org/event/international-conferences-on-medical-and-health-science-icmhs-2026-may-sharjah-ae,conferenceindex,,,,,,False,False,False,0,0,0,skip,,,,,,,partial
"From crisis to action: Education and communication for climate, ocean, overshoot and geoethics (CLIMATE)",Education,May 2026,"Vienna, AT",,"Vienna, AT",https://conferenceindex.org/event/from-crisis-to-action-education-and-communication-for-climate-ocean-overshoot-and-geoethics-climate-2026-may-vienna-at,conferenceindex,,,,,,False,False,False,0,0,0,skip,,,,,,,partial
Current Concepts in Cancer Care and Cardiology (OCC),Automotive,May 2026,"Ohio City, US",,"Ohio City, US",https://conferenceindex.org/event/current-concepts-in-cancer-care-and-cardiology-occ-2026-may-ohio-city-us,conferenceindex,,,,,,False,False,False,0,0,0,skip,,,,,,,partial
International Conference on Materials Science and Engineering (ICMSE),Manufacturing,May 2026,"Istanbul, TR",,"Istanbul, TR",https://conferenceindex.org/event/international-conference-on-materials-science-and-engineering-icmse-2026-may-istanbul-tr,conferenceindex,,,,,,False,False,False,0,0,0,skip,,,,,,,partial
"International Conference on Aerospace, Mechanical, Automotive and Materials Engineering (ICAMAME)",Manufacturing,May 2026,"Istanbul, TR",,"Istanbul, TR",https://conferenceindex.org/event/international-conference-on-aerospace-mechanical-automotive-and-materials-engineering-icamame-2026-may-istanbul-tr,conferenceindex,,,,,,False,False,False,0,0,0,skip,,,,,,,partial
International Conference on Communication and Information Engineering (ICCIE),Technology,May 2026,"Rome, IT",,"Rome, IT",https://conferenceindex.org/event/international-conference-on-communication-and-information-engineering-iccie-2026-may-rome-it,conferenceindex,,,,,,False,False,False,0,0,0,skip,,,,,,,partial
"International Conference on Electronics, Information and Communication Engineering (ICEICE)",Manufacturing,May 2026,"Istanbul, TR",,"Istanbul, TR",https://conferenceindex.org/event/international-conference-on-electronics-information-and-communication-engineering-iceice-2026-may-istanbul-tr,conferenceindex,,,,,,False,False,False,0,0,0,skip,,,,,,,partial
"International Conference on Biological, Ecological and Environmental Sciences, and Engineering (ICBEESE)",Manufacturing,May 2026,"Istanbul, TR",,"Istanbul, TR",https://conferenceindex.org/event/international-conference-on-biological-ecological-and-environmental-sciences-and-engineering-icbeese-2026-may-istanbul-tr,conferenceindex,,,,,,False,False,False,0,0,0,skip,,,,,,,partial
"International Conference on Migration, Development and Human Security (ICMDHS)",Technology,May 2026,"Rome, IT",,"Rome, IT",https://conferenceindex.org/event/international-conference-on-migration-development-and-human-security-icmdhs-2026-may-rome-it,conferenceindex,,,,,,False,False,False,0,0,0,skip,,,,,,,partial
International Conference on Communication and Information Technology and Engineering (ICCITE),Technology,May 2026,"Istanbul, TR",,"Istanbul, TR",https://conferenceindex.org/event/international-conference-on-communication-and-information-technology-and-engineering-iccite-2026-may-istanbul-tr,conferenceindex,,,,,,False,False,False,0,0,0,skip,,,,,,,partial
International Conference on Educational Sciences (ICES),Technology,May 2026,"Rome, IT",,"Rome, IT",https://conferenceindex.org/event/international-conference-on-educational-sciences-ices-2026-may-rome-it,conferenceindex,,,,,,False,False,False,0,0,0,skip,,,,,,,partial
International Conference on Educational Technology (ICET),Technology,May 2026,"Istanbul, TR",,"Istanbul, TR",https://conferenceindex.org/event/international-conference-on-educational-technology-icet-2026-may-istanbul-tr,conferenceindex,,,,,,False,False,False,0,0,0,skip,,,,,,,partial
International Conference on Cognitive Neuroscience (ICCN),Other,May 2026,"Istanbul, TR",,"Istanbul, TR",https://conferenceindex.org/event/international-conference-on-cognitive-neuroscience-iccn-2026-may-istanbul-tr,conferenceindex,,,,,,False,False,False,0,0,0,skip,,,,,,,partial
International Conference on Cognitive Wireless Networks and Communications (ICCWNC),Other,May 2026,"Istanbul, TR",,"Istanbul, TR",https://conferenceindex.org/event/international-conference-on-cognitive-wireless-networks-and-communications-iccwnc-2026-may-istanbul-tr,conferenceindex,,,,,,False,False,False,0,0,0,skip,,,,,,,partial
"International Conference on Biomaterials, Colloids and Nanomedicine (ICBCN)",Other,May 2026,"Istanbul, TR",,"Istanbul, TR",https://conferenceindex.org/event/international-conference-on-biomaterials-colloids-and-nanomedicine-icbcn-2026-may-istanbul-tr,conferenceindex,,,,,,False,False,False,0,0,0,skip,,,,,,,partial
"International Conference on Combustion, Energy Utilisation and Thermodynamics (ICCEUT)",Energy,May 2026,"Istanbul, TR",,"Istanbul, TR",https://conferenceindex.org/event/international-conference-on-combustion-energy-utilisation-and-thermodynamics-icceut-2026-may-istanbul-tr,conferenceindex,,,,,,False,False,False,0,0,0,skip,,,,,,,partial
International Conference on Communication and Electronic Information Engineering (ICCEIE),Manufacturing,May 2026,"Istanbul, TR",,"Istanbul, TR",https://conferenceindex.org/event/international-conference-on-communication-and-electronic-information-engineering-icceie-2026-may-istanbul-tr,conferenceindex,,,,,,False,False,False,0,0,0,skip,,,,,,,partial
"International Conference on Communication Systems, Networks and Digital Signal Processing (ICCSNDSP)",Technology,May 2026,"Istanbul, TR",,"Istanbul, TR",https://conferenceindex.org/event/international-conference-on-communication-systems-networks-and-digital-signal-processing-iccsndsp-2026-may-istanbul-tr,conferenceindex,,,,,,False,False,False,0,0,0,skip,,,,,,,partial
International Conference on Composite Materials (ICCM),Other,May 2026,"Istanbul, TR",,"Istanbul, TR",https://conferenceindex.org/event/international-conference-on-composite-materials-iccm-2026-may-istanbul-tr,conferenceindex,,,,,,False,False,False,0,0,0,skip,,,,,,,partial
"International Conference on Computational Modeling, Simulation and Analysis (ICCMSA)",Other,May 2026,"Istanbul, TR",,"Istanbul, TR",https://conferenceindex.org/event/international-conference-on-computational-modeling-simulation-and-analysis-iccmsa-2026-may-istanbul-tr,conferenceindex,,,,,,False,False,False,0,0,0,skip,,,,,,,partial
International Conference on Computational Intelligence and Software Engineering (ICCISE),Technology,May 2026,"Istanbul, TR",,"Istanbul, TR",https://conferenceindex.org/event/international-conference-on-computational-intelligence-and-software-engineering-iccise-2026-may-istanbul-tr,conferenceindex,,,,,,False,False,False,0,0,0,skip,,,,,,,partial
International Conference on Probability and Statistics (ICPS),Other,May 2026,"Istanbul, TR",,"Istanbul, TR",https://conferenceindex.org/event/international-conference-on-probability-and-statistics-icps-2026-may-istanbul-tr,conferenceindex,,,,,,False,False,False,0,0,0,skip,,,,,,,partial
"International Conference on Mathematics, Physics and Statistics (ICMPS)",Technology,May 2026,"Rome, IT",,"Rome, IT",https://conferenceindex.org/event/international-conference-on-mathematics-physics-and-statistics-icmps-2026-may-rome-it,conferenceindex,,,,,,False,False,False,0,0,0,skip,,,,,,,partial
International Conference on Industrial Engineering and Operations Management (ICIEOM),Manufacturing,May 2026,"Istanbul, TR",,"Istanbul, TR",https://conferenceindex.org/event/international-conference-on-industrial-engineering-and-operations-management-icieom-2026-may-istanbul-tr,conferenceindex,,,,,,False,False,False,0,0,0,skip,,,,,,,partial
International Conference on Operations Management and Industrial Engineering (ICOMIE),Manufacturing,May 2026,"Istanbul, TR",,"Istanbul, TR",https://conferenceindex.org/event/international-conference-on-operations-management-and-industrial-engineering-icomie-2026-may-istanbul-tr,conferenceindex,,,,,,False,False,False,0,0,0,skip,,,,,,,partial
International Conference on Nanotechnology and Biosensors (ICNB),Technology,May 2026,"Rome, IT",,"Rome, IT",https://conferenceindex.org/event/international-conference-on-nanotechnology-and-biosensors-icnb-2026-may-rome-it,conferenceindex,,,,,,False,False,False,0,0,0,skip,,,,,,,partial
International Conference on Industrial Engineering (ICIE),Manufacturing,May 2026,"Rome, IT",,"Rome, IT",https://conferenceindex.org/event/international-conference-on-industrial-engineering-icie-2026-may-rome-it,conferenceindex,,,,,,False,False,False,0,0,0,skip,,,,,,,partial
International Conference on Education and Instructional Systems Engineering (ICEISE),Manufacturing,May 2026,"Singapore, SG",,"Singapore, SG",https://conferenceindex.org/event/international-conference-on-education-and-instructional-systems-engineering-iceise-2026-may-singapore-sg,conferenceindex,,,,,,False,False,False,0,0,0,skip,,,,,,,partial
International Conference on Environmental Science and Engineering (ICESE),Manufacturing,May 2026,"Istanbul, TR",,"Istanbul, TR",https://conferenceindex.org/event/international-conference-on-environmental-science-and-engineering-icese-2026-may-istanbul-tr,conferenceindex,,,,,,False,False,False,0,0,0,skip,,,,,,,partial
"International Conference on Economics, Management of Business, Innovation and Technology (ICEMBIT)",Technology,May 2026,"Singapore, SG",,"Singapore, SG",https://conferenceindex.org/event/international-conference-on-economics-management-of-business-innovation-and-technology-icembit-2026-may-singapore-sg,conferenceindex,,,,,,False,False,False,0,0,0,skip,,,,,,,partial
International Conference on Information and Financial Engineering (ICIFE),Manufacturing,May 2026,"Singapore, SG",,"Singapore, SG",https://conferenceindex.org/event/international-conference-on-information-and-financial-engineering-icife-2026-may-singapore-sg,conferenceindex,,,,,,False,False,False,0,0,0,skip,,,,,,,partial
International Conference on Artificial Intelligence and Neural Networks (ICAINN),Other,May 2026,"Singapore, SG",,"Singapore, SG",https://conferenceindex.org/event/international-conference-on-artificial-intelligence-and-neural-networks-icainn-2026-may-singapore-sg,conferenceindex,,,,,,False,False,False,0,0,0,skip,,,,,,,partial
"International Conference on Communications, Networking and Mobile Computing (ICCNMC)",Other,May 2026,"Singapore, SG",,"Singapore, SG",https://conferenceindex.org/event/international-conference-on-communications-networking-and-mobile-computing-iccnmc-2026-may-singapore-sg,conferenceindex,,,,,,False,False,False,0,0,0,skip,,,,,,,partial
International Conference on Industrial and Mechanical Engineering (ICIME),Manufacturing,May 2026,"Singapore, SG",,"Singapore, SG",https://conferenceindex.org/event/international-conference-on-industrial-and-mechanical-engineering-icime-2026-may-singapore-sg,conferenceindex,,,,,,False,False,False,0,0,0,skip,,,,,,,partial
"International Conference on Control, Automation, Robotics and Vision Engineering (ICCARVE)",Manufacturing,May 2026,"Singapore, SG",,"Singapore, SG",https://conferenceindex.org/event/international-conference-on-control-automation-robotics-and-vision-engineering-iccarve-2026-may-singapore-sg,conferenceindex,,,,,,False,False,False,0,0,0,skip,,,,,,,partial
International Conference on Bioinformatics and Biomedical Engineering (ICBBE),Healthcare,May 2026,"Singapore, SG",,"Singapore, SG",https://conferenceindex.org/event/international-conference-on-bioinformatics-and-biomedical-engineering-icbbe-2026-may-singapore-sg,conferenceindex,,,,,,False,False,False,0,0,0,skip,,,,,,,partial
International Conference on Computer Vision and Image Processing (ICCVIP),Other,May 2026,"Istanbul, TR",,"Istanbul, TR",https://conferenceindex.org/event/international-conference-on-computer-vision-and-image-processing-iccvip-2026-may-istanbul-tr,conferenceindex,,,,,,False,False,False,0,0,0,skip,,,,,,,partial
"International Conference on Environmental, Biological, Ecological Sciences and Engineering (ICEBESE)",Manufacturing,May 2026,"Istanbul, TR",,"Istanbul, TR",https://conferenceindex.org/event/international-conference-on-environmental-biological-ecological-sciences-and-engineering-icebese-2026-may-istanbul-tr,conferenceindex,,,,,,False,False,False,0,0,0,skip,,,,,,,partial
"International Conference on Ecosystems, Environment and Sustainable Development (ICEESD)",Technology,May 2026,"Rome, IT",,"Rome, IT",https://conferenceindex.org/event/international-conference-on-ecosystems-environment-and-sustainable-development-iceesd-2026-may-rome-it,conferenceindex,,,,,,False,False,False,0,0,0,skip,,,,,,,partial
International Conference on Earthquake and Structural Engineering (ICESE),Technology,May 2026,"Rome, IT",,"Rome, IT",https://conferenceindex.org/event/international-conference-on-earthquake-and-structural-engineering-icese-2026-may-rome-it,conferenceindex,,,,,,False,False,False,0,0,0,skip,,,,,,,partial
International Conference on Dentistry (ICD),Technology,May 2026,"Rome, IT",,"Rome, IT",https://conferenceindex.org/event/international-conference-on-dentistry-icd-2026-may-rome-it,conferenceindex,,,,,,False,False,False,0,0,0,skip,,,,,,,partial
International Conference on Diabetes and Metabolism (ICDM),Technology,May 2026,"Rome, IT",,"Rome, IT",https://conferenceindex.org/event/international-conference-on-diabetes-and-metabolism-icdm-2026-may-rome-it,conferenceindex,,,,,,False,False,False,0,0,0,skip,,,,,,,partial
International Conference on Disability and Diversity (ICDD),Technology,May 2026,"Rome, IT",,"Rome, IT",https://conferenceindex.org/event/international-conference-on-disability-and-diversity-icdd-2026-may-rome-it,conferenceindex,,,,,,False,False,False,0,0,0,skip,,,,,,,partial
International Conference on Dermatology and Dermatologic Surgery (ICDDS),Technology,May 2026,"Rome, IT",,"Rome, IT",https://conferenceindex.org/event/international-conference-on-dermatology-and-dermatologic-surgery-icdds-2026-may-rome-it,conferenceindex,,,,,,False,False,False,0,0,0,skip,,,,,,,partial
International Conference on Emergency Medicine (ICEM),Technology,May 2026,"Rome, IT",,"Rome, IT",https://conferenceindex.org/event/international-conference-on-emergency-medicine-icem-2026-may-rome-it,conferenceindex,,,,,,False,False,False,0,0,0,skip,,,,,,,partial
"International Conference on Business, Economics and Information Technology (ICBEIT)",Technology,May 2026,"Singapore, SG",,"Singapore, SG",https://conferenceindex.org/event/international-conference-on-business-economics-and-information-technology-icbeit-2026-may-singapore-sg,conferenceindex,,,,,,False,False,False,0,0,0,skip,,,,,,,partial
International Conference on Economics and Business Management (ICEBM),Other,May 2026,"Singapore, SG",,"Singapore, SG",https://conferenceindex.org/event/international-conference-on-economics-and-business-management-icebm-2026-may-singapore-sg,conferenceindex,,,,,,False,False,False,0,0,0,skip,,,,,,,partial
International Conference on Bioinformatics and Biomedicine (ICBB),Other,May 2026,"Singapore, SG",,"Singapore, SG",https://conferenceindex.org/event/international-conference-on-bioinformatics-and-biomedicine-icbb-2026-may-singapore-sg,conferenceindex,,,,,,False,False,False,0,0,0,skip,,,,,,,partial
International Conference on Fluid Mechanics and Thermal Engineering (ICFMTE),Manufacturing,May 2026,"Singapore, SG",,"Singapore, SG",https://conferenceindex.org/event/international-conference-on-fluid-mechanics-and-thermal-engineering-icfmte-2026-may-singapore-sg,conferenceindex,,,,,,False,False,False,0,0,0,skip,,,,,,,partial
International Conference on Computer and Applied Mathematics (ICCAM),Other,May 2026,"Singapore, SG",,"Singapore, SG",https://conferenceindex.org/event/international-conference-on-computer-and-applied-mathematics-iccam-2026-may-singapore-sg,conferenceindex,,,,,,False,False,False,0,0,0,skip,,,,,,,partial
International Conference on Electrical Machines and Power Electronics (ICEMPE),Energy,May 2026,"Singapore, SG",,"Singapore, SG",https://conferenceindex.org/event/international-conference-on-electrical-machines-and-power-electronics-icempe-2026-may-singapore-sg,conferenceindex,,,,,,False,False,False,0,0,0,skip,,,,,,,partial
International Conference on Biomedical Science and Engineering (ICBSE),Healthcare,May 2026,"Singapore, SG",,"Singapore, SG",https://conferenceindex.org/event/international-conference-on-biomedical-science-and-engineering-icbse-2026-may-singapore-sg,conferenceindex,,,,,,False,False,False,0,0,0,skip,,,,,,,partial
International Conference on Coastal and Ocean Engineering (ICCOE),Manufacturing,May 2026,"Singapore, SG",,"Singapore, SG",https://conferenceindex.org/event/international-conference-on-coastal-and-ocean-engineering-iccoe-2026-may-singapore-sg,conferenceindex,,,,,,False,False,False,0,0,0,skip,,,,,,,partial
International Conference on e-Learning (ICEL),Education,May 2026,"Singapore, SG",,"Singapore, SG",https://conferenceindex.org/event/international-conference-on-e-learning-icel-2026-may-singapore-sg,conferenceindex,,,,,,False,False,False,0,0,0,skip,,,,,,,partial
International Conference on e-Learning and e-Teaching (ICELET),Education,May 2026,"Singapore, SG",,"Singapore, SG",https://conferenceindex.org/event/international-conference-on-e-learning-and-e-teaching-icelet-2026-may-singapore-sg,conferenceindex,,,,,,False,False,False,0,0,0,skip,,,,,,,partial
International Conference on e-Government (ICEG),Other,May 2026,"Singapore, SG",,"Singapore, SG",https://conferenceindex.org/event/international-conference-on-e-government-iceg-2026-may-singapore-sg,conferenceindex,,,,,,False,False,False,0,0,0,skip,,,,,,,partial
International Conference on High Energy Physics (ICHEP),Energy,May 2026,"Singapore, SG",,"Singapore, SG",https://conferenceindex.org/event/international-conference-on-high-energy-physics-ichep-2026-may-singapore-sg,conferenceindex,,,,,,False,False,False,0,0,0,skip,,,,,,,partial
International Conference on High Energy and Nuclear Physics (ICHENP),Energy,May 2026,"Singapore, SG",,"Singapore, SG",https://conferenceindex.org/event/international-conference-on-high-energy-and-nuclear-physics-ichenp-2026-may-singapore-sg,conferenceindex,,,,,,False,False,False,0,0,0,skip,,,,,,,partial
"International Conference on Atomic, Molecular and Optical Physics (ICAMOP)",Other,May 2026,"Singapore, SG",,"Singapore, SG",https://conferenceindex.org/event/international-conference-on-atomic-molecular-and-optical-physics-icamop-2026-may-singapore-sg,conferenceindex,,,,,,False,False,False,0,0,0,skip,,,,,,,partial
International Conference on Information and Computer Technology (ICICT),Technology,May 2026,"Singapore, SG",,"Singapore, SG",https://conferenceindex.org/event/international-conference-on-information-and-computer-technology-icict-2026-may-singapore-sg,conferenceindex,,,,,,False,False,False,0,0,0,skip,,,,,,,partial
International Conference on e-Business and e-Government (ICBG),Other,May 2026,"Singapore, SG",,"Singapore, SG",https://conferenceindex.org/event/international-conference-on-e-business-and-e-government-icbg-2026-may-singapore-sg,conferenceindex,,,,,,False,False,False,0,0,0,skip,,,,,,,partial
International Conference on Business and Commerce Management (ICBCM),Other,May 2026,"Singapore, SG",,"Singapore, SG",https://conferenceindex.org/event/international-conference-on-business-and-commerce-management-icbcm-2026-may-singapore-sg,conferenceindex,,,,,,False,False,False,0,0,0,skip,,,,,,,partial
"International Conference on Econometrics, Operations Research and Statistics (ICEORS)",Other,May 2026,"Singapore, SG",,"Singapore, SG",https://conferenceindex.org/event/international-conference-on-econometrics-operations-research-and-statistics-iceors-2026-may-singapore-sg,conferenceindex,,,,,,False,False,False,0,0,0,skip,,,,,,,partial
International Conference on Business and Economic Analysis (ICBEA),Other,May 2026,"Singapore, SG",,"Singapore, SG",https://conferenceindex.org/event/international-conference-on-business-and-economic-analysis-icbea-2026-may-singapore-sg,conferenceindex,,,,,,False,False,False,0,0,0,skip,,,,,,,partial
International Conference on Economic and Social Development (ICESD),Other,May 2026,"Singapore, SG",,"Singapore, SG",https://conferenceindex.org/event/international-conference-on-economic-and-social-development-icesd-2026-may-singapore-sg,conferenceindex,,,,,,False,False,False,0,0,0,skip,,,,,,,partial
"International Conference on Economics, Innovation and Business Administration (ICEIBA)",Other,May 2026,"Singapore, SG",,"Singapore, SG",https://conferenceindex.org/event/international-conference-on-economics-innovation-and-business-administration-iceiba-2026-may-singapore-sg,conferenceindex,,,,,,False,False,False,0,0,0,skip,,,,,,,partial
International Conference on Computational Biomechanics (ICCB),Other,May 2026,"Singapore, SG",,"Singapore, SG",https://conferenceindex.org/event/international-conference-on-computational-biomechanics-iccb-2026-may-singapore-sg,conferenceindex,,,,,,False,False,False,0,0,0,skip,,,,,,,partial
International Conference on Chemical and Environmental Engineering (ICCEE),Manufacturing,May 2026,"Singapore, SG",,"Singapore, SG",https://conferenceindex.org/event/international-conference-on-chemical-and-environmental-engineering-iccee-2026-may-singapore-sg,conferenceindex,,,,,,False,False,False,0,0,0,skip,,,,,,,partial
International Conference on Biomedical Sciences and Oncology (ICBSO),Healthcare,May 2026,"Singapore, SG",,"Singapore, SG",https://conferenceindex.org/event/international-conference-on-biomedical-sciences-and-oncology-icbso-2026-may-singapore-sg,conferenceindex,,,,,,False,False,False,0,0,0,skip,,,,,,,partial
International Conference on Automotive and Mechanical Engineering (ICAME),Manufacturing,May 2026,"Singapore, SG",,"Singapore, SG",https://conferenceindex.org/event/international-conference-on-automotive-and-mechanical-engineering-icame-2026-may-singapore-sg,conferenceindex,,,,,,False,False,False,0,0,0,skip,,,,,,,partial
"International Conference on Computational Modeling, Analysis and Simulation (ICCMAS)",Other,May 2026,"Singapore, SG",,"Singapore, SG",https://conferenceindex.org/event/international-conference-on-computational-modeling-analysis-and-simulation-iccmas-2026-may-singapore-sg,conferenceindex,,,,,,False,False,False,0,0,0,skip,,,,,,,partial
International Conference on Computer Graphics and Image Processing (ICCGIP),Other,May 2026,"Singapore, SG",,"Singapore, SG",https://conferenceindex.org/event/international-conference-on-computer-graphics-and-image-processing-iccgip-2026-may-singapore-sg,conferenceindex,,,,,,False,False,False,0,0,0,skip,,,,,,,partial
International Conference on Computer and Network Communications (ICCNC),Other,May 2026,"Singapore, SG",,"Singapore, SG",https://conferenceindex.org/event/international-conference-on-computer-and-network-communications-iccnc-2026-may-singapore-sg,conferenceindex,,,,,,False,False,False,0,0,0,skip,,,,,,,partial
"International Conference on Computer Games, Multimedia and Allied Technology (ICCGMAT)",Technology,May 2026,"Istanbul, TR",,"Istanbul, TR",https://conferenceindex.org/event/international-conference-on-computer-games-multimedia-and-allied-technology-iccgmat-2026-may-istanbul-tr,conferenceindex,,,,,,False,False,False,0,0,0,skip,,,,,,,partial
International Conference on Computer Graphics and Vision (ICCGV),Other,May 2026,"Singapore, SG",,"Singapore, SG",https://conferenceindex.org/event/international-conference-on-computer-graphics-and-vision-iccgv-2026-may-singapore-sg,conferenceindex,,,,,,False,False,False,0,0,0,skip,,,,,,,partial
"International Conference on Computer, Information and Education Technology (ICCIET)",Technology,May 2026,"Singapore, SG",,"Singapore, SG",https://conferenceindex.org/event/international-conference-on-computer-information-and-education-technology-icciet-2026-may-singapore-sg,conferenceindex,,,,,,False,False,False,0,0,0,skip,,,,,,,partial
"International Conference on Computer Vision, Imaging and Computer Graphics (ICCVICG)",Other,May 2026,"Singapore, SG",,"Singapore, SG",https://conferenceindex.org/event/international-conference-on-computer-vision-imaging-and-computer-graphics-iccvicg-2026-may-singapore-sg,conferenceindex,,,,,,False,False,False,0,0,0,skip,,,,,,,partial
International Conference on Computers and Information Technology in Education (ICCITE),Technology,May 2026,"Singapore, SG",,"Singapore, SG",https://conferenceindex.org/event/international-conference-on-computers-and-information-technology-in-education-iccite-2026-may-singapore-sg,conferenceindex,,,,,,False,False,False,0,0,0,skip,,,,,,,partial
International Conference on Computing and Information Technology (ICCIT),Technology,May 2026,"Singapore, SG",,"Singapore, SG",https://conferenceindex.org/event/international-conference-on-computing-and-information-technology-iccit-2026-may-singapore-sg,conferenceindex,,,,,,False,False,False,0,0,0,skip,,,,,,,partial
International Conference on Concrete Engineering and Technology (ICCET),Technology,May 2026,"Singapore, SG",,"Singapore, SG",https://conferenceindex.org/event/international-conference-on-concrete-engineering-and-technology-iccet-2026-may-singapore-sg,conferenceindex,,,,,,False,False,False,0,0,0,skip,,,,,,,partial
International Conference on Environmental Sciences and Engineering (ICESE),Manufacturing,May 2026,"Singapore, SG",,"Singapore, SG",https://conferenceindex.org/event/international-conference-on-environmental-sciences-and-engineering-icese-2026-may-singapore-sg,conferenceindex,,,,,,False,False,False,0,0,0,skip,,,,,,,partial
International Conference on Information and Knowledge Technology (ICIKT),Technology,May 2026,"Singapore, SG",,"Singapore, SG",https://conferenceindex.org/event/international-conference-on-information-and-knowledge-technology-icikt-2026-may-singapore-sg,conferenceindex,,,,,,False,False,False,0,0,0,skip,,,,,,,partial
International Conference on Computer and Information Engineering (ICCIE),Manufacturing,May 2026,"Singapore, SG",,"Singapore, SG",https://conferenceindex.org/event/international-conference-on-computer-and-information-engineering-iccie-2026-may-singapore-sg,conferenceindex,,,,,,False,False,False,0,0,0,skip,,,,,,,partial
International Conference on Applied Mathematics and Engineering Mathematics (ICAMEM),Manufacturing,May 2026,"Singapore, SG",,"Singapore, SG",https://conferenceindex.org/event/international-conference-on-applied-mathematics-and-engineering-mathematics-icamem-2026-may-singapore-sg,conferenceindex,,,,,,False,False,False,0,0,0,skip,,,,,,,partial
International Conference on Communications and Signal Processing (ICCSP),Other,May 2026,"Singapore, SG",,"Singapore, SG",https://conferenceindex.org/event/international-conference-on-communications-and-signal-processing-iccsp-2026-may-singapore-sg,conferenceindex,,,,,,False,False,False,0,0,0,skip,,,,,,,partial
"International Conference on Computer Science, Engineering and Technology (ICCSET)",Technology,May 2026,"Singapore, SG",,"Singapore, SG",https://conferenceindex.org/event/international-conference-on-computer-science-engineering-and-technology-iccset-2026-may-singapore-sg,conferenceindex,,,,,,False,False,False,0,0,0,skip,,,,,,,partial
International Conference on Engineering Materials and Applications (ICEMA),Manufacturing,May 2026,"Istanbul, TR",,"Istanbul, TR",https://conferenceindex.org/event/international-conference-on-engineering-materials-and-applications-icema-2026-may-istanbul-tr,conferenceindex,,,,,,False,False,False,0,0,0,skip,,,,,,,partial
International Conference on Marine and Environmental Systems (ICMES),Other,May 2026,"Istanbul, TR",,"Istanbul, TR",https://conferenceindex.org/event/international-conference-on-marine-and-environmental-systems-icmes-2026-may-istanbul-tr,conferenceindex,,,,,,False,False,False,0,0,0,skip,,,,,,,partial
International Conference on Environmental and Chemical Engineering (ICECE),Manufacturing,May 2026,"Istanbul, TR",,"Istanbul, TR",https://conferenceindex.org/event/international-conference-on-environmental-and-chemical-engineering-icece-2026-may-istanbul-tr,conferenceindex,,,,,,False,False,False,0,0,0,skip,,,,,,,partial
"International Conference on Environment, Energy and Waste Management (ICEEWM)",Energy,May 2026,"Istanbul, TR",,"Istanbul, TR",https://conferenceindex.org/event/international-conference-on-environment-energy-and-waste-management-iceewm-2026-may-istanbul-tr,conferenceindex,,,,,,False,False,False,0,0,0,skip,,,,,,,partial
International Conference on Environmental Pollution and Remediation (ICEPR),Other,May 2026,"Istanbul, TR",,"Istanbul, TR",https://conferenceindex.org/event/international-conference-on-environmental-pollution-and-remediation-icepr-2026-may-istanbul-tr,conferenceindex,,,,,,False,False,False,0,0,0,skip,,,,,,,partial
International Conference on Environmental Science and Development (ICESD),Other,May 2026,"Istanbul, TR",,"Istanbul, TR",https://conferenceindex.org/event/international-conference-on-environmental-science-and-development-icesd-2026-may-istanbul-tr,conferenceindex,,,,,,False,False,False,0,0,0,skip,,,,,,,partial
International Conference on Automation and Intelligent Manufacturing (ICAIM),Manufacturing,May 2026,"Istanbul, TR",,"Istanbul, TR",https://conferenceindex.org/event/international-conference-on-automation-and-intelligent-manufacturing-icaim-2026-may-istanbul-tr,conferenceindex,,,,,,False,False,False,0,0,0,skip,,,,,,,partial
"International Conference on Flood Recovery, Innovation and Response (ICFRIR)",Other,May 2026,"Istanbul, TR",,"Istanbul, TR",https://conferenceindex.org/event/international-conference-on-flood-recovery-innovation-and-response-icfrir-2026-may-istanbul-tr,conferenceindex,,,,,,False,False,False,0,0,0,skip,,,,,,,partial
International Conference on Fluid Mechanics and Flow Analysis (ICFMFA),Other,May 2026,"Istanbul, TR",,"Istanbul, TR",https://conferenceindex.org/event/international-conference-on-fluid-mechanics-and-flow-analysis-icfmfa-2026-may-istanbul-tr,conferenceindex,,,,,,False,False,False,0,0,0,skip,,,,,,,partial
International Conference on Fluid Mechanics and Applications (ICFMA),Other,May 2026,"Istanbul, TR",,"Istanbul, TR",https://conferenceindex.org/event/international-conference-on-fluid-mechanics-and-applications-icfma-2026-may-istanbul-tr,conferenceindex,,,,,,False,False,False,0,0,0,skip,,,,,,,partial
International Conference on Food Engineering and Management (ICFEM),Manufacturing,May 2026,"Istanbul, TR",,"Istanbul, TR",https://conferenceindex.org/event/international-conference-on-food-engineering-and-management-icfem-2026-may-istanbul-tr,conferenceindex,,,,,,False,False,False,0,0,0,skip,,,,,,,partial
International Conference on Food Manufacturing and Safety (ICFMS),Manufacturing,May 2026,"Istanbul, TR",,"Istanbul, TR",https://conferenceindex.org/event/international-conference-on-food-manufacturing-and-safety-icfms-2026-may-istanbul-tr,conferenceindex,,,,,,False,False,False,0,0,0,skip,,,,,,,partial
International Conference on Chemical and Food Engineering (ICCFE),Manufacturing,May 2026,"Istanbul, TR",,"Istanbul, TR",https://conferenceindex.org/event/international-conference-on-chemical-and-food-engineering-iccfe-2026-may-istanbul-tr,conferenceindex,,,,,,False,False,False,0,0,0,skip,,,,,,,partial
International Conference on Applied Mathematics (ICAM),Other,May 2026,"Istanbul, TR",,"Istanbul, TR",https://conferenceindex.org/event/international-conference-on-applied-mathematics-icam-2026-may-istanbul-tr,conferenceindex,,,,,,False,False,False,0,0,0,skip,,,,,,,partial
International Conference on Fuzzy Information and Engineering (ICFIE),Manufacturing,May 2026,"Istanbul, TR",,"Istanbul, TR",https://conferenceindex.org/event/international-conference-on-fuzzy-information-and-engineering-icfie-2026-may-istanbul-tr,conferenceindex,,,,,,False,False,False,0,0,0,skip,,,,,,,partial
International Conference on Geography and Geosciences (ICGG),Other,May 2026,"Istanbul, TR",,"Istanbul, TR",https://conferenceindex.org/event/international-conference-on-geography-and-geosciences-icgg-2026-may-istanbul-tr,conferenceindex,,,,,,False,False,False,0,0,0,skip,,,,,,,partial
International Conference on Geological Sciences (ICGS),Other,May 2026,"Istanbul, TR",,"Istanbul, TR",https://conferenceindex.org/event/international-conference-on-geological-sciences-icgs-2026-may-istanbul-tr,conferenceindex,,,,,,False,False,False,0,0,0,skip,,,,,,,partial
International Conference on Geosciences and Petroleum Engineering (ICGPE),Manufacturing,May 2026,"Istanbul, TR",,"Istanbul, TR",https://conferenceindex.org/event/international-conference-on-geosciences-and-petroleum-engineering-icgpe-2026-may-istanbul-tr,conferenceindex,,,,,,False,False,False,0,0,0,skip,,,,,,,partial
International Conference on Water Resources and Renewable Energy Development (ICWRRED),Energy,May 2026,"Istanbul, TR",,"Istanbul, TR",https://conferenceindex.org/event/international-conference-on-water-resources-and-renewable-energy-development-icwrred-2026-may-istanbul-tr,conferenceindex,,,,,,False,False,False,0,0,0,skip,,,,,,,partial
International Conference on Green Manufacturing Engineering (ICGME),Manufacturing,May 2026,"Istanbul, TR",,"Istanbul, TR",https://conferenceindex.org/event/international-conference-on-green-manufacturing-engineering-icgme-2026-may-istanbul-tr,conferenceindex,,,,,,False,False,False,0,0,0,skip,,,,,,,partial
International Conference on Transportation and Logistics Technology (ICTLT),Technology,May 2026,"Istanbul, TR",,"Istanbul, TR",https://conferenceindex.org/event/international-conference-on-transportation-and-logistics-technology-ictlt-2026-may-istanbul-tr,conferenceindex,,,,,,False,False,False,0,0,0,skip,,,,,,,partial
International Conference on Hybrid and Electric Vehicles (ICHEV),Automotive,May 2026,"Istanbul, TR",,"Istanbul, TR",https://conferenceindex.org/event/international-conference-on-hybrid-and-electric-vehicles-ichev-2026-may-istanbul-tr,conferenceindex,,,,,,False,False,False,0,0,0,skip,,,,,,,partial
International Conference on Hydraulics and Pneumatics (ICHP),Other,May 2026,"Istanbul, TR",,"Istanbul, TR",https://conferenceindex.org/event/international-conference-on-hydraulics-and-pneumatics-ichp-2026-may-istanbul-tr,conferenceindex,,,,,,False,False,False,0,0,0,skip,,,,,,,partial
International Conference on Imaging and Signal Processing (ICISP),Other,May 2026,"Istanbul, TR",,"Istanbul, TR",https://conferenceindex.org/event/international-conference-on-imaging-and-signal-processing-icisp-2026-may-istanbul-tr,conferenceindex,,,,,,False,False,False,0,0,0,skip,,,,,,,partial
International Conference on Industrial Engineering and Technology (ICIET),Manufacturing,May 2026,"Istanbul, TR",,"Istanbul, TR",https://conferenceindex.org/event/international-conference-on-industrial-engineering-and-technology-iciet-2026-may-istanbul-tr,conferenceindex,,,,,,False,False,False,0,0,0,skip,,,,,,,partial
International Conference on Geological Engineering (ICGE),Manufacturing,May 2026,"Istanbul, TR",,"Istanbul, TR",https://conferenceindex.org/event/international-conference-on-geological-engineering-icge-2026-may-istanbul-tr,conferenceindex,,,,,,False,False,False,0,0,0,skip,,,,,,,partial
International Conference on Industrial Technology (ICIT),Technology,May 2026,"Istanbul, TR",,"Istanbul, TR",https://conferenceindex.org/event/international-conference-on-industrial-technology-icit-2026-may-istanbul-tr,conferenceindex,,,,,,False,False,False,0,0,0,skip,,,,,,,partial
International Conference on Industrial Engineering Design and Analysis (ICIEDA),Manufacturing,May 2026,"Istanbul, TR",,"Istanbul, TR",https://conferenceindex.org/event/international-conference-on-industrial-engineering-design-and-analysis-icieda-2026-may-istanbul-tr,conferenceindex,,,,,,False,False,False,0,0,0,skip,,,,,,,partial
International Conference on Mechanical Engineering Design and Analysis (ICMEDA),Manufacturing,May 2026,"Istanbul, TR",,"Istanbul, TR",https://conferenceindex.org/event/international-conference-on-mechanical-engineering-design-and-analysis-icmeda-2026-may-istanbul-tr,conferenceindex,,,,,,False,False,False,0,0,0,skip,,,,,,,partial
International Conference on Kinesiology and Exercise Sciences (ICKES),Other,May 2026,"Istanbul, TR",,"Istanbul, TR",https://conferenceindex.org/event/international-conference-on-kinesiology-and-exercise-sciences-ickes-2026-may-istanbul-tr,conferenceindex,,,,,,False,False,False,0,0,0,skip,,,,,,,partial
International Conference on Land Degradation and Sustainable Soil Management (ICLDSSM),Energy,May 2026,"Istanbul, TR",,"Istanbul, TR",https://conferenceindex.org/event/international-conference-on-land-degradation-and-sustainable-soil-management-icldssm-2026-may-istanbul-tr,conferenceindex,,,,,,False,False,False,0,0,0,skip,,,,,,,partial
International Conference on Land Management and Economic Development (ICLMED),Other,May 2026,"Istanbul, TR",,"Istanbul, TR",https://conferenceindex.org/event/international-conference-on-land-management-and-economic-development-iclmed-2026-may-istanbul-tr,conferenceindex,,,,,,False,False,False,0,0,0,skip,,,,,,,partial
International Conference on English Language and Linguistics (ICELL),Other,May 2026,"Istanbul, TR",,"Istanbul, TR",https://conferenceindex.org/event/international-conference-on-english-language-and-linguistics-icell-2026-may-istanbul-tr,conferenceindex,,,,,,False,False,False,0,0,0,skip,,,,,,,partial
International Conference on Language Endangerment: Methodologies and Challenges (ICLEMC),Other,May 2026,"Istanbul, TR",,"Istanbul, TR",https://conferenceindex.org/event/international-conference-on-language-endangerment-methodologies-and-challenges-iclemc-2026-may-istanbul-tr,conferenceindex,,,,,,False,False,False,0,0,0,skip,,,,,,,partial
International Conference on Language Futures: Languages in Higher Education (ICLFLHE),Education,May 2026,"Istanbul, TR",,"Istanbul, TR",https://conferenceindex.org/event/international-conference-on-language-futures-languages-in-higher-education-iclflhe-2026-may-istanbul-tr,conferenceindex,,,,,,False,False,False,0,0,0,skip,,,,,,,partial
International Conference on Language Learning (ICLL),Education,May 2026,"Istanbul, TR",,"Istanbul, TR",https://conferenceindex.org/event/international-conference-on-language-learning-icll-2026-may-istanbul-tr,conferenceindex,,,,,,False,False,False,0,0,0,skip,,,,,,,partial
"International Conference on Languages, Literature and Linguistics (ICLLL)",Other,May 2026,"Istanbul, TR",,"Istanbul, TR",https://conferenceindex.org/event/international-conference-on-languages-literature-and-linguistics-iclll-2026-may-istanbul-tr,conferenceindex,,,,,,False,False,False,0,0,0,skip,,,,,,,partial
International Conference on Civil and Geological Engineering (ICCGE),Manufacturing,May 2026,"Istanbul, TR",,"Istanbul, TR",https://conferenceindex.org/event/international-conference-on-civil-and-geological-engineering-iccge-2026-may-istanbul-tr,conferenceindex,,,,,,False,False,False,0,0,0,skip,,,,,,,partial
International Conference on Applied Mechanics and Mathematics (ICAMM),Other,May 2026,"Istanbul, TR",,"Istanbul, TR",https://conferenceindex.org/event/international-conference-on-applied-mechanics-and-mathematics-icamm-2026-may-istanbul-tr,conferenceindex,,,,,,False,False,False,0,0,0,skip,,,,,,,partial
International Conference on Aviation Engineering and Technology (ICAET),Technology,May 2026,"Istanbul, TR",,"Istanbul, TR",https://conferenceindex.org/event/international-conference-on-aviation-engineering-and-technology-icaet-2026-may-istanbul-tr,conferenceindex,,,,,,False,False,False,0,0,0,skip,,,,,,,partial
International Conference on Business and Information Engineering (ICBIE),Manufacturing,May 2026,"Istanbul, TR",,"Istanbul, TR",https://conferenceindex.org/event/international-conference-on-business-and-information-engineering-icbie-2026-may-istanbul-tr,conferenceindex,,,,,,False,False,False,0,0,0,skip,,,,,,,partial
International Conference on Information and Communication Engineering (ICICE),Manufacturing,May 2026,"Istanbul, TR",,"Istanbul, TR",https://conferenceindex.org/event/international-conference-on-information-and-communication-engineering-icice-2026-may-istanbul-tr,conferenceindex,,,,,,False,False,False,0,0,0,skip,,,,,,,partial
International Conference on Intelligent Systems (ICIS),Other,May 2026,"Istanbul, TR",,"Istanbul, TR",https://conferenceindex.org/event/international-conference-on-intelligent-systems-icis-2026-may-istanbul-tr,conferenceindex,,,,,,False,False,False,0,0,0,skip,,,,,,,partial
International Conference on Biological and Chemical Systems Engineering (ICBCSE),Manufacturing,May 2026,"Istanbul, TR",,"Istanbul, TR",https://conferenceindex.org/event/international-conference-on-biological-and-chemical-systems-engineering-icbcse-2026-may-istanbul-tr,conferenceindex,,,,,,False,False,False,0,0,0,skip,,,,,,,partial
International Conference on Computational Geometry and Computer Vision (ICCGCV),Other,May 2026,"Istanbul, TR",,"Istanbul, TR",https://conferenceindex.org/event/international-conference-on-computational-geometry-and-computer-vision-iccgcv-2026-may-istanbul-tr,conferenceindex,,,,,,False,False,False,0,0,0,skip,,,,,,,partial
International Conference on Cognitive and Neural Systems Engineering (ICCNSE),Manufacturing,May 2026,"Istanbul, TR",,"Istanbul, TR",https://conferenceindex.org/event/international-conference-on-cognitive-and-neural-systems-engineering-iccnse-2026-may-istanbul-tr,conferenceindex,,,,,,False,False,False,0,0,0,skip,,,,,,,partial
International Conference on Applied Chemistry and Chemical Engineering (ICACCE),Manufacturing,May 2026,"Istanbul, TR",,"Istanbul, TR",https://conferenceindex.org/event/international-conference-on-applied-chemistry-and-chemical-engineering-icacce-2026-may-istanbul-tr,conferenceindex,,,,,,False,False,False,0,0,0,skip,,,,,,,partial
"International Conference on Innovation, Engineering Management and Technology (ICIEMT)",Technology,May 2026,"Istanbul, TR",,"Istanbul, TR",https://conferenceindex.org/event/international-conference-on-innovation-engineering-management-and-technology-iciemt-2026-may-istanbul-tr,conferenceindex,,,,,,False,False,False,0,0,0,skip,,,,,,,partial
International Conference on Computational Statistics and Data Analysis (ICCSDA),Technology,May 2026,"Istanbul, TR",,"Istanbul, TR",https://conferenceindex.org/event/international-conference-on-computational-statistics-and-data-analysis-iccsda-2026-may-istanbul-tr,conferenceindex,,,,,,False,False,False,0,0,0,skip,,,,,,,partial
International Conference on Applied Mathematics and Scientific Computing (ICAMSC),Other,May 2026,"Istanbul, TR",,"Istanbul, TR",https://conferenceindex.org/event/international-conference-on-applied-mathematics-and-scientific-computing-icamsc-2026-may-istanbul-tr,conferenceindex,,,,,,False,False,False,0,0,0,skip,,,,,,,partial
"International Conference on Production, Energy and Reliability (ICPER)",Technology,May 2026,"Rome, IT",,"Rome, IT",https://conferenceindex.org/event/international-conference-on-production-energy-and-reliability-icper-2026-may-rome-it,conferenceindex,,,,,,False,False,False,0,0,0,skip,,,,,,,partial
International Conference on Bioengineering and Pharmaceutical Sciences (ICBPS),Technology,May 2026,"Rome, IT",,"Rome, IT",https://conferenceindex.org/event/international-conference-on-bioengineering-and-pharmaceutical-sciences-icbps-2026-may-rome-it,conferenceindex,,,,,,False,False,False,0,0,0,skip,,,,,,,partial
International Conference on Electronics and Communication Engineering (ICECE),Manufacturing,May 2026,"Singapore, SG",,"Singapore, SG",https://conferenceindex.org/event/international-conference-on-electronics-and-communication-engineering-icece-2026-may-singapore-sg,conferenceindex,,,,,,False,False,False,0,0,0,skip,,,,,,,partial
"International Conference on Energy, Environment, Ecosystems and Sustainable Development (ICEEESD)",Energy,May 2026,"Istanbul, TR",,"Istanbul, TR",https://conferenceindex.org/event/international-conference-on-energy-environment-ecosystems-and-sustainable-development-iceeesd-2026-may-istanbul-tr,conferenceindex,,,,,,False,False,False,0,0,0,skip,,,,,,,partial
"International Conference on Business, Economics, Management and Marketing (ICBEMM)",Other,May 2026,"Singapore, SG",,"Singapore, SG",https://conferenceindex.org/event/international-conference-on-business-economics-management-and-marketing-icbemm-2026-may-singapore-sg,conferenceindex,,,,,,False,False,False,0,0,0,skip,,,,,,,partial
International Conference on Neural Networks and Engineering Applications (ICNNEA),Technology,May 2026,"Rome, IT",,"Rome, IT",https://conferenceindex.org/event/international-conference-on-neural-networks-and-engineering-applications-icnnea-2026-may-rome-it,conferenceindex,,,,,,False,False,False,0,0,0,skip,,,,,,,partial
"International Conference on Civil, Structural and Construction Engineering (ICCSCE)",Technology,May 2026,"Rome, IT",,"Rome, IT",https://conferenceindex.org/event/international-conference-on-civil-structural-and-construction-engineering-iccsce-2026-may-rome-it,conferenceindex,,,,,,False,False,False,0,0,0,skip,,,,,,,partial
International Conference on Management Science and Engineering (ICMSE),Technology,May 2026,"Rome, IT",,"Rome, IT",https://conferenceindex.org/event/international-conference-on-management-science-and-engineering-icmse-2026-may-rome-it,conferenceindex,,,,,,False,False,False,0,0,0,skip,,,,,,,partial
International Conference on Information Theory (ICIT),Technology,May 2026,"Rome, IT",,"Rome, IT",https://conferenceindex.org/event/international-conference-on-information-theory-icit-2026-may-rome-it,conferenceindex,,,,,,False,False,False,0,0,0,skip,,,,,,,partial
International Conference on Machine Learning and Technology (ICMLT),Technology,May 2026,"Rome, IT",,"Rome, IT",https://conferenceindex.org/event/international-conference-on-machine-learning-and-technology-icmlt-2026-may-rome-it,conferenceindex,,,,,,False,False,False,0,0,0,skip,,,,,,,partial
International Conference on Management Engineering and Technology (ICMET),Technology,May 2026,"Rome, IT",,"Rome, IT",https://conferenceindex.org/event/international-conference-on-management-engineering-and-technology-icmet-2026-may-rome-it,conferenceindex,,,,,,False,False,False,0,0,0,skip,,,,,,,partial
International Conference on Industrial Engineering and Management Sciences (ICIEMS),Manufacturing,May 2026,"Rome, IT",,"Rome, IT",https://conferenceindex.org/event/international-conference-on-industrial-engineering-and-management-sciences-iciems-2026-may-rome-it,conferenceindex,,,,,,False,False,False,0,0,0,skip,,,,,,,partial
"International Conference on Manufacturing, Information and Industrial Engineering (ICMIIE)",Manufacturing,May 2026,"Rome, IT",,"Rome, IT",https://conferenceindex.org/event/international-conference-on-manufacturing-information-and-industrial-engineering-icmiie-2026-may-rome-it,conferenceindex,,,,,,False,False,False,0,0,0,skip,,,,,,,partial
"International Conference on Materials Science, Engineering and Manufacturing (ICMSEM)",Manufacturing,May 2026,"Rome, IT",,"Rome, IT",https://conferenceindex.org/event/international-conference-on-materials-science-engineering-and-manufacturing-icmsem-2026-may-rome-it,conferenceindex,,,,,,False,False,False,0,0,0,skip,,,,,,,partial
"International Conference on Mathematical Sciences, Engineering and Applications (ICMSEA)",Technology,May 2026,"Rome, IT",,"Rome, IT",https://conferenceindex.org/event/international-conference-on-mathematical-sciences-engineering-and-applications-icmsea-2026-may-rome-it,conferenceindex,,,,,,False,False,False,0,0,0,skip,,,,,,,partial
International Conference on Mechanical and Mechatronics Engineering (ICMME),Technology,May 2026,"Rome, IT",,"Rome, IT",https://conferenceindex.org/event/international-conference-on-mechanical-and-mechatronics-engineering-icmme-2026-may-rome-it,conferenceindex,,,,,,False,False,False,0,0,0,skip,,,,,,,partial
"International Conference on Mechanical, Aeronautical and Automotive Engineering (ICMAAE)",Technology,May 2026,"Rome, IT",,"Rome, IT",https://conferenceindex.org/event/international-conference-on-mechanical-aeronautical-and-automotive-engineering-icmaae-2026-may-rome-it,conferenceindex,,,,,,False,False,False,0,0,0,skip,,,,,,,partial
International Conference on Mechatronics and Control Engineering (ICMCE),Technology,May 2026,"Rome, IT",,"Rome, IT",https://conferenceindex.org/event/international-conference-on-mechatronics-and-control-engineering-icmce-2026-may-rome-it,conferenceindex,,,,,,False,False,False,0,0,0,skip,,,,,,,partial
International Conference on Medical and Biological Systems Engineering (ICMBSE),Technology,May 2026,"Rome, IT",,"Rome, IT",https://conferenceindex.org/event/international-conference-on-medical-and-biological-systems-engineering-icmbse-2026-may-rome-it,conferenceindex,,,,,,False,False,False,0,0,0,skip,,,,,,,partial
International Conference on Mechanical and Biomedical Engineering (ICMBE),Healthcare,May 2026,"Rome, IT",,"Rome, IT",https://conferenceindex.org/event/international-conference-on-mechanical-and-biomedical-engineering-icmbe-2026-may-rome-it,conferenceindex,,,,,,False,False,False,0,0,0,skip,,,,,,,partial
"International Conference on Medical Science, Technology and Engineering (ICMSTE)",Technology,May 2026,"Rome, IT",,"Rome, IT",https://conferenceindex.org/event/international-conference-on-medical-science-technology-and-engineering-icmste-2026-may-rome-it,conferenceindex,,,,,,False,False,False,0,0,0,skip,,,,,,,partial
International Conference on Molecular Biotechnology and Bioinformatics (ICMBB),Technology,May 2026,"Rome, IT",,"Rome, IT",https://conferenceindex.org/event/international-conference-on-molecular-biotechnology-and-bioinformatics-icmbb-2026-may-rome-it,conferenceindex,,,,,,False,False,False,0,0,0,skip,,,,,,,partial
"International Conference on Pharmaceutical Science, Technology and Engineering (ICPSTE)",Technology,May 2026,"Rome, IT",,"Rome, IT",https://conferenceindex.org/event/international-conference-on-pharmaceutical-science-technology-and-engineering-icpste-2026-may-rome-it,conferenceindex,,,,,,False,False,False,0,0,0,skip,,,,,,,partial
"International Conference on Pharmacology, Medicinal and Pharmaceutical Sciences (ICPMPS)",Technology,May 2026,"Rome, IT",,"Rome, IT",https://conferenceindex.org/event/international-conference-on-pharmacology-medicinal-and-pharmaceutical-sciences-icpmps-2026-may-rome-it,conferenceindex,,,,,,False,False,False,0,0,0,skip,,,,,,,partial
International Conference on Pharmacology and Pharmaceutical Technology (ICPPT),Technology,May 2026,"Rome, IT",,"Rome, IT",https://conferenceindex.org/event/international-conference-on-pharmacology-and-pharmaceutical-technology-icppt-2026-may-rome-it,conferenceindex,,,,,,False,False,False,0,0,0,skip,,,,,,,partial
"International Conference on Physics, Mathematics and Computer Science (ICPMCS)",Technology,May 2026,"Rome, IT",,"Rome, IT",https://conferenceindex.org/event/international-conference-on-physics-mathematics-and-computer-science-icpmcs-2026-may-rome-it,conferenceindex,,,,,,False,False,False,0,0,0,skip,,,,,,,partial
International Conference on Production and Industrial Engineering (ICPIE),Manufacturing,May 2026,"Rome, IT",,"Rome, IT",https://conferenceindex.org/event/international-conference-on-production-and-industrial-engineering-icpie-2026-may-rome-it,conferenceindex,,,,,,False,False,False,0,0,0,skip,,,,,,,partial
International Conference on Social Network Analysis and Mining (ICSNAM),Technology,May 2026,"Rome, IT",,"Rome, IT",https://conferenceindex.org/event/international-conference-on-social-network-analysis-and-mining-icsnam-2026-may-rome-it,conferenceindex,,,,,,False,False,False,0,0,0,skip,,,,,,,partial
International Conference on Software Science and Technology (ICSST),Technology,May 2026,"Rome, IT",,"Rome, IT",https://conferenceindex.org/event/international-conference-on-software-science-and-technology-icsst-2026-may-rome-it,conferenceindex,,,,,,False,False,False,0,0,0,skip,,,,,,,partial
International Conference on Structural Engineering and Technology (ICSET),Technology,May 2026,"Rome, IT",,"Rome, IT",https://conferenceindex.org/event/international-conference-on-structural-engineering-and-technology-icset-2026-may-rome-it,conferenceindex,,,,,,False,False,False,0,0,0,skip,,,,,,,partial
International Conference on Transport Science and Technology (ICTST),Technology,May 2026,"Rome, IT",,"Rome, IT",https://conferenceindex.org/event/international-conference-on-transport-science-and-technology-ictst-2026-may-rome-it,conferenceindex,,,,,,False,False,False,0,0,0,skip,,,,,,,partial
"International Conference on Water Sciences, Engineering and Technology (ICWSET)",Technology,May 2026,"Rome, IT",,"Rome, IT",https://conferenceindex.org/event/international-conference-on-water-sciences-engineering-and-technology-icwset-2026-may-rome-it,conferenceindex,,,,,,False,False,False,0,0,0,skip,,,,,,,partial
International Conference on Engineering and Technology Management (ICETM),Technology,May 2026,"Istanbul, TR",,"Istanbul, TR",https://conferenceindex.org/event/international-conference-on-engineering-and-technology-management-icetm-2026-may-istanbul-tr,conferenceindex,,,,,,False,False,False,0,0,0,skip,,,,,,,partial
"International Conference on Business, Banking and Finance (ICBBF)",Finance,May 2026,"Singapore, SG",,"Singapore, SG",https://conferenceindex.org/event/international-conference-on-business-banking-and-finance-icbbf-2026-may-singapore-sg,conferenceindex,,,,,,False,False,False,0,0,0,skip,,,,,,,partial
International Conference on Biology and Medical Sciences (ICBMS),Healthcare,May 2026,"Istanbul, TR",,"Istanbul, TR",https://conferenceindex.org/event/international-conference-on-biology-and-medical-sciences-icbms-2026-may-istanbul-tr,conferenceindex,,,,,,False,False,False,0,0,0,skip,,,,,,,partial
International Conference on Advances in Industrial and Manufacturing Engineering (ICAIME),Manufacturing,May 2026,"Rome, IT",,"Rome, IT",https://conferenceindex.org/event/international-conference-on-advances-in-industrial-and-manufacturing-engineering-icaime-2026-may-rome-it,conferenceindex,,,,,,False,False,False,0,0,0,skip,,,,,,,partial
"International Conference on Business, Economics, Marketing and Management (ICBEMM)",Technology,May 2026,"Rome, IT",,"Rome, IT",https://conferenceindex.org/event/international-conference-on-business-economics-marketing-and-management-icbemm-2026-may-rome-it,conferenceindex,,,,,,False,False,False,0,0,0,skip,,,,,,,partial
International Conference on Autonomous Agents and Multiagent Systems (ICAAMS),Other,May 2026,"Singapore, SG",,"Singapore, SG",https://conferenceindex.org/event/international-conference-on-autonomous-agents-and-multiagent-systems-icaams-2026-may-singapore-sg,conferenceindex,,,,,,False,False,False,0,0,0,skip,,,,,,,partial
International Conference on Applied and Computational Mathematics (ICACM),Other,May 2026,"Istanbul, TR",,"Istanbul, TR",https://conferenceindex.org/event/international-conference-on-applied-and-computational-mathematics-icacm-2026-may-istanbul-tr,conferenceindex,,,,,,False,False,False,0,0,0,skip,,,,,,,partial
International Conference on Artificial Intelligence and Technology (ICAIT),Technology,May 2026,"Singapore, SG",,"Singapore, SG",https://conferenceindex.org/event/international-conference-on-artificial-intelligence-and-technology-icait-2026-may-singapore-sg,conferenceindex,,,,,,False,False,False,0,0,0,skip,,,,,,,partial
International Conference on Sport and Exercise Medicine (ICSEM),Other,May 2026,"Istanbul, TR",,"Istanbul, TR",https://conferenceindex.org/event/international-conference-on-sport-and-exercise-medicine-icsem-2026-may-istanbul-tr,conferenceindex,,,,,,False,False,False,0,0,0,skip,,,,,,,partial
International Conference on Biomechanics (ICBM),Other,May 2026,"Singapore, SG",,"Singapore, SG",https://conferenceindex.org/event/international-conference-on-biomechanics-icbm-2026-may-singapore-sg,conferenceindex,,,,,,False,False,False,0,0,0,skip,,,,,,,partial
International Conference on Fluid Mechanics and Thermodynamics (ICFMT),Technology,May 2026,"Rome, IT",,"Rome, IT",https://conferenceindex.org/event/international-conference-on-fluid-mechanics-and-thermodynamics-icfmt-2026-may-rome-it,conferenceindex,,,,,,False,False,False,0,0,0,skip,,,,,,,partial
"International Conference on Civil, Environmental Engineering and Technology (ICEET)",Technology,May 2026,"Singapore, SG",,"Singapore, SG",https://conferenceindex.org/event/international-conference-on-civil-environmental-engineering-and-technology-iceet-2026-may-singapore-sg,conferenceindex,,,,,,False,False,False,0,0,0,skip,,,,,,,partial
International Conference on Digital Information Processing and Communications (ICDIPC),Technology,May 2026,"Singapore, SG",,"Singapore, SG",https://conferenceindex.org/event/international-conference-on-digital-information-processing-and-communications-icdipc-2026-may-singapore-sg,conferenceindex,,,,,,False,False,False,0,0,0,skip,,,,,,,partial
International Conference on Economics and Business Market Management (ICEBMM),Other,May 2026,"Singapore, SG",,"Singapore, SG",https://conferenceindex.org/event/international-conference-on-economics-and-business-market-management-icebmm-2026-may-singapore-sg,conferenceindex,,,,,,False,False,False,0,0,0,skip,,,,,,,partial
International Conference on Disaster and Emergency Management (ICDEM),Other,May 2026,"Singapore, SG",,"Singapore, SG",https://conferenceindex.org/event/international-conference-on-disaster-and-emergency-management-icdem-2026-may-singapore-sg,conferenceindex,,,,,,False,False,False,0,0,0,skip,,,,,,,partial
"International Conference on Civil, Structural and Earthquake Engineering (ICCSEE)",Manufacturing,May 2026,"Singapore, SG",,"Singapore, SG",https://conferenceindex.org/event/international-conference-on-civil-structural-and-earthquake-engineering-iccsee-2026-may-singapore-sg,conferenceindex,,,,,,False,False,False,0,0,0,skip,,,,,,,partial
International Conference on Business Systems Design and Analysis (ICBSDA),Other,May 2026,"Singapore, SG",,"Singapore, SG",https://conferenceindex.org/event/international-conference-on-business-systems-design-and-analysis-icbsda-2026-may-singapore-sg,conferenceindex,,,,,,False,False,False,0,0,0,skip,,,,,,,partial
"International Conference on Economics, Industrial and Business Management (ICEIBM)",Manufacturing,May 2026,"Singapore, SG",,"Singapore, SG",https://conferenceindex.org/event/international-conference-on-economics-industrial-and-business-management-iceibm-2026-may-singapore-sg,conferenceindex,,,,,,False,False,False,0,0,0,skip,,,,,,,partial
"International Conference on Image Processing, Analysis and Computer Vision (ICIPACV)",Other,May 2026,"Singapore, SG",,"Singapore, SG",https://conferenceindex.org/event/international-conference-on-image-processing-analysis-and-computer-vision-icipacv-2026-may-singapore-sg,conferenceindex,,,,,,False,False,False,0,0,0,skip,,,,,,,partial
International Conference on Industrial and Production Engineering (ICIPE),Manufacturing,May 2026,"Singapore, SG",,"Singapore, SG",https://conferenceindex.org/event/international-conference-on-industrial-and-production-engineering-icipe-2026-may-singapore-sg,conferenceindex,,,,,,False,False,False,0,0,0,skip,,,,,,,partial
International Conference on Industrial and Manufacturing Systems Engineering (ICIMSE),Manufacturing,May 2026,"Singapore, SG",,"Singapore, SG",https://conferenceindex.org/event/international-conference-on-industrial-and-manufacturing-systems-engineering-icimse-2026-may-singapore-sg,conferenceindex,,,,,,False,False,False,0,0,0,skip,,,,,,,partial
International Conference on Chemical and Biochemical Engineering (ICCBE),Manufacturing,May 2026,"Singapore, SG",,"Singapore, SG",https://conferenceindex.org/event/international-conference-on-chemical-and-biochemical-engineering-iccbe-2026-may-singapore-sg,conferenceindex,,,,,,False,False,False,0,0,0,skip,,,,,,,partial
International Conference on Biochemical Engineering and Bioengineering (ICBEB),Manufacturing,May 2026,"Singapore, SG",,"Singapore, SG",https://conferenceindex.org/event/international-conference-on-biochemical-engineering-and-bioengineering-icbeb-2026-may-singapore-sg,conferenceindex,,,,,,False,False,False,0,0,0,skip,,,,,,,partial
International Conference on Cellular and Molecular Biology (ICCMB),Other,May 2026,"Singapore, SG",,"Singapore, SG",https://conferenceindex.org/event/international-conference-on-cellular-and-molecular-biology-iccmb-2026-may-singapore-sg,conferenceindex,,,,,,False,False,False,0,0,0,skip,,,,,,,partial
"International Conference on Fluid Mechanics, Heat Transfer and Thermodynamics (ICFMHTT)",Other,May 2026,"Singapore, SG",,"Singapore, SG",https://conferenceindex.org/event/international-conference-on-fluid-mechanics-heat-transfer-and-thermodynamics-icfmhtt-2026-may-singapore-sg,conferenceindex,,,,,,False,False,False,0,0,0,skip,,,,,,,partial
International Conference on Computational and Statistical Sciences (ICCSS),Other,May 2026,"Singapore, SG",,"Singapore, SG",https://conferenceindex.org/event/international-conference-on-computational-and-statistical-sciences-iccss-2026-may-singapore-sg,conferenceindex,,,,,,False,False,False,0,0,0,skip,,,,,,,partial
International Conference on Chemical and Molecular Engineering (ICCME),Manufacturing,May 2026,"Singapore, SG",,"Singapore, SG",https://conferenceindex.org/event/international-conference-on-chemical-and-molecular-engineering-iccme-2026-may-singapore-sg,conferenceindex,,,,,,False,False,False,0,0,0,skip,,,,,,,partial
International Conference on Electrical Power and Energy Systems (ICEPES),Energy,May 2026,"Singapore, SG",,"Singapore, SG",https://conferenceindex.org/event/international-conference-on-electrical-power-and-energy-systems-icepes-2026-may-singapore-sg,conferenceindex,,,,,,False,False,False,0,0,0,skip,,,,,,,partial
International Conference on Industrial and Business Engineering (ICIBE),Manufacturing,May 2026,"Singapore, SG",,"Singapore, SG",https://conferenceindex.org/event/international-conference-on-industrial-and-business-engineering-icibe-2026-may-singapore-sg,conferenceindex,,,,,,False,False,False,0,0,0,skip,,,,,,,partial
International Conference on Biology (ICB),Other,May 2026,"Singapore, SG",,"Singapore, SG",https://conferenceindex.org/event/international-conference-on-biology-icb-2026-may-singapore-sg,conferenceindex,,,,,,False,False,False,0,0,0,skip,,,,,,,partial
International Conference on Chemistry (ICC),Other,May 2026,"Singapore, SG",,"Singapore, SG",https://conferenceindex.org/event/international-conference-on-chemistry-icc-2026-may-singapore-sg,conferenceindex,,,,,,False,False,False,0,0,0,skip,,,,,,,partial
International Conference on Control Science and Systems Engineering (ICCSSE),Manufacturing,May 2026,"Singapore, SG",,"Singapore, SG",https://conferenceindex.org/event/international-conference-on-control-science-and-systems-engineering-iccsse-2026-may-singapore-sg,conferenceindex,,,,,,False,False,False,0,0,0,skip,,,,,,,partial
International Conference on Construction Engineering and Management (ICCEM),Manufacturing,May 2026,"Singapore, SG",,"Singapore, SG",https://conferenceindex.org/event/international-conference-on-construction-engineering-and-management-iccem-2026-may-singapore-sg,conferenceindex,,,,,,False,False,False,0,0,0,skip,,,,,,,partial
"International Conference on Building, Architecture and Urbanism (ICBAU)",Real Estate,May 2026,"Singapore, SG",,"Singapore, SG",https://conferenceindex.org/event/international-conference-on-building-architecture-and-urbanism-icbau-2026-may-singapore-sg,conferenceindex,,,,,,False,False,False,0,0,0,skip,,,,,,,partial
International Conference on Fluid Dynamics and Thermodynamics (ICFDT),Other,May 2026,"Singapore, SG",,"Singapore, SG",https://conferenceindex.org/event/international-conference-on-fluid-dynamics-and-thermodynamics-icfdt-2026-may-singapore-sg,conferenceindex,,,,,,False,False,False,0,0,0,skip,,,,,,,partial
"International Conference on Electrical, Computer and Systems Engineering (ICECSE)",Manufacturing,May 2026,"Singapore, SG",,"Singapore, SG",https://conferenceindex.org/event/international-conference-on-electrical-computer-and-systems-engineering-icecse-2026-may-singapore-sg,conferenceindex,,,,,,False,False,False,0,0,0,skip,,,,,,,partial
"International Conference on Communication, Visual and Performing Arts Studies (ICCVPAS)",Other,May 2026,"Singapore, SG",,"Singapore, SG",https://conferenceindex.org/event/international-conference-on-communication-visual-and-performing-arts-studies-iccvpas-2026-may-singapore-sg,conferenceindex,,,,,,False,False,False,0,0,0,skip,,,,,,,partial
"International Conference on Communication, Visual Arts and Design (ICCVAD)",Other,May 2026,"Singapore, SG",,"Singapore, SG",https://conferenceindex.org/event/international-conference-on-communication-visual-arts-and-design-iccvad-2026-may-singapore-sg,conferenceindex,,,,,,False,False,False,0,0,0,skip,,,,,,,partial
"International Conference on Civil, Construction and Geological Engineering (ICCCGE)",Manufacturing,May 2026,"Singapore, SG",,"Singapore, SG",https://conferenceindex.org/event/international-conference-on-civil-construction-and-geological-engineering-icccge-2026-may-singapore-sg,conferenceindex,,,,,,False,False,False,0,0,0,skip,,,,,,,partial
International Conference on Civil Engineering and Applied Mechanics (ICCEAM),Manufacturing,May 2026,"Singapore, SG",,"Singapore, SG",https://conferenceindex.org/event/international-conference-on-civil-engineering-and-applied-mechanics-icceam-2026-may-singapore-sg,conferenceindex,,,,,,False,False,False,0,0,0,skip,,,,,,,partial
International Conference on Bioinformatics and Computational Molecular Biology (ICBCMB),Other,May 2026,"Singapore, SG",,"Singapore, SG",https://conferenceindex.org/event/international-conference-on-bioinformatics-and-computational-molecular-biology-icbcmb-2026-may-singapore-sg,conferenceindex,,,,,,False,False,False,0,0,0,skip,,,,,,,partial
"International Conference on Agricultural, Biotechnology, Biological and Biosystems Engineering (ICABBBE)",Technology,May 2026,"Singapore, SG",,"Singapore, SG",https://conferenceindex.org/event/international-conference-on-agricultural-biotechnology-biological-and-biosystems-engineering-icabbbe-2026-may-singapore-sg,conferenceindex,,,,,,False,False,False,0,0,0,skip,,,,,,,partial
"International Conference on Mathematical, Computational and Statistical Sciences and Engineering (ICMCSSE)",Manufacturing,May 2026,"Istanbul, TR",,"Istanbul, TR",https://conferenceindex.org/event/international-conference-on-mathematical-computational-and-statistical-sciences-and-engineering-icmcsse-2026-may-istanbul-tr,conferenceindex,,,,,,False,False,False,0,0,0,skip,,,,,,,partial
"International Conference on Electrical, Computer, Electronics and Communication Engineering (ICECECE)",Manufacturing,May 2026,"Singapore, SG",,"Singapore, SG",https://conferenceindex.org/event/international-conference-on-electrical-computer-electronics-and-communication-engineering-icecece-2026-may-singapore-sg,conferenceindex,,,,,,False,False,False,0,0,0,skip,,,,,,,partial
"International Conference on Business, Economics, Financial Sciences and Management (ICBEFSM)",Other,May 2026,"Singapore, SG",,"Singapore, SG",https://conferenceindex.org/event/international-conference-on-business-economics-financial-sciences-and-management-icbefsm-2026-may-singapore-sg,conferenceindex,,,,,,False,False,False,0,0,0,skip,,,,,,,partial
"International Conference on Bioinformatics, Computational Biology and Biomedical Engineering (ICBCBBE)",Healthcare,May 2026,"Singapore, SG",,"Singapore, SG",https://conferenceindex.org/event/international-conference-on-bioinformatics-computational-biology-and-biomedical-engineering-icbcbbe-2026-may-singapore-sg,conferenceindex,,,,,,False,False,False,0,0,0,skip,,,,,,,partial
International Conference on Innovation and Technology Management (ICITM),Technology,May 2026,"Istanbul, TR",,"Istanbul, TR",https://conferenceindex.org/event/international-conference-on-innovation-and-technology-management-icitm-2026-may-istanbul-tr,conferenceindex,,,,,,False,False,False,0,0,0,skip,,,,,,,partial
International Conference on Industrial and Management Engineering (ICIME),Manufacturing,May 2026,"Istanbul, TR",,"Istanbul, TR",https://conferenceindex.org/event/international-conference-on-industrial-and-management-engineering-icime-2026-may-istanbul-tr,conferenceindex,,,,,,False,False,False,0,0,0,skip,,,,,,,partial
International Conference on Railway Engineering and Management (ICREM),Manufacturing,May 2026,"Singapore, SG",,"Singapore, SG",https://conferenceindex.org/event/international-conference-on-railway-engineering-and-management-icrem-2026-may-singapore-sg,conferenceindex,,,,,,False,False,False,0,0,0,skip,,,,,,,partial
International Conference on Environmental and Territorial Sciences (ICETS),Technology,May 2026,"Rome, IT",,"Rome, IT",https://conferenceindex.org/event/international-conference-on-environmental-and-territorial-sciences-icets-2026-may-rome-it,conferenceindex,,,,,,False,False,False,0,0,0,skip,,,,,,,partial
"International Conference on Environmental Management, Technology and Engineering (ICEMTE)",Technology,May 2026,"Rome, IT",,"Rome, IT",https://conferenceindex.org/event/international-conference-on-environmental-management-technology-and-engineering-icemte-2026-may-rome-it,conferenceindex,,,,,,False,False,False,0,0,0,skip,,,,,,,partial
International Conference on Information Technology and Software Engineering (ICITSE),Technology,May 2026,"Rome, IT",,"Rome, IT",https://conferenceindex.org/event/international-conference-on-information-technology-and-software-engineering-icitse-2026-may-rome-it,conferenceindex,,,,,,False,False,False,0,0,0,skip,,,,,,,partial
International Conference on Information Systems Engineering and Management (ICISEM),Technology,May 2026,"Rome, IT",,"Rome, IT",https://conferenceindex.org/event/international-conference-on-information-systems-engineering-and-management-icisem-2026-may-rome-it,conferenceindex,,,,,,False,False,False,0,0,0,skip,,,,,,,partial
"International Conference on Information Science, Engineering and Technology (ICISET)",Technology,May 2026,"Rome, IT",,"Rome, IT",https://conferenceindex.org/event/international-conference-on-information-science-engineering-and-technology-iciset-2026-may-rome-it,conferenceindex,,,,,,False,False,False,0,0,0,skip,,,,,,,partial
International Conference on Communications and Telecommunications Engineering (ICCTE),Technology,May 2026,"Rome, IT",,"Rome, IT",https://conferenceindex.org/event/international-conference-on-communications-and-telecommunications-engineering-iccte-2026-may-rome-it,conferenceindex,,,,,,False,False,False,0,0,0,skip,,,,,,,partial
"International Conference on Allergy, Asthma, Immunology and Rheumatology (ICAAIR)",Technology,May 2026,"Rome, IT",,"Rome, IT",https://conferenceindex.org/event/international-conference-on-allergy-asthma-immunology-and-rheumatology-icaair-2026-may-rome-it,conferenceindex,,,,,,False,False,False,0,0,0,skip,,,,,,,partial
International Conference on Pharmacy and Molecular Biotechnology (ICPMB),Technology,May 2026,"Rome, IT",,"Rome, IT",https://conferenceindex.org/event/international-conference-on-pharmacy-and-molecular-biotechnology-icpmb-2026-may-rome-it,conferenceindex,,,,,,False,False,False,0,0,0,skip,,,,,,,partial
International Conference on Nutritional and Nutraceutical Sciences (ICNNS),Technology,May 2026,"Rome, IT",,"Rome, IT",https://conferenceindex.org/event/international-conference-on-nutritional-and-nutraceutical-sciences-icnns-2026-may-rome-it,conferenceindex,,,,,,False,False,False,0,0,0,skip,,,,,,,partial
"International Conference on Waste Management, Ecological and Environmental Engineering (ICWMEEE)",Technology,May 2026,"Rome, IT",,"Rome, IT",https://conferenceindex.org/event/international-conference-on-waste-management-ecological-and-environmental-engineering-icwmeee-2026-may-rome-it,conferenceindex,,,,,,False,False,False,0,0,0,skip,,,,,,,partial
"International Conference on Biochemical, Biomolecular and Biopharmaceutical Engineering (ICBBBE)",Technology,May 2026,"Rome, IT",,"Rome, IT",https://conferenceindex.org/event/international-conference-on-biochemical-biomolecular-and-biopharmaceutical-engineering-icbbbe-2026-may-rome-it,conferenceindex,,,,,,False,False,False,0,0,0,skip,,,,,,,partial
International Conference on Food and Agricultural Engineering (ICFAE),Manufacturing,May 2026,"Istanbul, TR",,"Istanbul, TR",https://conferenceindex.org/event/international-conference-on-food-and-agricultural-engineering-icfae-2026-may-istanbul-tr,conferenceindex,,,,,,False,False,False,0,0,0,skip,,,,,,,partial
"International Conference on Chemical, Materials and Metallurgical Engineering (ICCMME)",Technology,May 2026,"Rome, IT",,"Rome, IT",https://conferenceindex.org/event/international-conference-on-chemical-materials-and-metallurgical-engineering-iccmme-2026-may-rome-it,conferenceindex,,,,,,False,False,False,0,0,0,skip,,,,,,,partial
International Conference on Electrical Engineering: Theory and Application (ICEETA),Technology,May 2026,"Rome, IT",,"Rome, IT",https://conferenceindex.org/event/international-conference-on-electrical-engineering-theory-and-application-iceeta-2026-may-rome-it,conferenceindex,,,,,,False,False,False,0,0,0,skip,,,,,,,partial
"International Conference on Electronics, Wireless and Optical Communications (ICEWOC)",Technology,May 2026,"Rome, IT",,"Rome, IT",https://conferenceindex.org/event/international-conference-on-electronics-wireless-and-optical-communications-icewoc-2026-may-rome-it,conferenceindex,,,,,,False,False,False,0,0,0,skip,,,,,,,partial
"International Conference on Energy, Environment and Development (ICEED)",Technology,May 2026,"Rome, IT",,"Rome, IT",https://conferenceindex.org/event/international-conference-on-energy-environment-and-development-iceed-2026-may-rome-it,conferenceindex,,,,,,False,False,False,0,0,0,skip,,,,,,,partial
International Conference on Engineering Geology (ICEG),Technology,May 2026,"Rome, IT",,"Rome, IT",https://conferenceindex.org/event/international-conference-on-engineering-geology-iceg-2026-may-rome-it,conferenceindex,,,,,,False,False,False,0,0,0,skip,,,,,,,partial
International Conference on Environment and Climate Change (ICECC),Technology,May 2026,"Rome, IT",,"Rome, IT",https://conferenceindex.org/event/international-conference-on-environment-and-climate-change-icecc-2026-may-rome-it,conferenceindex,,,,,,False,False,False,0,0,0,skip,,,,,,,partial
International Conference on Information Management Systems Engineering (ICIMSE),Technology,May 2026,"Rome, IT",,"Rome, IT",https://conferenceindex.org/event/international-conference-on-information-management-systems-engineering-icimse-2026-may-rome-it,conferenceindex,,,,,,False,False,False,0,0,0,skip,,,,,,,partial
International Conference on Mechanical Engineering : Theory and Application (ICMETA),Technology,May 2026,"Rome, IT",,"Rome, IT",https://conferenceindex.org/event/international-conference-on-mechanical-engineering-theory-and-application-icmeta-2026-may-rome-it,conferenceindex,,,,,,False,False,False,0,0,0,skip,,,,,,,partial
"International Conference on Mineralogy, Petrology, and Geochemistry (ICMPG)",Technology,May 2026,"Rome, IT",,"Rome, IT",https://conferenceindex.org/event/international-conference-on-mineralogy-petrology-and-geochemistry-icmpg-2026-may-rome-it,conferenceindex,,,,,,False,False,False,0,0,0,skip,,,,,,,partial
International Conference on Nanotechnology (ICN),Technology,May 2026,"Rome, IT",,"Rome, IT",https://conferenceindex.org/event/international-conference-on-nanotechnology-icn-2026-may-rome-it,conferenceindex,,,,,,False,False,False,0,0,0,skip,,,,,,,partial
"International Conference on Parallel, Distributed Systems and Software Engineering (ICPDSSE)",Technology,May 2026,"Rome, IT",,"Rome, IT",https://conferenceindex.org/event/international-conference-on-parallel-distributed-systems-and-software-engineering-icpdsse-2026-may-rome-it,conferenceindex,,,,,,False,False,False,0,0,0,skip,,,,,,,partial
International Conference on Physics and Engineering Physics (ICPEP),Technology,May 2026,"Rome, IT",,"Rome, IT",https://conferenceindex.org/event/international-conference-on-physics-and-engineering-physics-icpep-2026-may-rome-it,conferenceindex,,,,,,False,False,False,0,0,0,skip,,,,,,,partial
International Conference on Urban and Public Transportation Engineering (ICUTE),Technology,May 2026,"Rome, IT",,"Rome, IT",https://conferenceindex.org/event/international-conference-on-urban-and-public-transportation-engineering-icute-2026-may-rome-it,conferenceindex,,,,,,False,False,False,0,0,0,skip,,,,,,,partial
"International Conference on Management, Marketing and Finances (ICMMF)",Technology,May 2026,"Rome, IT",,"Rome, IT",https://conferenceindex.org/event/international-conference-on-management-marketing-and-finances-icmmf-2026-may-rome-it,conferenceindex,,,,,,False,False,False,0,0,0,skip,,,,,,,partial
"International Conference on Applied Economics, Business and Management (ICAEBM)",Other,May 2026,"Singapore, SG",,"Singapore, SG",https://conferenceindex.org/event/international-conference-on-applied-economics-business-and-management-icaebm-2026-may-singapore-sg,conferenceindex,,,,,,False,False,False,0,0,0,skip,,,,,,,partial
International Conference on Privacy and Information Security Law (ICPISL),Other,May 2026,"Singapore, SG",,"Singapore, SG",https://conferenceindex.org/event/international-conference-on-privacy-and-information-security-law-icpisl-2026-may-singapore-sg,conferenceindex,,,,,,False,False,False,0,0,0,skip,,,,,,,partial
International Conference on Sports Engineering (ICSE),Manufacturing,May 2026,"Singapore, SG",,"Singapore, SG",https://conferenceindex.org/event/international-conference-on-sports-engineering-icse-2026-may-singapore-sg,conferenceindex,,,,,,False,False,False,0,0,0,skip,,,,,,,partial
"International Conference on Network, Communication and Computing (ICNCC)",Other,May 2026,"Istanbul, TR",,"Istanbul, TR",https://conferenceindex.org/event/international-conference-on-network-communication-and-computing-icncc-2026-may-istanbul-tr,conferenceindex,,,,,,False,False,False,0,0,0,skip,,,,,,,partial
International Conference on Cardiovascular Technologies (ICCT),Technology,May 2026,"Istanbul, TR",,"Istanbul, TR",https://conferenceindex.org/event/international-conference-on-cardiovascular-technologies-icct-2026-may-istanbul-tr,conferenceindex,,,,,,False,False,False,0,0,0,skip,,,,,,,partial
International Conference on Informatics and Applications (ICIA),Other,May 2026,"Singapore, SG",,"Singapore, SG",https://conferenceindex.org/event/international-conference-on-informatics-and-applications-icia-2026-may-singapore-sg,conferenceindex,,,,,,False,False,False,0,0,0,skip,,,,,,,partial
International Conference on Magnet Technology (ICMT),Technology,May 2026,"Rome, IT",,"Rome, IT",https://conferenceindex.org/event/international-conference-on-magnet-technology-icmt-2026-may-rome-it,conferenceindex,,,,,,False,False,False,0,0,0,skip,,,,,,,partial
International Conference on Advances in Biology (ICAB),Other,May 2026,"Singapore, SG",,"Singapore, SG",https://conferenceindex.org/event/international-conference-on-advances-in-biology-icab-2026-may-singapore-sg,conferenceindex,,,,,,False,False,False,0,0,0,skip,,,,,,,partial
International Conference on Advanced Materials (ICAM),Other,May 2026,"Singapore, SG",,"Singapore, SG",https://conferenceindex.org/event/international-conference-on-advanced-materials-icam-2026-may-singapore-sg,conferenceindex,,,,,,False,False,False,0,0,0,skip,,,,,,,partial
International Conference on Energy Systems (ICES),Energy,May 2026,"Singapore, SG",,"Singapore, SG",https://conferenceindex.org/event/international-conference-on-energy-systems-ices-2026-may-singapore-sg,conferenceindex,,,,,,False,False,False,0,0,0,skip,,,,,,,partial
International Conference on Separation and Purification Technology (ICSPT),Technology,May 2026,"Singapore, SG",,"Singapore, SG",https://conferenceindex.org/event/international-conference-on-separation-and-purification-technology-icspt-2026-may-singapore-sg,conferenceindex,,,,,,False,False,False,0,0,0,skip,,,,,,,partial
International Conference on Advances in Photobiology (ICAP),Other,May 2026,"Singapore, SG",,"Singapore, SG",https://conferenceindex.org/event/international-conference-on-advances-in-photobiology-icap-2026-may-singapore-sg,conferenceindex,,,,,,False,False,False,0,0,0,skip,,,,,,,partial
International Conference on Advances in Tribology and Engineering Systems (ICATES),Manufacturing,May 2026,"Istanbul, TR",,"Istanbul, TR",https://conferenceindex.org/event/international-conference-on-advances-in-tribology-and-engineering-systems-icates-2026-may-istanbul-tr,conferenceindex,,,,,,False,False,False,0,0,0,skip,,,,,,,partial
International Conference on Big Data Management (ICBDM),Technology,May 2026,"Rome, IT",,"Rome, IT",https://conferenceindex.org/event/international-conference-on-big-data-management-icbdm-2026-may-rome-it,conferenceindex,,,,,,False,False,False,0,0,0,skip,,,,,,,partial
International Conference on Nursing and Healthcare (ICNH),Technology,May 2026,"Rome, IT",,"Rome, IT",https://conferenceindex.org/event/international-conference-on-nursing-and-healthcare-icnh-2026-may-rome-it,conferenceindex,,,,,,False,False,False,0,0,0,skip,,,,,,,partial
"International Conference on Ecological, Environmental Science and Technology (ICEEST)",Technology,May 2026,"Istanbul, TR",,"Istanbul, TR",https://conferenceindex.org/event/international-conference-on-ecological-environmental-science-and-technology-iceest-2026-may-istanbul-tr,conferenceindex,,,,,,False,False,False,0,0,0,skip,,,,,,,partial
International Conference on Seismic Design of Earthquake Resilient Cities (ICSDERC),Other,May 2026,"Singapore, SG",,"Singapore, SG",https://conferenceindex.org/event/international-conference-on-seismic-design-of-earthquake-resilient-cities-icsderc-2026-may-singapore-sg,conferenceindex,,,,,,False,False,False,0,0,0,skip,,,,,,,partial
International Conference on Industrial Ecology (ICIE),Manufacturing,May 2026,"Singapore, SG",,"Singapore, SG",https://conferenceindex.org/event/international-conference-on-industrial-ecology-icie-2026-may-singapore-sg,conferenceindex,,,,,,False,False,False,0,0,0,skip,,,,,,,partial
International Conference on Geological and Earth Sciences (ICGES),Other,May 2026,"Singapore, SG",,"Singapore, SG",https://conferenceindex.org/event/international-conference-on-geological-and-earth-sciences-icges-2026-may-singapore-sg,conferenceindex,,,,,,False,False,False,0,0,0,skip,,,,,,,partial
International Conference on Education Reform and Management Innovation (ICERMI),Education,May 2026,"Istanbul, TR",,"Istanbul, TR",https://conferenceindex.org/event/international-conference-on-education-reform-and-management-innovation-icermi-2026-may-istanbul-tr,conferenceindex,,,,,,False,False,False,0,0,0,skip,,,,,,,partial
"International Conference on Physical Coastal Processes, Management and Engineering (ICPCPME)",Technology,May 2026,"Rome, IT",,"Rome, IT",https://conferenceindex.org/event/international-conference-on-physical-coastal-processes-management-and-engineering-icpcpme-2026-may-rome-it,conferenceindex,,,,,,False,False,False,0,0,0,skip,,,,,,,partial
"International Conference on Management, Operations Research and Economics (ICMORE)",Technology,May 2026,"Rome, IT",,"Rome, IT",https://conferenceindex.org/event/international-conference-on-management-operations-research-and-economics-icmore-2026-may-rome-it,conferenceindex,,,,,,False,False,False,0,0,0,skip,,,,,,,partial
"International Conference on Education, Psychology, Society and Tourism (ICEPST)",Technology,May 2026,"Rome, IT",,"Rome, IT",https://conferenceindex.org/event/international-conference-on-education-psychology-society-and-tourism-icepst-2026-may-rome-it,conferenceindex,,,,,,False,False,False,0,0,0,skip,,,,,,,partial
International Conference on Engineering and Innovative Materials (ICEIM),Technology,May 2026,"Rome, IT",,"Rome, IT",https://conferenceindex.org/event/international-conference-on-engineering-and-innovative-materials-iceim-2026-may-rome-it,conferenceindex,,,,,,False,False,False,0,0,0,skip,,,,,,,partial
International Conference on Information and Management (ICIM),Technology,May 2026,"Rome, IT",,"Rome, IT",https://conferenceindex.org/event/international-conference-on-information-and-management-icim-2026-may-rome-it,conferenceindex,,,,,,False,False,False,0,0,0,skip,,,,,,,partial
International Conference on Food and Environment (ICFE),Technology,May 2026,"Rome, IT",,"Rome, IT",https://conferenceindex.org/event/international-conference-on-food-and-environment-icfe-2026-may-rome-it,conferenceindex,,,,,,False,False,False,0,0,0,skip,,,,,,,partial
International Conference on Smart Grids and Electrical Engineering (ICSGEE),Technology,May 2026,"Rome, IT",,"Rome, IT",https://conferenceindex.org/event/international-conference-on-smart-grids-and-electrical-engineering-icsgee-2026-may-rome-it,conferenceindex,,,,,,False,False,False,0,0,0,skip,,,,,,,partial
International Conference on Chemical and Materials Engineering (ICCME),Technology,May 2026,"Rome, IT",,"Rome, IT",https://conferenceindex.org/event/international-conference-on-chemical-and-materials-engineering-iccme-2026-may-rome-it,conferenceindex,,,,,,False,False,False,0,0,0,skip,,,,,,,partial
"International Conference on Social Studies, Communication and Education (ICSSCE)",Technology,May 2026,"Rome, IT",,"Rome, IT",https://conferenceindex.org/event/international-conference-on-social-studies-communication-and-education-icssce-2026-may-rome-it,conferenceindex,,,,,,False,False,False,0,0,0,skip,,,,,,,partial
International Conference on Environmental and Computer Science (ICECS),Technology,May 2026,"Rome, IT",,"Rome, IT",https://conferenceindex.org/event/international-conference-on-environmental-and-computer-science-icecs-2026-may-rome-it,conferenceindex,,,,,,False,False,False,0,0,0,skip,,,,,,,partial
International Conference on Psychological Sciences and Behaviors (ICPSB),Technology,May 2026,"Rome, IT",,"Rome, IT",https://conferenceindex.org/event/international-conference-on-psychological-sciences-and-behaviors-icpsb-2026-may-rome-it,conferenceindex,,,,,,False,False,False,0,0,0,skip,,,,,,,partial
International Conference on Metallurgy Technology and Materials (ICMTM),Technology,May 2026,"Singapore, SG",,"Singapore, SG",https://conferenceindex.org/event/international-conference-on-metallurgy-technology-and-materials-icmtm-2026-may-singapore-sg,conferenceindex,,,,,,False,False,False,0,0,0,skip,,,,,,,partial
"International Conference on Computational Science, Engineering and Information Technology (ICCSEIT)",Technology,May 2026,"Singapore, SG",,"Singapore, SG",https://conferenceindex.org/event/international-conference-on-computational-science-engineering-and-information-technology-iccseit-2026-may-singapore-sg,conferenceindex,,,,,,False,False,False,0,0,0,skip,,,,,,,partial
International Conference on Green Energy (ICGE),Energy,May 2026,"Singapore, SG",,"Singapore, SG",https://conferenceindex.org/event/international-conference-on-green-energy-icge-2026-may-singapore-sg,conferenceindex,,,,,,False,False,False,0,0,0,skip,,,,,,,partial
International Conference on Advanced Nanomaterials and Nanotechnology (ICANN),Technology,May 2026,"Rome, IT",,"Rome, IT",https://conferenceindex.org/event/international-conference-on-advanced-nanomaterials-and-nanotechnology-icann-2026-may-rome-it,conferenceindex,,,,,,False,False,False,0,0,0,skip,,,,,,,partial
International Conference on Fuzzy Logic and Applications (ICFLA),Other,May 2026,"Singapore, SG",,"Singapore, SG",https://conferenceindex.org/event/international-conference-on-fuzzy-logic-and-applications-icfla-2026-may-singapore-sg,conferenceindex,,,,,,False,False,False,0,0,0,skip,,,,,,,partial
International Conference on Applied Energy (ICAE),Energy,May 2026,"Istanbul, TR",,"Istanbul, TR",https://conferenceindex.org/event/international-conference-on-applied-energy-icae-2026-may-istanbul-tr,conferenceindex,,,,,,False,False,False,0,0,0,skip,,,,,,,partial
International Conference on Neurorehabilitation (ICNR),Other,May 2026,"Istanbul, TR",,"Istanbul, TR",https://conferenceindex.org/event/international-conference-on-neurorehabilitation-icnr-2026-may-istanbul-tr,conferenceindex,,,,,,False,False,False,0,0,0,skip,,,,,,,partial
International Conference on Mobile Learning and Organisation (ICMLO),Technology,May 2026,"Rome, IT",,"Rome, IT",https://conferenceindex.org/event/international-conference-on-mobile-learning-and-organisation-icmlo-2026-may-rome-it,conferenceindex,,,,,,False,False,False,0,0,0,skip,,,,,,,partial
International Conference on Information Quality (ICIQ),Other,May 2026,"Istanbul, TR",,"Istanbul, TR",https://conferenceindex.org/event/international-conference-on-information-quality-iciq-2026-may-istanbul-tr,conferenceindex,,,,,,False,False,False,0,0,0,skip,,,,,,,partial
International Conference on Petroleum Engineering (ICPE),Manufacturing,May 2026,"Singapore, SG",,"Singapore, SG",https://conferenceindex.org/event/international-conference-on-petroleum-engineering-icpe-2026-may-singapore-sg,conferenceindex,,,,,,False,False,False,0,0,0,skip,,,,,,,partial
International Conference on Business and Entrepreneurship Development (ICBED),Other,May 2026,"Istanbul, TR",,"Istanbul, TR",https://conferenceindex.org/event/international-conference-on-business-and-entrepreneurship-development-icbed-2026-may-istanbul-tr,conferenceindex,,,,,,False,False,False,0,0,0,skip,,,,,,,partial
"International Conference on Research, Innovation and Commercialisation (ICRIC)",Technology,May 2026,"Rome, IT",,"Rome, IT",https://conferenceindex.org/event/international-conference-on-research-innovation-and-commercialisation-icric-2026-may-rome-it,conferenceindex,,,,,,False,False,False,0,0,0,skip,,,,,,,partial
International Conference on Nonlinear Dynamics and Control (ICNDC),Other,May 2026,"Singapore, SG",,"Singapore, SG",https://conferenceindex.org/event/international-conference-on-nonlinear-dynamics-and-control-icndc-2026-may-singapore-sg,conferenceindex,,,,,,False,False,False,0,0,0,skip,,,,,,,partial
International Conference on Society Systems Science (ICSSS),Other,May 2026,"Istanbul, TR",,"Istanbul, TR",https://conferenceindex.org/event/international-conference-on-society-systems-science-icsss-2026-may-istanbul-tr,conferenceindex,,,,,,False,False,False,0,0,0,skip,,,,,,,partial
International Conference on Agroforestry and Agriculture (ICAA),Technology,May 2026,"Rome, IT",,"Rome, IT",https://conferenceindex.org/event/international-conference-on-agroforestry-and-agriculture-icaa-2026-may-rome-it,conferenceindex,,,,,,False,False,False,0,0,0,skip,,,,,,,partial
International Conference on Adolescent Psychiatry and Psychology (ICAPP),Other,May 2026,"Istanbul, TR",,"Istanbul, TR",https://conferenceindex.org/event/international-conference-on-adolescent-psychiatry-and-psychology-icapp-2026-may-istanbul-tr,conferenceindex,,,,,,False,False,False,0,0,0,skip,,,,,,,partial
International Conference on Advanced in Materials and Manufacturing Processes (ICAMMP),Manufacturing,May 2026,"Singapore, SG",,"Singapore, SG",https://conferenceindex.org/event/international-conference-on-advanced-in-materials-and-manufacturing-processes-icammp-2026-may-singapore-sg,conferenceindex,,,,,,False,False,False,0,0,0,skip,,,,,,,partial
International Conference on Human-Robot Interaction (ICHRI),Other,May 2026,"Istanbul, TR",,"Istanbul, TR",https://conferenceindex.org/event/international-conference-on-human-robot-interaction-ichri-2026-may-istanbul-tr,conferenceindex,,,,,,False,False,False,0,0,0,skip,,,,,,,partial
International Conference on Quality Software (ICQS),Technology,May 2026,"Istanbul, TR",,"Istanbul, TR",https://conferenceindex.org/event/international-conference-on-quality-software-icqs-2026-may-istanbul-tr,conferenceindex,,,,,,False,False,False,0,0,0,skip,,,,,,,partial
International Conference on Financial Cryptography and Data Security (ICFCDS),Technology,May 2026,"Istanbul, TR",,"Istanbul, TR",https://conferenceindex.org/event/international-conference-on-financial-cryptography-and-data-security-icfcds-2026-may-istanbul-tr,conferenceindex,,,,,,False,False,False,0,0,0,skip,,,,,,,partial
International Conference on Image and Video Retrieval (ICIVR),Other,May 2026,"Istanbul, TR",,"Istanbul, TR",https://conferenceindex.org/event/international-conference-on-image-and-video-retrieval-icivr-2026-may-istanbul-tr,conferenceindex,,,,,,False,False,False,0,0,0,skip,,,,,,,partial
International Conference on Actuarial and Financial Mathematics (ICAFM),Other,May 2026,"Istanbul, TR",,"Istanbul, TR",https://conferenceindex.org/event/international-conference-on-actuarial-and-financial-mathematics-icafm-2026-may-istanbul-tr,conferenceindex,,,,,,False,False,False,0,0,0,skip,,,,,,,partial
"International Conference on Psychological, Behavioral and Science (ICPBS)",Technology,May 2026,"Rome, IT",,"Rome, IT",https://conferenceindex.org/event/international-conference-on-psychological-behavioral-and-science-icpbs-2026-may-rome-it,conferenceindex,,,,,,False,False,False,0,0,0,skip,,,,,,,partial
International Conference on Ophthalmology (ICO),Other,May 2026,"Singapore, SG",,"Singapore, SG",https://conferenceindex.org/event/international-conference-on-ophthalmology-ico-2026-may-singapore-sg,conferenceindex,,,,,,False,False,False,0,0,0,skip,,,,,,,partial
International Conference on Physician and Patient Health (ICPPH),Other,May 2026,"Singapore, SG",,"Singapore, SG",https://conferenceindex.org/event/international-conference-on-physician-and-patient-health-icpph-2026-may-singapore-sg,conferenceindex,,,,,,False,False,False,0,0,0,skip,,,,,,,partial
International Conference on Petroleum Industry and Energy (ICPIE),Energy,May 2026,"Istanbul, TR",,"Istanbul, TR",https://conferenceindex.org/event/international-conference-on-petroleum-industry-and-energy-icpie-2026-may-istanbul-tr,conferenceindex,,,,,,False,False,False,0,0,0,skip,,,,,,,partial
International Conference on Environment Pollution and Prevention (ICEPP),Technology,May 2026,"Rome, IT",,"Rome, IT",https://conferenceindex.org/event/international-conference-on-environment-pollution-and-prevention-icepp-2026-may-rome-it,conferenceindex,,,,,,False,False,False,0,0,0,skip,,,,,,,partial
International Conference on Bioeconomy and Sustainable Development (ICBSD),Technology,May 2026,"Rome, IT",,"Rome, IT",https://conferenceindex.org/event/international-conference-on-bioeconomy-and-sustainable-development-icbsd-2026-may-rome-it,conferenceindex,,,,,,False,False,False,0,0,0,skip,,,,,,,partial
International Conference on Islamic Finance (ICIF),Finance,May 2026,"Singapore, SG",,"Singapore, SG",https://conferenceindex.org/event/international-conference-on-islamic-finance-icif-2026-may-singapore-sg,conferenceindex,,,,,,False,False,False,0,0,0,skip,,,,,,,partial
International Conference on Building Learning Communities (ICBLC),Technology,May 2026,"Rome, IT",,"Rome, IT",https://conferenceindex.org/event/international-conference-on-building-learning-communities-icblc-2026-may-rome-it,conferenceindex,,,,,,False,False,False,0,0,0,skip,,,,,,,partial
International Conference on Biogas Microbiology (ICBM),Technology,May 2026,"Rome, IT",,"Rome, IT",https://conferenceindex.org/event/international-conference-on-biogas-microbiology-icbm-2026-may-rome-it,conferenceindex,,,,,,False,False,False,0,0,0,skip,,,,,,,partial
"International Conference on Knowledge, Service, Tourism and Hospitality (ICKSTH)",Healthcare,May 2026,"Istanbul, TR",,"Istanbul, TR",https://conferenceindex.org/event/international-conference-on-knowledge-service-tourism-and-hospitality-icksth-2026-may-istanbul-tr,conferenceindex,,,,,,False,False,False,0,0,0,skip,,,,,,,partial
"International Conference on Scholarly, Scientific Research and Innovation (ICSSRI)",Other,May 2026,"Istanbul, TR",,"Istanbul, TR",https://conferenceindex.org/event/international-conference-on-scholarly-scientific-research-and-innovation-icssri-2026-may-istanbul-tr,conferenceindex,,,,,,False,False,False,0,0,0,skip,,,,,,,partial
International Conference on Harmonic Analysis and Partial Differential Equations (ICHAPDE),Other,May 2026,"Istanbul, TR",,"Istanbul, TR",https://conferenceindex.org/event/international-conference-on-harmonic-analysis-and-partial-differential-equations-ichapde-2026-may-istanbul-tr,conferenceindex,,,,,,False,False,False,0,0,0,skip,,,,,,,partial
International Conference on Private International Law (ICPIL),Other,May 2026,"Singapore, SG",,"Singapore, SG",https://conferenceindex.org/event/international-conference-on-private-international-law-icpil-2026-may-singapore-sg,conferenceindex,,,,,,False,False,False,0,0,0,skip,,,,,,,partial
International Conference on Polymer Chemistry (ICPC),Other,May 2026,"Istanbul, TR",,"Istanbul, TR",https://conferenceindex.org/event/international-conference-on-polymer-chemistry-icpc-2026-may-istanbul-tr,conferenceindex,,,,,,False,False,False,0,0,0,skip,,,,,,,partial
International Conference on Electrochemistry and Renewable Energy (ICERE),Energy,May 2026,"Istanbul, TR",,"Istanbul, TR",https://conferenceindex.org/event/international-conference-on-electrochemistry-and-renewable-energy-icere-2026-may-istanbul-tr,conferenceindex,,,,,,False,False,False,0,0,0,skip,,,,,,,partial
International Conference on Environmental Science and Applications (ICESA),Other,May 2026,"Singapore, SG",,"Singapore, SG",https://conferenceindex.org/event/international-conference-on-environmental-science-and-applications-icesa-2026-may-singapore-sg,conferenceindex,,,,,,False,False,False,0,0,0,skip,,,,,,,partial
International Conference on Experimental Fluid Mechanics (ICEFM),Other,May 2026,"Istanbul, TR",,"Istanbul, TR",https://conferenceindex.org/event/international-conference-on-experimental-fluid-mechanics-icefm-2026-may-istanbul-tr,conferenceindex,,,,,,False,False,False,0,0,0,skip,,,,,,,partial
International Conference on Human Factors Engineering and Ergonomics (ICHFEE),Manufacturing,May 2026,"Singapore, SG",,"Singapore, SG",https://conferenceindex.org/event/international-conference-on-human-factors-engineering-and-ergonomics-ichfee-2026-may-singapore-sg,conferenceindex,,,,,,False,False,False,0,0,0,skip,,,,,,,partial
International Conference on Accounting and Financial Management (ICAFM),Other,May 2026,"Singapore, SG",,"Singapore, SG",https://conferenceindex.org/event/international-conference-on-accounting-and-financial-management-icafm-2026-may-singapore-sg,conferenceindex,,,,,,False,False,False,0,0,0,skip,,,,,,,partial
International Conference on Agricultural Economics (ICAE),Other,May 2026,"Singapore, SG",,"Singapore, SG",https://conferenceindex.org/event/international-conference-on-agricultural-economics-icae-2026-may-singapore-sg,conferenceindex,,,,,,False,False,False,0,0,0,skip,,,,,,,partial
International Conference on Advances in Chemistry and Applied Chemistry (ICACAC),Other,May 2026,"Singapore, SG",,"Singapore, SG",https://conferenceindex.org/event/international-conference-on-advances-in-chemistry-and-applied-chemistry-icacac-2026-may-singapore-sg,conferenceindex,,,,,,False,False,False,0,0,0,skip,,,,,,,partial
International Conference on Cognitive Psychology (ICCP),Other,May 2026,"Singapore, SG",,"Singapore, SG",https://conferenceindex.org/event/international-conference-on-cognitive-psychology-iccp-2026-may-singapore-sg,conferenceindex,,,,,,False,False,False,0,0,0,skip,,,,,,,partial
International Conference on Mathematics Education (ICME),Education,May 2026,"Singapore, SG",,"Singapore, SG",https://conferenceindex.org/event/international-conference-on-mathematics-education-icme-2026-may-singapore-sg,conferenceindex,,,,,,False,False,False,0,0,0,skip,,,,,,,partial
International Conference on Psychology and Social Harmony (ICPSH),Technology,May 2026,"Rome, IT",,"Rome, IT",https://conferenceindex.org/event/international-conference-on-psychology-and-social-harmony-icpsh-2026-may-rome-it,conferenceindex,,,,,,False,False,False,0,0,0,skip,,,,,,,partial
International Conference on Anaesthesia (ICA),Other,May 2026,"Istanbul, TR",,"Istanbul, TR",https://conferenceindex.org/event/international-conference-on-anaesthesia-ica-2026-may-istanbul-tr,conferenceindex,,,,,,False,False,False,0,0,0,skip,,,,,,,partial
International Conference on Hydrogen Energy (ICHE),Energy,May 2026,"Singapore, SG",,"Singapore, SG",https://conferenceindex.org/event/international-conference-on-hydrogen-energy-iche-2026-may-singapore-sg,conferenceindex,,,,,,False,False,False,0,0,0,skip,,,,,,,partial
International Conference on Environment and Bioengineering (ICEB),Manufacturing,May 2026,"Singapore, SG",,"Singapore, SG",https://conferenceindex.org/event/international-conference-on-environment-and-bioengineering-iceb-2026-may-singapore-sg,conferenceindex,,,,,,False,False,False,0,0,0,skip,,,,,,,partial
International Conference on Offshore Engineering and Technology (ICOET),Technology,May 2026,"Rome, IT",,"Rome, IT",https://conferenceindex.org/event/international-conference-on-offshore-engineering-and-technology-icoet-2026-may-rome-it,conferenceindex,,,,,,False,False,False,0,0,0,skip,,,,,,,partial
International Conference on African Diaspora for Democracy and Development (ICADDD),Other,May 2026,"Singapore, SG",,"Singapore, SG",https://conferenceindex.org/event/international-conference-on-african-diaspora-for-democracy-and-development-icaddd-2026-may-singapore-sg,conferenceindex,,,,,,False,False,False,0,0,0,skip,,,,,,,partial
International Conference on Oncoplastic and Reconstructive Breast Surgery (ICORBS),Other,May 2026,"Singapore, SG",,"Singapore, SG",https://conferenceindex.org/event/international-conference-on-oncoplastic-and-reconstructive-breast-surgery-icorbs-2026-may-singapore-sg,conferenceindex,,,,,,False,False,False,0,0,0,skip,,,,,,,partial
International Conference on Spatial Statistics and Geostatistics (ICSSG),Other,May 2026,"Singapore, SG",,"Singapore, SG",https://conferenceindex.org/event/international-conference-on-spatial-statistics-and-geostatistics-icssg-2026-may-singapore-sg,conferenceindex,,,,,,False,False,False,0,0,0,skip,,,,,,,partial
"International Conference on Research, Innovation and Entrepreneurship (ICRIE)",Other,May 2026,"Istanbul, TR",,"Istanbul, TR",https://conferenceindex.org/event/international-conference-on-research-innovation-and-entrepreneurship-icrie-2026-may-istanbul-tr,conferenceindex,,,,,,False,False,False,0,0,0,skip,,,,,,,partial
International Conference on Soil Science (ICSS),Energy,May 2026,"Istanbul, TR",,"Istanbul, TR",https://conferenceindex.org/event/international-conference-on-soil-science-icss-2026-may-istanbul-tr,conferenceindex,,,,,,False,False,False,0,0,0,skip,,,,,,,partial
International Conference on Electromagnetics and Applications (ICEA),Technology,May 2026,"Rome, IT",,"Rome, IT",https://conferenceindex.org/event/international-conference-on-electromagnetics-and-applications-icea-2026-may-rome-it,conferenceindex,,,,,,False,False,False,0,0,0,skip,,,,,,,partial
International Conference on Wind Engineering (ICWE),Technology,May 2026,"Rome, IT",,"Rome, IT",https://conferenceindex.org/event/international-conference-on-wind-engineering-icwe-2026-may-rome-it,conferenceindex,,,,,,False,False,False,0,0,0,skip,,,,,,,partial
International Conference on Medical and Health Sciences (ICMHS),Technology,May 2026,"Rome, IT",,"Rome, IT",https://conferenceindex.org/event/international-conference-on-medical-and-health-sciences-icmhs-2026-may-rome-it,conferenceindex,,,,,,False,False,False,0,0,0,skip,,,,,,,partial
International Conference on Cyber Crime and Information Security (ICCCIS),Technology,May 2026,"Istanbul, TR",,"Istanbul, TR",https://conferenceindex.org/event/international-conference-on-cyber-crime-and-information-security-icccis-2026-may-istanbul-tr,conferenceindex,,,,,,False,False,False,0,0,0,skip,,,,,,,partial
International Conference on Polymer and Material Engineering (ICPME),Manufacturing,May 2026,"Singapore, SG",,"Singapore, SG",https://conferenceindex.org/event/international-conference-on-polymer-and-material-engineering-icpme-2026-may-singapore-sg,conferenceindex,,,,,,False,False,False,0,0,0,skip,,,,,,,partial
International Conference on Cardiology and Human Anatomy (ICCHA),Automotive,May 2026,"Singapore, SG",,"Singapore, SG",https://conferenceindex.org/event/international-conference-on-cardiology-and-human-anatomy-iccha-2026-may-singapore-sg,conferenceindex,,,,,,False,False,False,0,0,0,skip,,,,,,,partial
International Conference on Psychoanalysis (ICP),Technology,May 2026,"Rome, IT",,"Rome, IT",https://conferenceindex.org/event/international-conference-on-psychoanalysis-icp-2026-may-rome-it,conferenceindex,,,,,,False,False,False,0,0,0,skip,,,,,,,partial
International Conference on Psychoanalysis and Lacan (ICPL),Technology,May 2026,"Rome, IT",,"Rome, IT",https://conferenceindex.org/event/international-conference-on-psychoanalysis-and-lacan-icpl-2026-may-rome-it,conferenceindex,,,,,,False,False,False,0,0,0,skip,,,,,,,partial
International Conference on Developmental Psychology and Adolescence (ICDPA),Other,May 2026,"Singapore, SG",,"Singapore, SG",https://conferenceindex.org/event/international-conference-on-developmental-psychology-and-adolescence-icdpa-2026-may-singapore-sg,conferenceindex,,,,,,False,False,False,0,0,0,skip,,,,,,,partial
International Conference on Environmental Microbiology (ICEM),Other,May 2026,"Istanbul, TR",,"Istanbul, TR",https://conferenceindex.org/event/international-conference-on-environmental-microbiology-icem-2026-may-istanbul-tr,conferenceindex,,,,,,False,False,False,0,0,0,skip,,,,,,,partial
International Conference on Energetic Materials (ICEM),Other,May 2026,"Singapore, SG",,"Singapore, SG",https://conferenceindex.org/event/international-conference-on-energetic-materials-icem-2026-may-singapore-sg,conferenceindex,,,,,,False,False,False,0,0,0,skip,,,,,,,partial
International Conference on Urdu Language and Linguistics (ICULL),Other,May 2026,"Singapore, SG",,"Singapore, SG",https://conferenceindex.org/event/international-conference-on-urdu-language-and-linguistics-icull-2026-may-singapore-sg,conferenceindex,,,,,,False,False,False,0,0,0,skip,,,,,,,partial
International Conference on Community Psychology and Mental Health (ICCPMH),Other,May 2026,"Singapore, SG",,"Singapore, SG",https://conferenceindex.org/event/international-conference-on-community-psychology-and-mental-health-iccpmh-2026-may-singapore-sg,conferenceindex,,,,,,False,False,False,0,0,0,skip,,,,,,,partial
International Conference on Sustainable City and Urban Planning (ICSCUP),Technology,May 2026,"Rome, IT",,"Rome, IT",https://conferenceindex.org/event/international-conference-on-sustainable-city-and-urban-planning-icscup-2026-may-rome-it,conferenceindex,,,,,,False,False,False,0,0,0,skip,,,,,,,partial
International Conference on Control Systems and Transportation Engineering (ICCSTE),Manufacturing,May 2026,"Istanbul, TR",,"Istanbul, TR",https://conferenceindex.org/event/international-conference-on-control-systems-and-transportation-engineering-iccste-2026-may-istanbul-tr,conferenceindex,,,,,,False,False,False,0,0,0,skip,,,,,,,partial
International Conference on Chemicals and Sustainable Chemistry (ICCSC),Technology,May 2026,"Rome, IT",,"Rome, IT",https://conferenceindex.org/event/international-conference-on-chemicals-and-sustainable-chemistry-iccsc-2026-may-rome-it,conferenceindex,,,,,,False,False,False,0,0,0,skip,,,,,,,partial
International Conference on Cognitive Psychology and Neuroscience (ICCPN),Other,May 2026,"Istanbul, TR",,"Istanbul, TR",https://conferenceindex.org/event/international-conference-on-cognitive-psychology-and-neuroscience-iccpn-2026-may-istanbul-tr,conferenceindex,,,,,,False,False,False,0,0,0,skip,,,,,,,partial
International Conference on Integrated and Human Geography (ICIHG),Technology,May 2026,"Rome, IT",,"Rome, IT",https://conferenceindex.org/event/international-conference-on-integrated-and-human-geography-icihg-2026-may-rome-it,conferenceindex,,,,,,False,False,False,0,0,0,skip,,,,,,,partial
International Conference on Agricultural Technology and Precision Agriculture (ICATPA),Technology,May 2026,"Rome, IT",,"Rome, IT",https://conferenceindex.org/event/international-conference-on-agricultural-technology-and-precision-agriculture-icatpa-2026-may-rome-it,conferenceindex,,,,,,False,False,False,0,0,0,skip,,,,,,,partial
International Conference on Precision Agriculture and Crop Monitoring (ICPACM),Agriculture,May 2026,"Rome, IT",,"Rome, IT",https://conferenceindex.org/event/international-conference-on-precision-agriculture-and-crop-monitoring-icpacm-2026-may-rome-it,conferenceindex,,,,,,False,False,False,0,0,0,skip,,,,,,,partial
International Conference on Oil Reserves and Energy Systems (ICORES),Energy,May 2026,"Rome, IT",,"Rome, IT",https://conferenceindex.org/event/international-conference-on-oil-reserves-and-energy-systems-icores-2026-may-rome-it,conferenceindex,,,,,,False,False,False,0,0,0,skip,,,,,,,partial
"International Conference on Bioenergy, Biogas and Biogas Production (ICBBBP)",Energy,May 2026,"Rome, IT",,"Rome, IT",https://conferenceindex.org/event/international-conference-on-bioenergy-biogas-and-biogas-production-icbbbp-2026-may-rome-it,conferenceindex,,,,,,False,False,False,0,0,0,skip,,,,,,,partial
International Conference on Instructions and Effective Education Strategies (ICIEES),Education,May 2026,"Singapore, SG",,"Singapore, SG",https://conferenceindex.org/event/international-conference-on-instructions-and-effective-education-strategies-iciees-2026-may-singapore-sg,conferenceindex,,,,,,False,False,False,0,0,0,skip,,,,,,,partial
"International Conference on Computer Science, Cybersecurity and Information Technology (ICCSCIT)",Technology,May 2026,"Istanbul, TR",,"Istanbul, TR",https://conferenceindex.org/event/international-conference-on-computer-science-cybersecurity-and-information-technology-iccscit-2026-may-istanbul-tr,conferenceindex,,,,,,False,False,False,0,0,0,skip,,,,,,,partial
International Conference on Advanced Teaching Instructions (ICATI),Food & Beverage,May 2026,"Singapore, SG",,"Singapore, SG",https://conferenceindex.org/event/international-conference-on-advanced-teaching-instructions-icati-2026-may-singapore-sg,conferenceindex,,,,,,False,False,False,0,0,0,skip,,,,,,,partial
International Conference on Early Childhood Development and Science Education (ICECDSE),Education,May 2026,"Istanbul, TR",,"Istanbul, TR",https://conferenceindex.org/event/international-conference-on-early-childhood-development-and-science-education-icecdse-2026-may-istanbul-tr,conferenceindex,,,,,,False,False,False,0,0,0,skip,,,,,,,partial
International Conference on Zoology and Wild Animals (ICZWA),Other,May 2026,"Singapore, SG",,"Singapore, SG",https://conferenceindex.org/event/international-conference-on-zoology-and-wild-animals-iczwa-2026-may-singapore-sg,conferenceindex,,,,,,False,False,False,0,0,0,skip,,,,,,,partial
"International Conference on Humanities, Languages and Social Sciences (ICHLSS)",Other,May 2026,"Istanbul, TR",,"Istanbul, TR",https://conferenceindex.org/event/international-conference-on-humanities-languages-and-social-sciences-ichlss-2026-may-istanbul-tr,conferenceindex,,,,,,False,False,False,0,0,0,skip,,,,,,,partial
International Conference on Energy Efficiency and Renewable Energy (ICEERET),Energy,May 2026,"Istanbul, TR",,"Istanbul, TR",https://conferenceindex.org/event/international-conference-on-energy-efficiency-and-renewable-energy-iceeret-2026-may-istanbul-tr,conferenceindex,,,,,,False,False,False,0,0,0,skip,,,,,,,partial
"International Conference on Architecture, Building and Civil Engineering (ICABCE)",Real Estate,May 2026,"Singapore, SG",,"Singapore, SG",https://conferenceindex.org/event/international-conference-on-architecture-building-and-civil-engineering-icabce-2026-may-singapore-sg,conferenceindex,,,,,,False,False,False,0,0,0,skip,,,,,,,partial
International Conference on Artificial Neural Networks Systems (ICANNS),Other,May 2026,"Singapore, SG",,"Singapore, SG",https://conferenceindex.org/event/international-conference-on-artificial-neural-networks-systems-icanns-2026-may-singapore-sg,conferenceindex,,,,,,False,False,False,0,0,0,skip,,,,,,,partial
International Conference on Aesthetics (ICA),Technology,May 2026,"Rome, IT",,"Rome, IT",https://conferenceindex.org/event/international-conference-on-aesthetics-ica-2026-may-rome-it,conferenceindex,,,,,,False,False,False,0,0,0,skip,,,,,,,partial
International Conference on Dentistry and Oral Health (ICDOH),Technology,May 2026,"Rome, IT",,"Rome, IT",https://conferenceindex.org/event/international-conference-on-dentistry-and-oral-health-icdoh-2026-may-rome-it,conferenceindex,,,,,,False,False,False,0,0,0,skip,,,,,,,partial
International Conference on Oral Health and Maxillofacial Surgery (ICOHMS),Technology,May 2026,"Rome, IT",,"Rome, IT",https://conferenceindex.org/event/international-conference-on-oral-health-and-maxillofacial-surgery-icohms-2026-may-rome-it,conferenceindex,,,,,,False,False,False,0,0,0,skip,,,,,,,partial
International Conference on Virtual Rehabilitation (ICVR),Technology,May 2026,"Rome, IT",,"Rome, IT",https://conferenceindex.org/event/international-conference-on-virtual-rehabilitation-icvr-2026-may-rome-it,conferenceindex,,,,,,False,False,False,0,0,0,skip,,,,,,,partial
International Conference on Composite Structures (ICCS),Other,May 2026,"Istanbul, TR",,"Istanbul, TR",https://conferenceindex.org/event/international-conference-on-composite-structures-iccs-2026-may-istanbul-tr,conferenceindex,,,,,,False,False,False,0,0,0,skip,,,,,,,partial
International Conference on Physical Therapy Science and Novel Physiotherapies (ICPTSNP),Technology,May 2026,"Singapore, SG",,"Singapore, SG",https://conferenceindex.org/event/international-conference-on-physical-therapy-science-and-novel-physiotherapies-icptsnp-2026-may-singapore-sg,conferenceindex,,,,,,False,False,False,0,0,0,skip,,,,,,,partial
International Conference on Psychiatry (ICP),Other,May 2026,"Singapore, SG",,"Singapore, SG",https://conferenceindex.org/event/international-conference-on-psychiatry-icp-2026-may-singapore-sg,conferenceindex,,,,,,False,False,False,0,0,0,skip,,,,,,,partial
International Conference on Dentistry and Orthodontic Implants (ICDOI),Other,May 2026,"Singapore, SG",,"Singapore, SG",https://conferenceindex.org/event/international-conference-on-dentistry-and-orthodontic-implants-icdoi-2026-may-singapore-sg,conferenceindex,,,,,,False,False,False,0,0,0,skip,,,,,,,partial
International Conference on Elderly Healthcare (ICEH),Healthcare,May 2026,"Singapore, SG",,"Singapore, SG",https://conferenceindex.org/event/international-conference-on-elderly-healthcare-iceh-2026-may-singapore-sg,conferenceindex,,,,,,False,False,False,0,0,0,skip,,,,,,,partial
"International Conference on Gas, Petroleum and Chemical Sciences (ICGPCS)",Technology,May 2026,"Rome, IT",,"Rome, IT",https://conferenceindex.org/event/international-conference-on-gas-petroleum-and-chemical-sciences-icgpcs-2026-may-rome-it,conferenceindex,,,,,,False,False,False,0,0,0,skip,,,,,,,partial
"International Conference on Nutraceuticals, Nutrition and Foods (ICNNF)",Food & Beverage,May 2026,"Singapore, SG",,"Singapore, SG",https://conferenceindex.org/event/international-conference-on-nutraceuticals-nutrition-and-foods-icnnf-2026-may-singapore-sg,conferenceindex,,,,,,False,False,False,0,0,0,skip,,,,,,,partial
"International Conference on Pediatrics, Internal Medicine and Advanced Treatment Strategies (ICPIMATS)",Other,May 2026,"Singapore, SG",,"Singapore, SG",https://conferenceindex.org/event/international-conference-on-pediatrics-internal-medicine-and-advanced-treatment-strategies-icpimats-2026-may-singapore-sg,conferenceindex,,,,,,False,False,False,0,0,0,skip,,,,,,,partial
International Conference on Nursing and Health Care (ICNHC),Healthcare,May 2026,"Istanbul, TR",,"Istanbul, TR",https://conferenceindex.org/event/international-conference-on-nursing-and-health-care-icnhc-2026-may-istanbul-tr,conferenceindex,,,,,,False,False,False,0,0,0,skip,,,,,,,partial
International Conference on Medical Microbiology and Immunology (ICMMI),Technology,May 2026,"Rome, IT",,"Rome, IT",https://conferenceindex.org/event/international-conference-on-medical-microbiology-and-immunology-icmmi-2026-may-rome-it,conferenceindex,,,,,,False,False,False,0,0,0,skip,,,,,,,partial
International Conference on Solid Waste Management and Recycling (ICSWMR),Technology,May 2026,"Rome, IT",,"Rome, IT",https://conferenceindex.org/event/international-conference-on-solid-waste-management-and-recycling-icswmr-2026-may-rome-it,conferenceindex,,,,,,False,False,False,0,0,0,skip,,,,,,,partial
"International Conference on Medical Bacteriology, Mycology and Parasitology (ICBMMP)",Healthcare,May 2026,"Istanbul, TR",,"Istanbul, TR",https://conferenceindex.org/event/international-conference-on-medical-bacteriology-mycology-and-parasitology-icbmmp-2026-may-istanbul-tr,conferenceindex,,,,,,False,False,False,0,0,0,skip,,,,,,,partial
International Conference on Physical Therapy Rehabilitation Techniques (ICPTRT),Technology,May 2026,"Singapore, SG",,"Singapore, SG",https://conferenceindex.org/event/international-conference-on-physical-therapy-rehabilitation-techniques-icptrt-2026-may-singapore-sg,conferenceindex,,,,,,False,False,False,0,0,0,skip,,,,,,,partial
"International Conference on Gastroenterology, Endoscopy and Colonoscopy (ICGEC)",Energy,May 2026,"Singapore, SG",,"Singapore, SG",https://conferenceindex.org/event/international-conference-on-gastroenterology-endoscopy-and-colonoscopy-icgec-2026-may-singapore-sg,conferenceindex,,,,,,False,False,False,0,0,0,skip,,,,,,,partial
"International Conference on Food Science, Food Security and Utilization (ICFSFSU)",Food & Beverage,May 2026,"Singapore, SG",,"Singapore, SG",https://conferenceindex.org/event/international-conference-on-food-science-food-security-and-utilization-icfsfsu-2026-may-singapore-sg,conferenceindex,,,,,,False,False,False,0,0,0,skip,,,,,,,partial
"International Conference on Obstetrics, Gynecology and Reproductive Medicine (ICOGRM)",Other,May 2026,"Istanbul, TR",,"Istanbul, TR",https://conferenceindex.org/event/international-conference-on-obstetrics-gynecology-and-reproductive-medicine-icogrm-2026-may-istanbul-tr,conferenceindex,,,,,,False,False,False,0,0,0,skip,,,,,,,partial
International Conference on Naturopathy and Medicinal Plants (ICNMP),Other,May 2026,"Singapore, SG",,"Singapore, SG",https://conferenceindex.org/event/international-conference-on-naturopathy-and-medicinal-plants-icnmp-2026-may-singapore-sg,conferenceindex,,,,,,False,False,False,0,0,0,skip,,,,,,,partial
International Conference on Linguistics and Child Language Acquisition (ICLCLA),Other,May 2026,"Istanbul, TR",,"Istanbul, TR",https://conferenceindex.org/event/international-conference-on-linguistics-and-child-language-acquisition-iclcla-2026-may-istanbul-tr,conferenceindex,,,,,,False,False,False,0,0,0,skip,,,,,,,partial
International Conference on Language Acquisition and Processing (ICLAP),Other,May 2026,"Singapore, SG",,"Singapore, SG",https://conferenceindex.org/event/international-conference-on-language-acquisition-and-processing-iclap-2026-may-singapore-sg,conferenceindex,,,,,,False,False,False,0,0,0,skip,,,,,,,partial
International Conference on Science Education and Communication (ICSEC),Education,May 2026,"Singapore, SG",,"Singapore, SG",https://conferenceindex.org/event/international-conference-on-science-education-and-communication-icsec-2026-may-singapore-sg,conferenceindex,,,,,,False,False,False,0,0,0,skip,,,,,,,partial
International Conference on Quantum Engineering and Nanotechnology (ICQEN),Technology,May 2026,"Istanbul, TR",,"Istanbul, TR",https://conferenceindex.org/event/international-conference-on-quantum-engineering-and-nanotechnology-icqen-2026-may-istanbul-tr,conferenceindex,,,,,,False,False,False,0,0,0,skip,,,,,,,partial
International Conference on Principles of Criminal Law and Criminal Justice (ICPCLCJ),Other,May 2026,"Istanbul, TR",,"Istanbul, TR",https://conferenceindex.org/event/international-conference-on-principles-of-criminal-law-and-criminal-justice-icpclcj-2026-may-istanbul-tr,conferenceindex,,,,,,False,False,False,0,0,0,skip,,,,,,,partial
International Conference on Property Rights and Intellectual Property Law (ICPRIPL),Real Estate,May 2026,"Singapore, SG",,"Singapore, SG",https://conferenceindex.org/event/international-conference-on-property-rights-and-intellectual-property-law-icpripl-2026-may-singapore-sg,conferenceindex,,,,,,False,False,False,0,0,0,skip,,,,,,,partial
"International Conference on Science Education, Research and Training in Schools‎ (ICSERTS)",Education,May 2026,"Rome, IT",,"Rome, IT",https://conferenceindex.org/event/international-conference-on-science-education-research-and-training-in-schools-icserts-2026-may-rome-it,conferenceindex,,,,,,False,False,False,0,0,0,skip,,,,,,,partial
International Conference on Special Education Regulations and Technology (ICSERT),Technology,May 2026,"Istanbul, TR",,"Istanbul, TR",https://conferenceindex.org/event/international-conference-on-special-education-regulations-and-technology-icsert-2026-may-istanbul-tr,conferenceindex,,,,,,False,False,False,0,0,0,skip,,,,,,,partial
International Conference on Special Education and Child Development (ICSECD),Technology,May 2026,"Rome, IT",,"Rome, IT",https://conferenceindex.org/event/international-conference-on-special-education-and-child-development-icsecd-2026-may-rome-it,conferenceindex,,,,,,False,False,False,0,0,0,skip,,,,,,,partial
"International Conference on Architectural Conservation, Engineering and Cultural Heritage (ICACECH)",Manufacturing,May 2026,"Singapore, SG",,"Singapore, SG",https://conferenceindex.org/event/international-conference-on-architectural-conservation-engineering-and-cultural-heritage-icacech-2026-may-singapore-sg,conferenceindex,,,,,,False,False,False,0,0,0,skip,,,,,,,partial
International Conference on Urban Air Pollution and Environment (ICUAPE),Other,May 2026,"Singapore, SG",,"Singapore, SG",https://conferenceindex.org/event/international-conference-on-urban-air-pollution-and-environment-icuape-2026-may-singapore-sg,conferenceindex,,,,,,False,False,False,0,0,0,skip,,,,,,,partial
International Conference on Political Science and Activity (ICPSA),Other,May 2026,"Istanbul, TR",,"Istanbul, TR",https://conferenceindex.org/event/international-conference-on-political-science-and-activity-icpsa-2026-may-istanbul-tr,conferenceindex,,,,,,False,False,False,0,0,0,skip,,,,,,,partial
International Conference on Political Science and Globalization (ICPSG),Other,May 2026,"Singapore, SG",,"Singapore, SG",https://conferenceindex.org/event/international-conference-on-political-science-and-globalization-icpsg-2026-may-singapore-sg,conferenceindex,,,,,,False,False,False,0,0,0,skip,,,,,,,partial
"International Conference on Textiles and Fashion: Materials, Design and Technology (ICTFMDT)",Textile,May 2026,"Singapore, SG",,"Singapore, SG",https://conferenceindex.org/event/international-conference-on-textiles-and-fashion-materials-design-and-technology-ictfmdt-2026-may-singapore-sg,conferenceindex,,,,,,False,False,False,0,0,0,skip,,,,,,,partial
"International Conference on Cultural Heritage, Tourism and Hospitality (ICCHTH)",Healthcare,May 2026,"Singapore, SG",,"Singapore, SG",https://conferenceindex.org/event/international-conference-on-cultural-heritage-tourism-and-hospitality-icchth-2026-may-singapore-sg,conferenceindex,,,,,,False,False,False,0,0,0,skip,,,,,,,partial
International Conference on Visual Arts and Design (ICVAD),Other,May 2026,"Istanbul, TR",,"Istanbul, TR",https://conferenceindex.org/event/international-conference-on-visual-arts-and-design-icvad-2026-may-istanbul-tr,conferenceindex,,,,,,False,False,False,0,0,0,skip,,,,,,,partial
International Conference on International Tourism and Sustainable Development (ICITSD),Other,May 2026,"Istanbul, TR",,"Istanbul, TR",https://conferenceindex.org/event/international-conference-on-international-tourism-and-sustainable-development-icitsd-2026-may-istanbul-tr,conferenceindex,,,,,,False,False,False,0,0,0,skip,,,,,,,partial
"International Conference on Islam, Philosophy and Theology (ICIPT)",Other,May 2026,"Istanbul, TR",,"Istanbul, TR",https://conferenceindex.org/event/international-conference-on-islam-philosophy-and-theology-icipt-2026-may-istanbul-tr,conferenceindex,,,,,,False,False,False,0,0,0,skip,,,,,,,partial
International Conference on Airport Engineering and Architecture (ICAEA),Manufacturing,May 2026,"Istanbul, TR",,"Istanbul, TR",https://conferenceindex.org/event/international-conference-on-airport-engineering-and-architecture-icaea-2026-may-istanbul-tr,conferenceindex,,,,,,False,False,False,0,0,0,skip,,,,,,,partial
International Conference on Library and Information Science (ICLIS),Technology,May 2026,"Rome, IT",,"Rome, IT",https://conferenceindex.org/event/international-conference-on-library-and-information-science-iclis-2026-may-rome-it,conferenceindex,,,,,,False,False,False,0,0,0,skip,,,,,,,partial
International Conference on Political Science and International Political Order (ICPSIPO),Other,May 2026,"Istanbul, TR",,"Istanbul, TR",https://conferenceindex.org/event/international-conference-on-political-science-and-international-political-order-icpsipo-2026-may-istanbul-tr,conferenceindex,,,,,,False,False,False,0,0,0,skip,,,,,,,partial
International Conference on Computational Linguistics and Machine Translation (ICCLMT),Other,May 2026,"Istanbul, TR",,"Istanbul, TR",https://conferenceindex.org/event/international-conference-on-computational-linguistics-and-machine-translation-icclmt-2026-may-istanbul-tr,conferenceindex,,,,,,False,False,False,0,0,0,skip,,,,,,,partial
International Conference on Computational Linguistics and Natural Language Processing (ICCLNLP),Other,May 2026,"Singapore, SG",,"Singapore, SG",https://conferenceindex.org/event/international-conference-on-computational-linguistics-and-natural-language-processing-icclnlp-2026-may-singapore-sg,conferenceindex,,,,,,False,False,False,0,0,0,skip,,,,,,,partial
International Conference on Applied Linguistics and Language Teaching (ICALLT),Food & Beverage,May 2026,"Istanbul, TR",,"Istanbul, TR",https://conferenceindex.org/event/international-conference-on-applied-linguistics-and-language-teaching-icallt-2026-may-istanbul-tr,conferenceindex,,,,,,False,False,False,0,0,0,skip,,,,,,,partial
"International Conference on Feminism, Gender, Capitalism and Globalization (ICFGCG)",Technology,May 2026,"Rome, IT",,"Rome, IT",https://conferenceindex.org/event/international-conference-on-feminism-gender-capitalism-and-globalization-icfgcg-2026-may-rome-it,conferenceindex,,,,,,False,False,False,0,0,0,skip,,,,,,,partial
International Conference on Politics and International Relations (ICIR),Other,May 2026,"Istanbul, TR",,"Istanbul, TR",https://conferenceindex.org/event/international-conference-on-politics-and-international-relations-icir-2026-may-istanbul-tr,conferenceindex,,,,,,False,False,False,0,0,0,skip,,,,,,,partial
International Conference on Public Administration Reform and Innovation (ICPARI),Other,May 2026,"Istanbul, TR",,"Istanbul, TR",https://conferenceindex.org/event/international-conference-on-public-administration-reform-and-innovation-icpari-2026-may-istanbul-tr,conferenceindex,,,,,,False,False,False,0,0,0,skip,,,,,,,partial
International Conference on Planning and Urban Design (ICPUD),Other,May 2026,"Istanbul, TR",,"Istanbul, TR",https://conferenceindex.org/event/international-conference-on-planning-and-urban-design-icpud-2026-may-istanbul-tr,conferenceindex,,,,,,False,False,False,0,0,0,skip,,,,,,,partial
"International Conference on Cartography, GIS and Geovisualization (ICCGISG)",Technology,May 2026,"Rome, IT",,"Rome, IT",https://conferenceindex.org/event/international-conference-on-cartography-gis-and-geovisualization-iccgisg-2026-may-rome-it,conferenceindex,,,,,,False,False,False,0,0,0,skip,,,,,,,partial
International Conference on Preventing Terrorism and Countering Violent Extremism (ICPTCVE),Technology,May 2026,"Rome, IT",,"Rome, IT",https://conferenceindex.org/event/international-conference-on-preventing-terrorism-and-countering-violent-extremism-icptcve-2026-may-rome-it,conferenceindex,,,,,,False,False,False,0,0,0,skip,,,,,,,partial
International Conference on Construction Engineering Technology and Computer Aided Design (ICCETCAD),Technology,May 2026,"Singapore, SG",,"Singapore, SG",https://conferenceindex.org/event/international-conference-on-construction-engineering-technology-and-computer-aided-design-iccetcad-2026-may-singapore-sg,conferenceindex,,,,,,False,False,False,0,0,0,skip,,,,,,,partial
"International Conference on Conflict Resolution, Management and Negotiation (ICCRMN)",Other,May 2026,"Istanbul, TR",,"Istanbul, TR",https://conferenceindex.org/event/international-conference-on-conflict-resolution-management-and-negotiation-iccrmn-2026-may-istanbul-tr,conferenceindex,,,,,,False,False,False,0,0,0,skip,,,,,,,partial
International Conference on Geoinformatics and Remote Sensing (ICGRS),Other,May 2026,"Istanbul, TR",,"Istanbul, TR",https://conferenceindex.org/event/international-conference-on-geoinformatics-and-remote-sensing-icgrs-2026-may-istanbul-tr,conferenceindex,,,,,,False,False,False,0,0,0,skip,,,,,,,partial
"International Conference on Human Geography, Planning and International Development Studies (ICHGPIDS)",Other,May 2026,"Singapore, SG",,"Singapore, SG",https://conferenceindex.org/event/international-conference-on-human-geography-planning-and-international-development-studies-ichgpids-2026-may-singapore-sg,conferenceindex,,,,,,False,False,False,0,0,0,skip,,,,,,,partial
International Conference on Bioremediation and Biodegradation (ICBB),Other,May 2026,"Istanbul, TR",,"Istanbul, TR",https://conferenceindex.org/event/international-conference-on-bioremediation-and-biodegradation-icbb-2026-may-istanbul-tr,conferenceindex,,,,,,False,False,False,0,0,0,skip,,,,,,,partial
International Conference on Deradicalization and Radicalization (ICDR),Technology,May 2026,"Rome, IT",,"Rome, IT",https://conferenceindex.org/event/international-conference-on-deradicalization-and-radicalization-icdr-2026-may-rome-it,conferenceindex,,,,,,False,False,False,0,0,0,skip,,,,,,,partial
International Conference on Medical and Nursing Education (ICMNE),Technology,May 2026,"Rome, IT",,"Rome, IT",https://conferenceindex.org/event/international-conference-on-medical-and-nursing-education-icmne-2026-may-rome-it,conferenceindex,,,,,,False,False,False,0,0,0,skip,,,,,,,partial
International Conference on Sustainable Civil Engineering and Sustainable Applications (ICSCESA),Technology,May 2026,"Rome, IT",,"Rome, IT",https://conferenceindex.org/event/international-conference-on-sustainable-civil-engineering-and-sustainable-applications-icscesa-2026-may-rome-it,conferenceindex,,,,,,False,False,False,0,0,0,skip,,,,,,,partial
Magazin ansehen,Other,"Übersicht der veröffentlichten Ausgaben Overview of published issues Hinweis: Die Marken tw tagungswirtschaft und m+a report werden innerhalb der dfv Conference Group weitergeführt. Die bisherigen redaktionellen Formate wie Printmagazin, eMagazine, Newsletter sowie die regelmäßige Website-Redaktion wurden eingestellt. Diese Seite dient ausschließlich als Archiv zur Bereitstellung ausgewählter Inhalte aus früheren Ausgaben. Note: The brands tw tagungswirtschaft and m+a report are continued within the dfv Conference Group. Former editorial formats such as the print magazine, eMagazine, newsletter, and ongoing website publishing have been discontinued. This page serves exclusively as an archive providing selected content from previous editions. März 2026 Magazin ansehen März 2025 Magazin ansehen Mai 2025 Magazin ansehen September 2025 Magazin ansehen Dezember 2025 Magazin ansehen März 2024 Magazin ansehen Mai 2024 Magazin ansehen September 2024 Magazin ansehen November 2024 Magazin ansehen März 2023 Magazin ansehen Mai 2023 Magazin ansehen September 2023 Magazin ansehen November 2023 Magazin ansehen Februar 2022 Magazin ansehen Juli 2022 Magazin ansehen September 2022 Magazin ansehen Dezember 2022 Magazin ansehen März 2021 Magazin ansehen Mai 2021 Magazin ansehen September 2021 Magazin ansehen November 2021 Magazin ansehen September 2020 Magazin ansehen November 2020 Magazin ansehen dfv Conference Group Impressum Datenschutzerklärung",,,,https://emag.tw-media.com/maerz-2026/,expodatabase,,,,,,False,False,False,0,0,0,skip,,,,,,,partial
