Company,Category,Country,Stand,NEC Profile,Relevant,LinkedIn Search,Apollo Search,Contact Name,Contact Title,Contact Email,Contact LinkedIn,AI Message,Status,Notes,enrichment_status,score,Email,Website,Title,Fair,Phone,email_is_business,website_ok,title_valid,tier1_passes,tier2_points,outreach_category,company_name,description,phone,address,linkedin_url,industry
'grette,,,,,,https://www.linkedin.com/search/results/companies/?keywords='grette,https://app.apollo.io/#/companies?q_organization_name='grette,,,,,,New,,partial,0,,,,,,False,False,False,0,0,skip,,,,,,
*Shopt,,,,,,https://www.linkedin.com/search/results/companies/?keywords=*Shopt,https://app.apollo.io/#/companies?q_organization_name=*Shopt,,,,,,New,,partial,0,,,,,,False,False,False,0,0,skip,,,,,,
10 Squared & Pixel Inspiration,,,,,,https://www.linkedin.com/search/results/companies/?keywords=10%20Squared%20&%20Pixel%20Inspiration,https://app.apollo.io/#/companies?q_organization_name=10%20Squared%20&%20Pixel%20Inspiration,,,,,,New,,partial,0,,,,,,False,False,False,0,0,skip,,,,,,
1180 Drinks,,,,,YES,https://www.linkedin.com/search/results/companies/?keywords=1180%20Drinks,https://app.apollo.io/#/companies?q_organization_name=1180%20Drinks,,,,,,New,,partial,0,,,,,,False,False,False,0,0,skip,,,,,,
3DTRADING,,,,,,https://www.linkedin.com/search/results/companies/?keywords=3DTRADING,https://app.apollo.io/#/companies?q_organization_name=3DTRADING,,,,,,New,,partial,0,,,,,,False,False,False,0,0,skip,,,,,,
3G PACKAGING,,,,,YES,https://www.linkedin.com/search/results/companies/?keywords=3G%20PACKAGING,https://app.apollo.io/#/companies?q_organization_name=3G%20PACKAGING,,,,,,New,,partial,0,,,,,,False,False,False,0,0,skip,,,,,,
7ATE9,,,,,,https://www.linkedin.com/search/results/companies/?keywords=7ATE9,https://app.apollo.io/#/companies?q_organization_name=7ATE9,,,,,,New,,partial,0,,,,,,False,False,False,0,0,skip,,,,,,
7UP,,,,,,https://www.linkedin.com/search/results/companies/?keywords=7UP,https://app.apollo.io/#/companies?q_organization_name=7UP,,,,,,New,,partial,0,,,,,,False,False,False,0,0,skip,,,,,,
A&A Distribution Ltd,,,,,YES,https://www.linkedin.com/search/results/companies/?keywords=A&A%20Distribution%20Ltd,https://app.apollo.io/#/companies?q_organization_name=A&A%20Distribution%20Ltd,,,,,,New,,partial,0,,,,,,False,False,False,0,0,skip,,,,,,
A.VOGEL UK & IRELAND LTD,,,,,,https://www.linkedin.com/search/results/companies/?keywords=A.VOGEL%20UK%20&%20IRELAND%20LTD,https://app.apollo.io/#/companies?q_organization_name=A.VOGEL%20UK%20&%20IRELAND%20LTD,,,,,,New,,partial,0,,,,,,False,False,False,0,0,skip,,,,,,
Aagrah Foods,,,,,YES,https://www.linkedin.com/search/results/companies/?keywords=Aagrah%20Foods,https://app.apollo.io/#/companies?q_organization_name=Aagrah%20Foods,,,,,,New,,partial,0,,,,,,False,False,False,0,0,skip,,,,,,
AB World Foods,,,,,YES,https://www.linkedin.com/search/results/companies/?keywords=AB%20World%20Foods,https://app.apollo.io/#/companies?q_organization_name=AB%20World%20Foods,,,,,,New,,partial,0,,,,,,False,False,False,0,0,skip,,,,,,
Abbey Labels Ltd,,,,,,https://www.linkedin.com/search/results/companies/?keywords=Abbey%20Labels%20Ltd,https://app.apollo.io/#/companies?q_organization_name=Abbey%20Labels%20Ltd,,,,,,New,,partial,0,,,,,,False,False,False,0,0,skip,,,,,,
Access Unleashed,,,,,,https://www.linkedin.com/search/results/companies/?keywords=Access%20Unleashed,https://app.apollo.io/#/companies?q_organization_name=Access%20Unleashed,,,,,,New,,partial,0,,,,,,False,False,False,0,0,skip,,,,,,
ADI TV,,,,,,https://www.linkedin.com/search/results/companies/?keywords=ADI%20TV,https://app.apollo.io/#/companies?q_organization_name=ADI%20TV,,,,,,New,,partial,0,,,,,,False,False,False,0,0,skip,,,,,,
ADM Milling,,,,,,https://www.linkedin.com/search/results/companies/?keywords=ADM%20Milling,https://app.apollo.io/#/companies?q_organization_name=ADM%20Milling,,,,,,New,,partial,0,,,,,,False,False,False,0,0,skip,,,,,,
ADN Brand Partnership,,,,,,https://www.linkedin.com/search/results/companies/?keywords=ADN%20Brand%20Partnership,https://app.apollo.io/#/companies?q_organization_name=ADN%20Brand%20Partnership,,,,,,New,,partial,0,,,,,,False,False,False,0,0,skip,,,,,,
AgileChilli,,,,,,https://www.linkedin.com/search/results/companies/?keywords=AgileChilli,https://app.apollo.io/#/companies?q_organization_name=AgileChilli,,,,,,New,,partial,0,,,,,,False,False,False,0,0,skip,,,,,,
AHT UK,,,,,,https://www.linkedin.com/search/results/companies/?keywords=AHT%20UK,https://app.apollo.io/#/companies?q_organization_name=AHT%20UK,,,,,,New,,partial,0,,,,,,False,False,False,0,0,skip,,,,,,
Aklife Foods,,,,,YES,https://www.linkedin.com/search/results/companies/?keywords=Aklife%20Foods,https://app.apollo.io/#/companies?q_organization_name=Aklife%20Foods,,,,,,New,,partial,0,,,,,,False,False,False,0,0,skip,,,,,,
All Dressed Up,,,,,,https://www.linkedin.com/search/results/companies/?keywords=All%20Dressed%20Up,https://app.apollo.io/#/companies?q_organization_name=All%20Dressed%20Up,,,,,,New,,partial,0,,,,,,False,False,False,0,0,skip,,,,,,
Allied Drinks Systems,,,,,YES,https://www.linkedin.com/search/results/companies/?keywords=Allied%20Drinks%20Systems,https://app.apollo.io/#/companies?q_organization_name=Allied%20Drinks%20Systems,,,,,,New,,partial,0,,,,,,False,False,False,0,0,skip,,,,,,
Alsop & Walker (Cheesemakers),,,,,,https://www.linkedin.com/search/results/companies/?keywords=Alsop%20&%20Walker%20(Cheesemakers),https://app.apollo.io/#/companies?q_organization_name=Alsop%20&%20Walker%20(Cheesemakers),,,,,,New,,partial,0,,,,,,False,False,False,0,0,skip,,,,,,
Alzheimer's Society,,,,,,https://www.linkedin.com/search/results/companies/?keywords=Alzheimer's%20Society,https://app.apollo.io/#/companies?q_organization_name=Alzheimer's%20Society,,,,,,New,,partial,0,,,,,,False,False,False,0,0,skip,,,,,,
American Fizz,,,,,,https://www.linkedin.com/search/results/companies/?keywords=American%20Fizz,https://app.apollo.io/#/companies?q_organization_name=American%20Fizz,,,,,,New,,partial,0,,,,,,False,False,False,0,0,skip,,,,,,
Anglesey Foods,,,,,YES,https://www.linkedin.com/search/results/companies/?keywords=Anglesey%20Foods,https://app.apollo.io/#/companies?q_organization_name=Anglesey%20Foods,,,,,,New,,partial,0,,,,,,False,False,False,0,0,skip,,,,,,
Applied Nutrition,,,,,YES,https://www.linkedin.com/search/results/companies/?keywords=Applied%20Nutrition,https://app.apollo.io/#/companies?q_organization_name=Applied%20Nutrition,,,,,,New,,partial,0,,,,,,False,False,False,0,0,skip,,,,,,
appy,,,,,,https://www.linkedin.com/search/results/companies/?keywords=appy,https://app.apollo.io/#/companies?q_organization_name=appy,,,,,,New,,partial,0,,,,,,False,False,False,0,0,skip,,,,,,
Aqua Carpatica,,,,,,https://www.linkedin.com/search/results/companies/?keywords=Aqua%20Carpatica,https://app.apollo.io/#/companies?q_organization_name=Aqua%20Carpatica,,,,,,New,,partial,0,,,,,,False,False,False,0,0,skip,,,,,,
Aqua Pura Mineral Water,,,,,,https://www.linkedin.com/search/results/companies/?keywords=Aqua%20Pura%20Mineral%20Water,https://app.apollo.io/#/companies?q_organization_name=Aqua%20Pura%20Mineral%20Water,,,,,,New,,partial,0,,,,,,False,False,False,0,0,skip,,,,,,
AquAngel Party Drinks,,,,,YES,https://www.linkedin.com/search/results/companies/?keywords=AquAngel%20Party%20Drinks,https://app.apollo.io/#/companies?q_organization_name=AquAngel%20Party%20Drinks,,,,,,New,,partial,0,,,,,,False,False,False,0,0,skip,,,,,,
Aquavape,,,,,,https://www.linkedin.com/search/results/companies/?keywords=Aquavape,https://app.apollo.io/#/companies?q_organization_name=Aquavape,,,,,,New,,partial,0,,,,,,False,False,False,0,0,skip,,,,,,
AR MAISTAS,,,,,,https://www.linkedin.com/search/results/companies/?keywords=AR%20MAISTAS,https://app.apollo.io/#/companies?q_organization_name=AR%20MAISTAS,,,,,,New,,partial,0,,,,,,False,False,False,0,0,skip,,,,,,
Arcade Sweets,,,,,YES,https://www.linkedin.com/search/results/companies/?keywords=Arcade%20Sweets,https://app.apollo.io/#/companies?q_organization_name=Arcade%20Sweets,,,,,,New,,partial,0,,,,,,False,False,False,0,0,skip,,,,,,
ARIELA'S GELATO,,,,,,https://www.linkedin.com/search/results/companies/?keywords=ARIELA'S%20GELATO,https://app.apollo.io/#/companies?q_organization_name=ARIELA'S%20GELATO,,,,,,New,,partial,0,,,,,,False,False,False,0,0,skip,,,,,,
Armagh Cider Company,,,,,,https://www.linkedin.com/search/results/companies/?keywords=Armagh%20Cider%20Company,https://app.apollo.io/#/companies?q_organization_name=Armagh%20Cider%20Company,,,,,,New,,partial,0,,,,,,False,False,False,0,0,skip,,,,,,
Arneg UK,,,,,,https://www.linkedin.com/search/results/companies/?keywords=Arneg%20UK,https://app.apollo.io/#/companies?q_organization_name=Arneg%20UK,,,,,,New,,partial,0,,,,,,False,False,False,0,0,skip,,,,,,
Arngask Home Farm,,,,,,https://www.linkedin.com/search/results/companies/?keywords=Arngask%20Home%20Farm,https://app.apollo.io/#/companies?q_organization_name=Arngask%20Home%20Farm,,,,,,New,,partial,0,,,,,,False,False,False,0,0,skip,,,,,,
Artisan & Co,,,,,,https://www.linkedin.com/search/results/companies/?keywords=Artisan%20&%20Co,https://app.apollo.io/#/companies?q_organization_name=Artisan%20&%20Co,,,,,,New,,partial,0,,,,,,False,False,False,0,0,skip,,,,,,
Artisan Bakes,,,,,,https://www.linkedin.com/search/results/companies/?keywords=Artisan%20Bakes,https://app.apollo.io/#/companies?q_organization_name=Artisan%20Bakes,,,,,,New,,partial,0,,,,,,False,False,False,0,0,skip,,,,,,
Artisan Olive Oil Company,,,,,,https://www.linkedin.com/search/results/companies/?keywords=Artisan%20Olive%20Oil%20Company,https://app.apollo.io/#/companies?q_organization_name=Artisan%20Olive%20Oil%20Company,,,,,,New,,partial,0,,,,,,False,False,False,0,0,skip,,,,,,
Artond Ltd,,,,,,https://www.linkedin.com/search/results/companies/?keywords=Artond%20Ltd,https://app.apollo.io/#/companies?q_organization_name=Artond%20Ltd,,,,,,New,,partial,0,,,,,,False,False,False,0,0,skip,,,,,,
ARWEM FOOD DISTRIBUTION UK,,,,,YES,https://www.linkedin.com/search/results/companies/?keywords=ARWEM%20FOOD%20DISTRIBUTION%20UK,https://app.apollo.io/#/companies?q_organization_name=ARWEM%20FOOD%20DISTRIBUTION%20UK,,,,,,New,,partial,0,,,,,,False,False,False,0,0,skip,,,,,,
ASCO Foods Limited,,,,,YES,https://www.linkedin.com/search/results/companies/?keywords=ASCO%20Foods%20Limited,https://app.apollo.io/#/companies?q_organization_name=ASCO%20Foods%20Limited,,,,,,New,,partial,0,,,,,,False,False,False,0,0,skip,,,,,,
Aspin Management Systems,,,,,,https://www.linkedin.com/search/results/companies/?keywords=Aspin%20Management%20Systems,https://app.apollo.io/#/companies?q_organization_name=Aspin%20Management%20Systems,,,,,,New,,partial,0,,,,,,False,False,False,0,0,skip,,,,,,
At Your Convenience,,,,,,https://www.linkedin.com/search/results/companies/?keywords=At%20Your%20Convenience,https://app.apollo.io/#/companies?q_organization_name=At%20Your%20Convenience,,,,,,New,,partial,0,,,,,,False,False,False,0,0,skip,,,,,,
Atkins and Potts Ltd,,,,,,https://www.linkedin.com/search/results/companies/?keywords=Atkins%20and%20Potts%20Ltd,https://app.apollo.io/#/companies?q_organization_name=Atkins%20and%20Potts%20Ltd,,,,,,New,,partial,0,,,,,,False,False,False,0,0,skip,,,,,,
AVANTI FOODS / BARCODE FOOD LTD,,,,,YES,https://www.linkedin.com/search/results/companies/?keywords=AVANTI%20FOODS%20/%20BARCODE%20FOOD%20LTD,https://app.apollo.io/#/companies?q_organization_name=AVANTI%20FOODS%20/%20BARCODE%20FOOD%20LTD,,,,,,New,,partial,0,,,,,,False,False,False,0,0,skip,,,,,,
AveryBerkel Dealer Jaykay Systems,,,,,,https://www.linkedin.com/search/results/companies/?keywords=AveryBerkel%20Dealer%20Jaykay%20Systems,https://app.apollo.io/#/companies?q_organization_name=AveryBerkel%20Dealer%20Jaykay%20Systems,,,,,,New,,partial,0,,,,,,False,False,False,0,0,skip,,,,,,
AXB Group,,,,,,https://www.linkedin.com/search/results/companies/?keywords=AXB%20Group,https://app.apollo.io/#/companies?q_organization_name=AXB%20Group,,,,,,New,,partial,0,,,,,,False,False,False,0,0,skip,,,,,,
AZ TEAS,,,,,YES,https://www.linkedin.com/search/results/companies/?keywords=AZ%20TEAS,https://app.apollo.io/#/companies?q_organization_name=AZ%20TEAS,,,,,,New,,partial,0,,,,,,False,False,False,0,0,skip,,,,,,
Azelis Food & Nutrition,,,,,YES,https://www.linkedin.com/search/results/companies/?keywords=Azelis%20Food%20&%20Nutrition,https://app.apollo.io/#/companies?q_organization_name=Azelis%20Food%20&%20Nutrition,,,,,,New,,partial,0,,,,,,False,False,False,0,0,skip,,,,,,
B SMITH PACKAGING,,,,,YES,https://www.linkedin.com/search/results/companies/?keywords=B%20SMITH%20PACKAGING,https://app.apollo.io/#/companies?q_organization_name=B%20SMITH%20PACKAGING,,,,,,New,,partial,0,,,,,,False,False,False,0,0,skip,,,,,,
Baboo Gelato,,,,,,https://www.linkedin.com/search/results/companies/?keywords=Baboo%20Gelato,https://app.apollo.io/#/companies?q_organization_name=Baboo%20Gelato,,,,,,New,,partial,0,,,,,,False,False,False,0,0,skip,,,,,,
Baileys Wholesale Ltd,,,,,YES,https://www.linkedin.com/search/results/companies/?keywords=Baileys%20Wholesale%20Ltd,https://app.apollo.io/#/companies?q_organization_name=Baileys%20Wholesale%20Ltd,,,,,,New,,partial,0,,,,,,False,False,False,0,0,skip,,,,,,
Baker Bennett,,,,,,https://www.linkedin.com/search/results/companies/?keywords=Baker%20Bennett,https://app.apollo.io/#/companies?q_organization_name=Baker%20Bennett,,,,,,New,,partial,0,,,,,,False,False,False,0,0,skip,,,,,,
BAKER'S,,,,,,https://www.linkedin.com/search/results/companies/?keywords=BAKER'S,https://app.apollo.io/#/companies?q_organization_name=BAKER'S,,,,,,New,,partial,0,,,,,,False,False,False,0,0,skip,,,,,,
Ballancourt Fine Foods,,,,,YES,https://www.linkedin.com/search/results/companies/?keywords=Ballancourt%20Fine%20Foods,https://app.apollo.io/#/companies?q_organization_name=Ballancourt%20Fine%20Foods,,,,,,New,,partial,0,,,,,,False,False,False,0,0,skip,,,,,,
Ballymaloe Foods,,,,,YES,https://www.linkedin.com/search/results/companies/?keywords=Ballymaloe%20Foods,https://app.apollo.io/#/companies?q_organization_name=Ballymaloe%20Foods,,,,,,New,,partial,0,,,,,,False,False,False,0,0,skip,,,,,,
Bar Buoy Cocktails,,,,,,https://www.linkedin.com/search/results/companies/?keywords=Bar%20Buoy%20Cocktails,https://app.apollo.io/#/companies?q_organization_name=Bar%20Buoy%20Cocktails,,,,,,New,,partial,0,,,,,,False,False,False,0,0,skip,,,,,,
Bar Juice 5000,,,,,YES,https://www.linkedin.com/search/results/companies/?keywords=Bar%20Juice%205000,https://app.apollo.io/#/companies?q_organization_name=Bar%20Juice%205000,,,,,,New,,partial,0,,,,,,False,False,False,0,0,skip,,,,,,
BARCLAYS BANK UK PLC,,,,,,https://www.linkedin.com/search/results/companies/?keywords=BARCLAYS%20BANK%20UK%20PLC,https://app.apollo.io/#/companies?q_organization_name=BARCLAYS%20BANK%20UK%20PLC,,,,,,New,,partial,0,,,,,,False,False,False,0,0,skip,,,,,,
Barista Bar,,,,,,https://www.linkedin.com/search/results/companies/?keywords=Barista%20Bar,https://app.apollo.io/#/companies?q_organization_name=Barista%20Bar,,,,,,New,,partial,0,,,,,,False,False,False,0,0,skip,,,,,,
Barti Rum,,,,,,https://www.linkedin.com/search/results/companies/?keywords=Barti%20Rum,https://app.apollo.io/#/companies?q_organization_name=Barti%20Rum,,,,,,New,,partial,0,,,,,,False,False,False,0,0,skip,,,,,,
Bartleby Clothing,,,,,,https://www.linkedin.com/search/results/companies/?keywords=Bartleby%20Clothing,https://app.apollo.io/#/companies?q_organization_name=Bartleby%20Clothing,,,,,,New,,partial,0,,,,,,False,False,False,0,0,skip,,,,,,
BAT,,,,,,https://www.linkedin.com/search/results/companies/?keywords=BAT,https://app.apollo.io/#/companies?q_organization_name=BAT,,,,,,New,,partial,0,,,,,,False,False,False,0,0,skip,,,,,,
Bay Coffee Roasters & Teifi Coffee,,,,,YES,https://www.linkedin.com/search/results/companies/?keywords=Bay%20Coffee%20Roasters%20&%20Teifi%20Coffee,https://app.apollo.io/#/companies?q_organization_name=Bay%20Coffee%20Roasters%20&%20Teifi%20Coffee,,,,,,New,,partial,0,,,,,,False,False,False,0,0,skip,,,,,,
Bazooka Candy,,,,,YES,https://www.linkedin.com/search/results/companies/?keywords=Bazooka%20Candy,https://app.apollo.io/#/companies?q_organization_name=Bazooka%20Candy,,,,,,New,,partial,0,,,,,,False,False,False,0,0,skip,,,,,,
BB's Bakery,,,,,YES,https://www.linkedin.com/search/results/companies/?keywords=BB's%20Bakery,https://app.apollo.io/#/companies?q_organization_name=BB's%20Bakery,,,,,,New,,partial,0,,,,,,False,False,False,0,0,skip,,,,,,
Be Inclusive Hospitality,,,,,YES,https://www.linkedin.com/search/results/companies/?keywords=Be%20Inclusive%20Hospitality,https://app.apollo.io/#/companies?q_organization_name=Be%20Inclusive%20Hospitality,,,,,,New,,partial,0,,,,,,False,False,False,0,0,skip,,,,,,
Beacon Compliance,,,,,,https://www.linkedin.com/search/results/companies/?keywords=Beacon%20Compliance,https://app.apollo.io/#/companies?q_organization_name=Beacon%20Compliance,,,,,,New,,partial,0,,,,,,False,False,False,0,0,skip,,,,,,
BeanTastic Hummus,,,,,,https://www.linkedin.com/search/results/companies/?keywords=BeanTastic%20Hummus,https://app.apollo.io/#/companies?q_organization_name=BeanTastic%20Hummus,,,,,,New,,partial,0,,,,,,False,False,False,0,0,skip,,,,,,
Beanworks Coffee Roasters,,,,,YES,https://www.linkedin.com/search/results/companies/?keywords=Beanworks%20Coffee%20Roasters,https://app.apollo.io/#/companies?q_organization_name=Beanworks%20Coffee%20Roasters,,,,,,New,,partial,0,,,,,,False,False,False,0,0,skip,,,,,,
Bear's Kitchen   Treats for Dogs,,,,,,https://www.linkedin.com/search/results/companies/?keywords=Bear's%20Kitchen%20%20%20Treats%20for%20Dogs,https://app.apollo.io/#/companies?q_organization_name=Bear's%20Kitchen%20%20%20Treats%20for%20Dogs,,,,,,New,,partial,0,,,,,,False,False,False,0,0,skip,,,,,,
Bearfields,,,,,,https://www.linkedin.com/search/results/companies/?keywords=Bearfields,https://app.apollo.io/#/companies?q_organization_name=Bearfields,,,,,,New,,partial,0,,,,,,False,False,False,0,0,skip,,,,,,
BeatBox,,,,,,https://www.linkedin.com/search/results/companies/?keywords=BeatBox,https://app.apollo.io/#/companies?q_organization_name=BeatBox,,,,,,New,,partial,0,,,,,,False,False,False,0,0,skip,,,,,,
BeeHype,,,,,,https://www.linkedin.com/search/results/companies/?keywords=BeeHype,https://app.apollo.io/#/companies?q_organization_name=BeeHype,,,,,,New,,partial,0,,,,,,False,False,False,0,0,skip,,,,,,
Belfast Rum Punch by Island Goods,,,,,,https://www.linkedin.com/search/results/companies/?keywords=Belfast%20Rum%20Punch%20by%20Island%20Goods,https://app.apollo.io/#/companies?q_organization_name=Belfast%20Rum%20Punch%20by%20Island%20Goods,,,,,,New,,partial,0,,,,,,False,False,False,0,0,skip,,,,,,
Bella Italia (AGRITALIA),,,,,,https://www.linkedin.com/search/results/companies/?keywords=Bella%20Italia%20(AGRITALIA),https://app.apollo.io/#/companies?q_organization_name=Bella%20Italia%20(AGRITALIA),,,,,,New,,partial,0,,,,,,False,False,False,0,0,skip,,,,,,
Belvoir Farm Drinks Ltd,,,,,YES,https://www.linkedin.com/search/results/companies/?keywords=Belvoir%20Farm%20Drinks%20Ltd,https://app.apollo.io/#/companies?q_organization_name=Belvoir%20Farm%20Drinks%20Ltd,,,,,,New,,partial,0,,,,,,False,False,False,0,0,skip,,,,,,
Berrico FoodCompany,,,,,YES,https://www.linkedin.com/search/results/companies/?keywords=Berrico%20FoodCompany,https://app.apollo.io/#/companies?q_organization_name=Berrico%20FoodCompany,,,,,,New,,partial,0,,,,,,False,False,False,0,0,skip,,,,,,
Bewilderbeest,,,,,,https://www.linkedin.com/search/results/companies/?keywords=Bewilderbeest,https://app.apollo.io/#/companies?q_organization_name=Bewilderbeest,,,,,,New,,partial,0,,,,,,False,False,False,0,0,skip,,,,,,
Bhangra Blends,,,,,,https://www.linkedin.com/search/results/companies/?keywords=Bhangra%20Blends,https://app.apollo.io/#/companies?q_organization_name=Bhangra%20Blends,,,,,,New,,partial,0,,,,,,False,False,False,0,0,skip,,,,,,
Big Ginger Sauce Co.,,,,,YES,https://www.linkedin.com/search/results/companies/?keywords=Big%20Ginger%20Sauce%20Co.,https://app.apollo.io/#/companies?q_organization_name=Big%20Ginger%20Sauce%20Co.,,,,,,New,,partial,0,,,,,,False,False,False,0,0,skip,,,,,,
Big Potato Games,,,,,,https://www.linkedin.com/search/results/companies/?keywords=Big%20Potato%20Games,https://app.apollo.io/#/companies?q_organization_name=Big%20Potato%20Games,,,,,,New,,partial,0,,,,,,False,False,False,0,0,skip,,,,,,
Billy's Coffee Company Ltd,,,,,YES,https://www.linkedin.com/search/results/companies/?keywords=Billy's%20Coffee%20Company%20Ltd,https://app.apollo.io/#/companies?q_organization_name=Billy's%20Coffee%20Company%20Ltd,,,,,,New,,partial,0,,,,,,False,False,False,0,0,skip,,,,,,
Binghams Food Limited,,,,,YES,https://www.linkedin.com/search/results/companies/?keywords=Binghams%20Food%20Limited,https://app.apollo.io/#/companies?q_organization_name=Binghams%20Food%20Limited,,,,,,New,,partial,0,,,,,,False,False,False,0,0,skip,,,,,,
Bio-tiful Gut Health,,,,,YES,https://www.linkedin.com/search/results/companies/?keywords=Bio-tiful%20Gut%20Health,https://app.apollo.io/#/companies?q_organization_name=Bio-tiful%20Gut%20Health,,,,,,New,,partial,0,,,,,,False,False,False,0,0,skip,,,,,,
BIONA ORGANIC,,,,,YES,https://www.linkedin.com/search/results/companies/?keywords=BIONA%20ORGANIC,https://app.apollo.io/#/companies?q_organization_name=BIONA%20ORGANIC,,,,,,New,,partial,0,,,,,,False,False,False,0,0,skip,,,,,,
Bip Candy,,,,,YES,https://www.linkedin.com/search/results/companies/?keywords=Bip%20Candy,https://app.apollo.io/#/companies?q_organization_name=Bip%20Candy,,,,,,New,,partial,0,,,,,,False,False,False,0,0,skip,,,,,,
BIXOLON,,,,,,https://www.linkedin.com/search/results/companies/?keywords=BIXOLON,https://app.apollo.io/#/companies?q_organization_name=BIXOLON,,,,,,New,,partial,0,,,,,,False,False,False,0,0,skip,,,,,,
Black Mountains Botanicals & Roast,,,,,,https://www.linkedin.com/search/results/companies/?keywords=Black%20Mountains%20Botanicals%20&%20Roast,https://app.apollo.io/#/companies?q_organization_name=Black%20Mountains%20Botanicals%20&%20Roast,,,,,,New,,partial,0,,,,,,False,False,False,0,0,skip,,,,,,
Blasus Welshcakes Ltd,,,,,,https://www.linkedin.com/search/results/companies/?keywords=Blasus%20Welshcakes%20Ltd,https://app.apollo.io/#/companies?q_organization_name=Blasus%20Welshcakes%20Ltd,,,,,,New,,partial,0,,,,,,False,False,False,0,0,skip,,,,,,
Blendsmiths,,,,,,https://www.linkedin.com/search/results/companies/?keywords=Blendsmiths,https://app.apollo.io/#/companies?q_organization_name=Blendsmiths,,,,,,New,,partial,0,,,,,,False,False,False,0,0,skip,,,,,,
BLUE MOUNTAIN REFRESHMENTS,,,,,,https://www.linkedin.com/search/results/companies/?keywords=BLUE%20MOUNTAIN%20REFRESHMENTS,https://app.apollo.io/#/companies?q_organization_name=BLUE%20MOUNTAIN%20REFRESHMENTS,,,,,,New,,partial,0,,,,,,False,False,False,0,0,skip,,,,,,
Boddington's Premium Preserves,,,,,,https://www.linkedin.com/search/results/companies/?keywords=Boddington's%20Premium%20Preserves,https://app.apollo.io/#/companies?q_organization_name=Boddington's%20Premium%20Preserves,,,,,,New,,partial,0,,,,,,False,False,False,0,0,skip,,,,,,
Bon AppéSweet,,,,,YES,https://www.linkedin.com/search/results/companies/?keywords=Bon%20AppéSweet,https://app.apollo.io/#/companies?q_organization_name=Bon%20AppéSweet,,,,,,New,,partial,0,,,,,,False,False,False,0,0,skip,,,,,,
Booja-Booja,,,,,,https://www.linkedin.com/search/results/companies/?keywords=Booja-Booja,https://app.apollo.io/#/companies?q_organization_name=Booja-Booja,,,,,,New,,partial,0,,,,,,False,False,False,0,0,skip,,,,,,
Booker,,,,,,https://www.linkedin.com/search/results/companies/?keywords=Booker,https://app.apollo.io/#/companies?q_organization_name=Booker,,,,,,New,,partial,0,,,,,,False,False,False,0,0,skip,,,,,,
Boost Foodservice Ltd,,,,,YES,https://www.linkedin.com/search/results/companies/?keywords=Boost%20Foodservice%20Ltd,https://app.apollo.io/#/companies?q_organization_name=Boost%20Foodservice%20Ltd,,,,,,New,,partial,0,,,,,,False,False,False,0,0,skip,,,,,,
Borneo Orangutan Survival UK,,,,,,https://www.linkedin.com/search/results/companies/?keywords=Borneo%20Orangutan%20Survival%20UK,https://app.apollo.io/#/companies?q_organization_name=Borneo%20Orangutan%20Survival%20UK,,,,,,New,,partial,0,,,,,,False,False,False,0,0,skip,,,,,,
Borough Broth Company,,,,,,https://www.linkedin.com/search/results/companies/?keywords=Borough%20Broth%20Company,https://app.apollo.io/#/companies?q_organization_name=Borough%20Broth%20Company,,,,,,New,,partial,0,,,,,,False,False,False,0,0,skip,,,,,,
Botivo,,,,,,https://www.linkedin.com/search/results/companies/?keywords=Botivo,https://app.apollo.io/#/companies?q_organization_name=Botivo,,,,,,New,,partial,0,,,,,,False,False,False,0,0,skip,,,,,,
BP,,,,,,https://www.linkedin.com/search/results/companies/?keywords=BP,https://app.apollo.io/#/companies?q_organization_name=BP,,,,,,New,,partial,0,,,,,,False,False,False,0,0,skip,,,,,,
Braaiology,,,,,,https://www.linkedin.com/search/results/companies/?keywords=Braaiology,https://app.apollo.io/#/companies?q_organization_name=Braaiology,,,,,,New,,partial,0,,,,,,False,False,False,0,0,skip,,,,,,
Bradleys Juice,,,,,YES,https://www.linkedin.com/search/results/companies/?keywords=Bradleys%20Juice,https://app.apollo.io/#/companies?q_organization_name=Bradleys%20Juice,,,,,,New,,partial,0,,,,,,False,False,False,0,0,skip,,,,,,
BRAGG UK,,,,,,https://www.linkedin.com/search/results/companies/?keywords=BRAGG%20UK,https://app.apollo.io/#/companies?q_organization_name=BRAGG%20UK,,,,,,New,,partial,0,,,,,,False,False,False,0,0,skip,,,,,,
Bravura Foods,,,,,YES,https://www.linkedin.com/search/results/companies/?keywords=Bravura%20Foods,https://app.apollo.io/#/companies?q_organization_name=Bravura%20Foods,,,,,,New,,partial,0,,,,,,False,False,False,0,0,skip,,,,,,
Breckland Orchard Posh Pop,,,,,,https://www.linkedin.com/search/results/companies/?keywords=Breckland%20Orchard%20Posh%20Pop,https://app.apollo.io/#/companies?q_organization_name=Breckland%20Orchard%20Posh%20Pop,,,,,,New,,partial,0,,,,,,False,False,False,0,0,skip,,,,,,
Brick Frozen,,,,,YES,https://www.linkedin.com/search/results/companies/?keywords=Brick%20Frozen,https://app.apollo.io/#/companies?q_organization_name=Brick%20Frozen,,,,,,New,,partial,0,,,,,,False,False,False,0,0,skip,,,,,,
Brickell's Ice Cream,,,,,,https://www.linkedin.com/search/results/companies/?keywords=Brickell's%20Ice%20Cream,https://app.apollo.io/#/companies?q_organization_name=Brickell's%20Ice%20Cream,,,,,,New,,partial,0,,,,,,False,False,False,0,0,skip,,,,,,
Bridge Coffee Roasters,,,,,YES,https://www.linkedin.com/search/results/companies/?keywords=Bridge%20Coffee%20Roasters,https://app.apollo.io/#/companies?q_organization_name=Bridge%20Coffee%20Roasters,,,,,,New,,partial,0,,,,,,False,False,False,0,0,skip,,,,,,
Brine and Smoke,,,,,,https://www.linkedin.com/search/results/companies/?keywords=Brine%20and%20Smoke,https://app.apollo.io/#/companies?q_organization_name=Brine%20and%20Smoke,,,,,,New,,partial,0,,,,,,False,False,False,0,0,skip,,,,,,
Brink's,,,,,,https://www.linkedin.com/search/results/companies/?keywords=Brink's,https://app.apollo.io/#/companies?q_organization_name=Brink's,,,,,,New,,partial,0,,,,,,False,False,False,0,0,skip,,,,,,
Brit Wholesale,,,,,YES,https://www.linkedin.com/search/results/companies/?keywords=Brit%20Wholesale,https://app.apollo.io/#/companies?q_organization_name=Brit%20Wholesale,,,,,,New,,partial,0,,,,,,False,False,False,0,0,skip,,,,,,
British Baker,,,,,,https://www.linkedin.com/search/results/companies/?keywords=British%20Baker,https://app.apollo.io/#/companies?q_organization_name=British%20Baker,,,,,,New,,partial,0,,,,,,False,False,False,0,0,skip,,,,,,
Brookside Botanicals,,,,,,https://www.linkedin.com/search/results/companies/?keywords=Brookside%20Botanicals,https://app.apollo.io/#/companies?q_organization_name=Brookside%20Botanicals,,,,,,New,,partial,0,,,,,,False,False,False,0,0,skip,,,,,,
Brown & Blond Brownies,,,,,,https://www.linkedin.com/search/results/companies/?keywords=Brown%20&%20Blond%20Brownies,https://app.apollo.io/#/companies?q_organization_name=Brown%20&%20Blond%20Brownies,,,,,,New,,partial,0,,,,,,False,False,False,0,0,skip,,,,,,
Broxtowe Borough Council,,,,,,https://www.linkedin.com/search/results/companies/?keywords=Broxtowe%20Borough%20Council,https://app.apollo.io/#/companies?q_organization_name=Broxtowe%20Borough%20Council,,,,,,New,,partial,0,,,,,,False,False,False,0,0,skip,,,,,,
BRULO,,,,,,https://www.linkedin.com/search/results/companies/?keywords=BRULO,https://app.apollo.io/#/companies?q_organization_name=BRULO,,,,,,New,,partial,0,,,,,,False,False,False,0,0,skip,,,,,,
Buckley & Beale,,,,,,https://www.linkedin.com/search/results/companies/?keywords=Buckley%20&%20Beale,https://app.apollo.io/#/companies?q_organization_name=Buckley%20&%20Beale,,,,,,New,,partial,0,,,,,,False,False,False,0,0,skip,,,,,,
Bulkseller.co.uk - PU Wholesale & Distribution,,,,,YES,https://www.linkedin.com/search/results/companies/?keywords=Bulkseller.co.uk%20-%20PU%20Wholesale%20&%20Distribution,https://app.apollo.io/#/companies?q_organization_name=Bulkseller.co.uk%20-%20PU%20Wholesale%20&%20Distribution,,,,,,New,,partial,0,,,,,,False,False,False,0,0,skip,,,,,,
Burren Balsamics,,,,,,https://www.linkedin.com/search/results/companies/?keywords=Burren%20Balsamics,https://app.apollo.io/#/companies?q_organization_name=Burren%20Balsamics,,,,,,New,,partial,0,,,,,,False,False,False,0,0,skip,,,,,,
Butter Bike Peanut Butters,,,,,,https://www.linkedin.com/search/results/companies/?keywords=Butter%20Bike%20Peanut%20Butters,https://app.apollo.io/#/companies?q_organization_name=Butter%20Bike%20Peanut%20Butters,,,,,,New,,partial,0,,,,,,False,False,False,0,0,skip,,,,,,
Bwblin,,,,,,https://www.linkedin.com/search/results/companies/?keywords=Bwblin,https://app.apollo.io/#/companies?q_organization_name=Bwblin,,,,,,New,,partial,0,,,,,,False,False,False,0,0,skip,,,,,,
ByRuby,,,,,,https://www.linkedin.com/search/results/companies/?keywords=ByRuby,https://app.apollo.io/#/companies?q_organization_name=ByRuby,,,,,,New,,partial,0,,,,,,False,False,False,0,0,skip,,,,,,
Cadence,,,,,,https://www.linkedin.com/search/results/companies/?keywords=Cadence,https://app.apollo.io/#/companies?q_organization_name=Cadence,,,,,,New,,partial,0,,,,,,False,False,False,0,0,skip,,,,,,
Calon Wen,,,,,,https://www.linkedin.com/search/results/companies/?keywords=Calon%20Wen,https://app.apollo.io/#/companies?q_organization_name=Calon%20Wen,,,,,,New,,partial,0,,,,,,False,False,False,0,0,skip,,,,,,
Cambrian Packaging,,,,,YES,https://www.linkedin.com/search/results/companies/?keywords=Cambrian%20Packaging,https://app.apollo.io/#/companies?q_organization_name=Cambrian%20Packaging,,,,,,New,,partial,0,,,,,,False,False,False,0,0,skip,,,,,,
Cambrook Nuts,,,,,,https://www.linkedin.com/search/results/companies/?keywords=Cambrook%20Nuts,https://app.apollo.io/#/companies?q_organization_name=Cambrook%20Nuts,,,,,,New,,partial,0,,,,,,False,False,False,0,0,skip,,,,,,
CAMIDA,,,,,,https://www.linkedin.com/search/results/companies/?keywords=CAMIDA,https://app.apollo.io/#/companies?q_organization_name=CAMIDA,,,,,,New,,partial,0,,,,,,False,False,False,0,0,skip,,,,,,
Candy Paradise,,,,,YES,https://www.linkedin.com/search/results/companies/?keywords=Candy%20Paradise,https://app.apollo.io/#/companies?q_organization_name=Candy%20Paradise,,,,,,New,,partial,0,,,,,,False,False,False,0,0,skip,,,,,,
Candy Theatre,,,,,YES,https://www.linkedin.com/search/results/companies/?keywords=Candy%20Theatre,https://app.apollo.io/#/companies?q_organization_name=Candy%20Theatre,,,,,,New,,partial,0,,,,,,False,False,False,0,0,skip,,,,,,
Candyhouse Ltd,,,,,YES,https://www.linkedin.com/search/results/companies/?keywords=Candyhouse%20Ltd,https://app.apollo.io/#/companies?q_organization_name=Candyhouse%20Ltd,,,,,,New,,partial,0,,,,,,False,False,False,0,0,skip,,,,,,
CANS,,,,,,https://www.linkedin.com/search/results/companies/?keywords=CANS,https://app.apollo.io/#/companies?q_organization_name=CANS,,,,,,New,,partial,0,,,,,,False,False,False,0,0,skip,,,,,,
Capri-Sun,,,,,,https://www.linkedin.com/search/results/companies/?keywords=Capri-Sun,https://app.apollo.io/#/companies?q_organization_name=Capri-Sun,,,,,,New,,partial,0,,,,,,False,False,False,0,0,skip,,,,,,
Carfume,,,,,,https://www.linkedin.com/search/results/companies/?keywords=Carfume,https://app.apollo.io/#/companies?q_organization_name=Carfume,,,,,,New,,partial,0,,,,,,False,False,False,0,0,skip,,,,,,
Carisma by The FoodFellas,,,,,YES,https://www.linkedin.com/search/results/companies/?keywords=Carisma%20by%20The%20FoodFellas,https://app.apollo.io/#/companies?q_organization_name=Carisma%20by%20The%20FoodFellas,,,,,,New,,partial,0,,,,,,False,False,False,0,0,skip,,,,,,
Carla's Foods,,,,,YES,https://www.linkedin.com/search/results/companies/?keywords=Carla's%20Foods,https://app.apollo.io/#/companies?q_organization_name=Carla's%20Foods,,,,,,New,,partial,0,,,,,,False,False,False,0,0,skip,,,,,,
Carr's Flour Mills Ltd,,,,,,https://www.linkedin.com/search/results/companies/?keywords=Carr's%20Flour%20Mills%20Ltd,https://app.apollo.io/#/companies?q_organization_name=Carr's%20Flour%20Mills%20Ltd,,,,,,New,,partial,0,,,,,,False,False,False,0,0,skip,,,,,,
Carron Lodge Ltd,,,,,,https://www.linkedin.com/search/results/companies/?keywords=Carron%20Lodge%20Ltd,https://app.apollo.io/#/companies?q_organization_name=Carron%20Lodge%20Ltd,,,,,,New,,partial,0,,,,,,False,False,False,0,0,skip,,,,,,
"Catering Equipment Ltd., KÄNGABOX",,,,,YES,"https://www.linkedin.com/search/results/companies/?keywords=Catering%20Equipment%20Ltd.,%20KÄNGABOX","https://app.apollo.io/#/companies?q_organization_name=Catering%20Equipment%20Ltd.,%20KÄNGABOX",,,,,,New,,partial,0,,,,,,False,False,False,0,0,skip,,,,,,
Cath Tate Cards,,,,,,https://www.linkedin.com/search/results/companies/?keywords=Cath%20Tate%20Cards,https://app.apollo.io/#/companies?q_organization_name=Cath%20Tate%20Cards,,,,,,New,,partial,0,,,,,,False,False,False,0,0,skip,,,,,,
CBE SOFTWARE,,,,,,https://www.linkedin.com/search/results/companies/?keywords=CBE%20SOFTWARE,https://app.apollo.io/#/companies?q_organization_name=CBE%20SOFTWARE,,,,,,New,,partial,0,,,,,,False,False,False,0,0,skip,,,,,,
CEDAR BAKLAWA,,,,,,https://www.linkedin.com/search/results/companies/?keywords=CEDAR%20BAKLAWA,https://app.apollo.io/#/companies?q_organization_name=CEDAR%20BAKLAWA,,,,,,New,,partial,0,,,,,,False,False,False,0,0,skip,,,,,,
Celtic Frozen Drinks Ltd,,,,,YES,https://www.linkedin.com/search/results/companies/?keywords=Celtic%20Frozen%20Drinks%20Ltd,https://app.apollo.io/#/companies?q_organization_name=Celtic%20Frozen%20Drinks%20Ltd,,,,,,New,,partial,0,,,,,,False,False,False,0,0,skip,,,,,,
CEMA Refreshments,,,,,,https://www.linkedin.com/search/results/companies/?keywords=CEMA%20Refreshments,https://app.apollo.io/#/companies?q_organization_name=CEMA%20Refreshments,,,,,,New,,partial,0,,,,,,False,False,False,0,0,skip,,,,,,
Cepac Limited,,,,,,https://www.linkedin.com/search/results/companies/?keywords=Cepac%20Limited,https://app.apollo.io/#/companies?q_organization_name=Cepac%20Limited,,,,,,New,,partial,0,,,,,,False,False,False,0,0,skip,,,,,,
Charity Link obo Blue Cross,,,,,,https://www.linkedin.com/search/results/companies/?keywords=Charity%20Link%20obo%20Blue%20Cross,https://app.apollo.io/#/companies?q_organization_name=Charity%20Link%20obo%20Blue%20Cross,,,,,,New,,partial,0,,,,,,False,False,False,0,0,skip,,,,,,
Charles Taylor,,,,,,https://www.linkedin.com/search/results/companies/?keywords=Charles%20Taylor,https://app.apollo.io/#/companies?q_organization_name=Charles%20Taylor,,,,,,New,,partial,0,,,,,,False,False,False,0,0,skip,,,,,,
Charlie & Ivy's,,,,,,https://www.linkedin.com/search/results/companies/?keywords=Charlie%20&%20Ivy's,https://app.apollo.io/#/companies?q_organization_name=Charlie%20&%20Ivy's,,,,,,New,,partial,0,,,,,,False,False,False,0,0,skip,,,,,,
CHAZZ CHIPS,,,,,,https://www.linkedin.com/search/results/companies/?keywords=CHAZZ%20CHIPS,https://app.apollo.io/#/companies?q_organization_name=CHAZZ%20CHIPS,,,,,,New,,partial,0,,,,,,False,False,False,0,0,skip,,,,,,
Chimac,,,,,,https://www.linkedin.com/search/results/companies/?keywords=Chimac,https://app.apollo.io/#/companies?q_organization_name=Chimac,,,,,,New,,partial,0,,,,,,False,False,False,0,0,skip,,,,,,
CHO Group,,,,,,https://www.linkedin.com/search/results/companies/?keywords=CHO%20Group,https://app.apollo.io/#/companies?q_organization_name=CHO%20Group,,,,,,New,,partial,0,,,,,,False,False,False,0,0,skip,,,,,,
Choc Amor,,,,,,https://www.linkedin.com/search/results/companies/?keywords=Choc%20Amor,https://app.apollo.io/#/companies?q_organization_name=Choc%20Amor,,,,,,New,,partial,0,,,,,,False,False,False,0,0,skip,,,,,,
Chococo,,,,,,https://www.linkedin.com/search/results/companies/?keywords=Chococo,https://app.apollo.io/#/companies?q_organization_name=Chococo,,,,,,New,,partial,0,,,,,,False,False,False,0,0,skip,,,,,,
Chocolarder Chocolate Makers,,,,,YES,https://www.linkedin.com/search/results/companies/?keywords=Chocolarder%20Chocolate%20Makers,https://app.apollo.io/#/companies?q_organization_name=Chocolarder%20Chocolate%20Makers,,,,,,New,,partial,0,,,,,,False,False,False,0,0,skip,,,,,,
Christie & Co,,,,,,https://www.linkedin.com/search/results/companies/?keywords=Christie%20&%20Co,https://app.apollo.io/#/companies?q_organization_name=Christie%20&%20Co,,,,,,New,,partial,0,,,,,,False,False,False,0,0,skip,,,,,,
Chunk Gluten Free,,,,,,https://www.linkedin.com/search/results/companies/?keywords=Chunk%20Gluten%20Free,https://app.apollo.io/#/companies?q_organization_name=Chunk%20Gluten%20Free,,,,,,New,,partial,0,,,,,,False,False,False,0,0,skip,,,,,,
Ciccia,,,,,,https://www.linkedin.com/search/results/companies/?keywords=Ciccia,https://app.apollo.io/#/companies?q_organization_name=Ciccia,,,,,,New,,partial,0,,,,,,False,False,False,0,0,skip,,,,,,
CJ Wildlife,,,,,,https://www.linkedin.com/search/results/companies/?keywords=CJ%20Wildlife,https://app.apollo.io/#/companies?q_organization_name=CJ%20Wildlife,,,,,,New,,partial,0,,,,,,False,False,False,0,0,skip,,,,,,
Clarence & Bean,,,,,,https://www.linkedin.com/search/results/companies/?keywords=Clarence%20&%20Bean,https://app.apollo.io/#/companies?q_organization_name=Clarence%20&%20Bean,,,,,,New,,partial,0,,,,,,False,False,False,0,0,skip,,,,,,
Clawson Farms,,,,,,https://www.linkedin.com/search/results/companies/?keywords=Clawson%20Farms,https://app.apollo.io/#/companies?q_organization_name=Clawson%20Farms,,,,,,New,,partial,0,,,,,,False,False,False,0,0,skip,,,,,,
Clear Digital,,,,,,https://www.linkedin.com/search/results/companies/?keywords=Clear%20Digital,https://app.apollo.io/#/companies?q_organization_name=Clear%20Digital,,,,,,New,,partial,0,,,,,,False,False,False,0,0,skip,,,,,,
Clearspring,,,,,,https://www.linkedin.com/search/results/companies/?keywords=Clearspring,https://app.apollo.io/#/companies?q_organization_name=Clearspring,,,,,,New,,partial,0,,,,,,False,False,False,0,0,skip,,,,,,
Cleddau Brewing,,,,,,https://www.linkedin.com/search/results/companies/?keywords=Cleddau%20Brewing,https://app.apollo.io/#/companies?q_organization_name=Cleddau%20Brewing,,,,,,New,,partial,0,,,,,,False,False,False,0,0,skip,,,,,,
CLEW,,,,,,https://www.linkedin.com/search/results/companies/?keywords=CLEW,https://app.apollo.io/#/companies?q_organization_name=CLEW,,,,,,New,,partial,0,,,,,,False,False,False,0,0,skip,,,,,,
CLF Wholesale,,,,,YES,https://www.linkedin.com/search/results/companies/?keywords=CLF%20Wholesale,https://app.apollo.io/#/companies?q_organization_name=CLF%20Wholesale,,,,,,New,,partial,0,,,,,,False,False,False,0,0,skip,,,,,,
Clifton Coffee Roasters,,,,,YES,https://www.linkedin.com/search/results/companies/?keywords=Clifton%20Coffee%20Roasters,https://app.apollo.io/#/companies?q_organization_name=Clifton%20Coffee%20Roasters,,,,,,New,,partial,0,,,,,,False,False,False,0,0,skip,,,,,,
Clonapure®,,,,,,https://www.linkedin.com/search/results/companies/?keywords=Clonapure®,https://app.apollo.io/#/companies?q_organization_name=Clonapure®,,,,,,New,,partial,0,,,,,,False,False,False,0,0,skip,,,,,,
Close Brothers Beverage Finance,,,,,YES,https://www.linkedin.com/search/results/companies/?keywords=Close%20Brothers%20Beverage%20Finance,https://app.apollo.io/#/companies?q_organization_name=Close%20Brothers%20Beverage%20Finance,,,,,,New,,partial,0,,,,,,False,False,False,0,0,skip,,,,,,
Clotton Creamery,,,,,,https://www.linkedin.com/search/results/companies/?keywords=Clotton%20Creamery,https://app.apollo.io/#/companies?q_organization_name=Clotton%20Creamery,,,,,,New,,partial,0,,,,,,False,False,False,0,0,skip,,,,,,
Cloud Printing Solutions,,,,,,https://www.linkedin.com/search/results/companies/?keywords=Cloud%20Printing%20Solutions,https://app.apollo.io/#/companies?q_organization_name=Cloud%20Printing%20Solutions,,,,,,New,,partial,0,,,,,,False,False,False,0,0,skip,,,,,,
Club Salami,,,,,,https://www.linkedin.com/search/results/companies/?keywords=Club%20Salami,https://app.apollo.io/#/companies?q_organization_name=Club%20Salami,,,,,,New,,partial,0,,,,,,False,False,False,0,0,skip,,,,,,
CMB RVM Solutions,,,,,,https://www.linkedin.com/search/results/companies/?keywords=CMB%20RVM%20Solutions,https://app.apollo.io/#/companies?q_organization_name=CMB%20RVM%20Solutions,,,,,,New,,partial,0,,,,,,False,False,False,0,0,skip,,,,,,
Co-op,,,,,,https://www.linkedin.com/search/results/companies/?keywords=Co-op,https://app.apollo.io/#/companies?q_organization_name=Co-op,,,,,,New,,partial,0,,,,,,False,False,False,0,0,skip,,,,,,
Coach House Partners Limited,,,,,,https://www.linkedin.com/search/results/companies/?keywords=Coach%20House%20Partners%20Limited,https://app.apollo.io/#/companies?q_organization_name=Coach%20House%20Partners%20Limited,,,,,,New,,partial,0,,,,,,False,False,False,0,0,skip,,,,,,
Coca-Cola Europacific Partners,,,,,,https://www.linkedin.com/search/results/companies/?keywords=Coca-Cola%20Europacific%20Partners,https://app.apollo.io/#/companies?q_organization_name=Coca-Cola%20Europacific%20Partners,,,,,,New,,partial,0,,,,,,False,False,False,0,0,skip,,,,,,
Cock and Bull. & Grant's Foods,,,,,YES,https://www.linkedin.com/search/results/companies/?keywords=Cock%20and%20Bull.%20&%20Grant's%20Foods,https://app.apollo.io/#/companies?q_organization_name=Cock%20and%20Bull.%20&%20Grant's%20Foods,,,,,,New,,partial,0,,,,,,False,False,False,0,0,skip,,,,,,
Cocktails At Home UK,,,,,,https://www.linkedin.com/search/results/companies/?keywords=Cocktails%20At%20Home%20UK,https://app.apollo.io/#/companies?q_organization_name=Cocktails%20At%20Home%20UK,,,,,,New,,partial,0,,,,,,False,False,False,0,0,skip,,,,,,
Cocoba Chocolate,,,,,YES,https://www.linkedin.com/search/results/companies/?keywords=Cocoba%20Chocolate,https://app.apollo.io/#/companies?q_organization_name=Cocoba%20Chocolate,,,,,,New,,partial,0,,,,,,False,False,False,0,0,skip,,,,,,
Coedcanlas Ltd,,,,,,https://www.linkedin.com/search/results/companies/?keywords=Coedcanlas%20Ltd,https://app.apollo.io/#/companies?q_organization_name=Coedcanlas%20Ltd,,,,,,New,,partial,0,,,,,,False,False,False,0,0,skip,,,,,,
Coffee Brothers,,,,,YES,https://www.linkedin.com/search/results/companies/?keywords=Coffee%20Brothers,https://app.apollo.io/#/companies?q_organization_name=Coffee%20Brothers,,,,,,New,,partial,0,,,,,,False,False,False,0,0,skip,,,,,,
Coffee Central Roasting Co,,,,,YES,https://www.linkedin.com/search/results/companies/?keywords=Coffee%20Central%20Roasting%20Co,https://app.apollo.io/#/companies?q_organization_name=Coffee%20Central%20Roasting%20Co,,,,,,New,,partial,0,,,,,,False,False,False,0,0,skip,,,,,,
Coldtraila,,,,,,https://www.linkedin.com/search/results/companies/?keywords=Coldtraila,https://app.apollo.io/#/companies?q_organization_name=Coldtraila,,,,,,New,,partial,0,,,,,,False,False,False,0,0,skip,,,,,,
Cole Fabrics - Ribbons and Bows,,,,,,https://www.linkedin.com/search/results/companies/?keywords=Cole%20Fabrics%20-%20Ribbons%20and%20Bows,https://app.apollo.io/#/companies?q_organization_name=Cole%20Fabrics%20-%20Ribbons%20and%20Bows,,,,,,New,,partial,0,,,,,,False,False,False,0,0,skip,,,,,,
Colorado,,,,,,https://www.linkedin.com/search/results/companies/?keywords=Colorado,https://app.apollo.io/#/companies?q_organization_name=Colorado,,,,,,New,,partial,0,,,,,,False,False,False,0,0,skip,,,,,,
Company Shop Group,,,,,,https://www.linkedin.com/search/results/companies/?keywords=Company%20Shop%20Group,https://app.apollo.io/#/companies?q_organization_name=Company%20Shop%20Group,,,,,,New,,partial,0,,,,,,False,False,False,0,0,skip,,,,,,
Convenience Store,,,,,,https://www.linkedin.com/search/results/companies/?keywords=Convenience%20Store,https://app.apollo.io/#/companies?q_organization_name=Convenience%20Store,,,,,,New,,partial,0,,,,,,False,False,False,0,0,skip,,,,,,
COOK Trading Ltd,,,,,,https://www.linkedin.com/search/results/companies/?keywords=COOK%20Trading%20Ltd,https://app.apollo.io/#/companies?q_organization_name=COOK%20Trading%20Ltd,,,,,,New,,partial,0,,,,,,False,False,False,0,0,skip,,,,,,
Cool Running Trailers,,,,,,https://www.linkedin.com/search/results/companies/?keywords=Cool%20Running%20Trailers,https://app.apollo.io/#/companies?q_organization_name=Cool%20Running%20Trailers,,,,,,New,,partial,0,,,,,,False,False,False,0,0,skip,,,,,,
Cornish Cheese Co,,,,,,https://www.linkedin.com/search/results/companies/?keywords=Cornish%20Cheese%20Co,https://app.apollo.io/#/companies?q_organization_name=Cornish%20Cheese%20Co,,,,,,New,,partial,0,,,,,,False,False,False,0,0,skip,,,,,,
Cornish Tea & Coffee Co,,,,,YES,https://www.linkedin.com/search/results/companies/?keywords=Cornish%20Tea%20&%20Coffee%20Co,https://app.apollo.io/#/companies?q_organization_name=Cornish%20Tea%20&%20Coffee%20Co,,,,,,New,,partial,0,,,,,,False,False,False,0,0,skip,,,,,,
COSSIGA,,,,,,https://www.linkedin.com/search/results/companies/?keywords=COSSIGA,https://app.apollo.io/#/companies?q_organization_name=COSSIGA,,,,,,New,,partial,0,,,,,,False,False,False,0,0,skip,,,,,,
Cotswold Fayre,,,,,,https://www.linkedin.com/search/results/companies/?keywords=Cotswold%20Fayre,https://app.apollo.io/#/companies?q_organization_name=Cotswold%20Fayre,,,,,,New,,partial,0,,,,,,False,False,False,0,0,skip,,,,,,
Cottage Delight Ltd,,,,,,https://www.linkedin.com/search/results/companies/?keywords=Cottage%20Delight%20Ltd,https://app.apollo.io/#/companies?q_organization_name=Cottage%20Delight%20Ltd,,,,,,New,,partial,0,,,,,,False,False,False,0,0,skip,,,,,,
Cradoc's Savoury Biscuits,,,,,,https://www.linkedin.com/search/results/companies/?keywords=Cradoc's%20Savoury%20Biscuits,https://app.apollo.io/#/companies?q_organization_name=Cradoc's%20Savoury%20Biscuits,,,,,,New,,partial,0,,,,,,False,False,False,0,0,skip,,,,,,
Craft Bakers Association,,,,,,https://www.linkedin.com/search/results/companies/?keywords=Craft%20Bakers%20Association,https://app.apollo.io/#/companies?q_organization_name=Craft%20Bakers%20Association,,,,,,New,,partial,0,,,,,,False,False,False,0,0,skip,,,,,,
Craft Drink,,,,,YES,https://www.linkedin.com/search/results/companies/?keywords=Craft%20Drink,https://app.apollo.io/#/companies?q_organization_name=Craft%20Drink,,,,,,New,,partial,0,,,,,,False,False,False,0,0,skip,,,,,,
Crazy Bastard Sauce.,,,,,YES,https://www.linkedin.com/search/results/companies/?keywords=Crazy%20Bastard%20Sauce.,https://app.apollo.io/#/companies?q_organization_name=Crazy%20Bastard%20Sauce.,,,,,,New,,partial,0,,,,,,False,False,False,0,0,skip,,,,,,
CRAZY JANE LTD,,,,,,https://www.linkedin.com/search/results/companies/?keywords=CRAZY%20JANE%20LTD,https://app.apollo.io/#/companies?q_organization_name=CRAZY%20JANE%20LTD,,,,,,New,,partial,0,,,,,,False,False,False,0,0,skip,,,,,,
Creme d'Or,,,,,,https://www.linkedin.com/search/results/companies/?keywords=Creme%20d'Or,https://app.apollo.io/#/companies?q_organization_name=Creme%20d'Or,,,,,,New,,partial,0,,,,,,False,False,False,0,0,skip,,,,,,
Cress Co,,,,,,https://www.linkedin.com/search/results/companies/?keywords=Cress%20Co,https://app.apollo.io/#/companies?q_organization_name=Cress%20Co,,,,,,New,,partial,0,,,,,,False,False,False,0,0,skip,,,,,,
Crilco Confections Ltd,,,,,YES,https://www.linkedin.com/search/results/companies/?keywords=Crilco%20Confections%20Ltd,https://app.apollo.io/#/companies?q_organization_name=Crilco%20Confections%20Ltd,,,,,,New,,partial,0,,,,,,False,False,False,0,0,skip,,,,,,
CRISP EXPERTS: GREAT FOOD AFFAIRS,,,,,YES,https://www.linkedin.com/search/results/companies/?keywords=CRISP%20EXPERTS:%20GREAT%20FOOD%20AFFAIRS,https://app.apollo.io/#/companies?q_organization_name=CRISP%20EXPERTS:%20GREAT%20FOOD%20AFFAIRS,,,,,,New,,partial,0,,,,,,False,False,False,0,0,skip,,,,,,
Cross Rental Services,,,,,,https://www.linkedin.com/search/results/companies/?keywords=Cross%20Rental%20Services,https://app.apollo.io/#/companies?q_organization_name=Cross%20Rental%20Services,,,,,,New,,partial,0,,,,,,False,False,False,0,0,skip,,,,,,
Crown Labels Limited,,,,,,https://www.linkedin.com/search/results/companies/?keywords=Crown%20Labels%20Limited,https://app.apollo.io/#/companies?q_organization_name=Crown%20Labels%20Limited,,,,,,New,,partial,0,,,,,,False,False,False,0,0,skip,,,,,,
CRYER AND STOTT CHEESEMONGERS LTD,,,,,,https://www.linkedin.com/search/results/companies/?keywords=CRYER%20AND%20STOTT%20CHEESEMONGERS%20LTD,https://app.apollo.io/#/companies?q_organization_name=CRYER%20AND%20STOTT%20CHEESEMONGERS%20LTD,,,,,,New,,partial,0,,,,,,False,False,False,0,0,skip,,,,,,
CSY Retail Systems Ltd,,,,,YES,https://www.linkedin.com/search/results/companies/?keywords=CSY%20Retail%20Systems%20Ltd,https://app.apollo.io/#/companies?q_organization_name=CSY%20Retail%20Systems%20Ltd,,,,,,New,,partial,0,,,,,,False,False,False,0,0,skip,,,,,,
CTR recover,,,,,,https://www.linkedin.com/search/results/companies/?keywords=CTR%20recover,https://app.apollo.io/#/companies?q_organization_name=CTR%20recover,,,,,,New,,partial,0,,,,,,False,False,False,0,0,skip,,,,,,
Cupper's Journey,,,,,,https://www.linkedin.com/search/results/companies/?keywords=Cupper's%20Journey,https://app.apollo.io/#/companies?q_organization_name=Cupper's%20Journey,,,,,,New,,partial,0,,,,,,False,False,False,0,0,skip,,,,,,
Cupster,,,,,,https://www.linkedin.com/search/results/companies/?keywords=Cupster,https://app.apollo.io/#/companies?q_organization_name=Cupster,,,,,,New,,partial,0,,,,,,False,False,False,0,0,skip,,,,,,
Curries Drinks,,,,,YES,https://www.linkedin.com/search/results/companies/?keywords=Curries%20Drinks,https://app.apollo.io/#/companies?q_organization_name=Curries%20Drinks,,,,,,New,,partial,0,,,,,,False,False,False,0,0,skip,,,,,,
CXCS Group LTD,,,,,,https://www.linkedin.com/search/results/companies/?keywords=CXCS%20Group%20LTD,https://app.apollo.io/#/companies?q_organization_name=CXCS%20Group%20LTD,,,,,,New,,partial,0,,,,,,False,False,False,0,0,skip,,,,,,
Cybake,,,,,,https://www.linkedin.com/search/results/companies/?keywords=Cybake,https://app.apollo.io/#/companies?q_organization_name=Cybake,,,,,,New,,partial,0,,,,,,False,False,False,0,0,skip,,,,,,
Cypressa,,,,,,https://www.linkedin.com/search/results/companies/?keywords=Cypressa,https://app.apollo.io/#/companies?q_organization_name=Cypressa,,,,,,New,,partial,0,,,,,,False,False,False,0,0,skip,,,,,,
Daisy Bank Dairy Trefaldwyn Cheese,,,,,YES,https://www.linkedin.com/search/results/companies/?keywords=Daisy%20Bank%20Dairy%20Trefaldwyn%20Cheese,https://app.apollo.io/#/companies?q_organization_name=Daisy%20Bank%20Dairy%20Trefaldwyn%20Cheese,,,,,,New,,partial,0,,,,,,False,False,False,0,0,skip,,,,,,
Daisy Vending / JB Syrups,,,,,,https://www.linkedin.com/search/results/companies/?keywords=Daisy%20Vending%20/%20JB%20Syrups,https://app.apollo.io/#/companies?q_organization_name=Daisy%20Vending%20/%20JB%20Syrups,,,,,,New,,partial,0,,,,,,False,False,False,0,0,skip,,,,,,
DARLINGTON & DAUGHTERS,,,,,,https://www.linkedin.com/search/results/companies/?keywords=DARLINGTON%20&%20DAUGHTERS,https://app.apollo.io/#/companies?q_organization_name=DARLINGTON%20&%20DAUGHTERS,,,,,,New,,partial,0,,,,,,False,False,False,0,0,skip,,,,,,
DASH,,,,,,https://www.linkedin.com/search/results/companies/?keywords=DASH,https://app.apollo.io/#/companies?q_organization_name=DASH,,,,,,New,,partial,0,,,,,,False,False,False,0,0,skip,,,,,,
Dauntsey Preserves,,,,,,https://www.linkedin.com/search/results/companies/?keywords=Dauntsey%20Preserves,https://app.apollo.io/#/companies?q_organization_name=Dauntsey%20Preserves,,,,,,New,,partial,0,,,,,,False,False,False,0,0,skip,,,,,,
Deeply | Gut Health,,,,,YES,https://www.linkedin.com/search/results/companies/?keywords=Deeply%20|%20Gut%20Health,https://app.apollo.io/#/companies?q_organization_name=Deeply%20|%20Gut%20Health,,,,,,New,,partial,0,,,,,,False,False,False,0,0,skip,,,,,,
DEHIDRA,,,,,,https://www.linkedin.com/search/results/companies/?keywords=DEHIDRA,https://app.apollo.io/#/companies?q_organization_name=DEHIDRA,,,,,,New,,partial,0,,,,,,False,False,False,0,0,skip,,,,,,
DeJong Cheese,,,,,,https://www.linkedin.com/search/results/companies/?keywords=DeJong%20Cheese,https://app.apollo.io/#/companies?q_organization_name=DeJong%20Cheese,,,,,,New,,partial,0,,,,,,False,False,False,0,0,skip,,,,,,
Delamere Dairy,,,,,YES,https://www.linkedin.com/search/results/companies/?keywords=Delamere%20Dairy,https://app.apollo.io/#/companies?q_organization_name=Delamere%20Dairy,,,,,,New,,partial,0,,,,,,False,False,False,0,0,skip,,,,,,
DELLI,,,,,,https://www.linkedin.com/search/results/companies/?keywords=DELLI,https://app.apollo.io/#/companies?q_organization_name=DELLI,,,,,,New,,partial,0,,,,,,False,False,False,0,0,skip,,,,,,
Delve Snacks,,,,,YES,https://www.linkedin.com/search/results/companies/?keywords=Delve%20Snacks,https://app.apollo.io/#/companies?q_organization_name=Delve%20Snacks,,,,,,New,,partial,0,,,,,,False,False,False,0,0,skip,,,,,,
Denholm Good Logistics,,,,,,https://www.linkedin.com/search/results/companies/?keywords=Denholm%20Good%20Logistics,https://app.apollo.io/#/companies?q_organization_name=Denholm%20Good%20Logistics,,,,,,New,,partial,0,,,,,,False,False,False,0,0,skip,,,,,,
Devon Cakes,,,,,,https://www.linkedin.com/search/results/companies/?keywords=Devon%20Cakes,https://app.apollo.io/#/companies?q_organization_name=Devon%20Cakes,,,,,,New,,partial,0,,,,,,False,False,False,0,0,skip,,,,,,
Dewkes,,,,,,https://www.linkedin.com/search/results/companies/?keywords=Dewkes,https://app.apollo.io/#/companies?q_organization_name=Dewkes,,,,,,New,,partial,0,,,,,,False,False,False,0,0,skip,,,,,,
DHIMAN ENTERPRISES LTD,,,,,,https://www.linkedin.com/search/results/companies/?keywords=DHIMAN%20ENTERPRISES%20LTD,https://app.apollo.io/#/companies?q_organization_name=DHIMAN%20ENTERPRISES%20LTD,,,,,,New,,partial,0,,,,,,False,False,False,0,0,skip,,,,,,
Diageo,,,,,,https://www.linkedin.com/search/results/companies/?keywords=Diageo,https://app.apollo.io/#/companies?q_organization_name=Diageo,,,,,,New,,partial,0,,,,,,False,False,False,0,0,skip,,,,,,
DICO Carwash & Dr. Stöcker,,,,,,https://www.linkedin.com/search/results/companies/?keywords=DICO%20Carwash%20&%20Dr.%20Stöcker,https://app.apollo.io/#/companies?q_organization_name=DICO%20Carwash%20&%20Dr.%20Stöcker,,,,,,New,,partial,0,,,,,,False,False,False,0,0,skip,,,,,,
Diddly Squat,,,,,,https://www.linkedin.com/search/results/companies/?keywords=Diddly%20Squat,https://app.apollo.io/#/companies?q_organization_name=Diddly%20Squat,,,,,,New,,partial,0,,,,,,False,False,False,0,0,skip,,,,,,
DINA FOODS LTD,,,,,YES,https://www.linkedin.com/search/results/companies/?keywords=DINA%20FOODS%20LTD,https://app.apollo.io/#/companies?q_organization_name=DINA%20FOODS%20LTD,,,,,,New,,partial,0,,,,,,False,False,False,0,0,skip,,,,,,
Direct Food lngredients Ltd,,,,,YES,https://www.linkedin.com/search/results/companies/?keywords=Direct%20Food%20lngredients%20Ltd,https://app.apollo.io/#/companies?q_organization_name=Direct%20Food%20lngredients%20Ltd,,,,,,New,,partial,0,,,,,,False,False,False,0,0,skip,,,,,,
Disanto and Family,,,,,,https://www.linkedin.com/search/results/companies/?keywords=Disanto%20and%20Family,https://app.apollo.io/#/companies?q_organization_name=Disanto%20and%20Family,,,,,,New,,partial,0,,,,,,False,False,False,0,0,skip,,,,,,
Diso / OQO,,,,,,https://www.linkedin.com/search/results/companies/?keywords=Diso%20/%20OQO,https://app.apollo.io/#/companies?q_organization_name=Diso%20/%20OQO,,,,,,New,,partial,0,,,,,,False,False,False,0,0,skip,,,,,,
Diverse Fine Food,,,,,YES,https://www.linkedin.com/search/results/companies/?keywords=Diverse%20Fine%20Food,https://app.apollo.io/#/companies?q_organization_name=Diverse%20Fine%20Food,,,,,,New,,partial,0,,,,,,False,False,False,0,0,skip,,,,,,
Do Goodly Foods,,,,,YES,https://www.linkedin.com/search/results/companies/?keywords=Do%20Goodly%20Foods,https://app.apollo.io/#/companies?q_organization_name=Do%20Goodly%20Foods,,,,,,New,,partial,0,,,,,,False,False,False,0,0,skip,,,,,,
Dole Packaged Foods Europe,,,,,YES,https://www.linkedin.com/search/results/companies/?keywords=Dole%20Packaged%20Foods%20Europe,https://app.apollo.io/#/companies?q_organization_name=Dole%20Packaged%20Foods%20Europe,,,,,,New,,partial,0,,,,,,False,False,False,0,0,skip,,,,,,
DOUBLECOOL UK,,,,,,https://www.linkedin.com/search/results/companies/?keywords=DOUBLECOOL%20UK,https://app.apollo.io/#/companies?q_organization_name=DOUBLECOOL%20UK,,,,,,New,,partial,0,,,,,,False,False,False,0,0,skip,,,,,,
Doughboys Pizza,,,,,,https://www.linkedin.com/search/results/companies/?keywords=Doughboys%20Pizza,https://app.apollo.io/#/companies?q_organization_name=Doughboys%20Pizza,,,,,,New,,partial,0,,,,,,False,False,False,0,0,skip,,,,,,
DoughGirl,,,,,,https://www.linkedin.com/search/results/companies/?keywords=DoughGirl,https://app.apollo.io/#/companies?q_organization_name=DoughGirl,,,,,,New,,partial,0,,,,,,False,False,False,0,0,skip,,,,,,
Doves Farm Foods,,,,,YES,https://www.linkedin.com/search/results/companies/?keywords=Doves%20Farm%20Foods,https://app.apollo.io/#/companies?q_organization_name=Doves%20Farm%20Foods,,,,,,New,,partial,0,,,,,,False,False,False,0,0,skip,,,,,,
DOZZ Soup,,,,,,https://www.linkedin.com/search/results/companies/?keywords=DOZZ%20Soup,https://app.apollo.io/#/companies?q_organization_name=DOZZ%20Soup,,,,,,New,,partial,0,,,,,,False,False,False,0,0,skip,,,,,,
Dr. Will's,,,,,,https://www.linkedin.com/search/results/companies/?keywords=Dr.%20Will's,https://app.apollo.io/#/companies?q_organization_name=Dr.%20Will's,,,,,,New,,partial,0,,,,,,False,False,False,0,0,skip,,,,,,
Drifter,,,,,,https://www.linkedin.com/search/results/companies/?keywords=Drifter,https://app.apollo.io/#/companies?q_organization_name=Drifter,,,,,,New,,partial,0,,,,,,False,False,False,0,0,skip,,,,,,
Drink Angel,,,,,YES,https://www.linkedin.com/search/results/companies/?keywords=Drink%20Angel,https://app.apollo.io/#/companies?q_organization_name=Drink%20Angel,,,,,,New,,partial,0,,,,,,False,False,False,0,0,skip,,,,,,
Drinka Water,,,,,YES,https://www.linkedin.com/search/results/companies/?keywords=Drinka%20Water,https://app.apollo.io/#/companies?q_organization_name=Drinka%20Water,,,,,,New,,partial,0,,,,,,False,False,False,0,0,skip,,,,,,
DRIVERS PICKLES,,,,,,https://www.linkedin.com/search/results/companies/?keywords=DRIVERS%20PICKLES,https://app.apollo.io/#/companies?q_organization_name=DRIVERS%20PICKLES,,,,,,New,,partial,0,,,,,,False,False,False,0,0,skip,,,,,,
DSL Group,,,,,,https://www.linkedin.com/search/results/companies/?keywords=DSL%20Group,https://app.apollo.io/#/companies?q_organization_name=DSL%20Group,,,,,,New,,partial,0,,,,,,False,False,False,0,0,skip,,,,,,
DUCHESS & ALLEYCAT,,,,,,https://www.linkedin.com/search/results/companies/?keywords=DUCHESS%20&%20ALLEYCAT,https://app.apollo.io/#/companies?q_organization_name=DUCHESS%20&%20ALLEYCAT,,,,,,New,,partial,0,,,,,,False,False,False,0,0,skip,,,,,,
Due Trade,,,,,,https://www.linkedin.com/search/results/companies/?keywords=Due%20Trade,https://app.apollo.io/#/companies?q_organization_name=Due%20Trade,,,,,,New,,partial,0,,,,,,False,False,False,0,0,skip,,,,,,
Dundeis UK,,,,,,https://www.linkedin.com/search/results/companies/?keywords=Dundeis%20UK,https://app.apollo.io/#/companies?q_organization_name=Dundeis%20UK,,,,,,New,,partial,0,,,,,,False,False,False,0,0,skip,,,,,,
Dust Bros,,,,,,https://www.linkedin.com/search/results/companies/?keywords=Dust%20Bros,https://app.apollo.io/#/companies?q_organization_name=Dust%20Bros,,,,,,New,,partial,0,,,,,,False,False,False,0,0,skip,,,,,,
Dutch Cocktail Club,,,,,,https://www.linkedin.com/search/results/companies/?keywords=Dutch%20Cocktail%20Club,https://app.apollo.io/#/companies?q_organization_name=Dutch%20Cocktail%20Club,,,,,,New,,partial,0,,,,,,False,False,False,0,0,skip,,,,,,
E&G Sales Co.,,,,,,https://www.linkedin.com/search/results/companies/?keywords=E&G%20Sales%20Co.,https://app.apollo.io/#/companies?q_organization_name=E&G%20Sales%20Co.,,,,,,New,,partial,0,,,,,,False,False,False,0,0,skip,,,,,,
Easefix,,,,,,https://www.linkedin.com/search/results/companies/?keywords=Easefix,https://app.apollo.io/#/companies?q_organization_name=Easefix,,,,,,New,,partial,0,,,,,,False,False,False,0,0,skip,,,,,,
Easitill,,,,,,https://www.linkedin.com/search/results/companies/?keywords=Easitill,https://app.apollo.io/#/companies?q_organization_name=Easitill,,,,,,New,,partial,0,,,,,,False,False,False,0,0,skip,,,,,,
Eat Real,,,,,,https://www.linkedin.com/search/results/companies/?keywords=Eat%20Real,https://app.apollo.io/#/companies?q_organization_name=Eat%20Real,,,,,,New,,partial,0,,,,,,False,False,False,0,0,skip,,,,,,
Eaten Alive! Raw Fermented Foods,,,,,YES,https://www.linkedin.com/search/results/companies/?keywords=Eaten%20Alive!%20Raw%20Fermented%20Foods,https://app.apollo.io/#/companies?q_organization_name=Eaten%20Alive!%20Raw%20Fermented%20Foods,,,,,,New,,partial,0,,,,,,False,False,False,0,0,skip,,,,,,
Eclipse Labels Limited,,,,,,https://www.linkedin.com/search/results/companies/?keywords=Eclipse%20Labels%20Limited,https://app.apollo.io/#/companies?q_organization_name=Eclipse%20Labels%20Limited,,,,,,New,,partial,0,,,,,,False,False,False,0,0,skip,,,,,,
Eco Crops,,,,,,https://www.linkedin.com/search/results/companies/?keywords=Eco%20Crops,https://app.apollo.io/#/companies?q_organization_name=Eco%20Crops,,,,,,New,,partial,0,,,,,,False,False,False,0,0,skip,,,,,,
Ecopack S.p.A,,,,,,https://www.linkedin.com/search/results/companies/?keywords=Ecopack%20S.p.A,https://app.apollo.io/#/companies?q_organization_name=Ecopack%20S.p.A,,,,,,New,,partial,0,,,,,,False,False,False,0,0,skip,,,,,,
EcoVend,,,,,,https://www.linkedin.com/search/results/companies/?keywords=EcoVend,https://app.apollo.io/#/companies?q_organization_name=EcoVend,,,,,,New,,partial,0,,,,,,False,False,False,0,0,skip,,,,,,
ECS,,,,,,https://www.linkedin.com/search/results/companies/?keywords=ECS,https://app.apollo.io/#/companies?q_organization_name=ECS,,,,,,New,,partial,0,,,,,,False,False,False,0,0,skip,,,,,,
EdgePetrol,,,,,,https://www.linkedin.com/search/results/companies/?keywords=EdgePetrol,https://app.apollo.io/#/companies?q_organization_name=EdgePetrol,,,,,,New,,partial,0,,,,,,False,False,False,0,0,skip,,,,,,
Edmunds Cocktails,,,,,,https://www.linkedin.com/search/results/companies/?keywords=Edmunds%20Cocktails,https://app.apollo.io/#/companies?q_organization_name=Edmunds%20Cocktails,,,,,,New,,partial,0,,,,,,False,False,False,0,0,skip,,,,,,
EKKO - organic oils factory,,,,,YES,https://www.linkedin.com/search/results/companies/?keywords=EKKO%20-%20organic%20oils%20factory,https://app.apollo.io/#/companies?q_organization_name=EKKO%20-%20organic%20oils%20factory,,,,,,New,,partial,0,,,,,,False,False,False,0,0,skip,,,,,,
Elavon,,,,,,https://www.linkedin.com/search/results/companies/?keywords=Elavon,https://app.apollo.io/#/companies?q_organization_name=Elavon,,,,,,New,,partial,0,,,,,,False,False,False,0,0,skip,,,,,,
ElectRoad,,,,,,https://www.linkedin.com/search/results/companies/?keywords=ElectRoad,https://app.apollo.io/#/companies?q_organization_name=ElectRoad,,,,,,New,,partial,0,,,,,,False,False,False,0,0,skip,,,,,,
ELFBAR/ LOST MARY,,,,,,https://www.linkedin.com/search/results/companies/?keywords=ELFBAR/%20LOST%20MARY,https://app.apollo.io/#/companies?q_organization_name=ELFBAR/%20LOST%20MARY,,,,,,New,,partial,0,,,,,,False,False,False,0,0,skip,,,,,,
ELIS UK LIMITED,,,,,,https://www.linkedin.com/search/results/companies/?keywords=ELIS%20UK%20LIMITED,https://app.apollo.io/#/companies?q_organization_name=ELIS%20UK%20LIMITED,,,,,,New,,partial,0,,,,,,False,False,False,0,0,skip,,,,,,
ELMA SU PUCCINELLI ELMATAS A.S.,,,,,,https://www.linkedin.com/search/results/companies/?keywords=ELMA%20SU%20PUCCINELLI%20ELMATAS%20A.S.,https://app.apollo.io/#/companies?q_organization_name=ELMA%20SU%20PUCCINELLI%20ELMATAS%20A.S.,,,,,,New,,partial,0,,,,,,False,False,False,0,0,skip,,,,,,
ELUX,,,,,,https://www.linkedin.com/search/results/companies/?keywords=ELUX,https://app.apollo.io/#/companies?q_organization_name=ELUX,,,,,,New,,partial,0,,,,,,False,False,False,0,0,skip,,,,,,
Emilia's Crafted Pasta,,,,,,https://www.linkedin.com/search/results/companies/?keywords=Emilia's%20Crafted%20Pasta,https://app.apollo.io/#/companies?q_organization_name=Emilia's%20Crafted%20Pasta,,,,,,New,,partial,0,,,,,,False,False,False,0,0,skip,,,,,,
Emmi UK,,,,,,https://www.linkedin.com/search/results/companies/?keywords=Emmi%20UK,https://app.apollo.io/#/companies?q_organization_name=Emmi%20UK,,,,,,New,,partial,0,,,,,,False,False,False,0,0,skip,,,,,,
Empire Bespoke Foods Ltd,,,,,YES,https://www.linkedin.com/search/results/companies/?keywords=Empire%20Bespoke%20Foods%20Ltd,https://app.apollo.io/#/companies?q_organization_name=Empire%20Bespoke%20Foods%20Ltd,,,,,,New,,partial,0,,,,,,False,False,False,0,0,skip,,,,,,
ENGIE Supply UK,,,,,,https://www.linkedin.com/search/results/companies/?keywords=ENGIE%20Supply%20UK,https://app.apollo.io/#/companies?q_organization_name=ENGIE%20Supply%20UK,,,,,,New,,partial,0,,,,,,False,False,False,0,0,skip,,,,,,
English Tea Shop,,,,,YES,https://www.linkedin.com/search/results/companies/?keywords=English%20Tea%20Shop,https://app.apollo.io/#/companies?q_organization_name=English%20Tea%20Shop,,,,,,New,,partial,0,,,,,,False,False,False,0,0,skip,,,,,,
Envior,,,,,,https://www.linkedin.com/search/results/companies/?keywords=Envior,https://app.apollo.io/#/companies?q_organization_name=Envior,,,,,,New,,partial,0,,,,,,False,False,False,0,0,skip,,,,,,
ENVIPCO,,,,,,https://www.linkedin.com/search/results/companies/?keywords=ENVIPCO,https://app.apollo.io/#/companies?q_organization_name=ENVIPCO,,,,,,New,,partial,0,,,,,,False,False,False,0,0,skip,,,,,,
"ENVIRO FOOD PACK (CAMBODIA) CO., LTD",,,,,YES,"https://www.linkedin.com/search/results/companies/?keywords=ENVIRO%20FOOD%20PACK%20(CAMBODIA)%20CO.,%20LTD","https://app.apollo.io/#/companies?q_organization_name=ENVIRO%20FOOD%20PACK%20(CAMBODIA)%20CO.,%20LTD",,,,,,New,,partial,0,,,,,,False,False,False,0,0,skip,,,,,,
EPIC ACTIVATION,,,,,,https://www.linkedin.com/search/results/companies/?keywords=EPIC%20ACTIVATION,https://app.apollo.io/#/companies?q_organization_name=EPIC%20ACTIVATION,,,,,,New,,partial,0,,,,,,False,False,False,0,0,skip,,,,,,
Epicurium - Healthier Wholesale,,,,,YES,https://www.linkedin.com/search/results/companies/?keywords=Epicurium%20-%20Healthier%20Wholesale,https://app.apollo.io/#/companies?q_organization_name=Epicurium%20-%20Healthier%20Wholesale,,,,,,New,,partial,0,,,,,,False,False,False,0,0,skip,,,,,,
Epiros,,,,,,https://www.linkedin.com/search/results/companies/?keywords=Epiros,https://app.apollo.io/#/companies?q_organization_name=Epiros,,,,,,New,,partial,0,,,,,,False,False,False,0,0,skip,,,,,,
EPS,,,,,,https://www.linkedin.com/search/results/companies/?keywords=EPS,https://app.apollo.io/#/companies?q_organization_name=EPS,,,,,,New,,partial,0,,,,,,False,False,False,0,0,skip,,,,,,
Epta Refrigeration,,,,,,https://www.linkedin.com/search/results/companies/?keywords=Epta%20Refrigeration,https://app.apollo.io/#/companies?q_organization_name=Epta%20Refrigeration,,,,,,New,,partial,0,,,,,,False,False,False,0,0,skip,,,,,,
Euro Food Brands,,,,,YES,https://www.linkedin.com/search/results/companies/?keywords=Euro%20Food%20Brands,https://app.apollo.io/#/companies?q_organization_name=Euro%20Food%20Brands,,,,,,New,,partial,0,,,,,,False,False,False,0,0,skip,,,,,,
EUROCOLD GROUP,,,,,,https://www.linkedin.com/search/results/companies/?keywords=EUROCOLD%20GROUP,https://app.apollo.io/#/companies?q_organization_name=EUROCOLD%20GROUP,,,,,,New,,partial,0,,,,,,False,False,False,0,0,skip,,,,,,
Eurofins Food Testing,,,,,YES,https://www.linkedin.com/search/results/companies/?keywords=Eurofins%20Food%20Testing,https://app.apollo.io/#/companies?q_organization_name=Eurofins%20Food%20Testing,,,,,,New,,partial,0,,,,,,False,False,False,0,0,skip,,,,,,
Eurotank Service Group,,,,,,https://www.linkedin.com/search/results/companies/?keywords=Eurotank%20Service%20Group,https://app.apollo.io/#/companies?q_organization_name=Eurotank%20Service%20Group,,,,,,New,,partial,0,,,,,,False,False,False,0,0,skip,,,,,,
Everway Industrial Limited,,,,,,https://www.linkedin.com/search/results/companies/?keywords=Everway%20Industrial%20Limited,https://app.apollo.io/#/companies?q_organization_name=Everway%20Industrial%20Limited,,,,,,New,,partial,0,,,,,,False,False,False,0,0,skip,,,,,,
Exploded Sweets,,,,,YES,https://www.linkedin.com/search/results/companies/?keywords=Exploded%20Sweets,https://app.apollo.io/#/companies?q_organization_name=Exploded%20Sweets,,,,,,New,,partial,0,,,,,,False,False,False,0,0,skip,,,,,,
Fabulous Farm Shops,,,,,,https://www.linkedin.com/search/results/companies/?keywords=Fabulous%20Farm%20Shops,https://app.apollo.io/#/companies?q_organization_name=Fabulous%20Farm%20Shops,,,,,,New,,partial,0,,,,,,False,False,False,0,0,skip,,,,,,
Facewatch,,,,,,https://www.linkedin.com/search/results/companies/?keywords=Facewatch,https://app.apollo.io/#/companies?q_organization_name=Facewatch,,,,,,New,,partial,0,,,,,,False,False,False,0,0,skip,,,,,,
FARESHARE & THE FELIX PROJECT,,,,,,https://www.linkedin.com/search/results/companies/?keywords=FARESHARE%20&%20THE%20FELIX%20PROJECT,https://app.apollo.io/#/companies?q_organization_name=FARESHARE%20&%20THE%20FELIX%20PROJECT,,,,,,New,,partial,0,,,,,,False,False,False,0,0,skip,,,,,,
Farm Retail Association,,,,,YES,https://www.linkedin.com/search/results/companies/?keywords=Farm%20Retail%20Association,https://app.apollo.io/#/companies?q_organization_name=Farm%20Retail%20Association,,,,,,New,,partial,0,,,,,,False,False,False,0,0,skip,,,,,,
Farmhouse Biscuits Ltd,,,,,,https://www.linkedin.com/search/results/companies/?keywords=Farmhouse%20Biscuits%20Ltd,https://app.apollo.io/#/companies?q_organization_name=Farmhouse%20Biscuits%20Ltd,,,,,,New,,partial,0,,,,,,False,False,False,0,0,skip,,,,,,
Farrington’s Mellow Yellow,,,,,,https://www.linkedin.com/search/results/companies/?keywords=Farrington’s%20Mellow%20Yellow,https://app.apollo.io/#/companies?q_organization_name=Farrington’s%20Mellow%20Yellow,,,,,,New,,partial,0,,,,,,False,False,False,0,0,skip,,,,,,
Fast Trak Ltd,,,,,,https://www.linkedin.com/search/results/companies/?keywords=Fast%20Trak%20Ltd,https://app.apollo.io/#/companies?q_organization_name=Fast%20Trak%20Ltd,,,,,,New,,partial,0,,,,,,False,False,False,0,0,skip,,,,,,
FastLine Foods Ltd,,,,,YES,https://www.linkedin.com/search/results/companies/?keywords=FastLine%20Foods%20Ltd,https://app.apollo.io/#/companies?q_organization_name=FastLine%20Foods%20Ltd,,,,,,New,,partial,0,,,,,,False,False,False,0,0,skip,,,,,,
Feedwell Animal Foods Ltd,,,,,YES,https://www.linkedin.com/search/results/companies/?keywords=Feedwell%20Animal%20Foods%20Ltd,https://app.apollo.io/#/companies?q_organization_name=Feedwell%20Animal%20Foods%20Ltd,,,,,,New,,partial,0,,,,,,False,False,False,0,0,skip,,,,,,
Femu,,,,,,https://www.linkedin.com/search/results/companies/?keywords=Femu,https://app.apollo.io/#/companies?q_organization_name=Femu,,,,,,New,,partial,0,,,,,,False,False,False,0,0,skip,,,,,,
FEOBA,,,,,,https://www.linkedin.com/search/results/companies/?keywords=FEOBA,https://app.apollo.io/#/companies?q_organization_name=FEOBA,,,,,,New,,partial,0,,,,,,False,False,False,0,0,skip,,,,,,
Ferment Fizz,,,,,,https://www.linkedin.com/search/results/companies/?keywords=Ferment%20Fizz,https://app.apollo.io/#/companies?q_organization_name=Ferment%20Fizz,,,,,,New,,partial,0,,,,,,False,False,False,0,0,skip,,,,,,
Fever-Tree,,,,,,https://www.linkedin.com/search/results/companies/?keywords=Fever-Tree,https://app.apollo.io/#/companies?q_organization_name=Fever-Tree,,,,,,New,,partial,0,,,,,,False,False,False,0,0,skip,,,,,,
Few'r / nomsi,,,,,,https://www.linkedin.com/search/results/companies/?keywords=Few'r%20/%20nomsi,https://app.apollo.io/#/companies?q_organization_name=Few'r%20/%20nomsi,,,,,,New,,partial,0,,,,,,False,False,False,0,0,skip,,,,,,
"FGS lngredients Ltd, Leicester",,,,,,"https://www.linkedin.com/search/results/companies/?keywords=FGS%20lngredients%20Ltd,%20Leicester","https://app.apollo.io/#/companies?q_organization_name=FGS%20lngredients%20Ltd,%20Leicester",,,,,,New,,partial,0,,,,,,False,False,False,0,0,skip,,,,,,
Fibre Up,,,,,,https://www.linkedin.com/search/results/companies/?keywords=Fibre%20Up,https://app.apollo.io/#/companies?q_organization_name=Fibre%20Up,,,,,,New,,partial,0,,,,,,False,False,False,0,0,skip,,,,,,
Fieldfare,,,,,,https://www.linkedin.com/search/results/companies/?keywords=Fieldfare,https://app.apollo.io/#/companies?q_organization_name=Fieldfare,,,,,,New,,partial,0,,,,,,False,False,False,0,0,skip,,,,,,
FieldGoods,,,,,,https://www.linkedin.com/search/results/companies/?keywords=FieldGoods,https://app.apollo.io/#/companies?q_organization_name=FieldGoods,,,,,,New,,partial,0,,,,,,False,False,False,0,0,skip,,,,,,
Fifo Wireless,,,,,,https://www.linkedin.com/search/results/companies/?keywords=Fifo%20Wireless,https://app.apollo.io/#/companies?q_organization_name=Fifo%20Wireless,,,,,,New,,partial,0,,,,,,False,False,False,0,0,skip,,,,,,
Filao Trading / BeeMax,,,,,,https://www.linkedin.com/search/results/companies/?keywords=Filao%20Trading%20/%20BeeMax,https://app.apollo.io/#/companies?q_organization_name=Filao%20Trading%20/%20BeeMax,,,,,,New,,partial,0,,,,,,False,False,False,0,0,skip,,,,,,
Filbert's Fine Foods,,,,,YES,https://www.linkedin.com/search/results/companies/?keywords=Filbert's%20Fine%20Foods,https://app.apollo.io/#/companies?q_organization_name=Filbert's%20Fine%20Foods,,,,,,New,,partial,0,,,,,,False,False,False,0,0,skip,,,,,,
Filippo Berio/Cirio/Rio Mare,,,,,,https://www.linkedin.com/search/results/companies/?keywords=Filippo%20Berio/Cirio/Rio%20Mare,https://app.apollo.io/#/companies?q_organization_name=Filippo%20Berio/Cirio/Rio%20Mare,,,,,,New,,partial,0,,,,,,False,False,False,0,0,skip,,,,,,
Fill Refill Co.,,,,,,https://www.linkedin.com/search/results/companies/?keywords=Fill%20Refill%20Co.,https://app.apollo.io/#/companies?q_organization_name=Fill%20Refill%20Co.,,,,,,New,,partial,0,,,,,,False,False,False,0,0,skip,,,,,,
Fine Cheesemakers of Scotland,,,,,,https://www.linkedin.com/search/results/companies/?keywords=Fine%20Cheesemakers%20of%20Scotland,https://app.apollo.io/#/companies?q_organization_name=Fine%20Cheesemakers%20of%20Scotland,,,,,,New,,partial,0,,,,,,False,False,False,0,0,skip,,,,,,
Fiona Cairns,,,,,,https://www.linkedin.com/search/results/companies/?keywords=Fiona%20Cairns,https://app.apollo.io/#/companies?q_organization_name=Fiona%20Cairns,,,,,,New,,partial,0,,,,,,False,False,False,0,0,skip,,,,,,
First Grade International Ltd,,,,,,https://www.linkedin.com/search/results/companies/?keywords=First%20Grade%20International%20Ltd,https://app.apollo.io/#/companies?q_organization_name=First%20Grade%20International%20Ltd,,,,,,New,,partial,0,,,,,,False,False,False,0,0,skip,,,,,,
First Quality Foods,,,,,YES,https://www.linkedin.com/search/results/companies/?keywords=First%20Quality%20Foods,https://app.apollo.io/#/companies?q_organization_name=First%20Quality%20Foods,,,,,,New,,partial,0,,,,,,False,False,False,0,0,skip,,,,,,
Fish4Ever,,,,,,https://www.linkedin.com/search/results/companies/?keywords=Fish4Ever,https://app.apollo.io/#/companies?q_organization_name=Fish4Ever,,,,,,New,,partial,0,,,,,,False,False,False,0,0,skip,,,,,,
Fix & Fogg,,,,,,https://www.linkedin.com/search/results/companies/?keywords=Fix%20&%20Fogg,https://app.apollo.io/#/companies?q_organization_name=Fix%20&%20Fogg,,,,,,New,,partial,0,,,,,,False,False,False,0,0,skip,,,,,,
Flavour Warehouse Group,,,,,,https://www.linkedin.com/search/results/companies/?keywords=Flavour%20Warehouse%20Group,https://app.apollo.io/#/companies?q_organization_name=Flavour%20Warehouse%20Group,,,,,,New,,partial,0,,,,,,False,False,False,0,0,skip,,,,,,
Flawless Vape Distribution,,,,,YES,https://www.linkedin.com/search/results/companies/?keywords=Flawless%20Vape%20Distribution,https://app.apollo.io/#/companies?q_organization_name=Flawless%20Vape%20Distribution,,,,,,New,,partial,0,,,,,,False,False,False,0,0,skip,,,,,,
Flawsome! Drinks,,,,,YES,https://www.linkedin.com/search/results/companies/?keywords=Flawsome!%20Drinks,https://app.apollo.io/#/companies?q_organization_name=Flawsome!%20Drinks,,,,,,New,,partial,0,,,,,,False,False,False,0,0,skip,,,,,,
Fluxe Active,,,,,,https://www.linkedin.com/search/results/companies/?keywords=Fluxe%20Active,https://app.apollo.io/#/companies?q_organization_name=Fluxe%20Active,,,,,,New,,partial,0,,,,,,False,False,False,0,0,skip,,,,,,
Flying Turtle,,,,,,https://www.linkedin.com/search/results/companies/?keywords=Flying%20Turtle,https://app.apollo.io/#/companies?q_organization_name=Flying%20Turtle,,,,,,New,,partial,0,,,,,,False,False,False,0,0,skip,,,,,,
FOLI,,,,,,https://www.linkedin.com/search/results/companies/?keywords=FOLI,https://app.apollo.io/#/companies?q_organization_name=FOLI,,,,,,New,,partial,0,,,,,,False,False,False,0,0,skip,,,,,,
Folkington's,,,,,,https://www.linkedin.com/search/results/companies/?keywords=Folkington's,https://app.apollo.io/#/companies?q_organization_name=Folkington's,,,,,,New,,partial,0,,,,,,False,False,False,0,0,skip,,,,,,
Food & Drink Wales,,,,,YES,https://www.linkedin.com/search/results/companies/?keywords=Food%20&%20Drink%20Wales,https://app.apollo.io/#/companies?q_organization_name=Food%20&%20Drink%20Wales,,,,,,New,,partial,0,,,,,,False,False,False,0,0,skip,,,,,,
Food Retail Partner,,,,,YES,https://www.linkedin.com/search/results/companies/?keywords=Food%20Retail%20Partner,https://app.apollo.io/#/companies?q_organization_name=Food%20Retail%20Partner,,,,,,New,,partial,0,,,,,,False,False,False,0,0,skip,,,,,,
Foodie Flavours,,,,,YES,https://www.linkedin.com/search/results/companies/?keywords=Foodie%20Flavours,https://app.apollo.io/#/companies?q_organization_name=Foodie%20Flavours,,,,,,New,,partial,0,,,,,,False,False,False,0,0,skip,,,,,,
FoodSprays.com,,,,,YES,https://www.linkedin.com/search/results/companies/?keywords=FoodSprays.com,https://app.apollo.io/#/companies?q_organization_name=FoodSprays.com,,,,,,New,,partial,0,,,,,,False,False,False,0,0,skip,,,,,,
Forecourt Trader,,,,,,https://www.linkedin.com/search/results/companies/?keywords=Forecourt%20Trader,https://app.apollo.io/#/companies?q_organization_name=Forecourt%20Trader,,,,,,New,,partial,0,,,,,,False,False,False,0,0,skip,,,,,,
Forest Feast,,,,,,https://www.linkedin.com/search/results/companies/?keywords=Forest%20Feast,https://app.apollo.io/#/companies?q_organization_name=Forest%20Feast,,,,,,New,,partial,0,,,,,,False,False,False,0,0,skip,,,,,,
Foreva Farmers,,,,,,https://www.linkedin.com/search/results/companies/?keywords=Foreva%20Farmers,https://app.apollo.io/#/companies?q_organization_name=Foreva%20Farmers,,,,,,New,,partial,0,,,,,,False,False,False,0,0,skip,,,,,,
Formbar Ltd - Trolleys & Baskets,,,,,,https://www.linkedin.com/search/results/companies/?keywords=Formbar%20Ltd%20-%20Trolleys%20&%20Baskets,https://app.apollo.io/#/companies?q_organization_name=Formbar%20Ltd%20-%20Trolleys%20&%20Baskets,,,,,,New,,partial,0,,,,,,False,False,False,0,0,skip,,,,,,
Four Loko,,,,,,https://www.linkedin.com/search/results/companies/?keywords=Four%20Loko,https://app.apollo.io/#/companies?q_organization_name=Four%20Loko,,,,,,New,,partial,0,,,,,,False,False,False,0,0,skip,,,,,,
Freja,,,,,,https://www.linkedin.com/search/results/companies/?keywords=Freja,https://app.apollo.io/#/companies?q_organization_name=Freja,,,,,,New,,partial,0,,,,,,False,False,False,0,0,skip,,,,,,
Freshpeel Produce,,,,,,https://www.linkedin.com/search/results/companies/?keywords=Freshpeel%20Produce,https://app.apollo.io/#/companies?q_organization_name=Freshpeel%20Produce,,,,,,New,,partial,0,,,,,,False,False,False,0,0,skip,,,,,,
FrieslandCampina UK,,,,,,https://www.linkedin.com/search/results/companies/?keywords=FrieslandCampina%20UK,https://app.apollo.io/#/companies?q_organization_name=FrieslandCampina%20UK,,,,,,New,,partial,0,,,,,,False,False,False,0,0,skip,,,,,,
Froneri Ice Cream UK Limited,,,,,,https://www.linkedin.com/search/results/companies/?keywords=Froneri%20Ice%20Cream%20UK%20Limited,https://app.apollo.io/#/companies?q_organization_name=Froneri%20Ice%20Cream%20UK%20Limited,,,,,,New,,partial,0,,,,,,False,False,False,0,0,skip,,,,,,
Fruits of the Forage,,,,,,https://www.linkedin.com/search/results/companies/?keywords=Fruits%20of%20the%20Forage,https://app.apollo.io/#/companies?q_organization_name=Fruits%20of%20the%20Forage,,,,,,New,,partial,0,,,,,,False,False,False,0,0,skip,,,,,,
Fruity Line BV Coldpressed Juices,,,,,YES,https://www.linkedin.com/search/results/companies/?keywords=Fruity%20Line%20BV%20Coldpressed%20Juices,https://app.apollo.io/#/companies?q_organization_name=Fruity%20Line%20BV%20Coldpressed%20Juices,,,,,,New,,partial,0,,,,,,False,False,False,0,0,skip,,,,,,
Fruitypot Family,,,,,,https://www.linkedin.com/search/results/companies/?keywords=Fruitypot%20Family,https://app.apollo.io/#/companies?q_organization_name=Fruitypot%20Family,,,,,,New,,partial,0,,,,,,False,False,False,0,0,skip,,,,,,
Frutteto Italia,,,,,,https://www.linkedin.com/search/results/companies/?keywords=Frutteto%20Italia,https://app.apollo.io/#/companies?q_organization_name=Frutteto%20Italia,,,,,,New,,partial,0,,,,,,False,False,False,0,0,skip,,,,,,
FSA National Food Crime Unit,,,,,YES,https://www.linkedin.com/search/results/companies/?keywords=FSA%20National%20Food%20Crime%20Unit,https://app.apollo.io/#/companies?q_organization_name=FSA%20National%20Food%20Crime%20Unit,,,,,,New,,partial,0,,,,,,False,False,False,0,0,skip,,,,,,
fu:di,,,,,,https://www.linkedin.com/search/results/companies/?keywords=fu:di,https://app.apollo.io/#/companies?q_organization_name=fu:di,,,,,,New,,partial,0,,,,,,False,False,False,0,0,skip,,,,,,
Fudge Kitchen,,,,,,https://www.linkedin.com/search/results/companies/?keywords=Fudge%20Kitchen,https://app.apollo.io/#/companies?q_organization_name=Fudge%20Kitchen,,,,,,New,,partial,0,,,,,,False,False,False,0,0,skip,,,,,,
Fuel Express,,,,,,https://www.linkedin.com/search/results/companies/?keywords=Fuel%20Express,https://app.apollo.io/#/companies?q_organization_name=Fuel%20Express,,,,,,New,,partial,0,,,,,,False,False,False,0,0,skip,,,,,,
Fungi Foods,,,,,YES,https://www.linkedin.com/search/results/companies/?keywords=Fungi%20Foods,https://app.apollo.io/#/companies?q_organization_name=Fungi%20Foods,,,,,,New,,partial,0,,,,,,False,False,False,0,0,skip,,,,,,
Funky Ouma,,,,,,https://www.linkedin.com/search/results/companies/?keywords=Funky%20Ouma,https://app.apollo.io/#/companies?q_organization_name=Funky%20Ouma,,,,,,New,,partial,0,,,,,,False,False,False,0,0,skip,,,,,,
Futura Foods,,,,,YES,https://www.linkedin.com/search/results/companies/?keywords=Futura%20Foods,https://app.apollo.io/#/companies?q_organization_name=Futura%20Foods,,,,,,New,,partial,0,,,,,,False,False,False,0,0,skip,,,,,,
G+D Currency Technology,,,,,,https://www.linkedin.com/search/results/companies/?keywords=G+D%20Currency%20Technology,https://app.apollo.io/#/companies?q_organization_name=G+D%20Currency%20Technology,,,,,,New,,partial,0,,,,,,False,False,False,0,0,skip,,,,,,
GADJET,,,,,,https://www.linkedin.com/search/results/companies/?keywords=GADJET,https://app.apollo.io/#/companies?q_organization_name=GADJET,,,,,,New,,partial,0,,,,,,False,False,False,0,0,skip,,,,,,
GAFBROS LTD,,,,,,https://www.linkedin.com/search/results/companies/?keywords=GAFBROS%20LTD,https://app.apollo.io/#/companies?q_organization_name=GAFBROS%20LTD,,,,,,New,,partial,0,,,,,,False,False,False,0,0,skip,,,,,,
Game Larder-Tarrant Refrigeration,,,,,,https://www.linkedin.com/search/results/companies/?keywords=Game%20Larder-Tarrant%20Refrigeration,https://app.apollo.io/#/companies?q_organization_name=Game%20Larder-Tarrant%20Refrigeration,,,,,,New,,partial,0,,,,,,False,False,False,0,0,skip,,,,,,
Gasm Drinks,,,,,YES,https://www.linkedin.com/search/results/companies/?keywords=Gasm%20Drinks,https://app.apollo.io/#/companies?q_organization_name=Gasm%20Drinks,,,,,,New,,partial,0,,,,,,False,False,False,0,0,skip,,,,,,
Gastro-Cool UK Ltd.,,,,,,https://www.linkedin.com/search/results/companies/?keywords=Gastro-Cool%20UK%20Ltd.,https://app.apollo.io/#/companies?q_organization_name=Gastro-Cool%20UK%20Ltd.,,,,,,New,,partial,0,,,,,,False,False,False,0,0,skip,,,,,,
Geekbar,,,,,,https://www.linkedin.com/search/results/companies/?keywords=Geekbar,https://app.apollo.io/#/companies?q_organization_name=Geekbar,,,,,,New,,partial,0,,,,,,False,False,False,0,0,skip,,,,,,
Geekvape,,,,,,https://www.linkedin.com/search/results/companies/?keywords=Geekvape,https://app.apollo.io/#/companies?q_organization_name=Geekvape,,,,,,New,,partial,0,,,,,,False,False,False,0,0,skip,,,,,,
GELOSO BEVERAGE GROUP,,,,,YES,https://www.linkedin.com/search/results/companies/?keywords=GELOSO%20BEVERAGE%20GROUP,https://app.apollo.io/#/companies?q_organization_name=GELOSO%20BEVERAGE%20GROUP,,,,,,New,,partial,0,,,,,,False,False,False,0,0,skip,,,,,,
General Mills UK,,,,,,https://www.linkedin.com/search/results/companies/?keywords=General%20Mills%20UK,https://app.apollo.io/#/companies?q_organization_name=General%20Mills%20UK,,,,,,New,,partial,0,,,,,,False,False,False,0,0,skip,,,,,,
Gerald McDonald Group,,,,,,https://www.linkedin.com/search/results/companies/?keywords=Gerald%20McDonald%20Group,https://app.apollo.io/#/companies?q_organization_name=Gerald%20McDonald%20Group,,,,,,New,,partial,0,,,,,,False,False,False,0,0,skip,,,,,,
Gerflor & Gradus,,,,,,https://www.linkedin.com/search/results/companies/?keywords=Gerflor%20&%20Gradus,https://app.apollo.io/#/companies?q_organization_name=Gerflor%20&%20Gradus,,,,,,New,,partial,0,,,,,,False,False,False,0,0,skip,,,,,,
Get More Vits,,,,,,https://www.linkedin.com/search/results/companies/?keywords=Get%20More%20Vits,https://app.apollo.io/#/companies?q_organization_name=Get%20More%20Vits,,,,,,New,,partial,0,,,,,,False,False,False,0,0,skip,,,,,,
GHOST® ENERGY,,,,,,https://www.linkedin.com/search/results/companies/?keywords=GHOST®%20ENERGY,https://app.apollo.io/#/companies?q_organization_name=GHOST®%20ENERGY,,,,,,New,,partial,0,,,,,,False,False,False,0,0,skip,,,,,,
GHST KTCHN,,,,,,https://www.linkedin.com/search/results/companies/?keywords=GHST%20KTCHN,https://app.apollo.io/#/companies?q_organization_name=GHST%20KTCHN,,,,,,New,,partial,0,,,,,,False,False,False,0,0,skip,,,,,,
Giffard Syrup and Liqueurs,,,,,,https://www.linkedin.com/search/results/companies/?keywords=Giffard%20Syrup%20and%20Liqueurs,https://app.apollo.io/#/companies?q_organization_name=Giffard%20Syrup%20and%20Liqueurs,,,,,,New,,partial,0,,,,,,False,False,False,0,0,skip,,,,,,
Gilbarco Veeder-Root,,,,,,https://www.linkedin.com/search/results/companies/?keywords=Gilbarco%20Veeder-Root,https://app.apollo.io/#/companies?q_organization_name=Gilbarco%20Veeder-Root,,,,,,New,,partial,0,,,,,,False,False,False,0,0,skip,,,,,,
Gills Meat Products Limited,,,,,YES,https://www.linkedin.com/search/results/companies/?keywords=Gills%20Meat%20Products%20Limited,https://app.apollo.io/#/companies?q_organization_name=Gills%20Meat%20Products%20Limited,,,,,,New,,partial,0,,,,,,False,False,False,0,0,skip,,,,,,
Gin & Jam Bothy,,,,,,https://www.linkedin.com/search/results/companies/?keywords=Gin%20&%20Jam%20Bothy,https://app.apollo.io/#/companies?q_organization_name=Gin%20&%20Jam%20Bothy,,,,,,New,,partial,0,,,,,,False,False,False,0,0,skip,,,,,,
Giraf Macadamia Milk,,,,,,https://www.linkedin.com/search/results/companies/?keywords=Giraf%20Macadamia%20Milk,https://app.apollo.io/#/companies?q_organization_name=Giraf%20Macadamia%20Milk,,,,,,New,,partial,0,,,,,,False,False,False,0,0,skip,,,,,,
Giving Tree Snacks,,,,,YES,https://www.linkedin.com/search/results/companies/?keywords=Giving%20Tree%20Snacks,https://app.apollo.io/#/companies?q_organization_name=Giving%20Tree%20Snacks,,,,,,New,,partial,0,,,,,,False,False,False,0,0,skip,,,,,,
Glasdon UK Limited,,,,,,https://www.linkedin.com/search/results/companies/?keywords=Glasdon%20UK%20Limited,https://app.apollo.io/#/companies?q_organization_name=Glasdon%20UK%20Limited,,,,,,New,,partial,0,,,,,,False,False,False,0,0,skip,,,,,,
Glastry Farm Ice Cream Ltd,,,,,,https://www.linkedin.com/search/results/companies/?keywords=Glastry%20Farm%20Ice%20Cream%20Ltd,https://app.apollo.io/#/companies?q_organization_name=Glastry%20Farm%20Ice%20Cream%20Ltd,,,,,,New,,partial,0,,,,,,False,False,False,0,0,skip,,,,,,
Glebe Farm Foods,,,,,YES,https://www.linkedin.com/search/results/companies/?keywords=Glebe%20Farm%20Foods,https://app.apollo.io/#/companies?q_organization_name=Glebe%20Farm%20Foods,,,,,,New,,partial,0,,,,,,False,False,False,0,0,skip,,,,,,
Global Brands,,,,,,https://www.linkedin.com/search/results/companies/?keywords=Global%20Brands,https://app.apollo.io/#/companies?q_organization_name=Global%20Brands,,,,,,New,,partial,0,,,,,,False,False,False,0,0,skip,,,,,,
Go Jute Ltd,,,,,,https://www.linkedin.com/search/results/companies/?keywords=Go%20Jute%20Ltd,https://app.apollo.io/#/companies?q_organization_name=Go%20Jute%20Ltd,,,,,,New,,partial,0,,,,,,False,False,False,0,0,skip,,,,,,
Go Pig,,,,,,https://www.linkedin.com/search/results/companies/?keywords=Go%20Pig,https://app.apollo.io/#/companies?q_organization_name=Go%20Pig,,,,,,New,,partial,0,,,,,,False,False,False,0,0,skip,,,,,,
Godminster,,,,,,https://www.linkedin.com/search/results/companies/?keywords=Godminster,https://app.apollo.io/#/companies?q_organization_name=Godminster,,,,,,New,,partial,0,,,,,,False,False,False,0,0,skip,,,,,,
Golden Road Gin,,,,,,https://www.linkedin.com/search/results/companies/?keywords=Golden%20Road%20Gin,https://app.apollo.io/#/companies?q_organization_name=Golden%20Road%20Gin,,,,,,New,,partial,0,,,,,,False,False,False,0,0,skip,,,,,,
Good One Deals UK,,,,,,https://www.linkedin.com/search/results/companies/?keywords=Good%20One%20Deals%20UK,https://app.apollo.io/#/companies?q_organization_name=Good%20One%20Deals%20UK,,,,,,New,,partial,0,,,,,,False,False,False,0,0,skip,,,,,,
GOOD PHATS,,,,,,https://www.linkedin.com/search/results/companies/?keywords=GOOD%20PHATS,https://app.apollo.io/#/companies?q_organization_name=GOOD%20PHATS,,,,,,New,,partial,0,,,,,,False,False,False,0,0,skip,,,,,,
GORGEOUS FOOD COMPANY,,,,,YES,https://www.linkedin.com/search/results/companies/?keywords=GORGEOUS%20FOOD%20COMPANY,https://app.apollo.io/#/companies?q_organization_name=GORGEOUS%20FOOD%20COMPANY,,,,,,New,,partial,0,,,,,,False,False,False,0,0,skip,,,,,,
Gourm.it Uk Ltd,,,,,,https://www.linkedin.com/search/results/companies/?keywords=Gourm.it%20Uk%20Ltd,https://app.apollo.io/#/companies?q_organization_name=Gourm.it%20Uk%20Ltd,,,,,,New,,partial,0,,,,,,False,False,False,0,0,skip,,,,,,
Gourmet Partners & Brand Builders,,,,,,https://www.linkedin.com/search/results/companies/?keywords=Gourmet%20Partners%20&%20Brand%20Builders,https://app.apollo.io/#/companies?q_organization_name=Gourmet%20Partners%20&%20Brand%20Builders,,,,,,New,,partial,0,,,,,,False,False,False,0,0,skip,,,,,,
Graphic Kitchen,,,,,,https://www.linkedin.com/search/results/companies/?keywords=Graphic%20Kitchen,https://app.apollo.io/#/companies?q_organization_name=Graphic%20Kitchen,,,,,,New,,partial,0,,,,,,False,False,False,0,0,skip,,,,,,
Greenbox,,,,,,https://www.linkedin.com/search/results/companies/?keywords=Greenbox,https://app.apollo.io/#/companies?q_organization_name=Greenbox,,,,,,New,,partial,0,,,,,,False,False,False,0,0,skip,,,,,,
Greenergy,,,,,,https://www.linkedin.com/search/results/companies/?keywords=Greenergy,https://app.apollo.io/#/companies?q_organization_name=Greenergy,,,,,,New,,partial,0,,,,,,False,False,False,0,0,skip,,,,,,
Greenfields,,,,,,https://www.linkedin.com/search/results/companies/?keywords=Greenfields,https://app.apollo.io/#/companies?q_organization_name=Greenfields,,,,,,New,,partial,0,,,,,,False,False,False,0,0,skip,,,,,,
Grenade,,,,,,https://www.linkedin.com/search/results/companies/?keywords=Grenade,https://app.apollo.io/#/companies?q_organization_name=Grenade,,,,,,New,,partial,0,,,,,,False,False,False,0,0,skip,,,,,,
Grupa Maspex,,,,,,https://www.linkedin.com/search/results/companies/?keywords=Grupa%20Maspex,https://app.apollo.io/#/companies?q_organization_name=Grupa%20Maspex,,,,,,New,,partial,0,,,,,,False,False,False,0,0,skip,,,,,,
Gü Indulgent Foods Ltd.,,,,,YES,https://www.linkedin.com/search/results/companies/?keywords=Gü%20Indulgent%20Foods%20Ltd.,https://app.apollo.io/#/companies?q_organization_name=Gü%20Indulgent%20Foods%20Ltd.,,,,,,New,,partial,0,,,,,,False,False,False,0,0,skip,,,,,,
Guild of Fine Food,,,,,YES,https://www.linkedin.com/search/results/companies/?keywords=Guild%20of%20Fine%20Food,https://app.apollo.io/#/companies?q_organization_name=Guild%20of%20Fine%20Food,,,,,,New,,partial,0,,,,,,False,False,False,0,0,skip,,,,,,
Half Nuts Company,,,,,,https://www.linkedin.com/search/results/companies/?keywords=Half%20Nuts%20Company,https://app.apollo.io/#/companies?q_organization_name=Half%20Nuts%20Company,,,,,,New,,partial,0,,,,,,False,False,False,0,0,skip,,,,,,
Handtmann Ltd,,,,,,https://www.linkedin.com/search/results/companies/?keywords=Handtmann%20Ltd,https://app.apollo.io/#/companies?q_organization_name=Handtmann%20Ltd,,,,,,New,,partial,0,,,,,,False,False,False,0,0,skip,,,,,,
Happy Vibes Trading,,,,,,https://www.linkedin.com/search/results/companies/?keywords=Happy%20Vibes%20Trading,https://app.apollo.io/#/companies?q_organization_name=Happy%20Vibes%20Trading,,,,,,New,,partial,0,,,,,,False,False,False,0,0,skip,,,,,,
Hartridges Soft Drinks,,,,,YES,https://www.linkedin.com/search/results/companies/?keywords=Hartridges%20Soft%20Drinks,https://app.apollo.io/#/companies?q_organization_name=Hartridges%20Soft%20Drinks,,,,,,New,,partial,0,,,,,,False,False,False,0,0,skip,,,,,,
Hawkshead Relish Company,,,,,,https://www.linkedin.com/search/results/companies/?keywords=Hawkshead%20Relish%20Company,https://app.apollo.io/#/companies?q_organization_name=Hawkshead%20Relish%20Company,,,,,,New,,partial,0,,,,,,False,False,False,0,0,skip,,,,,,
Hayati,,,,,,https://www.linkedin.com/search/results/companies/?keywords=Hayati,https://app.apollo.io/#/companies?q_organization_name=Hayati,,,,,,New,,partial,0,,,,,,False,False,False,0,0,skip,,,,,,
HAZERBABA - TURKISH DELIGHT,,,,,,https://www.linkedin.com/search/results/companies/?keywords=HAZERBABA%20-%20TURKISH%20DELIGHT,https://app.apollo.io/#/companies?q_organization_name=HAZERBABA%20-%20TURKISH%20DELIGHT,,,,,,New,,partial,0,,,,,,False,False,False,0,0,skip,,,,,,
Healy Group,,,,,,https://www.linkedin.com/search/results/companies/?keywords=Healy%20Group,https://app.apollo.io/#/companies?q_organization_name=Healy%20Group,,,,,,New,,partial,0,,,,,,False,False,False,0,0,skip,,,,,,
Hedonist Bakery,,,,,YES,https://www.linkedin.com/search/results/companies/?keywords=Hedonist%20Bakery,https://app.apollo.io/#/companies?q_organization_name=Hedonist%20Bakery,,,,,,New,,partial,0,,,,,,False,False,False,0,0,skip,,,,,,
Helen Browning's Organic,,,,,YES,https://www.linkedin.com/search/results/companies/?keywords=Helen%20Browning's%20Organic,https://app.apollo.io/#/companies?q_organization_name=Helen%20Browning's%20Organic,,,,,,New,,partial,0,,,,,,False,False,False,0,0,skip,,,,,,
Heler Foods,,,,,YES,https://www.linkedin.com/search/results/companies/?keywords=Heler%20Foods,https://app.apollo.io/#/companies?q_organization_name=Heler%20Foods,,,,,,New,,partial,0,,,,,,False,False,False,0,0,skip,,,,,,
Hello Fresh,,,,,,https://www.linkedin.com/search/results/companies/?keywords=Hello%20Fresh,https://app.apollo.io/#/companies?q_organization_name=Hello%20Fresh,,,,,,New,,partial,0,,,,,,False,False,False,0,0,skip,,,,,,
Henderson Technology,,,,,,https://www.linkedin.com/search/results/companies/?keywords=Henderson%20Technology,https://app.apollo.io/#/companies?q_organization_name=Henderson%20Technology,,,,,,New,,partial,0,,,,,,False,False,False,0,0,skip,,,,,,
Henley Bridge,,,,,,https://www.linkedin.com/search/results/companies/?keywords=Henley%20Bridge,https://app.apollo.io/#/companies?q_organization_name=Henley%20Bridge,,,,,,New,,partial,0,,,,,,False,False,False,0,0,skip,,,,,,
Henllan Bakery,,,,,YES,https://www.linkedin.com/search/results/companies/?keywords=Henllan%20Bakery,https://app.apollo.io/#/companies?q_organization_name=Henllan%20Bakery,,,,,,New,,partial,0,,,,,,False,False,False,0,0,skip,,,,,,
Here's How Cocktails,,,,,,https://www.linkedin.com/search/results/companies/?keywords=Here's%20How%20Cocktails,https://app.apollo.io/#/companies?q_organization_name=Here's%20How%20Cocktails,,,,,,New,,partial,0,,,,,,False,False,False,0,0,skip,,,,,,
Herr's,,,,,,https://www.linkedin.com/search/results/companies/?keywords=Herr's,https://app.apollo.io/#/companies?q_organization_name=Herr's,,,,,,New,,partial,0,,,,,,False,False,False,0,0,skip,,,,,,
Hevva!,,,,,,https://www.linkedin.com/search/results/companies/?keywords=Hevva!,https://app.apollo.io/#/companies?q_organization_name=Hevva!,,,,,,New,,partial,0,,,,,,False,False,False,0,0,skip,,,,,,
HeyLO!,,,,,,https://www.linkedin.com/search/results/companies/?keywords=HeyLO!,https://app.apollo.io/#/companies?q_organization_name=HeyLO!,,,,,,New,,partial,0,,,,,,False,False,False,0,0,skip,,,,,,
Hi! Street Digital Media,,,,,,https://www.linkedin.com/search/results/companies/?keywords=Hi!%20Street%20Digital%20Media,https://app.apollo.io/#/companies?q_organization_name=Hi!%20Street%20Digital%20Media,,,,,,New,,partial,0,,,,,,False,False,False,0,0,skip,,,,,,
High & Dry,,,,,,https://www.linkedin.com/search/results/companies/?keywords=High%20&%20Dry,https://app.apollo.io/#/companies?q_organization_name=High%20&%20Dry,,,,,,New,,partial,0,,,,,,False,False,False,0,0,skip,,,,,,
Highlands - Amazon Growth Partner,,,,,,https://www.linkedin.com/search/results/companies/?keywords=Highlands%20-%20Amazon%20Growth%20Partner,https://app.apollo.io/#/companies?q_organization_name=Highlands%20-%20Amazon%20Growth%20Partner,,,,,,New,,partial,0,,,,,,False,False,False,0,0,skip,,,,,,
Hip Pop,,,,,,https://www.linkedin.com/search/results/companies/?keywords=Hip%20Pop,https://app.apollo.io/#/companies?q_organization_name=Hip%20Pop,,,,,,New,,partial,0,,,,,,False,False,False,0,0,skip,,,,,,
Hitachi - Newcode Partnership Ltd.,,,,,,https://www.linkedin.com/search/results/companies/?keywords=Hitachi%20-%20Newcode%20Partnership%20Ltd.,https://app.apollo.io/#/companies?q_organization_name=Hitachi%20-%20Newcode%20Partnership%20Ltd.,,,,,,New,,partial,0,,,,,,False,False,False,0,0,skip,,,,,,
HL Display,,,,,,https://www.linkedin.com/search/results/companies/?keywords=HL%20Display,https://app.apollo.io/#/companies?q_organization_name=HL%20Display,,,,,,New,,partial,0,,,,,,False,False,False,0,0,skip,,,,,,
HMK Sales Support Solutions,,,,,,https://www.linkedin.com/search/results/companies/?keywords=HMK%20Sales%20Support%20Solutions,https://app.apollo.io/#/companies?q_organization_name=HMK%20Sales%20Support%20Solutions,,,,,,New,,partial,0,,,,,,False,False,False,0,0,skip,,,,,,
Hobbybrew - Rent Free Beverage Gas,,,,,YES,https://www.linkedin.com/search/results/companies/?keywords=Hobbybrew%20-%20Rent%20Free%20Beverage%20Gas,https://app.apollo.io/#/companies?q_organization_name=Hobbybrew%20-%20Rent%20Free%20Beverage%20Gas,,,,,,New,,partial,0,,,,,,False,False,False,0,0,skip,,,,,,
Holleys Fine Foods Ltd,,,,,YES,https://www.linkedin.com/search/results/companies/?keywords=Holleys%20Fine%20Foods%20Ltd,https://app.apollo.io/#/companies?q_organization_name=Holleys%20Fine%20Foods%20Ltd,,,,,,New,,partial,0,,,,,,False,False,False,0,0,skip,,,,,,
Hollywood Candy Wholesale,,,,,YES,https://www.linkedin.com/search/results/companies/?keywords=Hollywood%20Candy%20Wholesale,https://app.apollo.io/#/companies?q_organization_name=Hollywood%20Candy%20Wholesale,,,,,,New,,partial,0,,,,,,False,False,False,0,0,skip,,,,,,
Holmes Bakery,,,,,YES,https://www.linkedin.com/search/results/companies/?keywords=Holmes%20Bakery,https://app.apollo.io/#/companies?q_organization_name=Holmes%20Bakery,,,,,,New,,partial,0,,,,,,False,False,False,0,0,skip,,,,,,
HOLY SOFTDRINKS,,,,,YES,https://www.linkedin.com/search/results/companies/?keywords=HOLY%20SOFTDRINKS,https://app.apollo.io/#/companies?q_organization_name=HOLY%20SOFTDRINKS,,,,,,New,,partial,0,,,,,,False,False,False,0,0,skip,,,,,,
Homefire Group,,,,,,https://www.linkedin.com/search/results/companies/?keywords=Homefire%20Group,https://app.apollo.io/#/companies?q_organization_name=Homefire%20Group,,,,,,New,,partial,0,,,,,,False,False,False,0,0,skip,,,,,,
"HONEST COCO, SMOOOTH IT, PRO2BE",,,,,,"https://www.linkedin.com/search/results/companies/?keywords=HONEST%20COCO,%20SMOOOTH%20IT,%20PRO2BE","https://app.apollo.io/#/companies?q_organization_name=HONEST%20COCO,%20SMOOOTH%20IT,%20PRO2BE",,,,,,New,,partial,0,,,,,,False,False,False,0,0,skip,,,,,,
Hot Chip,,,,,,https://www.linkedin.com/search/results/companies/?keywords=Hot%20Chip,https://app.apollo.io/#/companies?q_organization_name=Hot%20Chip,,,,,,New,,partial,0,,,,,,False,False,False,0,0,skip,,,,,,
HOT STAR HONEY,,,,,,https://www.linkedin.com/search/results/companies/?keywords=HOT%20STAR%20HONEY,https://app.apollo.io/#/companies?q_organization_name=HOT%20STAR%20HONEY,,,,,,New,,partial,0,,,,,,False,False,False,0,0,skip,,,,,,
Hovis Ltd,,,,,,https://www.linkedin.com/search/results/companies/?keywords=Hovis%20Ltd,https://app.apollo.io/#/companies?q_organization_name=Hovis%20Ltd,,,,,,New,,partial,0,,,,,,False,False,False,0,0,skip,,,,,,
Howes Percival Solicitors,,,,,,https://www.linkedin.com/search/results/companies/?keywords=Howes%20Percival%20Solicitors,https://app.apollo.io/#/companies?q_organization_name=Howes%20Percival%20Solicitors,,,,,,New,,partial,0,,,,,,False,False,False,0,0,skip,,,,,,
HQD,,,,,,https://www.linkedin.com/search/results/companies/?keywords=HQD,https://app.apollo.io/#/companies?q_organization_name=HQD,,,,,,New,,partial,0,,,,,,False,False,False,0,0,skip,,,,,,
HS FRENCH FLINT LTD,,,,,,https://www.linkedin.com/search/results/companies/?keywords=HS%20FRENCH%20FLINT%20LTD,https://app.apollo.io/#/companies?q_organization_name=HS%20FRENCH%20FLINT%20LTD,,,,,,New,,partial,0,,,,,,False,False,False,0,0,skip,,,,,,
Hu Kitchen,,,,,,https://www.linkedin.com/search/results/companies/?keywords=Hu%20Kitchen,https://app.apollo.io/#/companies?q_organization_name=Hu%20Kitchen,,,,,,New,,partial,0,,,,,,False,False,False,0,0,skip,,,,,,
Hubl Logistics Ltd,,,,,,https://www.linkedin.com/search/results/companies/?keywords=Hubl%20Logistics%20Ltd,https://app.apollo.io/#/companies?q_organization_name=Hubl%20Logistics%20Ltd,,,,,,New,,partial,0,,,,,,False,False,False,0,0,skip,,,,,,
Hullabaloos Drinks,,,,,YES,https://www.linkedin.com/search/results/companies/?keywords=Hullabaloos%20Drinks,https://app.apollo.io/#/companies?q_organization_name=Hullabaloos%20Drinks,,,,,,New,,partial,0,,,,,,False,False,False,0,0,skip,,,,,,
I T Retail Systems Limited,,,,,YES,https://www.linkedin.com/search/results/companies/?keywords=I%20T%20Retail%20Systems%20Limited,https://app.apollo.io/#/companies?q_organization_name=I%20T%20Retail%20Systems%20Limited,,,,,,New,,partial,0,,,,,,False,False,False,0,0,skip,,,,,,
Ibsela,,,,,,https://www.linkedin.com/search/results/companies/?keywords=Ibsela,https://app.apollo.io/#/companies?q_organization_name=Ibsela,,,,,,New,,partial,0,,,,,,False,False,False,0,0,skip,,,,,,
Ice Rebus,,,,,,https://www.linkedin.com/search/results/companies/?keywords=Ice%20Rebus,https://app.apollo.io/#/companies?q_organization_name=Ice%20Rebus,,,,,,New,,partial,0,,,,,,False,False,False,0,0,skip,,,,,,
Icertech,,,,,,https://www.linkedin.com/search/results/companies/?keywords=Icertech,https://app.apollo.io/#/companies?q_organization_name=Icertech,,,,,,New,,partial,0,,,,,,False,False,False,0,0,skip,,,,,,
ICRTouch,,,,,,https://www.linkedin.com/search/results/companies/?keywords=ICRTouch,https://app.apollo.io/#/companies?q_organization_name=ICRTouch,,,,,,New,,partial,0,,,,,,False,False,False,0,0,skip,,,,,,
ifp-labs,,,,,,https://www.linkedin.com/search/results/companies/?keywords=ifp-labs,https://app.apollo.io/#/companies?q_organization_name=ifp-labs,,,,,,New,,partial,0,,,,,,False,False,False,0,0,skip,,,,,,
IGH Group,,,,,,https://www.linkedin.com/search/results/companies/?keywords=IGH%20Group,https://app.apollo.io/#/companies?q_organization_name=IGH%20Group,,,,,,New,,partial,0,,,,,,False,False,False,0,0,skip,,,,,,
Ikoyi Chapmans,,,,,,https://www.linkedin.com/search/results/companies/?keywords=Ikoyi%20Chapmans,https://app.apollo.io/#/companies?q_organization_name=Ikoyi%20Chapmans,,,,,,New,,partial,0,,,,,,False,False,False,0,0,skip,,,,,,
Imaginations,,,,,,https://www.linkedin.com/search/results/companies/?keywords=Imaginations,https://app.apollo.io/#/companies?q_organization_name=Imaginations,,,,,,New,,partial,0,,,,,,False,False,False,0,0,skip,,,,,,
iMin,,,,,,https://www.linkedin.com/search/results/companies/?keywords=iMin,https://app.apollo.io/#/companies?q_organization_name=iMin,,,,,,New,,partial,0,,,,,,False,False,False,0,0,skip,,,,,,
IMO Car Wash,,,,,,https://www.linkedin.com/search/results/companies/?keywords=IMO%20Car%20Wash,https://app.apollo.io/#/companies?q_organization_name=IMO%20Car%20Wash,,,,,,New,,partial,0,,,,,,False,False,False,0,0,skip,,,,,,
Imperial Brands,,,,,,https://www.linkedin.com/search/results/companies/?keywords=Imperial%20Brands,https://app.apollo.io/#/companies?q_organization_name=Imperial%20Brands,,,,,,New,,partial,0,,,,,,False,False,False,0,0,skip,,,,,,
"Imperial Teas (EPZ) Limited, Kenya",,,,,YES,"https://www.linkedin.com/search/results/companies/?keywords=Imperial%20Teas%20(EPZ)%20Limited,%20Kenya","https://app.apollo.io/#/companies?q_organization_name=Imperial%20Teas%20(EPZ)%20Limited,%20Kenya",,,,,,New,,partial,0,,,,,,False,False,False,0,0,skip,,,,,,
Industrial Washing Machines Ltd,,,,,,https://www.linkedin.com/search/results/companies/?keywords=Industrial%20Washing%20Machines%20Ltd,https://app.apollo.io/#/companies?q_organization_name=Industrial%20Washing%20Machines%20Ltd,,,,,,New,,partial,0,,,,,,False,False,False,0,0,skip,,,,,,
Infin8 Brands UK - Gummy Rush,,,,,,https://www.linkedin.com/search/results/companies/?keywords=Infin8%20Brands%20UK%20-%20Gummy%20Rush,https://app.apollo.io/#/companies?q_organization_name=Infin8%20Brands%20UK%20-%20Gummy%20Rush,,,,,,New,,partial,0,,,,,,False,False,False,0,0,skip,,,,,,
INFINITY CASH AND CARRY,,,,,,https://www.linkedin.com/search/results/companies/?keywords=INFINITY%20CASH%20AND%20CARRY,https://app.apollo.io/#/companies?q_organization_name=INFINITY%20CASH%20AND%20CARRY,,,,,,New,,partial,0,,,,,,False,False,False,0,0,skip,,,,,,
Infinity Christmas Trees,,,,,,https://www.linkedin.com/search/results/companies/?keywords=Infinity%20Christmas%20Trees,https://app.apollo.io/#/companies?q_organization_name=Infinity%20Christmas%20Trees,,,,,,New,,partial,0,,,,,,False,False,False,0,0,skip,,,,,,
Infinity Foods Wholesale,,,,,YES,https://www.linkedin.com/search/results/companies/?keywords=Infinity%20Foods%20Wholesale,https://app.apollo.io/#/companies?q_organization_name=Infinity%20Foods%20Wholesale,,,,,,New,,partial,0,,,,,,False,False,False,0,0,skip,,,,,,
Informed Sources,,,,,,https://www.linkedin.com/search/results/companies/?keywords=Informed%20Sources,https://app.apollo.io/#/companies?q_organization_name=Informed%20Sources,,,,,,New,,partial,0,,,,,,False,False,False,0,0,skip,,,,,,
innocent drinks,,,,,YES,https://www.linkedin.com/search/results/companies/?keywords=innocent%20drinks,https://app.apollo.io/#/companies?q_organization_name=innocent%20drinks,,,,,,New,,partial,0,,,,,,False,False,False,0,0,skip,,,,,,
Instanta,,,,,,https://www.linkedin.com/search/results/companies/?keywords=Instanta,https://app.apollo.io/#/companies?q_organization_name=Instanta,,,,,,New,,partial,0,,,,,,False,False,False,0,0,skip,,,,,,
INSTANTA SP. Z O.O.,,,,,,https://www.linkedin.com/search/results/companies/?keywords=INSTANTA%20SP.%20Z%20O.O.,https://app.apollo.io/#/companies?q_organization_name=INSTANTA%20SP.%20Z%20O.O.,,,,,,New,,partial,0,,,,,,False,False,False,0,0,skip,,,,,,
Integrity Foods,,,,,YES,https://www.linkedin.com/search/results/companies/?keywords=Integrity%20Foods,https://app.apollo.io/#/companies?q_organization_name=Integrity%20Foods,,,,,,New,,partial,0,,,,,,False,False,False,0,0,skip,,,,,,
Interfood Technology,,,,,YES,https://www.linkedin.com/search/results/companies/?keywords=Interfood%20Technology,https://app.apollo.io/#/companies?q_organization_name=Interfood%20Technology,,,,,,New,,partial,0,,,,,,False,False,False,0,0,skip,,,,,,
Interprofession Du Gruyere,,,,,,https://www.linkedin.com/search/results/companies/?keywords=Interprofession%20Du%20Gruyere,https://app.apollo.io/#/companies?q_organization_name=Interprofession%20Du%20Gruyere,,,,,,New,,partial,0,,,,,,False,False,False,0,0,skip,,,,,,
INTERTEK,,,,,,https://www.linkedin.com/search/results/companies/?keywords=INTERTEK,https://app.apollo.io/#/companies?q_organization_name=INTERTEK,,,,,,New,,partial,0,,,,,,False,False,False,0,0,skip,,,,,,
Irish Black Butter,,,,,,https://www.linkedin.com/search/results/companies/?keywords=Irish%20Black%20Butter,https://app.apollo.io/#/companies?q_organization_name=Irish%20Black%20Butter,,,,,,New,,partial,0,,,,,,False,False,False,0,0,skip,,,,,,
ISLAND DELIGHT,,,,,,https://www.linkedin.com/search/results/companies/?keywords=ISLAND%20DELIGHT,https://app.apollo.io/#/companies?q_organization_name=ISLAND%20DELIGHT,,,,,,New,,partial,0,,,,,,False,False,False,0,0,skip,,,,,,
Isle of Skye Sea Salt Co.,,,,,,https://www.linkedin.com/search/results/companies/?keywords=Isle%20of%20Skye%20Sea%20Salt%20Co.,https://app.apollo.io/#/companies?q_organization_name=Isle%20of%20Skye%20Sea%20Salt%20Co.,,,,,,New,,partial,0,,,,,,False,False,False,0,0,skip,,,,,,
iSqueeze Ltd,,,,,,https://www.linkedin.com/search/results/companies/?keywords=iSqueeze%20Ltd,https://app.apollo.io/#/companies?q_organization_name=iSqueeze%20Ltd,,,,,,New,,partial,0,,,,,,False,False,False,0,0,skip,,,,,,
It's a Wrap,,,,,,https://www.linkedin.com/search/results/companies/?keywords=It's%20a%20Wrap,https://app.apollo.io/#/companies?q_organization_name=It's%20a%20Wrap,,,,,,New,,partial,0,,,,,,False,False,False,0,0,skip,,,,,,
IT'S GIVING,,,,,,https://www.linkedin.com/search/results/companies/?keywords=IT'S%20GIVING,https://app.apollo.io/#/companies?q_organization_name=IT'S%20GIVING,,,,,,New,,partial,0,,,,,,False,False,False,0,0,skip,,,,,,
Itsu (Grocery),,,,,YES,https://www.linkedin.com/search/results/companies/?keywords=Itsu%20(Grocery),https://app.apollo.io/#/companies?q_organization_name=Itsu%20(Grocery),,,,,,New,,partial,0,,,,,,False,False,False,0,0,skip,,,,,,
Jaimin Food,,,,,YES,https://www.linkedin.com/search/results/companies/?keywords=Jaimin%20Food,https://app.apollo.io/#/companies?q_organization_name=Jaimin%20Food,,,,,,New,,partial,0,,,,,,False,False,False,0,0,skip,,,,,,
JDM Distributors,,,,,,https://www.linkedin.com/search/results/companies/?keywords=JDM%20Distributors,https://app.apollo.io/#/companies?q_organization_name=JDM%20Distributors,,,,,,New,,partial,0,,,,,,False,False,False,0,0,skip,,,,,,
JDM Shopfitters / BCC,,,,,,https://www.linkedin.com/search/results/companies/?keywords=JDM%20Shopfitters%20/%20BCC,https://app.apollo.io/#/companies?q_organization_name=JDM%20Shopfitters%20/%20BCC,,,,,,New,,partial,0,,,,,,False,False,False,0,0,skip,,,,,,
JET,,,,,,https://www.linkedin.com/search/results/companies/?keywords=JET,https://app.apollo.io/#/companies?q_organization_name=JET,,,,,,New,,partial,0,,,,,,False,False,False,0,0,skip,,,,,,
"Jiangsu Junqi Biotech Co., LTD",,,,,,"https://www.linkedin.com/search/results/companies/?keywords=Jiangsu%20Junqi%20Biotech%20Co.,%20LTD","https://app.apollo.io/#/companies?q_organization_name=Jiangsu%20Junqi%20Biotech%20Co.,%20LTD",,,,,,New,,partial,0,,,,,,False,False,False,0,0,skip,,,,,,
Jimmys,,,,,,https://www.linkedin.com/search/results/companies/?keywords=Jimmys,https://app.apollo.io/#/companies?q_organization_name=Jimmys,,,,,,New,,partial,0,,,,,,False,False,False,0,0,skip,,,,,,
Jolly's,,,,,,https://www.linkedin.com/search/results/companies/?keywords=Jolly's,https://app.apollo.io/#/companies?q_organization_name=Jolly's,,,,,,New,,partial,0,,,,,,False,False,False,0,0,skip,,,,,,
Jordon Group,,,,,,https://www.linkedin.com/search/results/companies/?keywords=Jordon%20Group,https://app.apollo.io/#/companies?q_organization_name=Jordon%20Group,,,,,,New,,partial,0,,,,,,False,False,False,0,0,skip,,,,,,
Jörg Geiger - Non-alcoholic Wines,,,,,YES,https://www.linkedin.com/search/results/companies/?keywords=Jörg%20Geiger%20-%20Non-alcoholic%20Wines,https://app.apollo.io/#/companies?q_organization_name=Jörg%20Geiger%20-%20Non-alcoholic%20Wines,,,,,,New,,partial,0,,,,,,False,False,False,0,0,skip,,,,,,
Josephnoblett.com,,,,,,https://www.linkedin.com/search/results/companies/?keywords=Josephnoblett.com,https://app.apollo.io/#/companies?q_organization_name=Josephnoblett.com,,,,,,New,,partial,0,,,,,,False,False,False,0,0,skip,,,,,,
Josh's Chocolate,,,,,YES,https://www.linkedin.com/search/results/companies/?keywords=Josh's%20Chocolate,https://app.apollo.io/#/companies?q_organization_name=Josh's%20Chocolate,,,,,,New,,partial,0,,,,,,False,False,False,0,0,skip,,,,,,
Joypots Ltd,,,,,,https://www.linkedin.com/search/results/companies/?keywords=Joypots%20Ltd,https://app.apollo.io/#/companies?q_organization_name=Joypots%20Ltd,,,,,,New,,partial,0,,,,,,False,False,False,0,0,skip,,,,,,
Juggle Confectionery,,,,,YES,https://www.linkedin.com/search/results/companies/?keywords=Juggle%20Confectionery,https://app.apollo.io/#/companies?q_organization_name=Juggle%20Confectionery,,,,,,New,,partial,0,,,,,,False,False,False,0,0,skip,,,,,,
Jumi Cheese - artisan Swiss cheese,,,,,,https://www.linkedin.com/search/results/companies/?keywords=Jumi%20Cheese%20-%20artisan%20Swiss%20cheese,https://app.apollo.io/#/companies?q_organization_name=Jumi%20Cheese%20-%20artisan%20Swiss%20cheese,,,,,,New,,partial,0,,,,,,False,False,False,0,0,skip,,,,,,
Jurassea (Jurassic Drinks),,,,,YES,https://www.linkedin.com/search/results/companies/?keywords=Jurassea%20(Jurassic%20Drinks),https://app.apollo.io/#/companies?q_organization_name=Jurassea%20(Jurassic%20Drinks),,,,,,New,,partial,0,,,,,,False,False,False,0,0,skip,,,,,,
Just Crisps Ltd / Just Oil Ltd,,,,,,https://www.linkedin.com/search/results/companies/?keywords=Just%20Crisps%20Ltd%20/%20Just%20Oil%20Ltd,https://app.apollo.io/#/companies?q_organization_name=Just%20Crisps%20Ltd%20/%20Just%20Oil%20Ltd,,,,,,New,,partial,0,,,,,,False,False,False,0,0,skip,,,,,,
Just Desserts,,,,,,https://www.linkedin.com/search/results/companies/?keywords=Just%20Desserts,https://app.apollo.io/#/companies?q_organization_name=Just%20Desserts,,,,,,New,,partial,0,,,,,,False,False,False,0,0,skip,,,,,,
Just Gourmet Foods Ltd,,,,,YES,https://www.linkedin.com/search/results/companies/?keywords=Just%20Gourmet%20Foods%20Ltd,https://app.apollo.io/#/companies?q_organization_name=Just%20Gourmet%20Foods%20Ltd,,,,,,New,,partial,0,,,,,,False,False,False,0,0,skip,,,,,,
Kanegrade Ltd,,,,,,https://www.linkedin.com/search/results/companies/?keywords=Kanegrade%20Ltd,https://app.apollo.io/#/companies?q_organization_name=Kanegrade%20Ltd,,,,,,New,,partial,0,,,,,,False,False,False,0,0,skip,,,,,,
KAUNO GRUDAI,,,,,,https://www.linkedin.com/search/results/companies/?keywords=KAUNO%20GRUDAI,https://app.apollo.io/#/companies?q_organization_name=KAUNO%20GRUDAI,,,,,,New,,partial,0,,,,,,False,False,False,0,0,skip,,,,,,
Kefla UK Ltd,,,,,,https://www.linkedin.com/search/results/companies/?keywords=Kefla%20UK%20Ltd,https://app.apollo.io/#/companies?q_organization_name=Kefla%20UK%20Ltd,,,,,,New,,partial,0,,,,,,False,False,False,0,0,skip,,,,,,
Kellanova,,,,,,https://www.linkedin.com/search/results/companies/?keywords=Kellanova,https://app.apollo.io/#/companies?q_organization_name=Kellanova,,,,,,New,,partial,0,,,,,,False,False,False,0,0,skip,,,,,,
KELSIUS,,,,,,https://www.linkedin.com/search/results/companies/?keywords=KELSIUS,https://app.apollo.io/#/companies?q_organization_name=KELSIUS,,,,,,New,,partial,0,,,,,,False,False,False,0,0,skip,,,,,,
Kerry Dairy Ireland,,,,,YES,https://www.linkedin.com/search/results/companies/?keywords=Kerry%20Dairy%20Ireland,https://app.apollo.io/#/companies?q_organization_name=Kerry%20Dairy%20Ireland,,,,,,New,,partial,0,,,,,,False,False,False,0,0,skip,,,,,,
Kershaws Frozen Foods,,,,,YES,https://www.linkedin.com/search/results/companies/?keywords=Kershaws%20Frozen%20Foods,https://app.apollo.io/#/companies?q_organization_name=Kershaws%20Frozen%20Foods,,,,,,New,,partial,0,,,,,,False,False,False,0,0,skip,,,,,,
Kersia UK,,,,,,https://www.linkedin.com/search/results/companies/?keywords=Kersia%20UK,https://app.apollo.io/#/companies?q_organization_name=Kersia%20UK,,,,,,New,,partial,0,,,,,,False,False,False,0,0,skip,,,,,,
Kervan Gida UK Ltd,,,,,,https://www.linkedin.com/search/results/companies/?keywords=Kervan%20Gida%20UK%20Ltd,https://app.apollo.io/#/companies?q_organization_name=Kervan%20Gida%20UK%20Ltd,,,,,,New,,partial,0,,,,,,False,False,False,0,0,skip,,,,,,
Kim & Deum,,,,,,https://www.linkedin.com/search/results/companies/?keywords=Kim%20&%20Deum,https://app.apollo.io/#/companies?q_organization_name=Kim%20&%20Deum,,,,,,New,,partial,0,,,,,,False,False,False,0,0,skip,,,,,,
Kin Vodka/Sloemotion Distillery,,,,,,https://www.linkedin.com/search/results/companies/?keywords=Kin%20Vodka/Sloemotion%20Distillery,https://app.apollo.io/#/companies?q_organization_name=Kin%20Vodka/Sloemotion%20Distillery,,,,,,New,,partial,0,,,,,,False,False,False,0,0,skip,,,,,,
Kite Packaging,,,,,YES,https://www.linkedin.com/search/results/companies/?keywords=Kite%20Packaging,https://app.apollo.io/#/companies?q_organization_name=Kite%20Packaging,,,,,,New,,partial,0,,,,,,False,False,False,0,0,skip,,,,,,
Kohlico Brands UK,,,,,,https://www.linkedin.com/search/results/companies/?keywords=Kohlico%20Brands%20UK,https://app.apollo.io/#/companies?q_organization_name=Kohlico%20Brands%20UK,,,,,,New,,partial,0,,,,,,False,False,False,0,0,skip,,,,,,
KTC Food Group.,,,,,YES,https://www.linkedin.com/search/results/companies/?keywords=KTC%20Food%20Group.,https://app.apollo.io/#/companies?q_organization_name=KTC%20Food%20Group.,,,,,,New,,partial,0,,,,,,False,False,False,0,0,skip,,,,,,
Kuchenmeister,,,,,,https://www.linkedin.com/search/results/companies/?keywords=Kuchenmeister,https://app.apollo.io/#/companies?q_organization_name=Kuchenmeister,,,,,,New,,partial,0,,,,,,False,False,False,0,0,skip,,,,,,
Kursat's,,,,,,https://www.linkedin.com/search/results/companies/?keywords=Kursat's,https://app.apollo.io/#/companies?q_organization_name=Kursat's,,,,,,New,,partial,0,,,,,,False,False,False,0,0,skip,,,,,,
Kylemark Uniform,,,,,,https://www.linkedin.com/search/results/companies/?keywords=Kylemark%20Uniform,https://app.apollo.io/#/companies?q_organization_name=Kylemark%20Uniform,,,,,,New,,partial,0,,,,,,False,False,False,0,0,skip,,,,,,
La Tua Pasta,,,,,,https://www.linkedin.com/search/results/companies/?keywords=La%20Tua%20Pasta,https://app.apollo.io/#/companies?q_organization_name=La%20Tua%20Pasta,,,,,,New,,partial,0,,,,,,False,False,False,0,0,skip,,,,,,
Labelling- solutions,,,,,,https://www.linkedin.com/search/results/companies/?keywords=Labelling-%20solutions,https://app.apollo.io/#/companies?q_organization_name=Labelling-%20solutions,,,,,,New,,partial,0,,,,,,False,False,False,0,0,skip,,,,,,
Laila's Fine Foods Ltd,,,,,YES,https://www.linkedin.com/search/results/companies/?keywords=Laila's%20Fine%20Foods%20Ltd,https://app.apollo.io/#/companies?q_organization_name=Laila's%20Fine%20Foods%20Ltd,,,,,,New,,partial,0,,,,,,False,False,False,0,0,skip,,,,,,
Lajthiza Natural Mineral Water,,,,,,https://www.linkedin.com/search/results/companies/?keywords=Lajthiza%20Natural%20Mineral%20Water,https://app.apollo.io/#/companies?q_organization_name=Lajthiza%20Natural%20Mineral%20Water,,,,,,New,,partial,0,,,,,,False,False,False,0,0,skip,,,,,,
Lakeland Dairies,,,,,,https://www.linkedin.com/search/results/companies/?keywords=Lakeland%20Dairies,https://app.apollo.io/#/companies?q_organization_name=Lakeland%20Dairies,,,,,,New,,partial,0,,,,,,False,False,False,0,0,skip,,,,,,
Lakes Ice Cream,,,,,,https://www.linkedin.com/search/results/companies/?keywords=Lakes%20Ice%20Cream,https://app.apollo.io/#/companies?q_organization_name=Lakes%20Ice%20Cream,,,,,,New,,partial,0,,,,,,False,False,False,0,0,skip,,,,,,
Lakrids by Bülow,,,,,,https://www.linkedin.com/search/results/companies/?keywords=Lakrids%20by%20Bülow,https://app.apollo.io/#/companies?q_organization_name=Lakrids%20by%20Bülow,,,,,,New,,partial,0,,,,,,False,False,False,0,0,skip,,,,,,
Lancashire Farm,,,,,,https://www.linkedin.com/search/results/companies/?keywords=Lancashire%20Farm,https://app.apollo.io/#/companies?q_organization_name=Lancashire%20Farm,,,,,,New,,partial,0,,,,,,False,False,False,0,0,skip,,,,,,
Langtins,,,,,,https://www.linkedin.com/search/results/companies/?keywords=Langtins,https://app.apollo.io/#/companies?q_organization_name=Langtins,,,,,,New,,partial,0,,,,,,False,False,False,0,0,skip,,,,,,
Lavazza,,,,,,https://www.linkedin.com/search/results/companies/?keywords=Lavazza,https://app.apollo.io/#/companies?q_organization_name=Lavazza,,,,,,New,,partial,0,,,,,,False,False,False,0,0,skip,,,,,,
Law Print & Packaging/Postumia,,,,,YES,https://www.linkedin.com/search/results/companies/?keywords=Law%20Print%20&%20Packaging/Postumia,https://app.apollo.io/#/companies?q_organization_name=Law%20Print%20&%20Packaging/Postumia,,,,,,New,,partial,0,,,,,,False,False,False,0,0,skip,,,,,,
Leclerc Foods UK Ltd,,,,,YES,https://www.linkedin.com/search/results/companies/?keywords=Leclerc%20Foods%20UK%20Ltd,https://app.apollo.io/#/companies?q_organization_name=Leclerc%20Foods%20UK%20Ltd,,,,,,New,,partial,0,,,,,,False,False,False,0,0,skip,,,,,,
Leigh's Bees - Natural English Honey,,,,,,https://www.linkedin.com/search/results/companies/?keywords=Leigh's%20Bees%20-%20Natural%20English%20Honey,https://app.apollo.io/#/companies?q_organization_name=Leigh's%20Bees%20-%20Natural%20English%20Honey,,,,,,New,,partial,0,,,,,,False,False,False,0,0,skip,,,,,,
Lemon Fresh UK Ltd,,,,,,https://www.linkedin.com/search/results/companies/?keywords=Lemon%20Fresh%20UK%20Ltd,https://app.apollo.io/#/companies?q_organization_name=Lemon%20Fresh%20UK%20Ltd,,,,,,New,,partial,0,,,,,,False,False,False,0,0,skip,,,,,,
LEO&NINÉ WINES,,,,,YES,https://www.linkedin.com/search/results/companies/?keywords=LEO&NINÉ%20WINES,https://app.apollo.io/#/companies?q_organization_name=LEO&NINÉ%20WINES,,,,,,New,,partial,0,,,,,,False,False,False,0,0,skip,,,,,,
Léonce Blanc,,,,,,https://www.linkedin.com/search/results/companies/?keywords=Léonce%20Blanc,https://app.apollo.io/#/companies?q_organization_name=Léonce%20Blanc,,,,,,New,,partial,0,,,,,,False,False,False,0,0,skip,,,,,,
Less Is More Candy,,,,,YES,https://www.linkedin.com/search/results/companies/?keywords=Less%20Is%20More%20Candy,https://app.apollo.io/#/companies?q_organization_name=Less%20Is%20More%20Candy,,,,,,New,,partial,0,,,,,,False,False,False,0,0,skip,,,,,,
Liberation,,,,,,https://www.linkedin.com/search/results/companies/?keywords=Liberation,https://app.apollo.io/#/companies?q_organization_name=Liberation,,,,,,New,,partial,0,,,,,,False,False,False,0,0,skip,,,,,,
Liberty Packaging System (LPS),,,,,YES,https://www.linkedin.com/search/results/companies/?keywords=Liberty%20Packaging%20System%20(LPS),https://app.apollo.io/#/companies?q_organization_name=Liberty%20Packaging%20System%20(LPS),,,,,,New,,partial,0,,,,,,False,False,False,0,0,skip,,,,,,
Licensing Matters,,,,,,https://www.linkedin.com/search/results/companies/?keywords=Licensing%20Matters,https://app.apollo.io/#/companies?q_organization_name=Licensing%20Matters,,,,,,New,,partial,0,,,,,,False,False,False,0,0,skip,,,,,,
Lightspeed,,,,,,https://www.linkedin.com/search/results/companies/?keywords=Lightspeed,https://app.apollo.io/#/companies?q_organization_name=Lightspeed,,,,,,New,,partial,0,,,,,,False,False,False,0,0,skip,,,,,,
LINEAGE,,,,,,https://www.linkedin.com/search/results/companies/?keywords=LINEAGE,https://app.apollo.io/#/companies?q_organization_name=LINEAGE,,,,,,New,,partial,0,,,,,,False,False,False,0,0,skip,,,,,,
Lipton's,,,,,,https://www.linkedin.com/search/results/companies/?keywords=Lipton's,https://app.apollo.io/#/companies?q_organization_name=Lipton's,,,,,,New,,partial,0,,,,,,False,False,False,0,0,skip,,,,,,
Lishman's Of Ilkley,,,,,,https://www.linkedin.com/search/results/companies/?keywords=Lishman's%20Of%20Ilkley,https://app.apollo.io/#/companies?q_organization_name=Lishman's%20Of%20Ilkley,,,,,,New,,partial,0,,,,,,False,False,False,0,0,skip,,,,,,
Lister's Crisps,,,,,,https://www.linkedin.com/search/results/companies/?keywords=Lister's%20Crisps,https://app.apollo.io/#/companies?q_organization_name=Lister's%20Crisps,,,,,,New,,partial,0,,,,,,False,False,False,0,0,skip,,,,,,
LitFood,,,,,YES,https://www.linkedin.com/search/results/companies/?keywords=LitFood,https://app.apollo.io/#/companies?q_organization_name=LitFood,,,,,,New,,partial,0,,,,,,False,False,False,0,0,skip,,,,,,
Little Jack's Sausage Rolls,,,,,,https://www.linkedin.com/search/results/companies/?keywords=Little%20Jack's%20Sausage%20Rolls,https://app.apollo.io/#/companies?q_organization_name=Little%20Jack's%20Sausage%20Rolls,,,,,,New,,partial,0,,,,,,False,False,False,0,0,skip,,,,,,
Little Sutton Spice Company,,,,,YES,https://www.linkedin.com/search/results/companies/?keywords=Little%20Sutton%20Spice%20Company,https://app.apollo.io/#/companies?q_organization_name=Little%20Sutton%20Spice%20Company,,,,,,New,,partial,0,,,,,,False,False,False,0,0,skip,,,,,,
Llaeth y Llan,,,,,,https://www.linkedin.com/search/results/companies/?keywords=Llaeth%20y%20Llan,https://app.apollo.io/#/companies?q_organization_name=Llaeth%20y%20Llan,,,,,,New,,partial,0,,,,,,False,False,False,0,0,skip,,,,,,
Lockdown Liquor & Co.,,,,,,https://www.linkedin.com/search/results/companies/?keywords=Lockdown%20Liquor%20&%20Co.,https://app.apollo.io/#/companies?q_organization_name=Lockdown%20Liquor%20&%20Co.,,,,,,New,,partial,0,,,,,,False,False,False,0,0,skip,,,,,,
Lodge Farm Kitchen,,,,,,https://www.linkedin.com/search/results/companies/?keywords=Lodge%20Farm%20Kitchen,https://app.apollo.io/#/companies?q_organization_name=Lodge%20Farm%20Kitchen,,,,,,New,,partial,0,,,,,,False,False,False,0,0,skip,,,,,,
Logistics Reply,,,,,,https://www.linkedin.com/search/results/companies/?keywords=Logistics%20Reply,https://app.apollo.io/#/companies?q_organization_name=Logistics%20Reply,,,,,,New,,partial,0,,,,,,False,False,False,0,0,skip,,,,,,
LOKO Studio,,,,,,https://www.linkedin.com/search/results/companies/?keywords=LOKO%20Studio,https://app.apollo.io/#/companies?q_organization_name=LOKO%20Studio,,,,,,New,,partial,0,,,,,,False,False,False,0,0,skip,,,,,,
London Coffee Factory,,,,,YES,https://www.linkedin.com/search/results/companies/?keywords=London%20Coffee%20Factory,https://app.apollo.io/#/companies?q_organization_name=London%20Coffee%20Factory,,,,,,New,,partial,0,,,,,,False,False,False,0,0,skip,,,,,,
London Smoke & Cure,,,,,,https://www.linkedin.com/search/results/companies/?keywords=London%20Smoke%20&%20Cure,https://app.apollo.io/#/companies?q_organization_name=London%20Smoke%20&%20Cure,,,,,,New,,partial,0,,,,,,False,False,False,0,0,skip,,,,,,
Longo & Co.,,,,,,https://www.linkedin.com/search/results/companies/?keywords=Longo%20&%20Co.,https://app.apollo.io/#/companies?q_organization_name=Longo%20&%20Co.,,,,,,New,,partial,0,,,,,,False,False,False,0,0,skip,,,,,,
Lottie Shaw's,,,,,,https://www.linkedin.com/search/results/companies/?keywords=Lottie%20Shaw's,https://app.apollo.io/#/companies?q_organization_name=Lottie%20Shaw's,,,,,,New,,partial,0,,,,,,False,False,False,0,0,skip,,,,,,
LP Wholesale Ltd,,,,,YES,https://www.linkedin.com/search/results/companies/?keywords=LP%20Wholesale%20Ltd,https://app.apollo.io/#/companies?q_organization_name=LP%20Wholesale%20Ltd,,,,,,New,,partial,0,,,,,,False,False,False,0,0,skip,,,,,,
LSF Wholesale,,,,,YES,https://www.linkedin.com/search/results/companies/?keywords=LSF%20Wholesale,https://app.apollo.io/#/companies?q_organization_name=LSF%20Wholesale,,,,,,New,,partial,0,,,,,,False,False,False,0,0,skip,,,,,,
Lucky Dip,,,,,,https://www.linkedin.com/search/results/companies/?keywords=Lucky%20Dip,https://app.apollo.io/#/companies?q_organization_name=Lucky%20Dip,,,,,,New,,partial,0,,,,,,False,False,False,0,0,skip,,,,,,
LUMBERJAXE AS SEEN ON DRAGONS DEN,,,,,,https://www.linkedin.com/search/results/companies/?keywords=LUMBERJAXE%20AS%20SEEN%20ON%20DRAGONS%20DEN,https://app.apollo.io/#/companies?q_organization_name=LUMBERJAXE%20AS%20SEEN%20ON%20DRAGONS%20DEN,,,,,,New,,partial,0,,,,,,False,False,False,0,0,skip,,,,,,
Lumina Intelligence,,,,,,https://www.linkedin.com/search/results/companies/?keywords=Lumina%20Intelligence,https://app.apollo.io/#/companies?q_organization_name=Lumina%20Intelligence,,,,,,New,,partial,0,,,,,,False,False,False,0,0,skip,,,,,,
Luscombe Drinks,,,,,YES,https://www.linkedin.com/search/results/companies/?keywords=Luscombe%20Drinks,https://app.apollo.io/#/companies?q_organization_name=Luscombe%20Drinks,,,,,,New,,partial,0,,,,,,False,False,False,0,0,skip,,,,,,
LYONS COFFEE / ROYAL EMERALD FOODS,,,,,YES,https://www.linkedin.com/search/results/companies/?keywords=LYONS%20COFFEE%20/%20ROYAL%20EMERALD%20FOODS,https://app.apollo.io/#/companies?q_organization_name=LYONS%20COFFEE%20/%20ROYAL%20EMERALD%20FOODS,,,,,,New,,partial,0,,,,,,False,False,False,0,0,skip,,,,,,
Mach 1 Laundry Box,,,,,,https://www.linkedin.com/search/results/companies/?keywords=Mach%201%20Laundry%20Box,https://app.apollo.io/#/companies?q_organization_name=Mach%201%20Laundry%20Box,,,,,,New,,partial,0,,,,,,False,False,False,0,0,skip,,,,,,
MACMILLAN CANCER SUPPORT,,,,,,https://www.linkedin.com/search/results/companies/?keywords=MACMILLAN%20CANCER%20SUPPORT,https://app.apollo.io/#/companies?q_organization_name=MACMILLAN%20CANCER%20SUPPORT,,,,,,New,,partial,0,,,,,,False,False,False,0,0,skip,,,,,,
MADIC UK,,,,,,https://www.linkedin.com/search/results/companies/?keywords=MADIC%20UK,https://app.apollo.io/#/companies?q_organization_name=MADIC%20UK,,,,,,New,,partial,0,,,,,,False,False,False,0,0,skip,,,,,,
Mahalo Supplies,,,,,,https://www.linkedin.com/search/results/companies/?keywords=Mahalo%20Supplies,https://app.apollo.io/#/companies?q_organization_name=Mahalo%20Supplies,,,,,,New,,partial,0,,,,,,False,False,False,0,0,skip,,,,,,
Mai Chai,,,,,,https://www.linkedin.com/search/results/companies/?keywords=Mai%20Chai,https://app.apollo.io/#/companies?q_organization_name=Mai%20Chai,,,,,,New,,partial,0,,,,,,False,False,False,0,0,skip,,,,,,
ManiLife,,,,,,https://www.linkedin.com/search/results/companies/?keywords=ManiLife,https://app.apollo.io/#/companies?q_organization_name=ManiLife,,,,,,New,,partial,0,,,,,,False,False,False,0,0,skip,,,,,,
Manning Impex,,,,,,https://www.linkedin.com/search/results/companies/?keywords=Manning%20Impex,https://app.apollo.io/#/companies?q_organization_name=Manning%20Impex,,,,,,New,,partial,0,,,,,,False,False,False,0,0,skip,,,,,,
Maras Gourmet,,,,,,https://www.linkedin.com/search/results/companies/?keywords=Maras%20Gourmet,https://app.apollo.io/#/companies?q_organization_name=Maras%20Gourmet,,,,,,New,,partial,0,,,,,,False,False,False,0,0,skip,,,,,,
Marco Beverage Systems,,,,,YES,https://www.linkedin.com/search/results/companies/?keywords=Marco%20Beverage%20Systems,https://app.apollo.io/#/companies?q_organization_name=Marco%20Beverage%20Systems,,,,,,New,,partial,0,,,,,,False,False,False,0,0,skip,,,,,,
Margaret's Country Kitchen,,,,,,https://www.linkedin.com/search/results/companies/?keywords=Margaret's%20Country%20Kitchen,https://app.apollo.io/#/companies?q_organization_name=Margaret's%20Country%20Kitchen,,,,,,New,,partial,0,,,,,,False,False,False,0,0,skip,,,,,,
Marigold Health Foods,,,,,YES,https://www.linkedin.com/search/results/companies/?keywords=Marigold%20Health%20Foods,https://app.apollo.io/#/companies?q_organization_name=Marigold%20Health%20Foods,,,,,,New,,partial,0,,,,,,False,False,False,0,0,skip,,,,,,
Marimba World Chocolate Ltd,,,,,YES,https://www.linkedin.com/search/results/companies/?keywords=Marimba%20World%20Chocolate%20Ltd,https://app.apollo.io/#/companies?q_organization_name=Marimba%20World%20Chocolate%20Ltd,,,,,,New,,partial,0,,,,,,False,False,False,0,0,skip,,,,,,
MarketMan,,,,,,https://www.linkedin.com/search/results/companies/?keywords=MarketMan,https://app.apollo.io/#/companies?q_organization_name=MarketMan,,,,,,New,,partial,0,,,,,,False,False,False,0,0,skip,,,,,,
Mary Mary,,,,,,https://www.linkedin.com/search/results/companies/?keywords=Mary%20Mary,https://app.apollo.io/#/companies?q_organization_name=Mary%20Mary,,,,,,New,,partial,0,,,,,,False,False,False,0,0,skip,,,,,,
MAY AND RAEBURN LIMITED,,,,,,https://www.linkedin.com/search/results/companies/?keywords=MAY%20AND%20RAEBURN%20LIMITED,https://app.apollo.io/#/companies?q_organization_name=MAY%20AND%20RAEBURN%20LIMITED,,,,,,New,,partial,0,,,,,,False,False,False,0,0,skip,,,,,,
Maynard House - Fruit Juices,,,,,YES,https://www.linkedin.com/search/results/companies/?keywords=Maynard%20House%20-%20Fruit%20Juices,https://app.apollo.io/#/companies?q_organization_name=Maynard%20House%20-%20Fruit%20Juices,,,,,,New,,partial,0,,,,,,False,False,False,0,0,skip,,,,,,
MCA.,,,,,,https://www.linkedin.com/search/results/companies/?keywords=MCA.,https://app.apollo.io/#/companies?q_organization_name=MCA.,,,,,,New,,partial,0,,,,,,False,False,False,0,0,skip,,,,,,
ME Group,,,,,,https://www.linkedin.com/search/results/companies/?keywords=ME%20Group,https://app.apollo.io/#/companies?q_organization_name=ME%20Group,,,,,,New,,partial,0,,,,,,False,False,False,0,0,skip,,,,,,
Meadows Honey,,,,,,https://www.linkedin.com/search/results/companies/?keywords=Meadows%20Honey,https://app.apollo.io/#/companies?q_organization_name=Meadows%20Honey,,,,,,New,,partial,0,,,,,,False,False,False,0,0,skip,,,,,,
Meadowvale Foods Ltd,,,,,YES,https://www.linkedin.com/search/results/companies/?keywords=Meadowvale%20Foods%20Ltd,https://app.apollo.io/#/companies?q_organization_name=Meadowvale%20Foods%20Ltd,,,,,,New,,partial,0,,,,,,False,False,False,0,0,skip,,,,,,
Meeran,,,,,,https://www.linkedin.com/search/results/companies/?keywords=Meeran,https://app.apollo.io/#/companies?q_organization_name=Meeran,,,,,,New,,partial,0,,,,,,False,False,False,0,0,skip,,,,,,
MELIZA'S (MELIZA'S PLANTAIN PASTA),,,,,,https://www.linkedin.com/search/results/companies/?keywords=MELIZA'S%20(MELIZA'S%20PLANTAIN%20PASTA),https://app.apollo.io/#/companies?q_organization_name=MELIZA'S%20(MELIZA'S%20PLANTAIN%20PASTA),,,,,,New,,partial,0,,,,,,False,False,False,0,0,skip,,,,,,
MENA,,,,,,https://www.linkedin.com/search/results/companies/?keywords=MENA,https://app.apollo.io/#/companies?q_organization_name=MENA,,,,,,New,,partial,0,,,,,,False,False,False,0,0,skip,,,,,,
Mercian Labels Ltd,,,,,,https://www.linkedin.com/search/results/companies/?keywords=Mercian%20Labels%20Ltd,https://app.apollo.io/#/companies?q_organization_name=Mercian%20Labels%20Ltd,,,,,,New,,partial,0,,,,,,False,False,False,0,0,skip,,,,,,
Merley Paper Converters Limited,,,,,,https://www.linkedin.com/search/results/companies/?keywords=Merley%20Paper%20Converters%20Limited,https://app.apollo.io/#/companies?q_organization_name=Merley%20Paper%20Converters%20Limited,,,,,,New,,partial,0,,,,,,False,False,False,0,0,skip,,,,,,
MEURISSE,,,,,,https://www.linkedin.com/search/results/companies/?keywords=MEURISSE,https://app.apollo.io/#/companies?q_organization_name=MEURISSE,,,,,,New,,partial,0,,,,,,False,False,False,0,0,skip,,,,,,
mezzeIQ,,,,,,https://www.linkedin.com/search/results/companies/?keywords=mezzeIQ,https://app.apollo.io/#/companies?q_organization_name=mezzeIQ,,,,,,New,,partial,0,,,,,,False,False,False,0,0,skip,,,,,,
MFG,,,,,,https://www.linkedin.com/search/results/companies/?keywords=MFG,https://app.apollo.io/#/companies?q_organization_name=MFG,,,,,,New,,partial,0,,,,,,False,False,False,0,0,skip,,,,,,
MFP Products Pvt Ltd,,,,,,https://www.linkedin.com/search/results/companies/?keywords=MFP%20Products%20Pvt%20Ltd,https://app.apollo.io/#/companies?q_organization_name=MFP%20Products%20Pvt%20Ltd,,,,,,New,,partial,0,,,,,,False,False,False,0,0,skip,,,,,,
MHouse,,,,,,https://www.linkedin.com/search/results/companies/?keywords=MHouse,https://app.apollo.io/#/companies?q_organization_name=MHouse,,,,,,New,,partial,0,,,,,,False,False,False,0,0,skip,,,,,,
MIDSHIRES CATERING EQUIPMENT LTD,,,,,YES,https://www.linkedin.com/search/results/companies/?keywords=MIDSHIRES%20CATERING%20EQUIPMENT%20LTD,https://app.apollo.io/#/companies?q_organization_name=MIDSHIRES%20CATERING%20EQUIPMENT%20LTD,,,,,,New,,partial,0,,,,,,False,False,False,0,0,skip,,,,,,
Millar Moo,,,,,,https://www.linkedin.com/search/results/companies/?keywords=Millar%20Moo,https://app.apollo.io/#/companies?q_organization_name=Millar%20Moo,,,,,,New,,partial,0,,,,,,False,False,False,0,0,skip,,,,,,
Minton & Donello,,,,,,https://www.linkedin.com/search/results/companies/?keywords=Minton%20&%20Donello,https://app.apollo.io/#/companies?q_organization_name=Minton%20&%20Donello,,,,,,New,,partial,0,,,,,,False,False,False,0,0,skip,,,,,,
MisoHeat,,,,,,https://www.linkedin.com/search/results/companies/?keywords=MisoHeat,https://app.apollo.io/#/companies?q_organization_name=MisoHeat,,,,,,New,,partial,0,,,,,,False,False,False,0,0,skip,,,,,,
Mockingbird Raw Press,,,,,,https://www.linkedin.com/search/results/companies/?keywords=Mockingbird%20Raw%20Press,https://app.apollo.io/#/companies?q_organization_name=Mockingbird%20Raw%20Press,,,,,,New,,partial,0,,,,,,False,False,False,0,0,skip,,,,,,
MONO Equipment,,,,,,https://www.linkedin.com/search/results/companies/?keywords=MONO%20Equipment,https://app.apollo.io/#/companies?q_organization_name=MONO%20Equipment,,,,,,New,,partial,0,,,,,,False,False,False,0,0,skip,,,,,,
montezuma's,,,,,,https://www.linkedin.com/search/results/companies/?keywords=montezuma's,https://app.apollo.io/#/companies?q_organization_name=montezuma's,,,,,,New,,partial,0,,,,,,False,False,False,0,0,skip,,,,,,
More Than Only Food & Drink,,,,,YES,https://www.linkedin.com/search/results/companies/?keywords=More%20Than%20Only%20Food%20&%20Drink,https://app.apollo.io/#/companies?q_organization_name=More%20Than%20Only%20Food%20&%20Drink,,,,,,New,,partial,0,,,,,,False,False,False,0,0,skip,,,,,,
Morish Snacks,,,,,YES,https://www.linkedin.com/search/results/companies/?keywords=Morish%20Snacks,https://app.apollo.io/#/companies?q_organization_name=Morish%20Snacks,,,,,,New,,partial,0,,,,,,False,False,False,0,0,skip,,,,,,
Morning Advertiser,,,,,,https://www.linkedin.com/search/results/companies/?keywords=Morning%20Advertiser,https://app.apollo.io/#/companies?q_organization_name=Morning%20Advertiser,,,,,,New,,partial,0,,,,,,False,False,False,0,0,skip,,,,,,
Morrisons,,,,,,https://www.linkedin.com/search/results/companies/?keywords=Morrisons,https://app.apollo.io/#/companies?q_organization_name=Morrisons,,,,,,New,,partial,0,,,,,,False,False,False,0,0,skip,,,,,,
MOTH Drinks,,,,,YES,https://www.linkedin.com/search/results/companies/?keywords=MOTH%20Drinks,https://app.apollo.io/#/companies?q_organization_name=MOTH%20Drinks,,,,,,New,,partial,0,,,,,,False,False,False,0,0,skip,,,,,,
Moving Mountains,,,,,,https://www.linkedin.com/search/results/companies/?keywords=Moving%20Mountains,https://app.apollo.io/#/companies?q_organization_name=Moving%20Mountains,,,,,,New,,partial,0,,,,,,False,False,False,0,0,skip,,,,,,
Mr Dips,,,,,,https://www.linkedin.com/search/results/companies/?keywords=Mr%20Dips,https://app.apollo.io/#/companies?q_organization_name=Mr%20Dips,,,,,,New,,partial,0,,,,,,False,False,False,0,0,skip,,,,,,
Mr Organic,,,,,YES,https://www.linkedin.com/search/results/companies/?keywords=Mr%20Organic,https://app.apollo.io/#/companies?q_organization_name=Mr%20Organic,,,,,,New,,partial,0,,,,,,False,False,False,0,0,skip,,,,,,
Mr T.G Pullin's Bakery,,,,,YES,https://www.linkedin.com/search/results/companies/?keywords=Mr%20T.G%20Pullin's%20Bakery,https://app.apollo.io/#/companies?q_organization_name=Mr%20T.G%20Pullin's%20Bakery,,,,,,New,,partial,0,,,,,,False,False,False,0,0,skip,,,,,,
Mrs Crimble's,,,,,,https://www.linkedin.com/search/results/companies/?keywords=Mrs%20Crimble's,https://app.apollo.io/#/companies?q_organization_name=Mrs%20Crimble's,,,,,,New,,partial,0,,,,,,False,False,False,0,0,skip,,,,,,
Mudwalls Food Group,,,,,YES,https://www.linkedin.com/search/results/companies/?keywords=Mudwalls%20Food%20Group,https://app.apollo.io/#/companies?q_organization_name=Mudwalls%20Food%20Group,,,,,,New,,partial,0,,,,,,False,False,False,0,0,skip,,,,,,
Muller,,,,,,https://www.linkedin.com/search/results/companies/?keywords=Muller,https://app.apollo.io/#/companies?q_organization_name=Muller,,,,,,New,,partial,0,,,,,,False,False,False,0,0,skip,,,,,,
Multivac,,,,,,https://www.linkedin.com/search/results/companies/?keywords=Multivac,https://app.apollo.io/#/companies?q_organization_name=Multivac,,,,,,New,,partial,0,,,,,,False,False,False,0,0,skip,,,,,,
My Coffeestation,,,,,YES,https://www.linkedin.com/search/results/companies/?keywords=My%20Coffeestation,https://app.apollo.io/#/companies?q_organization_name=My%20Coffeestation,,,,,,New,,partial,0,,,,,,False,False,False,0,0,skip,,,,,,
My Pie,,,,,,https://www.linkedin.com/search/results/companies/?keywords=My%20Pie,https://app.apollo.io/#/companies?q_organization_name=My%20Pie,,,,,,New,,partial,0,,,,,,False,False,False,0,0,skip,,,,,,
MyCheckr & E-Service,,,,,,https://www.linkedin.com/search/results/companies/?keywords=MyCheckr%20&%20E-Service,https://app.apollo.io/#/companies?q_organization_name=MyCheckr%20&%20E-Service,,,,,,New,,partial,0,,,,,,False,False,False,0,0,skip,,,,,,
MYPOS Connect & POSiO,,,,,,https://www.linkedin.com/search/results/companies/?keywords=MYPOS%20Connect%20&%20POSiO,https://app.apollo.io/#/companies?q_organization_name=MYPOS%20Connect%20&%20POSiO,,,,,,New,,partial,0,,,,,,False,False,False,0,0,skip,,,,,,
N Smith Packaging & Display,,,,,YES,https://www.linkedin.com/search/results/companies/?keywords=N%20Smith%20Packaging%20&%20Display,https://app.apollo.io/#/companies?q_organization_name=N%20Smith%20Packaging%20&%20Display,,,,,,New,,partial,0,,,,,,False,False,False,0,0,skip,,,,,,
NaCTSO,,,,,,https://www.linkedin.com/search/results/companies/?keywords=NaCTSO,https://app.apollo.io/#/companies?q_organization_name=NaCTSO,,,,,,New,,partial,0,,,,,,False,False,False,0,0,skip,,,,,,
NALO,,,,,,https://www.linkedin.com/search/results/companies/?keywords=NALO,https://app.apollo.io/#/companies?q_organization_name=NALO,,,,,,New,,partial,0,,,,,,False,False,False,0,0,skip,,,,,,
NAM VIET FOODS & BEVERAGE JSC,,,,,YES,https://www.linkedin.com/search/results/companies/?keywords=NAM%20VIET%20FOODS%20&%20BEVERAGE%20JSC,https://app.apollo.io/#/companies?q_organization_name=NAM%20VIET%20FOODS%20&%20BEVERAGE%20JSC,,,,,,New,,partial,0,,,,,,False,False,False,0,0,skip,,,,,,
Native Honey,,,,,,https://www.linkedin.com/search/results/companies/?keywords=Native%20Honey,https://app.apollo.io/#/companies?q_organization_name=Native%20Honey,,,,,,New,,partial,0,,,,,,False,False,False,0,0,skip,,,,,,
Naughty Chile Taqueria,,,,,,https://www.linkedin.com/search/results/companies/?keywords=Naughty%20Chile%20Taqueria,https://app.apollo.io/#/companies?q_organization_name=Naughty%20Chile%20Taqueria,,,,,,New,,partial,0,,,,,,False,False,False,0,0,skip,,,,,,
Neige Canadian Ice Cider,,,,,,https://www.linkedin.com/search/results/companies/?keywords=Neige%20Canadian%20Ice%20Cider,https://app.apollo.io/#/companies?q_organization_name=Neige%20Canadian%20Ice%20Cider,,,,,,New,,partial,0,,,,,,False,False,False,0,0,skip,,,,,,
Neighbourhood Coffee,,,,,YES,https://www.linkedin.com/search/results/companies/?keywords=Neighbourhood%20Coffee,https://app.apollo.io/#/companies?q_organization_name=Neighbourhood%20Coffee,,,,,,New,,partial,0,,,,,,False,False,False,0,0,skip,,,,,,
Nekta Drinks,,,,,YES,https://www.linkedin.com/search/results/companies/?keywords=Nekta%20Drinks,https://app.apollo.io/#/companies?q_organization_name=Nekta%20Drinks,,,,,,New,,partial,0,,,,,,False,False,False,0,0,skip,,,,,,
Nestlé Coffee,,,,,YES,https://www.linkedin.com/search/results/companies/?keywords=Nestlé%20Coffee,https://app.apollo.io/#/companies?q_organization_name=Nestlé%20Coffee,,,,,,New,,partial,0,,,,,,False,False,False,0,0,skip,,,,,,
Nestlé Confectionery,,,,,YES,https://www.linkedin.com/search/results/companies/?keywords=Nestlé%20Confectionery,https://app.apollo.io/#/companies?q_organization_name=Nestlé%20Confectionery,,,,,,New,,partial,0,,,,,,False,False,False,0,0,skip,,,,,,
Neville & More and TricorBraun,,,,,,https://www.linkedin.com/search/results/companies/?keywords=Neville%20&%20More%20and%20TricorBraun,https://app.apollo.io/#/companies?q_organization_name=Neville%20&%20More%20and%20TricorBraun,,,,,,New,,partial,0,,,,,,False,False,False,0,0,skip,,,,,,
New English Teas LTD,,,,,YES,https://www.linkedin.com/search/results/companies/?keywords=New%20English%20Teas%20LTD,https://app.apollo.io/#/companies?q_organization_name=New%20English%20Teas%20LTD,,,,,,New,,partial,0,,,,,,False,False,False,0,0,skip,,,,,,
New Forest Fruit Snacks,,,,,YES,https://www.linkedin.com/search/results/companies/?keywords=New%20Forest%20Fruit%20Snacks,https://app.apollo.io/#/companies?q_organization_name=New%20Forest%20Fruit%20Snacks,,,,,,New,,partial,0,,,,,,False,False,False,0,0,skip,,,,,,
Newco Europe UK,,,,,,https://www.linkedin.com/search/results/companies/?keywords=Newco%20Europe%20UK,https://app.apollo.io/#/companies?q_organization_name=Newco%20Europe%20UK,,,,,,New,,partial,0,,,,,,False,False,False,0,0,skip,,,,,,
NEXAY,,,,,,https://www.linkedin.com/search/results/companies/?keywords=NEXAY,https://app.apollo.io/#/companies?q_organization_name=NEXAY,,,,,,New,,partial,0,,,,,,False,False,False,0,0,skip,,,,,,
Nic Nac,,,,,,https://www.linkedin.com/search/results/companies/?keywords=Nic%20Nac,https://app.apollo.io/#/companies?q_organization_name=Nic%20Nac,,,,,,New,,partial,0,,,,,,False,False,False,0,0,skip,,,,,,
Nichols plc,,,,,,https://www.linkedin.com/search/results/companies/?keywords=Nichols%20plc,https://app.apollo.io/#/companies?q_organization_name=Nichols%20plc,,,,,,New,,partial,0,,,,,,False,False,False,0,0,skip,,,,,,
NielsenIQ,,,,,,https://www.linkedin.com/search/results/companies/?keywords=NielsenIQ,https://app.apollo.io/#/companies?q_organization_name=NielsenIQ,,,,,,New,,partial,0,,,,,,False,False,False,0,0,skip,,,,,,
Nilky,,,,,,https://www.linkedin.com/search/results/companies/?keywords=Nilky,https://app.apollo.io/#/companies?q_organization_name=Nilky,,,,,,New,,partial,0,,,,,,False,False,False,0,0,skip,,,,,,
Nisha Enterprises Ltd,,,,,,https://www.linkedin.com/search/results/companies/?keywords=Nisha%20Enterprises%20Ltd,https://app.apollo.io/#/companies?q_organization_name=Nisha%20Enterprises%20Ltd,,,,,,New,,partial,0,,,,,,False,False,False,0,0,skip,,,,,,
Noisy Snacks,,,,,YES,https://www.linkedin.com/search/results/companies/?keywords=Noisy%20Snacks,https://app.apollo.io/#/companies?q_organization_name=Noisy%20Snacks,,,,,,New,,partial,0,,,,,,False,False,False,0,0,skip,,,,,,
Nomadic Ltd,,,,,,https://www.linkedin.com/search/results/companies/?keywords=Nomadic%20Ltd,https://app.apollo.io/#/companies?q_organization_name=Nomadic%20Ltd,,,,,,New,,partial,0,,,,,,False,False,False,0,0,skip,,,,,,
NOMOQ,,,,,,https://www.linkedin.com/search/results/companies/?keywords=NOMOQ,https://app.apollo.io/#/companies?q_organization_name=NOMOQ,,,,,,New,,partial,0,,,,,,False,False,False,0,0,skip,,,,,,
Nootz,,,,,,https://www.linkedin.com/search/results/companies/?keywords=Nootz,https://app.apollo.io/#/companies?q_organization_name=Nootz,,,,,,New,,partial,0,,,,,,False,False,False,0,0,skip,,,,,,
Norac Foods UK,,,,,YES,https://www.linkedin.com/search/results/companies/?keywords=Norac%20Foods%20UK,https://app.apollo.io/#/companies?q_organization_name=Norac%20Foods%20UK,,,,,,New,,partial,0,,,,,,False,False,False,0,0,skip,,,,,,
Normec i2 FAST,,,,,,https://www.linkedin.com/search/results/companies/?keywords=Normec%20i2%20FAST,https://app.apollo.io/#/companies?q_organization_name=Normec%20i2%20FAST,,,,,,New,,partial,0,,,,,,False,False,False,0,0,skip,,,,,,
Northern Ireland,,,,,,https://www.linkedin.com/search/results/companies/?keywords=Northern%20Ireland,https://app.apollo.io/#/companies?q_organization_name=Northern%20Ireland,,,,,,New,,partial,0,,,,,,False,False,False,0,0,skip,,,,,,
Northern Pasta,,,,,,https://www.linkedin.com/search/results/companies/?keywords=Northern%20Pasta,https://app.apollo.io/#/companies?q_organization_name=Northern%20Pasta,,,,,,New,,partial,0,,,,,,False,False,False,0,0,skip,,,,,,
Norton & Yarrow,,,,,,https://www.linkedin.com/search/results/companies/?keywords=Norton%20&%20Yarrow,https://app.apollo.io/#/companies?q_organization_name=Norton%20&%20Yarrow,,,,,,New,,partial,0,,,,,,False,False,False,0,0,skip,,,,,,
Norton Barton Artisan Food Village,,,,,YES,https://www.linkedin.com/search/results/companies/?keywords=Norton%20Barton%20Artisan%20Food%20Village,https://app.apollo.io/#/companies?q_organization_name=Norton%20Barton%20Artisan%20Food%20Village,,,,,,New,,partial,0,,,,,,False,False,False,0,0,skip,,,,,,
Nova Tissue,,,,,,https://www.linkedin.com/search/results/companies/?keywords=Nova%20Tissue,https://app.apollo.io/#/companies?q_organization_name=Nova%20Tissue,,,,,,New,,partial,0,,,,,,False,False,False,0,0,skip,,,,,,
Numatic,,,,,,https://www.linkedin.com/search/results/companies/?keywords=Numatic,https://app.apollo.io/#/companies?q_organization_name=Numatic,,,,,,New,,partial,0,,,,,,False,False,False,0,0,skip,,,,,,
Nuro,,,,,,https://www.linkedin.com/search/results/companies/?keywords=Nuro,https://app.apollo.io/#/companies?q_organization_name=Nuro,,,,,,New,,partial,0,,,,,,False,False,False,0,0,skip,,,,,,
Nuwe Solutions,,,,,,https://www.linkedin.com/search/results/companies/?keywords=Nuwe%20Solutions,https://app.apollo.io/#/companies?q_organization_name=Nuwe%20Solutions,,,,,,New,,partial,0,,,,,,False,False,False,0,0,skip,,,,,,
O'Donnell Moonshine,,,,,,https://www.linkedin.com/search/results/companies/?keywords=O'Donnell%20Moonshine,https://app.apollo.io/#/companies?q_organization_name=O'Donnell%20Moonshine,,,,,,New,,partial,0,,,,,,False,False,False,0,0,skip,,,,,,
Oatly,,,,,,https://www.linkedin.com/search/results/companies/?keywords=Oatly,https://app.apollo.io/#/companies?q_organization_name=Oatly,,,,,,New,,partial,0,,,,,,False,False,False,0,0,skip,,,,,,
Octopus Energy For Business,,,,,,https://www.linkedin.com/search/results/companies/?keywords=Octopus%20Energy%20For%20Business,https://app.apollo.io/#/companies?q_organization_name=Octopus%20Energy%20For%20Business,,,,,,New,,partial,0,,,,,,False,False,False,0,0,skip,,,,,,
Oddy Knocky Coffee,,,,,YES,https://www.linkedin.com/search/results/companies/?keywords=Oddy%20Knocky%20Coffee,https://app.apollo.io/#/companies?q_organization_name=Oddy%20Knocky%20Coffee,,,,,,New,,partial,0,,,,,,False,False,False,0,0,skip,,,,,,
Okwi Distribution Ltd,,,,,YES,https://www.linkedin.com/search/results/companies/?keywords=Okwi%20Distribution%20Ltd,https://app.apollo.io/#/companies?q_organization_name=Okwi%20Distribution%20Ltd,,,,,,New,,partial,0,,,,,,False,False,False,0,0,skip,,,,,,
OLA HIBISCUS BERRY,,,,,,https://www.linkedin.com/search/results/companies/?keywords=OLA%20HIBISCUS%20BERRY,https://app.apollo.io/#/companies?q_organization_name=OLA%20HIBISCUS%20BERRY,,,,,,New,,partial,0,,,,,,False,False,False,0,0,skip,,,,,,
OMG BUBBLE TEA,,,,,YES,https://www.linkedin.com/search/results/companies/?keywords=OMG%20BUBBLE%20TEA,https://app.apollo.io/#/companies?q_organization_name=OMG%20BUBBLE%20TEA,,,,,,New,,partial,0,,,,,,False,False,False,0,0,skip,,,,,,
ONE STOP STORES,,,,,,https://www.linkedin.com/search/results/companies/?keywords=ONE%20STOP%20STORES,https://app.apollo.io/#/companies?q_organization_name=ONE%20STOP%20STORES,,,,,,New,,partial,0,,,,,,False,False,False,0,0,skip,,,,,,
OPHELLIALAND,,,,,,https://www.linkedin.com/search/results/companies/?keywords=OPHELLIALAND,https://app.apollo.io/#/companies?q_organization_name=OPHELLIALAND,,,,,,New,,partial,0,,,,,,False,False,False,0,0,skip,,,,,,
Opply,,,,,,https://www.linkedin.com/search/results/companies/?keywords=Opply,https://app.apollo.io/#/companies?q_organization_name=Opply,,,,,,New,,partial,0,,,,,,False,False,False,0,0,skip,,,,,,
Optimum Nutrition,,,,,YES,https://www.linkedin.com/search/results/companies/?keywords=Optimum%20Nutrition,https://app.apollo.io/#/companies?q_organization_name=Optimum%20Nutrition,,,,,,New,,partial,0,,,,,,False,False,False,0,0,skip,,,,,,
Orange County CBD,,,,,,https://www.linkedin.com/search/results/companies/?keywords=Orange%20County%20CBD,https://app.apollo.io/#/companies?q_organization_name=Orange%20County%20CBD,,,,,,New,,partial,0,,,,,,False,False,False,0,0,skip,,,,,,
Origin8 Sales Solutions,,,,,,https://www.linkedin.com/search/results/companies/?keywords=Origin8%20Sales%20Solutions,https://app.apollo.io/#/companies?q_organization_name=Origin8%20Sales%20Solutions,,,,,,New,,partial,0,,,,,,False,False,False,0,0,skip,,,,,,
OXVA,,,,,,https://www.linkedin.com/search/results/companies/?keywords=OXVA,https://app.apollo.io/#/companies?q_organization_name=OXVA,,,,,,New,,partial,0,,,,,,False,False,False,0,0,skip,,,,,,
P Mulrine And Sons,,,,,,https://www.linkedin.com/search/results/companies/?keywords=P%20Mulrine%20And%20Sons,https://app.apollo.io/#/companies?q_organization_name=P%20Mulrine%20And%20Sons,,,,,,New,,partial,0,,,,,,False,False,False,0,0,skip,,,,,,
Pablo,,,,,,https://www.linkedin.com/search/results/companies/?keywords=Pablo,https://app.apollo.io/#/companies?q_organization_name=Pablo,,,,,,New,,partial,0,,,,,,False,False,False,0,0,skip,,,,,,
Packaging for Retail,,,,,YES,https://www.linkedin.com/search/results/companies/?keywords=Packaging%20for%20Retail,https://app.apollo.io/#/companies?q_organization_name=Packaging%20for%20Retail,,,,,,New,,partial,0,,,,,,False,False,False,0,0,skip,,,,,,
Paletas Ice Lollies Ltd.,,,,,,https://www.linkedin.com/search/results/companies/?keywords=Paletas%20Ice%20Lollies%20Ltd.,https://app.apollo.io/#/companies?q_organization_name=Paletas%20Ice%20Lollies%20Ltd.,,,,,,New,,partial,0,,,,,,False,False,False,0,0,skip,,,,,,
Pan Euro Foods,,,,,YES,https://www.linkedin.com/search/results/companies/?keywords=Pan%20Euro%20Foods,https://app.apollo.io/#/companies?q_organization_name=Pan%20Euro%20Foods,,,,,,New,,partial,0,,,,,,False,False,False,0,0,skip,,,,,,
Panesar Foods,,,,,YES,https://www.linkedin.com/search/results/companies/?keywords=Panesar%20Foods,https://app.apollo.io/#/companies?q_organization_name=Panesar%20Foods,,,,,,New,,partial,0,,,,,,False,False,False,0,0,skip,,,,,,
Papas Mineral Company,,,,,,https://www.linkedin.com/search/results/companies/?keywords=Papas%20Mineral%20Company,https://app.apollo.io/#/companies?q_organization_name=Papas%20Mineral%20Company,,,,,,New,,partial,0,,,,,,False,False,False,0,0,skip,,,,,,
Papilo,,,,,,https://www.linkedin.com/search/results/companies/?keywords=Papilo,https://app.apollo.io/#/companies?q_organization_name=Papilo,,,,,,New,,partial,0,,,,,,False,False,False,0,0,skip,,,,,,
Paragon Brands,,,,,,https://www.linkedin.com/search/results/companies/?keywords=Paragon%20Brands,https://app.apollo.io/#/companies?q_organization_name=Paragon%20Brands,,,,,,New,,partial,0,,,,,,False,False,False,0,0,skip,,,,,,
PASTICCERIA FILIPPI SRL SB,,,,,,https://www.linkedin.com/search/results/companies/?keywords=PASTICCERIA%20FILIPPI%20SRL%20SB,https://app.apollo.io/#/companies?q_organization_name=PASTICCERIA%20FILIPPI%20SRL%20SB,,,,,,New,,partial,0,,,,,,False,False,False,0,0,skip,,,,,,
PATISLOVE,,,,,,https://www.linkedin.com/search/results/companies/?keywords=PATISLOVE,https://app.apollo.io/#/companies?q_organization_name=PATISLOVE,,,,,,New,,partial,0,,,,,,False,False,False,0,0,skip,,,,,,
Pattesons Glass Ltd,,,,,,https://www.linkedin.com/search/results/companies/?keywords=Pattesons%20Glass%20Ltd,https://app.apollo.io/#/companies?q_organization_name=Pattesons%20Glass%20Ltd,,,,,,New,,partial,0,,,,,,False,False,False,0,0,skip,,,,,,
PAY MY FUEL,,,,,,https://www.linkedin.com/search/results/companies/?keywords=PAY%20MY%20FUEL,https://app.apollo.io/#/companies?q_organization_name=PAY%20MY%20FUEL,,,,,,New,,partial,0,,,,,,False,False,False,0,0,skip,,,,,,
PayPal UK,,,,,,https://www.linkedin.com/search/results/companies/?keywords=PayPal%20UK,https://app.apollo.io/#/companies?q_organization_name=PayPal%20UK,,,,,,New,,partial,0,,,,,,False,False,False,0,0,skip,,,,,,
PAYST,,,,,,https://www.linkedin.com/search/results/companies/?keywords=PAYST,https://app.apollo.io/#/companies?q_organization_name=PAYST,,,,,,New,,partial,0,,,,,,False,False,False,0,0,skip,,,,,,
Peacock Salt,,,,,,https://www.linkedin.com/search/results/companies/?keywords=Peacock%20Salt,https://app.apollo.io/#/companies?q_organization_name=Peacock%20Salt,,,,,,New,,partial,0,,,,,,False,False,False,0,0,skip,,,,,,
PEL Waste Reduction Equipment,,,,,,https://www.linkedin.com/search/results/companies/?keywords=PEL%20Waste%20Reduction%20Equipment,https://app.apollo.io/#/companies?q_organization_name=PEL%20Waste%20Reduction%20Equipment,,,,,,New,,partial,0,,,,,,False,False,False,0,0,skip,,,,,,
Pendraig Spirits,,,,,YES,https://www.linkedin.com/search/results/companies/?keywords=Pendraig%20Spirits,https://app.apollo.io/#/companies?q_organization_name=Pendraig%20Spirits,,,,,,New,,partial,0,,,,,,False,False,False,0,0,skip,,,,,,
Pepsi,,,,,,https://www.linkedin.com/search/results/companies/?keywords=Pepsi,https://app.apollo.io/#/companies?q_organization_name=Pepsi,,,,,,New,,partial,0,,,,,,False,False,False,0,0,skip,,,,,,
PerfectTed,,,,,,https://www.linkedin.com/search/results/companies/?keywords=PerfectTed,https://app.apollo.io/#/companies?q_organization_name=PerfectTed,,,,,,New,,partial,0,,,,,,False,False,False,0,0,skip,,,,,,
Pernod Ricard UK,,,,,,https://www.linkedin.com/search/results/companies/?keywords=Pernod%20Ricard%20UK,https://app.apollo.io/#/companies?q_organization_name=Pernod%20Ricard%20UK,,,,,,New,,partial,0,,,,,,False,False,False,0,0,skip,,,,,,
Peter Green Chilled,,,,,,https://www.linkedin.com/search/results/companies/?keywords=Peter%20Green%20Chilled,https://app.apollo.io/#/companies?q_organization_name=Peter%20Green%20Chilled,,,,,,New,,partial,0,,,,,,False,False,False,0,0,skip,,,,,,
Petit Forestier UK,,,,,,https://www.linkedin.com/search/results/companies/?keywords=Petit%20Forestier%20UK,https://app.apollo.io/#/companies?q_organization_name=Petit%20Forestier%20UK,,,,,,New,,partial,0,,,,,,False,False,False,0,0,skip,,,,,,
Petite Camile,,,,,,https://www.linkedin.com/search/results/companies/?keywords=Petite%20Camile,https://app.apollo.io/#/companies?q_organization_name=Petite%20Camile,,,,,,New,,partial,0,,,,,,False,False,False,0,0,skip,,,,,,
Philotimo The Greek Secret,,,,,,https://www.linkedin.com/search/results/companies/?keywords=Philotimo%20The%20Greek%20Secret,https://app.apollo.io/#/companies?q_organization_name=Philotimo%20The%20Greek%20Secret,,,,,,New,,partial,0,,,,,,False,False,False,0,0,skip,,,,,,
pHure LIQUORS,,,,,,https://www.linkedin.com/search/results/companies/?keywords=pHure%20LIQUORS,https://app.apollo.io/#/companies?q_organization_name=pHure%20LIQUORS,,,,,,New,,partial,0,,,,,,False,False,False,0,0,skip,,,,,,
Picklebits,,,,,,https://www.linkedin.com/search/results/companies/?keywords=Picklebits,https://app.apollo.io/#/companies?q_organization_name=Picklebits,,,,,,New,,partial,0,,,,,,False,False,False,0,0,skip,,,,,,
Pidy,,,,,,https://www.linkedin.com/search/results/companies/?keywords=Pidy,https://app.apollo.io/#/companies?q_organization_name=Pidy,,,,,,New,,partial,0,,,,,,False,False,False,0,0,skip,,,,,,
Pig ln The Middle,,,,,,https://www.linkedin.com/search/results/companies/?keywords=Pig%20ln%20The%20Middle,https://app.apollo.io/#/companies?q_organization_name=Pig%20ln%20The%20Middle,,,,,,New,,partial,0,,,,,,False,False,False,0,0,skip,,,,,,
PIGMENT,,,,,,https://www.linkedin.com/search/results/companies/?keywords=PIGMENT,https://app.apollo.io/#/companies?q_organization_name=PIGMENT,,,,,,New,,partial,0,,,,,,False,False,False,0,0,skip,,,,,,
Pilgrim's Europe,,,,,,https://www.linkedin.com/search/results/companies/?keywords=Pilgrim's%20Europe,https://app.apollo.io/#/companies?q_organization_name=Pilgrim's%20Europe,,,,,,New,,partial,0,,,,,,False,False,False,0,0,skip,,,,,,
Pip & Nut,,,,,,https://www.linkedin.com/search/results/companies/?keywords=Pip%20&%20Nut,https://app.apollo.io/#/companies?q_organization_name=Pip%20&%20Nut,,,,,,New,,partial,0,,,,,,False,False,False,0,0,skip,,,,,,
Pip Organic,,,,,YES,https://www.linkedin.com/search/results/companies/?keywords=Pip%20Organic,https://app.apollo.io/#/companies?q_organization_name=Pip%20Organic,,,,,,New,,partial,0,,,,,,False,False,False,0,0,skip,,,,,,
Piqi,,,,,,https://www.linkedin.com/search/results/companies/?keywords=Piqi,https://app.apollo.io/#/companies?q_organization_name=Piqi,,,,,,New,,partial,0,,,,,,False,False,False,0,0,skip,,,,,,
Place UK Ltd,,,,,,https://www.linkedin.com/search/results/companies/?keywords=Place%20UK%20Ltd,https://app.apollo.io/#/companies?q_organization_name=Place%20UK%20Ltd,,,,,,New,,partial,0,,,,,,False,False,False,0,0,skip,,,,,,
pladis UK&I,,,,,,https://www.linkedin.com/search/results/companies/?keywords=pladis%20UK&I,https://app.apollo.io/#/companies?q_organization_name=pladis%20UK&I,,,,,,New,,partial,0,,,,,,False,False,False,0,0,skip,,,,,,
Plan-it Cards,,,,,,https://www.linkedin.com/search/results/companies/?keywords=Plan-it%20Cards,https://app.apollo.io/#/companies?q_organization_name=Plan-it%20Cards,,,,,,New,,partial,0,,,,,,False,False,False,0,0,skip,,,,,,
Plant Lipids UK Ltd,,,,,,https://www.linkedin.com/search/results/companies/?keywords=Plant%20Lipids%20UK%20Ltd,https://app.apollo.io/#/companies?q_organization_name=Plant%20Lipids%20UK%20Ltd,,,,,,New,,partial,0,,,,,,False,False,False,0,0,skip,,,,,,
PlanTea,,,,,YES,https://www.linkedin.com/search/results/companies/?keywords=PlanTea,https://app.apollo.io/#/companies?q_organization_name=PlanTea,,,,,,New,,partial,0,,,,,,False,False,False,0,0,skip,,,,,,
Pleydell Smithyman,,,,,,https://www.linkedin.com/search/results/companies/?keywords=Pleydell%20Smithyman,https://app.apollo.io/#/companies?q_organization_name=Pleydell%20Smithyman,,,,,,New,,partial,0,,,,,,False,False,False,0,0,skip,,,,,,
Plumstone Welshcakes,,,,,,https://www.linkedin.com/search/results/companies/?keywords=Plumstone%20Welshcakes,https://app.apollo.io/#/companies?q_organization_name=Plumstone%20Welshcakes,,,,,,New,,partial,0,,,,,,False,False,False,0,0,skip,,,,,,
POCAS UK,,,,,,https://www.linkedin.com/search/results/companies/?keywords=POCAS%20UK,https://app.apollo.io/#/companies?q_organization_name=POCAS%20UK,,,,,,New,,partial,0,,,,,,False,False,False,0,0,skip,,,,,,
Pocket Mountains,,,,,,https://www.linkedin.com/search/results/companies/?keywords=Pocket%20Mountains,https://app.apollo.io/#/companies?q_organization_name=Pocket%20Mountains,,,,,,New,,partial,0,,,,,,False,False,False,0,0,skip,,,,,,
Poco Vino,,,,,,https://www.linkedin.com/search/results/companies/?keywords=Poco%20Vino,https://app.apollo.io/#/companies?q_organization_name=Poco%20Vino,,,,,,New,,partial,0,,,,,,False,False,False,0,0,skip,,,,,,
Point Four Epos Solutions Ltd,,,,,,https://www.linkedin.com/search/results/companies/?keywords=Point%20Four%20Epos%20Solutions%20Ltd,https://app.apollo.io/#/companies?q_organization_name=Point%20Four%20Epos%20Solutions%20Ltd,,,,,,New,,partial,0,,,,,,False,False,False,0,0,skip,,,,,,
Poon's,,,,,,https://www.linkedin.com/search/results/companies/?keywords=Poon's,https://app.apollo.io/#/companies?q_organization_name=Poon's,,,,,,New,,partial,0,,,,,,False,False,False,0,0,skip,,,,,,
Popcorn Kitchen Limited - B CORP,,,,,,https://www.linkedin.com/search/results/companies/?keywords=Popcorn%20Kitchen%20Limited%20-%20B%20CORP,https://app.apollo.io/#/companies?q_organization_name=Popcorn%20Kitchen%20Limited%20-%20B%20CORP,,,,,,New,,partial,0,,,,,,False,False,False,0,0,skip,,,,,,
Popmenu,,,,,,https://www.linkedin.com/search/results/companies/?keywords=Popmenu,https://app.apollo.io/#/companies?q_organization_name=Popmenu,,,,,,New,,partial,0,,,,,,False,False,False,0,0,skip,,,,,,
Popoli,,,,,,https://www.linkedin.com/search/results/companies/?keywords=Popoli,https://app.apollo.io/#/companies?q_organization_name=Popoli,,,,,,New,,partial,0,,,,,,False,False,False,0,0,skip,,,,,,
Poretti,,,,,,https://www.linkedin.com/search/results/companies/?keywords=Poretti,https://app.apollo.io/#/companies?q_organization_name=Poretti,,,,,,New,,partial,0,,,,,,False,False,False,0,0,skip,,,,,,
PORiJ,,,,,,https://www.linkedin.com/search/results/companies/?keywords=PORiJ,https://app.apollo.io/#/companies?q_organization_name=PORiJ,,,,,,New,,partial,0,,,,,,False,False,False,0,0,skip,,,,,,
Portion Solutions,,,,,,https://www.linkedin.com/search/results/companies/?keywords=Portion%20Solutions,https://app.apollo.io/#/companies?q_organization_name=Portion%20Solutions,,,,,,New,,partial,0,,,,,,False,False,False,0,0,skip,,,,,,
Potts',,,,,,https://www.linkedin.com/search/results/companies/?keywords=Potts',https://app.apollo.io/#/companies?q_organization_name=Potts',,,,,,New,,partial,0,,,,,,False,False,False,0,0,skip,,,,,,
Powerhouse,,,,,,https://www.linkedin.com/search/results/companies/?keywords=Powerhouse,https://app.apollo.io/#/companies?q_organization_name=Powerhouse,,,,,,New,,partial,0,,,,,,False,False,False,0,0,skip,,,,,,
PRA & CWA,,,,,,https://www.linkedin.com/search/results/companies/?keywords=PRA%20&%20CWA,https://app.apollo.io/#/companies?q_organization_name=PRA%20&%20CWA,,,,,,New,,partial,0,,,,,,False,False,False,0,0,skip,,,,,,
Praveen Kumar (Swarna Spice Ltd),,,,,YES,https://www.linkedin.com/search/results/companies/?keywords=Praveen%20Kumar%20(Swarna%20Spice%20Ltd),https://app.apollo.io/#/companies?q_organization_name=Praveen%20Kumar%20(Swarna%20Spice%20Ltd),,,,,,New,,partial,0,,,,,,False,False,False,0,0,skip,,,,,,
Pravera Food & Drink,,,,,YES,https://www.linkedin.com/search/results/companies/?keywords=Pravera%20Food%20&%20Drink,https://app.apollo.io/#/companies?q_organization_name=Pravera%20Food%20&%20Drink,,,,,,New,,partial,0,,,,,,False,False,False,0,0,skip,,,,,,
Prestige Maple Products Inc,,,,,,https://www.linkedin.com/search/results/companies/?keywords=Prestige%20Maple%20Products%20Inc,https://app.apollo.io/#/companies?q_organization_name=Prestige%20Maple%20Products%20Inc,,,,,,New,,partial,0,,,,,,False,False,False,0,0,skip,,,,,,
PriceEasy AI,,,,,,https://www.linkedin.com/search/results/companies/?keywords=PriceEasy%20AI,https://app.apollo.io/#/companies?q_organization_name=PriceEasy%20AI,,,,,,New,,partial,0,,,,,,False,False,False,0,0,skip,,,,,,
Primo Foods Limited,,,,,YES,https://www.linkedin.com/search/results/companies/?keywords=Primo%20Foods%20Limited,https://app.apollo.io/#/companies?q_organization_name=Primo%20Foods%20Limited,,,,,,New,,partial,0,,,,,,False,False,False,0,0,skip,,,,,,
Print and Display LTD,,,,,,https://www.linkedin.com/search/results/companies/?keywords=Print%20and%20Display%20LTD,https://app.apollo.io/#/companies?q_organization_name=Print%20and%20Display%20LTD,,,,,,New,,partial,0,,,,,,False,False,False,0,0,skip,,,,,,
PRKL Cactus Water,,,,,,https://www.linkedin.com/search/results/companies/?keywords=PRKL%20Cactus%20Water,https://app.apollo.io/#/companies?q_organization_name=PRKL%20Cactus%20Water,,,,,,New,,partial,0,,,,,,False,False,False,0,0,skip,,,,,,
Product of the Year,,,,,,https://www.linkedin.com/search/results/companies/?keywords=Product%20of%20the%20Year,https://app.apollo.io/#/companies?q_organization_name=Product%20of%20the%20Year,,,,,,New,,partial,0,,,,,,False,False,False,0,0,skip,,,,,,
Proper Snacks,,,,,YES,https://www.linkedin.com/search/results/companies/?keywords=Proper%20Snacks,https://app.apollo.io/#/companies?q_organization_name=Proper%20Snacks,,,,,,New,,partial,0,,,,,,False,False,False,0,0,skip,,,,,,
PSD Codax Ltd,,,,,,https://www.linkedin.com/search/results/companies/?keywords=PSD%20Codax%20Ltd,https://app.apollo.io/#/companies?q_organization_name=PSD%20Codax%20Ltd,,,,,,New,,partial,0,,,,,,False,False,False,0,0,skip,,,,,,
Pukka Pies,,,,,,https://www.linkedin.com/search/results/companies/?keywords=Pukka%20Pies,https://app.apollo.io/#/companies?q_organization_name=Pukka%20Pies,,,,,,New,,partial,0,,,,,,False,False,False,0,0,skip,,,,,,
Purified Air,,,,,,https://www.linkedin.com/search/results/companies/?keywords=Purified%20Air,https://app.apollo.io/#/companies?q_organization_name=Purified%20Air,,,,,,New,,partial,0,,,,,,False,False,False,0,0,skip,,,,,,
PWD FACTORY,,,,,,https://www.linkedin.com/search/results/companies/?keywords=PWD%20FACTORY,https://app.apollo.io/#/companies?q_organization_name=PWD%20FACTORY,,,,,,New,,partial,0,,,,,,False,False,False,0,0,skip,,,,,,
QCR Recycling Equipment,,,,,,https://www.linkedin.com/search/results/companies/?keywords=QCR%20Recycling%20Equipment,https://app.apollo.io/#/companies?q_organization_name=QCR%20Recycling%20Equipment,,,,,,New,,partial,0,,,,,,False,False,False,0,0,skip,,,,,,
Quail Digital,,,,,,https://www.linkedin.com/search/results/companies/?keywords=Quail%20Digital,https://app.apollo.io/#/companies?q_organization_name=Quail%20Digital,,,,,,New,,partial,0,,,,,,False,False,False,0,0,skip,,,,,,
Qualicius Ltd,,,,,,https://www.linkedin.com/search/results/companies/?keywords=Qualicius%20Ltd,https://app.apollo.io/#/companies?q_organization_name=Qualicius%20Ltd,,,,,,New,,partial,0,,,,,,False,False,False,0,0,skip,,,,,,
Quality Guard,,,,,,https://www.linkedin.com/search/results/companies/?keywords=Quality%20Guard,https://app.apollo.io/#/companies?q_organization_name=Quality%20Guard,,,,,,New,,partial,0,,,,,,False,False,False,0,0,skip,,,,,,
QUARANTA CAFFE,,,,,,https://www.linkedin.com/search/results/companies/?keywords=QUARANTA%20CAFFE,https://app.apollo.io/#/companies?q_organization_name=QUARANTA%20CAFFE,,,,,,New,,partial,0,,,,,,False,False,False,0,0,skip,,,,,,
R H Packaging Ltd,,,,,YES,https://www.linkedin.com/search/results/companies/?keywords=R%20H%20Packaging%20Ltd,https://app.apollo.io/#/companies?q_organization_name=R%20H%20Packaging%20Ltd,,,,,,New,,partial,0,,,,,,False,False,False,0,0,skip,,,,,,
R M Curtis,,,,,,https://www.linkedin.com/search/results/companies/?keywords=R%20M%20Curtis,https://app.apollo.io/#/companies?q_organization_name=R%20M%20Curtis,,,,,,New,,partial,0,,,,,,False,False,False,0,0,skip,,,,,,
R.A. TRADING LTD,,,,,,https://www.linkedin.com/search/results/companies/?keywords=R.A.%20TRADING%20LTD,https://app.apollo.io/#/companies?q_organization_name=R.A.%20TRADING%20LTD,,,,,,New,,partial,0,,,,,,False,False,False,0,0,skip,,,,,,
Radnor Hills,,,,,,https://www.linkedin.com/search/results/companies/?keywords=Radnor%20Hills,https://app.apollo.io/#/companies?q_organization_name=Radnor%20Hills,,,,,,New,,partial,0,,,,,,False,False,False,0,0,skip,,,,,,
RaiRai,,,,,,https://www.linkedin.com/search/results/companies/?keywords=RaiRai,https://app.apollo.io/#/companies?q_organization_name=RaiRai,,,,,,New,,partial,0,,,,,,False,False,False,0,0,skip,,,,,,
Rarraba Limited,,,,,,https://www.linkedin.com/search/results/companies/?keywords=Rarraba%20Limited,https://app.apollo.io/#/companies?q_organization_name=Rarraba%20Limited,,,,,,New,,partial,0,,,,,,False,False,False,0,0,skip,,,,,,
Raspberry Blossom,,,,,,https://www.linkedin.com/search/results/companies/?keywords=Raspberry%20Blossom,https://app.apollo.io/#/companies?q_organization_name=Raspberry%20Blossom,,,,,,New,,partial,0,,,,,,False,False,False,0,0,skip,,,,,,
Rave Coffee,,,,,YES,https://www.linkedin.com/search/results/companies/?keywords=Rave%20Coffee,https://app.apollo.io/#/companies?q_organization_name=Rave%20Coffee,,,,,,New,,partial,0,,,,,,False,False,False,0,0,skip,,,,,,
RaviOllie,,,,,,https://www.linkedin.com/search/results/companies/?keywords=RaviOllie,https://app.apollo.io/#/companies?q_organization_name=RaviOllie,,,,,,New,,partial,0,,,,,,False,False,False,0,0,skip,,,,,,
RawPac,,,,,,https://www.linkedin.com/search/results/companies/?keywords=RawPac,https://app.apollo.io/#/companies?q_organization_name=RawPac,,,,,,New,,partial,0,,,,,,False,False,False,0,0,skip,,,,,,
Rayburn Trading,,,,,,https://www.linkedin.com/search/results/companies/?keywords=Rayburn%20Trading,https://app.apollo.io/#/companies?q_organization_name=Rayburn%20Trading,,,,,,New,,partial,0,,,,,,False,False,False,0,0,skip,,,,,,
Re:Water,,,,,,https://www.linkedin.com/search/results/companies/?keywords=Re:Water,https://app.apollo.io/#/companies?q_organization_name=Re:Water,,,,,,New,,partial,0,,,,,,False,False,False,0,0,skip,,,,,,
Real Trading,,,,,,https://www.linkedin.com/search/results/companies/?keywords=Real%20Trading,https://app.apollo.io/#/companies?q_organization_name=Real%20Trading,,,,,,New,,partial,0,,,,,,False,False,False,0,0,skip,,,,,,
Realfoods by Organico,,,,,YES,https://www.linkedin.com/search/results/companies/?keywords=Realfoods%20by%20Organico,https://app.apollo.io/#/companies?q_organization_name=Realfoods%20by%20Organico,,,,,,New,,partial,0,,,,,,False,False,False,0,0,skip,,,,,,
Recyclever,,,,,,https://www.linkedin.com/search/results/companies/?keywords=Recyclever,https://app.apollo.io/#/companies?q_organization_name=Recyclever,,,,,,New,,partial,0,,,,,,False,False,False,0,0,skip,,,,,,
Red Panda Chilli Crisp,,,,,,https://www.linkedin.com/search/results/companies/?keywords=Red%20Panda%20Chilli%20Crisp,https://app.apollo.io/#/companies?q_organization_name=Red%20Panda%20Chilli%20Crisp,,,,,,New,,partial,0,,,,,,False,False,False,0,0,skip,,,,,,
Refrigerated Container Rental Ltd,,,,,,https://www.linkedin.com/search/results/companies/?keywords=Refrigerated%20Container%20Rental%20Ltd,https://app.apollo.io/#/companies?q_organization_name=Refrigerated%20Container%20Rental%20Ltd,,,,,,New,,partial,0,,,,,,False,False,False,0,0,skip,,,,,,
Regal Foods,,,,,YES,https://www.linkedin.com/search/results/companies/?keywords=Regal%20Foods,https://app.apollo.io/#/companies?q_organization_name=Regal%20Foods,,,,,,New,,partial,0,,,,,,False,False,False,0,0,skip,,,,,,
Reiser (UK) Ltd,,,,,,https://www.linkedin.com/search/results/companies/?keywords=Reiser%20(UK)%20Ltd,https://app.apollo.io/#/companies?q_organization_name=Reiser%20(UK)%20Ltd,,,,,,New,,partial,0,,,,,,False,False,False,0,0,skip,,,,,,
RELX,,,,,,https://www.linkedin.com/search/results/companies/?keywords=RELX,https://app.apollo.io/#/companies?q_organization_name=RELX,,,,,,New,,partial,0,,,,,,False,False,False,0,0,skip,,,,,,
Remedy Drinks,,,,,YES,https://www.linkedin.com/search/results/companies/?keywords=Remedy%20Drinks,https://app.apollo.io/#/companies?q_organization_name=Remedy%20Drinks,,,,,,New,,partial,0,,,,,,False,False,False,0,0,skip,,,,,,
Renshaw,,,,,,https://www.linkedin.com/search/results/companies/?keywords=Renshaw,https://app.apollo.io/#/companies?q_organization_name=Renshaw,,,,,,New,,partial,0,,,,,,False,False,False,0,0,skip,,,,,,
Restaurant,,,,,,https://www.linkedin.com/search/results/companies/?keywords=Restaurant,https://app.apollo.io/#/companies?q_organization_name=Restaurant,,,,,,New,,partial,0,,,,,,False,False,False,0,0,skip,,,,,,
Revival Rum,,,,,,https://www.linkedin.com/search/results/companies/?keywords=Revival%20Rum,https://app.apollo.io/#/companies?q_organization_name=Revival%20Rum,,,,,,New,,partial,0,,,,,,False,False,False,0,0,skip,,,,,,
Revolver Cooperative/Liberation,,,,,,https://www.linkedin.com/search/results/companies/?keywords=Revolver%20Cooperative/Liberation,https://app.apollo.io/#/companies?q_organization_name=Revolver%20Cooperative/Liberation,,,,,,New,,partial,0,,,,,,False,False,False,0,0,skip,,,,,,
RHODIUS Can Filling Experts,,,,,,https://www.linkedin.com/search/results/companies/?keywords=RHODIUS%20Can%20Filling%20Experts,https://app.apollo.io/#/companies?q_organization_name=RHODIUS%20Can%20Filling%20Experts,,,,,,New,,partial,0,,,,,,False,False,False,0,0,skip,,,,,,
Ria Chai,,,,,,https://www.linkedin.com/search/results/companies/?keywords=Ria%20Chai,https://app.apollo.io/#/companies?q_organization_name=Ria%20Chai,,,,,,New,,partial,0,,,,,,False,False,False,0,0,skip,,,,,,
Rockstar,,,,,,https://www.linkedin.com/search/results/companies/?keywords=Rockstar,https://app.apollo.io/#/companies?q_organization_name=Rockstar,,,,,,New,,partial,0,,,,,,False,False,False,0,0,skip,,,,,,
Rocky Mountain Spice Company,,,,,YES,https://www.linkedin.com/search/results/companies/?keywords=Rocky%20Mountain%20Spice%20Company,https://app.apollo.io/#/companies?q_organization_name=Rocky%20Mountain%20Spice%20Company,,,,,,New,,partial,0,,,,,,False,False,False,0,0,skip,,,,,,
Rollover,,,,,,https://www.linkedin.com/search/results/companies/?keywords=Rollover,https://app.apollo.io/#/companies?q_organization_name=Rollover,,,,,,New,,partial,0,,,,,,False,False,False,0,0,skip,,,,,,
ROMI MATCHA,,,,,,https://www.linkedin.com/search/results/companies/?keywords=ROMI%20MATCHA,https://app.apollo.io/#/companies?q_organization_name=ROMI%20MATCHA,,,,,,New,,partial,0,,,,,,False,False,False,0,0,skip,,,,,,
Roomex,,,,,,https://www.linkedin.com/search/results/companies/?keywords=Roomex,https://app.apollo.io/#/companies?q_organization_name=Roomex,,,,,,New,,partial,0,,,,,,False,False,False,0,0,skip,,,,,,
Rosetta Brands,,,,,,https://www.linkedin.com/search/results/companies/?keywords=Rosetta%20Brands,https://app.apollo.io/#/companies?q_organization_name=Rosetta%20Brands,,,,,,New,,partial,0,,,,,,False,False,False,0,0,skip,,,,,,
RouteMagic,,,,,,https://www.linkedin.com/search/results/companies/?keywords=RouteMagic,https://app.apollo.io/#/companies?q_organization_name=RouteMagic,,,,,,New,,partial,0,,,,,,False,False,False,0,0,skip,,,,,,
Rowan International,,,,,,https://www.linkedin.com/search/results/companies/?keywords=Rowan%20International,https://app.apollo.io/#/companies?q_organization_name=Rowan%20International,,,,,,New,,partial,0,,,,,,False,False,False,0,0,skip,,,,,,
Rowcliffe,,,,,,https://www.linkedin.com/search/results/companies/?keywords=Rowcliffe,https://app.apollo.io/#/companies?q_organization_name=Rowcliffe,,,,,,New,,partial,0,,,,,,False,False,False,0,0,skip,,,,,,
Rowe's Cornish Bakers,,,,,,https://www.linkedin.com/search/results/companies/?keywords=Rowe's%20Cornish%20Bakers,https://app.apollo.io/#/companies?q_organization_name=Rowe's%20Cornish%20Bakers,,,,,,New,,partial,0,,,,,,False,False,False,0,0,skip,,,,,,
Royal Mail Parcel Lockers,,,,,,https://www.linkedin.com/search/results/companies/?keywords=Royal%20Mail%20Parcel%20Lockers,https://app.apollo.io/#/companies?q_organization_name=Royal%20Mail%20Parcel%20Lockers,,,,,,New,,partial,0,,,,,,False,False,False,0,0,skip,,,,,,
RUCI - Taste of Sri Lanka,,,,,,https://www.linkedin.com/search/results/companies/?keywords=RUCI%20-%20Taste%20of%20Sri%20Lanka,https://app.apollo.io/#/companies?q_organization_name=RUCI%20-%20Taste%20of%20Sri%20Lanka,,,,,,New,,partial,0,,,,,,False,False,False,0,0,skip,,,,,,
Rupa's Frozen Curry Base Cubes,,,,,YES,https://www.linkedin.com/search/results/companies/?keywords=Rupa's%20Frozen%20Curry%20Base%20Cubes,https://app.apollo.io/#/companies?q_organization_name=Rupa's%20Frozen%20Curry%20Base%20Cubes,,,,,,New,,partial,0,,,,,,False,False,False,0,0,skip,,,,,,
Rustichella,,,,,,https://www.linkedin.com/search/results/companies/?keywords=Rustichella,https://app.apollo.io/#/companies?q_organization_name=Rustichella,,,,,,New,,partial,0,,,,,,False,False,False,0,0,skip,,,,,,
Rutland Square Spirits,,,,,YES,https://www.linkedin.com/search/results/companies/?keywords=Rutland%20Square%20Spirits,https://app.apollo.io/#/companies?q_organization_name=Rutland%20Square%20Spirits,,,,,,New,,partial,0,,,,,,False,False,False,0,0,skip,,,,,,
RVM SYSTEMS,,,,,,https://www.linkedin.com/search/results/companies/?keywords=RVM%20SYSTEMS,https://app.apollo.io/#/companies?q_organization_name=RVM%20SYSTEMS,,,,,,New,,partial,0,,,,,,False,False,False,0,0,skip,,,,,,
S’more’a’licious,,,,,,https://www.linkedin.com/search/results/companies/?keywords=S’more’a’licious,https://app.apollo.io/#/companies?q_organization_name=S’more’a’licious,,,,,,New,,partial,0,,,,,,False,False,False,0,0,skip,,,,,,
S.Design Floral,,,,,,https://www.linkedin.com/search/results/companies/?keywords=S.Design%20Floral,https://app.apollo.io/#/companies?q_organization_name=S.Design%20Floral,,,,,,New,,partial,0,,,,,,False,False,False,0,0,skip,,,,,,
Safety Products Global,,,,,,https://www.linkedin.com/search/results/companies/?keywords=Safety%20Products%20Global,https://app.apollo.io/#/companies?q_organization_name=Safety%20Products%20Global,,,,,,New,,partial,0,,,,,,False,False,False,0,0,skip,,,,,,
SALAS ZIVIS,,,,,,https://www.linkedin.com/search/results/companies/?keywords=SALAS%20ZIVIS,https://app.apollo.io/#/companies?q_organization_name=SALAS%20ZIVIS,,,,,,New,,partial,0,,,,,,False,False,False,0,0,skip,,,,,,
SALDVA,,,,,,https://www.linkedin.com/search/results/companies/?keywords=SALDVA,https://app.apollo.io/#/companies?q_organization_name=SALDVA,,,,,,New,,partial,0,,,,,,False,False,False,0,0,skip,,,,,,
Salford Distillery,,,,,,https://www.linkedin.com/search/results/companies/?keywords=Salford%20Distillery,https://app.apollo.io/#/companies?q_organization_name=Salford%20Distillery,,,,,,New,,partial,0,,,,,,False,False,False,0,0,skip,,,,,,
Salt + Smoke Foods Ltd,,,,,YES,https://www.linkedin.com/search/results/companies/?keywords=Salt%20+%20Smoke%20Foods%20Ltd,https://app.apollo.io/#/companies?q_organization_name=Salt%20+%20Smoke%20Foods%20Ltd,,,,,,New,,partial,0,,,,,,False,False,False,0,0,skip,,,,,,
SAM4S,,,,,,https://www.linkedin.com/search/results/companies/?keywords=SAM4S,https://app.apollo.io/#/companies?q_organization_name=SAM4S,,,,,,New,,partial,0,,,,,,False,False,False,0,0,skip,,,,,,
samedaybags.com,,,,,,https://www.linkedin.com/search/results/companies/?keywords=samedaybags.com,https://app.apollo.io/#/companies?q_organization_name=samedaybags.com,,,,,,New,,partial,0,,,,,,False,False,False,0,0,skip,,,,,,
Samosa Wallah Ltd,,,,,,https://www.linkedin.com/search/results/companies/?keywords=Samosa%20Wallah%20Ltd,https://app.apollo.io/#/companies?q_organization_name=Samosa%20Wallah%20Ltd,,,,,,New,,partial,0,,,,,,False,False,False,0,0,skip,,,,,,
Samsam,,,,,,https://www.linkedin.com/search/results/companies/?keywords=Samsam,https://app.apollo.io/#/companies?q_organization_name=Samsam,,,,,,New,,partial,0,,,,,,False,False,False,0,0,skip,,,,,,
Samtouch / Ezeepos,,,,,,https://www.linkedin.com/search/results/companies/?keywords=Samtouch%20/%20Ezeepos,https://app.apollo.io/#/companies?q_organization_name=Samtouch%20/%20Ezeepos,,,,,,New,,partial,0,,,,,,False,False,False,0,0,skip,,,,,,
SANVI DRINKS LTD,,,,,YES,https://www.linkedin.com/search/results/companies/?keywords=SANVI%20DRINKS%20LTD,https://app.apollo.io/#/companies?q_organization_name=SANVI%20DRINKS%20LTD,,,,,,New,,partial,0,,,,,,False,False,False,0,0,skip,,,,,,
Sapphire Brands Ltd,,,,,,https://www.linkedin.com/search/results/companies/?keywords=Sapphire%20Brands%20Ltd,https://app.apollo.io/#/companies?q_organization_name=Sapphire%20Brands%20Ltd,,,,,,New,,partial,0,,,,,,False,False,False,0,0,skip,,,,,,
Sardar and sons / World Candies,,,,,,https://www.linkedin.com/search/results/companies/?keywords=Sardar%20and%20sons%20/%20World%20Candies,https://app.apollo.io/#/companies?q_organization_name=Sardar%20and%20sons%20/%20World%20Candies,,,,,,New,,partial,0,,,,,,False,False,False,0,0,skip,,,,,,
SARUNDS,,,,,,https://www.linkedin.com/search/results/companies/?keywords=SARUNDS,https://app.apollo.io/#/companies?q_organization_name=SARUNDS,,,,,,New,,partial,0,,,,,,False,False,False,0,0,skip,,,,,,
SATELLITE FINANCE LTD,,,,,,https://www.linkedin.com/search/results/companies/?keywords=SATELLITE%20FINANCE%20LTD,https://app.apollo.io/#/companies?q_organization_name=SATELLITE%20FINANCE%20LTD,,,,,,New,,partial,0,,,,,,False,False,False,0,0,skip,,,,,,
SAUCERY,,,,,YES,https://www.linkedin.com/search/results/companies/?keywords=SAUCERY,https://app.apollo.io/#/companies?q_organization_name=SAUCERY,,,,,,New,,partial,0,,,,,,False,False,False,0,0,skip,,,,,,
Sazerac UK Limited,,,,,,https://www.linkedin.com/search/results/companies/?keywords=Sazerac%20UK%20Limited,https://app.apollo.io/#/companies?q_organization_name=Sazerac%20UK%20Limited,,,,,,New,,partial,0,,,,,,False,False,False,0,0,skip,,,,,,
Scheidt & Bachmann,,,,,,https://www.linkedin.com/search/results/companies/?keywords=Scheidt%20&%20Bachmann,https://app.apollo.io/#/companies?q_organization_name=Scheidt%20&%20Bachmann,,,,,,New,,partial,0,,,,,,False,False,False,0,0,skip,,,,,,
School Yard Kitchen,,,,,,https://www.linkedin.com/search/results/companies/?keywords=School%20Yard%20Kitchen,https://app.apollo.io/#/companies?q_organization_name=School%20Yard%20Kitchen,,,,,,New,,partial,0,,,,,,False,False,False,0,0,skip,,,,,,
Sea Sisters Ltd.,,,,,,https://www.linkedin.com/search/results/companies/?keywords=Sea%20Sisters%20Ltd.,https://app.apollo.io/#/companies?q_organization_name=Sea%20Sisters%20Ltd.,,,,,,New,,partial,0,,,,,,False,False,False,0,0,skip,,,,,,
Seattle’s Best Coffee,,,,,YES,https://www.linkedin.com/search/results/companies/?keywords=Seattle’s%20Best%20Coffee,https://app.apollo.io/#/companies?q_organization_name=Seattle’s%20Best%20Coffee,,,,,,New,,partial,0,,,,,,False,False,False,0,0,skip,,,,,,
Seggiano,,,,,,https://www.linkedin.com/search/results/companies/?keywords=Seggiano,https://app.apollo.io/#/companies?q_organization_name=Seggiano,,,,,,New,,partial,0,,,,,,False,False,False,0,0,skip,,,,,,
SEIDOR,,,,,,https://www.linkedin.com/search/results/companies/?keywords=SEIDOR,https://app.apollo.io/#/companies?q_organization_name=SEIDOR,,,,,,New,,partial,0,,,,,,False,False,False,0,0,skip,,,,,,
Select Drams Ltd,,,,,,https://www.linkedin.com/search/results/companies/?keywords=Select%20Drams%20Ltd,https://app.apollo.io/#/companies?q_organization_name=Select%20Drams%20Ltd,,,,,,New,,partial,0,,,,,,False,False,False,0,0,skip,,,,,,
Selected Gourmet Group,,,,,,https://www.linkedin.com/search/results/companies/?keywords=Selected%20Gourmet%20Group,https://app.apollo.io/#/companies?q_organization_name=Selected%20Gourmet%20Group,,,,,,New,,partial,0,,,,,,False,False,False,0,0,skip,,,,,,
Sephra,,,,,,https://www.linkedin.com/search/results/companies/?keywords=Sephra,https://app.apollo.io/#/companies?q_organization_name=Sephra,,,,,,New,,partial,0,,,,,,False,False,False,0,0,skip,,,,,,
Seven Refrigeration,,,,,,https://www.linkedin.com/search/results/companies/?keywords=Seven%20Refrigeration,https://app.apollo.io/#/companies?q_organization_name=Seven%20Refrigeration,,,,,,New,,partial,0,,,,,,False,False,False,0,0,skip,,,,,,
SGS,,,,,,https://www.linkedin.com/search/results/companies/?keywords=SGS,https://app.apollo.io/#/companies?q_organization_name=SGS,,,,,,New,,partial,0,,,,,,False,False,False,0,0,skip,,,,,,
Shell,,,,,,https://www.linkedin.com/search/results/companies/?keywords=Shell,https://app.apollo.io/#/companies?q_organization_name=Shell,,,,,,New,,partial,0,,,,,,False,False,False,0,0,skip,,,,,,
Shepherds Purse Cheeses,,,,,,https://www.linkedin.com/search/results/companies/?keywords=Shepherds%20Purse%20Cheeses,https://app.apollo.io/#/companies?q_organization_name=Shepherds%20Purse%20Cheeses,,,,,,New,,partial,0,,,,,,False,False,False,0,0,skip,,,,,,
Sherlock Secrets,,,,,,https://www.linkedin.com/search/results/companies/?keywords=Sherlock%20Secrets,https://app.apollo.io/#/companies?q_organization_name=Sherlock%20Secrets,,,,,,New,,partial,0,,,,,,False,False,False,0,0,skip,,,,,,
Shiftie,,,,,,https://www.linkedin.com/search/results/companies/?keywords=Shiftie,https://app.apollo.io/#/companies?q_organization_name=Shiftie,,,,,,New,,partial,0,,,,,,False,False,False,0,0,skip,,,,,,
SHIPTON MILL,,,,,,https://www.linkedin.com/search/results/companies/?keywords=SHIPTON%20MILL,https://app.apollo.io/#/companies?q_organization_name=SHIPTON%20MILL,,,,,,New,,partial,0,,,,,,False,False,False,0,0,skip,,,,,,
Shire Fine Foods,,,,,YES,https://www.linkedin.com/search/results/companies/?keywords=Shire%20Fine%20Foods,https://app.apollo.io/#/companies?q_organization_name=Shire%20Fine%20Foods,,,,,,New,,partial,0,,,,,,False,False,False,0,0,skip,,,,,,
ShopMate,,,,,,https://www.linkedin.com/search/results/companies/?keywords=ShopMate,https://app.apollo.io/#/companies?q_organization_name=ShopMate,,,,,,New,,partial,0,,,,,,False,False,False,0,0,skip,,,,,,
Shree Sai Trading Ltd,,,,,,https://www.linkedin.com/search/results/companies/?keywords=Shree%20Sai%20Trading%20Ltd,https://app.apollo.io/#/companies?q_organization_name=Shree%20Sai%20Trading%20Ltd,,,,,,New,,partial,0,,,,,,False,False,False,0,0,skip,,,,,,
Sielaff UK Limited,,,,,,https://www.linkedin.com/search/results/companies/?keywords=Sielaff%20UK%20Limited,https://app.apollo.io/#/companies?q_organization_name=Sielaff%20UK%20Limited,,,,,,New,,partial,0,,,,,,False,False,False,0,0,skip,,,,,,
Significant Otter Ltd,,,,,,https://www.linkedin.com/search/results/companies/?keywords=Significant%20Otter%20Ltd,https://app.apollo.io/#/companies?q_organization_name=Significant%20Otter%20Ltd,,,,,,New,,partial,0,,,,,,False,False,False,0,0,skip,,,,,,
Sikary,,,,,,https://www.linkedin.com/search/results/companies/?keywords=Sikary,https://app.apollo.io/#/companies?q_organization_name=Sikary,,,,,,New,,partial,0,,,,,,False,False,False,0,0,skip,,,,,,
SILLY COW CHEESE,,,,,,https://www.linkedin.com/search/results/companies/?keywords=SILLY%20COW%20CHEESE,https://app.apollo.io/#/companies?q_organization_name=SILLY%20COW%20CHEESE,,,,,,New,,partial,0,,,,,,False,False,False,0,0,skip,,,,,,
simply roasted crisps,,,,,,https://www.linkedin.com/search/results/companies/?keywords=simply%20roasted%20crisps,https://app.apollo.io/#/companies?q_organization_name=simply%20roasted%20crisps,,,,,,New,,partial,0,,,,,,False,False,False,0,0,skip,,,,,,
Sip and Smile,,,,,,https://www.linkedin.com/search/results/companies/?keywords=Sip%20and%20Smile,https://app.apollo.io/#/companies?q_organization_name=Sip%20and%20Smile,,,,,,New,,partial,0,,,,,,False,False,False,0,0,skip,,,,,,
Sir Woofchester's,,,,,,https://www.linkedin.com/search/results/companies/?keywords=Sir%20Woofchester's,https://app.apollo.io/#/companies?q_organization_name=Sir%20Woofchester's,,,,,,New,,partial,0,,,,,,False,False,False,0,0,skip,,,,,,
SKE,,,,,,https://www.linkedin.com/search/results/companies/?keywords=SKE,https://app.apollo.io/#/companies?q_organization_name=SKE,,,,,,New,,partial,0,,,,,,False,False,False,0,0,skip,,,,,,
SMEG Professional,,,,,,https://www.linkedin.com/search/results/companies/?keywords=SMEG%20Professional,https://app.apollo.io/#/companies?q_organization_name=SMEG%20Professional,,,,,,New,,partial,0,,,,,,False,False,False,0,0,skip,,,,,,
Smits Uien,,,,,,https://www.linkedin.com/search/results/companies/?keywords=Smits%20Uien,https://app.apollo.io/#/companies?q_organization_name=Smits%20Uien,,,,,,New,,partial,0,,,,,,False,False,False,0,0,skip,,,,,,
Smoked Bishop,,,,,,https://www.linkedin.com/search/results/companies/?keywords=Smoked%20Bishop,https://app.apollo.io/#/companies?q_organization_name=Smoked%20Bishop,,,,,,New,,partial,0,,,,,,False,False,False,0,0,skip,,,,,,
Smokin' Bean,,,,,,https://www.linkedin.com/search/results/companies/?keywords=Smokin'%20Bean,https://app.apollo.io/#/companies?q_organization_name=Smokin'%20Bean,,,,,,New,,partial,0,,,,,,False,False,False,0,0,skip,,,,,,
Sneak,,,,,,https://www.linkedin.com/search/results/companies/?keywords=Sneak,https://app.apollo.io/#/companies?q_organization_name=Sneak,,,,,,New,,partial,0,,,,,,False,False,False,0,0,skip,,,,,,
Snowdonia Cheese,,,,,,https://www.linkedin.com/search/results/companies/?keywords=Snowdonia%20Cheese,https://app.apollo.io/#/companies?q_organization_name=Snowdonia%20Cheese,,,,,,New,,partial,0,,,,,,False,False,False,0,0,skip,,,,,,
SODIAAL UK,,,,,,https://www.linkedin.com/search/results/companies/?keywords=SODIAAL%20UK,https://app.apollo.io/#/companies?q_organization_name=SODIAAL%20UK,,,,,,New,,partial,0,,,,,,False,False,False,0,0,skip,,,,,,
Soken Engineering,,,,,,https://www.linkedin.com/search/results/companies/?keywords=Soken%20Engineering,https://app.apollo.io/#/companies?q_organization_name=Soken%20Engineering,,,,,,New,,partial,0,,,,,,False,False,False,0,0,skip,,,,,,
SOLV-X LTD,,,,,,https://www.linkedin.com/search/results/companies/?keywords=SOLV-X%20LTD,https://app.apollo.io/#/companies?q_organization_name=SOLV-X%20LTD,,,,,,New,,partial,0,,,,,,False,False,False,0,0,skip,,,,,,
Somerset Spirit Co,,,,,YES,https://www.linkedin.com/search/results/companies/?keywords=Somerset%20Spirit%20Co,https://app.apollo.io/#/companies?q_organization_name=Somerset%20Spirit%20Co,,,,,,New,,partial,0,,,,,,False,False,False,0,0,skip,,,,,,
SOP International,,,,,,https://www.linkedin.com/search/results/companies/?keywords=SOP%20International,https://app.apollo.io/#/companies?q_organization_name=SOP%20International,,,,,,New,,partial,0,,,,,,False,False,False,0,0,skip,,,,,,
SoSweet,,,,,YES,https://www.linkedin.com/search/results/companies/?keywords=SoSweet,https://app.apollo.io/#/companies?q_organization_name=SoSweet,,,,,,New,,partial,0,,,,,,False,False,False,0,0,skip,,,,,,
Source - Ultra Rapid EV Charging,,,,,,https://www.linkedin.com/search/results/companies/?keywords=Source%20-%20Ultra%20Rapid%20EV%20Charging,https://app.apollo.io/#/companies?q_organization_name=Source%20-%20Ultra%20Rapid%20EV%20Charging,,,,,,New,,partial,0,,,,,,False,False,False,0,0,skip,,,,,,
Source. Brand & Packaging Design,,,,,YES,https://www.linkedin.com/search/results/companies/?keywords=Source.%20Brand%20&%20Packaging%20Design,https://app.apollo.io/#/companies?q_organization_name=Source.%20Brand%20&%20Packaging%20Design,,,,,,New,,partial,0,,,,,,False,False,False,0,0,skip,,,,,,
South Coast Systems,,,,,,https://www.linkedin.com/search/results/companies/?keywords=South%20Coast%20Systems,https://app.apollo.io/#/companies?q_organization_name=South%20Coast%20Systems,,,,,,New,,partial,0,,,,,,False,False,False,0,0,skip,,,,,,
SPAR,,,,,,https://www.linkedin.com/search/results/companies/?keywords=SPAR,https://app.apollo.io/#/companies?q_organization_name=SPAR,,,,,,New,,partial,0,,,,,,False,False,False,0,0,skip,,,,,,
Speciality Breads & Finest Cake Co,,,,,,https://www.linkedin.com/search/results/companies/?keywords=Speciality%20Breads%20&%20Finest%20Cake%20Co,https://app.apollo.io/#/companies?q_organization_name=Speciality%20Breads%20&%20Finest%20Cake%20Co,,,,,,New,,partial,0,,,,,,False,False,False,0,0,skip,,,,,,
Speciality Food,,,,,YES,https://www.linkedin.com/search/results/companies/?keywords=Speciality%20Food,https://app.apollo.io/#/companies?q_organization_name=Speciality%20Food,,,,,,New,,partial,0,,,,,,False,False,False,0,0,skip,,,,,,
Spice Dept.,,,,,YES,https://www.linkedin.com/search/results/companies/?keywords=Spice%20Dept.,https://app.apollo.io/#/companies?q_organization_name=Spice%20Dept.,,,,,,New,,partial,0,,,,,,False,False,False,0,0,skip,,,,,,
Spice Kitchen,,,,,YES,https://www.linkedin.com/search/results/companies/?keywords=Spice%20Kitchen,https://app.apollo.io/#/companies?q_organization_name=Spice%20Kitchen,,,,,,New,,partial,0,,,,,,False,False,False,0,0,skip,,,,,,
Spirit Hound Distillery,,,,,YES,https://www.linkedin.com/search/results/companies/?keywords=Spirit%20Hound%20Distillery,https://app.apollo.io/#/companies?q_organization_name=Spirit%20Hound%20Distillery,,,,,,New,,partial,0,,,,,,False,False,False,0,0,skip,,,,,,
SPK Sales & Marketing Ltd,,,,,,https://www.linkedin.com/search/results/companies/?keywords=SPK%20Sales%20&%20Marketing%20Ltd,https://app.apollo.io/#/companies?q_organization_name=SPK%20Sales%20&%20Marketing%20Ltd,,,,,,New,,partial,0,,,,,,False,False,False,0,0,skip,,,,,,
spraga,,,,,,https://www.linkedin.com/search/results/companies/?keywords=spraga,https://app.apollo.io/#/companies?q_organization_name=spraga,,,,,,New,,partial,0,,,,,,False,False,False,0,0,skip,,,,,,
Springvale Foods,,,,,YES,https://www.linkedin.com/search/results/companies/?keywords=Springvale%20Foods,https://app.apollo.io/#/companies?q_organization_name=Springvale%20Foods,,,,,,New,,partial,0,,,,,,False,False,False,0,0,skip,,,,,,
Square UK,,,,,,https://www.linkedin.com/search/results/companies/?keywords=Square%20UK,https://app.apollo.io/#/companies?q_organization_name=Square%20UK,,,,,,New,,partial,0,,,,,,False,False,False,0,0,skip,,,,,,
St Michel Biscuits,,,,,,https://www.linkedin.com/search/results/companies/?keywords=St%20Michel%20Biscuits,https://app.apollo.io/#/companies?q_organization_name=St%20Michel%20Biscuits,,,,,,New,,partial,0,,,,,,False,False,False,0,0,skip,,,,,,
St. Ewe Free Range Eggs,,,,,,https://www.linkedin.com/search/results/companies/?keywords=St.%20Ewe%20Free%20Range%20Eggs,https://app.apollo.io/#/companies?q_organization_name=St.%20Ewe%20Free%20Range%20Eggs,,,,,,New,,partial,0,,,,,,False,False,False,0,0,skip,,,,,,
Stag Bakeries,,,,,,https://www.linkedin.com/search/results/companies/?keywords=Stag%20Bakeries,https://app.apollo.io/#/companies?q_organization_name=Stag%20Bakeries,,,,,,New,,partial,0,,,,,,False,False,False,0,0,skip,,,,,,
STAKK Retail Refrigeration,,,,,YES,https://www.linkedin.com/search/results/companies/?keywords=STAKK%20Retail%20Refrigeration,https://app.apollo.io/#/companies?q_organization_name=STAKK%20Retail%20Refrigeration,,,,,,New,,partial,0,,,,,,False,False,False,0,0,skip,,,,,,
Stateside Distribution,,,,,YES,https://www.linkedin.com/search/results/companies/?keywords=Stateside%20Distribution,https://app.apollo.io/#/companies?q_organization_name=Stateside%20Distribution,,,,,,New,,partial,0,,,,,,False,False,False,0,0,skip,,,,,,
Stickybeak,,,,,,https://www.linkedin.com/search/results/companies/?keywords=Stickybeak,https://app.apollo.io/#/companies?q_organization_name=Stickybeak,,,,,,New,,partial,0,,,,,,False,False,False,0,0,skip,,,,,,
Still G.I.N. By Dre and Snoop,,,,,,https://www.linkedin.com/search/results/companies/?keywords=Still%20G.I.N.%20By%20Dre%20and%20Snoop,https://app.apollo.io/#/companies?q_organization_name=Still%20G.I.N.%20By%20Dre%20and%20Snoop,,,,,,New,,partial,0,,,,,,False,False,False,0,0,skip,,,,,,
Stinkin’ Good Green Chile,,,,,,https://www.linkedin.com/search/results/companies/?keywords=Stinkin’%20Good%20Green%20Chile,https://app.apollo.io/#/companies?q_organization_name=Stinkin’%20Good%20Green%20Chile,,,,,,New,,partial,0,,,,,,False,False,False,0,0,skip,,,,,,
Stockley's Sweets,,,,,YES,https://www.linkedin.com/search/results/companies/?keywords=Stockley's%20Sweets,https://app.apollo.io/#/companies?q_organization_name=Stockley's%20Sweets,,,,,,New,,partial,0,,,,,,False,False,False,0,0,skip,,,,,,
Stokes Sauces,,,,,YES,https://www.linkedin.com/search/results/companies/?keywords=Stokes%20Sauces,https://app.apollo.io/#/companies?q_organization_name=Stokes%20Sauces,,,,,,New,,partial,0,,,,,,False,False,False,0,0,skip,,,,,,
Stone Willy's Kitchen,,,,,,https://www.linkedin.com/search/results/companies/?keywords=Stone%20Willy's%20Kitchen,https://app.apollo.io/#/companies?q_organization_name=Stone%20Willy's%20Kitchen,,,,,,New,,partial,0,,,,,,False,False,False,0,0,skip,,,,,,
Strong Vision Display Stands,,,,,,https://www.linkedin.com/search/results/companies/?keywords=Strong%20Vision%20Display%20Stands,https://app.apollo.io/#/companies?q_organization_name=Strong%20Vision%20Display%20Stands,,,,,,New,,partial,0,,,,,,False,False,False,0,0,skip,,,,,,
Stroop Club Stroopwafels,,,,,,https://www.linkedin.com/search/results/companies/?keywords=Stroop%20Club%20Stroopwafels,https://app.apollo.io/#/companies?q_organization_name=Stroop%20Club%20Stroopwafels,,,,,,New,,partial,0,,,,,,False,False,False,0,0,skip,,,,,,
Sturdy Products UK Ltd,,,,,,https://www.linkedin.com/search/results/companies/?keywords=Sturdy%20Products%20UK%20Ltd,https://app.apollo.io/#/companies?q_organization_name=Sturdy%20Products%20UK%20Ltd,,,,,,New,,partial,0,,,,,,False,False,False,0,0,skip,,,,,,
Sublime Creations,,,,,,https://www.linkedin.com/search/results/companies/?keywords=Sublime%20Creations,https://app.apollo.io/#/companies?q_organization_name=Sublime%20Creations,,,,,,New,,partial,0,,,,,,False,False,False,0,0,skip,,,,,,
Sucseed,,,,,,https://www.linkedin.com/search/results/companies/?keywords=Sucseed,https://app.apollo.io/#/companies?q_organization_name=Sucseed,,,,,,New,,partial,0,,,,,,False,False,False,0,0,skip,,,,,,
SUMA Wholefoods,,,,,YES,https://www.linkedin.com/search/results/companies/?keywords=SUMA%20Wholefoods,https://app.apollo.io/#/companies?q_organization_name=SUMA%20Wholefoods,,,,,,New,,partial,0,,,,,,False,False,False,0,0,skip,,,,,,
Summerhouse Drinks,,,,,YES,https://www.linkedin.com/search/results/companies/?keywords=Summerhouse%20Drinks,https://app.apollo.io/#/companies?q_organization_name=Summerhouse%20Drinks,,,,,,New,,partial,0,,,,,,False,False,False,0,0,skip,,,,,,
Sun & Seed,,,,,,https://www.linkedin.com/search/results/companies/?keywords=Sun%20&%20Seed,https://app.apollo.io/#/companies?q_organization_name=Sun%20&%20Seed,,,,,,New,,partial,0,,,,,,False,False,False,0,0,skip,,,,,,
Sunmagic Juices,,,,,YES,https://www.linkedin.com/search/results/companies/?keywords=Sunmagic%20Juices,https://app.apollo.io/#/companies?q_organization_name=Sunmagic%20Juices,,,,,,New,,partial,0,,,,,,False,False,False,0,0,skip,,,,,,
Sunshine Snacks Ltd,,,,,YES,https://www.linkedin.com/search/results/companies/?keywords=Sunshine%20Snacks%20Ltd,https://app.apollo.io/#/companies?q_organization_name=Sunshine%20Snacks%20Ltd,,,,,,New,,partial,0,,,,,,False,False,False,0,0,skip,,,,,,
Superkeen,,,,,,https://www.linkedin.com/search/results/companies/?keywords=Superkeen,https://app.apollo.io/#/companies?q_organization_name=Superkeen,,,,,,New,,partial,0,,,,,,False,False,False,0,0,skip,,,,,,
Supreme Imports,,,,,,https://www.linkedin.com/search/results/companies/?keywords=Supreme%20Imports,https://app.apollo.io/#/companies?q_organization_name=Supreme%20Imports,,,,,,New,,partial,0,,,,,,False,False,False,0,0,skip,,,,,,
Sure Retail Equipment Ltd,,,,,YES,https://www.linkedin.com/search/results/companies/?keywords=Sure%20Retail%20Equipment%20Ltd,https://app.apollo.io/#/companies?q_organization_name=Sure%20Retail%20Equipment%20Ltd,,,,,,New,,partial,0,,,,,,False,False,False,0,0,skip,,,,,,
Sweet Snob,,,,,YES,https://www.linkedin.com/search/results/companies/?keywords=Sweet%20Snob,https://app.apollo.io/#/companies?q_organization_name=Sweet%20Snob,,,,,,New,,partial,0,,,,,,False,False,False,0,0,skip,,,,,,
Sweet Street Desserts,,,,,YES,https://www.linkedin.com/search/results/companies/?keywords=Sweet%20Street%20Desserts,https://app.apollo.io/#/companies?q_organization_name=Sweet%20Street%20Desserts,,,,,,New,,partial,0,,,,,,False,False,False,0,0,skip,,,,,,
Sweetzone Ltd,,,,,YES,https://www.linkedin.com/search/results/companies/?keywords=Sweetzone%20Ltd,https://app.apollo.io/#/companies?q_organization_name=Sweetzone%20Ltd,,,,,,New,,partial,0,,,,,,False,False,False,0,0,skip,,,,,,
Taishon - Flavours Of The Far East,,,,,,https://www.linkedin.com/search/results/companies/?keywords=Taishon%20-%20Flavours%20Of%20The%20Far%20East,https://app.apollo.io/#/companies?q_organization_name=Taishon%20-%20Flavours%20Of%20The%20Far%20East,,,,,,New,,partial,0,,,,,,False,False,False,0,0,skip,,,,,,
Tango,,,,,,https://www.linkedin.com/search/results/companies/?keywords=Tango,https://app.apollo.io/#/companies?q_organization_name=Tango,,,,,,New,,partial,0,,,,,,False,False,False,0,0,skip,,,,,,
TANZA KINDNESS,,,,,,https://www.linkedin.com/search/results/companies/?keywords=TANZA%20KINDNESS,https://app.apollo.io/#/companies?q_organization_name=TANZA%20KINDNESS,,,,,,New,,partial,0,,,,,,False,False,False,0,0,skip,,,,,,
Tarquin's Gin,,,,,,https://www.linkedin.com/search/results/companies/?keywords=Tarquin's%20Gin,https://app.apollo.io/#/companies?q_organization_name=Tarquin's%20Gin,,,,,,New,,partial,0,,,,,,False,False,False,0,0,skip,,,,,,
Tarro Skincare,,,,,,https://www.linkedin.com/search/results/companies/?keywords=Tarro%20Skincare,https://app.apollo.io/#/companies?q_organization_name=Tarro%20Skincare,,,,,,New,,partial,0,,,,,,False,False,False,0,0,skip,,,,,,
Taste of Xiangxi,,,,,,https://www.linkedin.com/search/results/companies/?keywords=Taste%20of%20Xiangxi,https://app.apollo.io/#/companies?q_organization_name=Taste%20of%20Xiangxi,,,,,,New,,partial,0,,,,,,False,False,False,0,0,skip,,,,,,
Tastebuds Collective,,,,,,https://www.linkedin.com/search/results/companies/?keywords=Tastebuds%20Collective,https://app.apollo.io/#/companies?q_organization_name=Tastebuds%20Collective,,,,,,New,,partial,0,,,,,,False,False,False,0,0,skip,,,,,,
Tasty African Food,,,,,YES,https://www.linkedin.com/search/results/companies/?keywords=Tasty%20African%20Food,https://app.apollo.io/#/companies?q_organization_name=Tasty%20African%20Food,,,,,,New,,partial,0,,,,,,False,False,False,0,0,skip,,,,,,
Tea From The Manor,,,,,YES,https://www.linkedin.com/search/results/companies/?keywords=Tea%20From%20The%20Manor,https://app.apollo.io/#/companies?q_organization_name=Tea%20From%20The%20Manor,,,,,,New,,partial,0,,,,,,False,False,False,0,0,skip,,,,,,
Tea Moments,,,,,YES,https://www.linkedin.com/search/results/companies/?keywords=Tea%20Moments,https://app.apollo.io/#/companies?q_organization_name=Tea%20Moments,,,,,,New,,partial,0,,,,,,False,False,False,0,0,skip,,,,,,
teapigs,,,,,YES,https://www.linkedin.com/search/results/companies/?keywords=teapigs,https://app.apollo.io/#/companies?q_organization_name=teapigs,,,,,,New,,partial,0,,,,,,False,False,False,0,0,skip,,,,,,
Teddy Toilet Tissue,,,,,,https://www.linkedin.com/search/results/companies/?keywords=Teddy%20Toilet%20Tissue,https://app.apollo.io/#/companies?q_organization_name=Teddy%20Toilet%20Tissue,,,,,,New,,partial,0,,,,,,False,False,False,0,0,skip,,,,,,
TEMU,,,,,,https://www.linkedin.com/search/results/companies/?keywords=TEMU,https://app.apollo.io/#/companies?q_organization_name=TEMU,,,,,,New,,partial,0,,,,,,False,False,False,0,0,skip,,,,,,
Tentamus UK,,,,,,https://www.linkedin.com/search/results/companies/?keywords=Tentamus%20UK,https://app.apollo.io/#/companies?q_organization_name=Tentamus%20UK,,,,,,New,,partial,0,,,,,,False,False,False,0,0,skip,,,,,,
Tenuta Marmorelle Ltd,,,,,,https://www.linkedin.com/search/results/companies/?keywords=Tenuta%20Marmorelle%20Ltd,https://app.apollo.io/#/companies?q_organization_name=Tenuta%20Marmorelle%20Ltd,,,,,,New,,partial,0,,,,,,False,False,False,0,0,skip,,,,,,
"The Anglesey Sea Salt Company, Halen Môn",,,,,,"https://www.linkedin.com/search/results/companies/?keywords=The%20Anglesey%20Sea%20Salt%20Company,%20Halen%20Môn","https://app.apollo.io/#/companies?q_organization_name=The%20Anglesey%20Sea%20Salt%20Company,%20Halen%20Môn",,,,,,New,,partial,0,,,,,,False,False,False,0,0,skip,,,,,,
The Bay Tree Food Company Ltd.,,,,,YES,https://www.linkedin.com/search/results/companies/?keywords=The%20Bay%20Tree%20Food%20Company%20Ltd.,https://app.apollo.io/#/companies?q_organization_name=The%20Bay%20Tree%20Food%20Company%20Ltd.,,,,,,New,,partial,0,,,,,,False,False,False,0,0,skip,,,,,,
The Buffalo Farm,,,,,,https://www.linkedin.com/search/results/companies/?keywords=The%20Buffalo%20Farm,https://app.apollo.io/#/companies?q_organization_name=The%20Buffalo%20Farm,,,,,,New,,partial,0,,,,,,False,False,False,0,0,skip,,,,,,
The Bury Black Pudding Co,,,,,,https://www.linkedin.com/search/results/companies/?keywords=The%20Bury%20Black%20Pudding%20Co,https://app.apollo.io/#/companies?q_organization_name=The%20Bury%20Black%20Pudding%20Co,,,,,,New,,partial,0,,,,,,False,False,False,0,0,skip,,,,,,
The Cherry Tree,,,,,,https://www.linkedin.com/search/results/companies/?keywords=The%20Cherry%20Tree,https://app.apollo.io/#/companies?q_organization_name=The%20Cherry%20Tree,,,,,,New,,partial,0,,,,,,False,False,False,0,0,skip,,,,,,
The CoCo House,,,,,,https://www.linkedin.com/search/results/companies/?keywords=The%20CoCo%20House,https://app.apollo.io/#/companies?q_organization_name=The%20CoCo%20House,,,,,,New,,partial,0,,,,,,False,False,False,0,0,skip,,,,,,
The Cocoa Counter,,,,,,https://www.linkedin.com/search/results/companies/?keywords=The%20Cocoa%20Counter,https://app.apollo.io/#/companies?q_organization_name=The%20Cocoa%20Counter,,,,,,New,,partial,0,,,,,,False,False,False,0,0,skip,,,,,,
The Coconut Company,,,,,,https://www.linkedin.com/search/results/companies/?keywords=The%20Coconut%20Company,https://app.apollo.io/#/companies?q_organization_name=The%20Coconut%20Company,,,,,,New,,partial,0,,,,,,False,False,False,0,0,skip,,,,,,
The Cotswold Cardillo,,,,,,https://www.linkedin.com/search/results/companies/?keywords=The%20Cotswold%20Cardillo,https://app.apollo.io/#/companies?q_organization_name=The%20Cotswold%20Cardillo,,,,,,New,,partial,0,,,,,,False,False,False,0,0,skip,,,,,,
The Deli Society,,,,,,https://www.linkedin.com/search/results/companies/?keywords=The%20Deli%20Society,https://app.apollo.io/#/companies?q_organization_name=The%20Deli%20Society,,,,,,New,,partial,0,,,,,,False,False,False,0,0,skip,,,,,,
The Dorset Dairy Co,,,,,YES,https://www.linkedin.com/search/results/companies/?keywords=The%20Dorset%20Dairy%20Co,https://app.apollo.io/#/companies?q_organization_name=The%20Dorset%20Dairy%20Co,,,,,,New,,partial,0,,,,,,False,False,False,0,0,skip,,,,,,
The Edinburgh Butter Company,,,,,,https://www.linkedin.com/search/results/companies/?keywords=The%20Edinburgh%20Butter%20Company,https://app.apollo.io/#/companies?q_organization_name=The%20Edinburgh%20Butter%20Company,,,,,,New,,partial,0,,,,,,False,False,False,0,0,skip,,,,,,
THE EGGLESS BAKER,,,,,,https://www.linkedin.com/search/results/companies/?keywords=THE%20EGGLESS%20BAKER,https://app.apollo.io/#/companies?q_organization_name=THE%20EGGLESS%20BAKER,,,,,,New,,partial,0,,,,,,False,False,False,0,0,skip,,,,,,
The EPOS Bureau,,,,,,https://www.linkedin.com/search/results/companies/?keywords=The%20EPOS%20Bureau,https://app.apollo.io/#/companies?q_organization_name=The%20EPOS%20Bureau,,,,,,New,,partial,0,,,,,,False,False,False,0,0,skip,,,,,,
The Exploding Bakery,,,,,YES,https://www.linkedin.com/search/results/companies/?keywords=The%20Exploding%20Bakery,https://app.apollo.io/#/companies?q_organization_name=The%20Exploding%20Bakery,,,,,,New,,partial,0,,,,,,False,False,False,0,0,skip,,,,,,
The Farmer's Son,,,,,,https://www.linkedin.com/search/results/companies/?keywords=The%20Farmer's%20Son,https://app.apollo.io/#/companies?q_organization_name=The%20Farmer's%20Son,,,,,,New,,partial,0,,,,,,False,False,False,0,0,skip,,,,,,
The Fed,,,,,,https://www.linkedin.com/search/results/companies/?keywords=The%20Fed,https://app.apollo.io/#/companies?q_organization_name=The%20Fed,,,,,,New,,partial,0,,,,,,False,False,False,0,0,skip,,,,,,
The Fine Cheese Co. Ltd,,,,,,https://www.linkedin.com/search/results/companies/?keywords=The%20Fine%20Cheese%20Co.%20Ltd,https://app.apollo.io/#/companies?q_organization_name=The%20Fine%20Cheese%20Co.%20Ltd,,,,,,New,,partial,0,,,,,,False,False,False,0,0,skip,,,,,,
THE FUTURE CANDY COMPANY & INFINITY BRANDS,,,,,YES,https://www.linkedin.com/search/results/companies/?keywords=THE%20FUTURE%20CANDY%20COMPANY%20&%20INFINITY%20BRANDS,https://app.apollo.io/#/companies?q_organization_name=THE%20FUTURE%20CANDY%20COMPANY%20&%20INFINITY%20BRANDS,,,,,,New,,partial,0,,,,,,False,False,False,0,0,skip,,,,,,
The Garlic Farm & Wild Island,,,,,,https://www.linkedin.com/search/results/companies/?keywords=The%20Garlic%20Farm%20&%20Wild%20Island,https://app.apollo.io/#/companies?q_organization_name=The%20Garlic%20Farm%20&%20Wild%20Island,,,,,,New,,partial,0,,,,,,False,False,False,0,0,skip,,,,,,
The Good Crisp Company,,,,,,https://www.linkedin.com/search/results/companies/?keywords=The%20Good%20Crisp%20Company,https://app.apollo.io/#/companies?q_organization_name=The%20Good%20Crisp%20Company,,,,,,New,,partial,0,,,,,,False,False,False,0,0,skip,,,,,,
The Grocer,,,,,,https://www.linkedin.com/search/results/companies/?keywords=The%20Grocer,https://app.apollo.io/#/companies?q_organization_name=The%20Grocer,,,,,,New,,partial,0,,,,,,False,False,False,0,0,skip,,,,,,
The Homemade Brownie Company,,,,,,https://www.linkedin.com/search/results/companies/?keywords=The%20Homemade%20Brownie%20Company,https://app.apollo.io/#/companies?q_organization_name=The%20Homemade%20Brownie%20Company,,,,,,New,,partial,0,,,,,,False,False,False,0,0,skip,,,,,,
The Label Group,,,,,,https://www.linkedin.com/search/results/companies/?keywords=The%20Label%20Group,https://app.apollo.io/#/companies?q_organization_name=The%20Label%20Group,,,,,,New,,partial,0,,,,,,False,False,False,0,0,skip,,,,,,
The Little Bakery Dumfries,,,,,YES,https://www.linkedin.com/search/results/companies/?keywords=The%20Little%20Bakery%20Dumfries,https://app.apollo.io/#/companies?q_organization_name=The%20Little%20Bakery%20Dumfries,,,,,,New,,partial,0,,,,,,False,False,False,0,0,skip,,,,,,
The Magnum Ice Cream Company,,,,,,https://www.linkedin.com/search/results/companies/?keywords=The%20Magnum%20Ice%20Cream%20Company,https://app.apollo.io/#/companies?q_organization_name=The%20Magnum%20Ice%20Cream%20Company,,,,,,New,,partial,0,,,,,,False,False,False,0,0,skip,,,,,,
The Monmore Group,,,,,,https://www.linkedin.com/search/results/companies/?keywords=The%20Monmore%20Group,https://app.apollo.io/#/companies?q_organization_name=The%20Monmore%20Group,,,,,,New,,partial,0,,,,,,False,False,False,0,0,skip,,,,,,
The National Lottery,,,,,,https://www.linkedin.com/search/results/companies/?keywords=The%20National%20Lottery,https://app.apollo.io/#/companies?q_organization_name=The%20National%20Lottery,,,,,,New,,partial,0,,,,,,False,False,False,0,0,skip,,,,,,
The National Park Card Company,,,,,,https://www.linkedin.com/search/results/companies/?keywords=The%20National%20Park%20Card%20Company,https://app.apollo.io/#/companies?q_organization_name=The%20National%20Park%20Card%20Company,,,,,,New,,partial,0,,,,,,False,False,False,0,0,skip,,,,,,
The Newt,,,,,,https://www.linkedin.com/search/results/companies/?keywords=The%20Newt,https://app.apollo.io/#/companies?q_organization_name=The%20Newt,,,,,,New,,partial,0,,,,,,False,False,False,0,0,skip,,,,,,
The Oil Merchant Ltd.,,,,,,https://www.linkedin.com/search/results/companies/?keywords=The%20Oil%20Merchant%20Ltd.,https://app.apollo.io/#/companies?q_organization_name=The%20Oil%20Merchant%20Ltd.,,,,,,New,,partial,0,,,,,,False,False,False,0,0,skip,,,,,,
The Original Baker,,,,,,https://www.linkedin.com/search/results/companies/?keywords=The%20Original%20Baker,https://app.apollo.io/#/companies?q_organization_name=The%20Original%20Baker,,,,,,New,,partial,0,,,,,,False,False,False,0,0,skip,,,,,,
The Original Chicken Crackling,,,,,,https://www.linkedin.com/search/results/companies/?keywords=The%20Original%20Chicken%20Crackling,https://app.apollo.io/#/companies?q_organization_name=The%20Original%20Chicken%20Crackling,,,,,,New,,partial,0,,,,,,False,False,False,0,0,skip,,,,,,
The Original Patty Co,,,,,,https://www.linkedin.com/search/results/companies/?keywords=The%20Original%20Patty%20Co,https://app.apollo.io/#/companies?q_organization_name=The%20Original%20Patty%20Co,,,,,,New,,partial,0,,,,,,False,False,False,0,0,skip,,,,,,
The Ormskirk Gingerbread Co. LTD,,,,,,https://www.linkedin.com/search/results/companies/?keywords=The%20Ormskirk%20Gingerbread%20Co.%20LTD,https://app.apollo.io/#/companies?q_organization_name=The%20Ormskirk%20Gingerbread%20Co.%20LTD,,,,,,New,,partial,0,,,,,,False,False,False,0,0,skip,,,,,,
The Peanut Butter Store,,,,,,https://www.linkedin.com/search/results/companies/?keywords=The%20Peanut%20Butter%20Store,https://app.apollo.io/#/companies?q_organization_name=The%20Peanut%20Butter%20Store,,,,,,New,,partial,0,,,,,,False,False,False,0,0,skip,,,,,,
The Port Of Lancaster Smokehouse,,,,,,https://www.linkedin.com/search/results/companies/?keywords=The%20Port%20Of%20Lancaster%20Smokehouse,https://app.apollo.io/#/companies?q_organization_name=The%20Port%20Of%20Lancaster%20Smokehouse,,,,,,New,,partial,0,,,,,,False,False,False,0,0,skip,,,,,,
The Potions Cauldron,,,,,,https://www.linkedin.com/search/results/companies/?keywords=The%20Potions%20Cauldron,https://app.apollo.io/#/companies?q_organization_name=The%20Potions%20Cauldron,,,,,,New,,partial,0,,,,,,False,False,False,0,0,skip,,,,,,
The Quality Group,,,,,,https://www.linkedin.com/search/results/companies/?keywords=The%20Quality%20Group,https://app.apollo.io/#/companies?q_organization_name=The%20Quality%20Group,,,,,,New,,partial,0,,,,,,False,False,False,0,0,skip,,,,,,
The Real Cure,,,,,,https://www.linkedin.com/search/results/companies/?keywords=The%20Real%20Cure,https://app.apollo.io/#/companies?q_organization_name=The%20Real%20Cure,,,,,,New,,partial,0,,,,,,False,False,False,0,0,skip,,,,,,
The Real Olive Company,,,,,,https://www.linkedin.com/search/results/companies/?keywords=The%20Real%20Olive%20Company,https://app.apollo.io/#/companies?q_organization_name=The%20Real%20Olive%20Company,,,,,,New,,partial,0,,,,,,False,False,False,0,0,skip,,,,,,
The Scotch Egg Company (sw),,,,,,https://www.linkedin.com/search/results/companies/?keywords=The%20Scotch%20Egg%20Company%20(sw),https://app.apollo.io/#/companies?q_organization_name=The%20Scotch%20Egg%20Company%20(sw),,,,,,New,,partial,0,,,,,,False,False,False,0,0,skip,,,,,,
The Shropshire Scratching Company,,,,,,https://www.linkedin.com/search/results/companies/?keywords=The%20Shropshire%20Scratching%20Company,https://app.apollo.io/#/companies?q_organization_name=The%20Shropshire%20Scratching%20Company,,,,,,New,,partial,0,,,,,,False,False,False,0,0,skip,,,,,,
The Sweet Potato Spirit Company,,,,,YES,https://www.linkedin.com/search/results/companies/?keywords=The%20Sweet%20Potato%20Spirit%20Company,https://app.apollo.io/#/companies?q_organization_name=The%20Sweet%20Potato%20Spirit%20Company,,,,,,New,,partial,0,,,,,,False,False,False,0,0,skip,,,,,,
The TeaShed - Bubble Tea & Matcha,,,,,YES,https://www.linkedin.com/search/results/companies/?keywords=The%20TeaShed%20-%20Bubble%20Tea%20&%20Matcha,https://app.apollo.io/#/companies?q_organization_name=The%20TeaShed%20-%20Bubble%20Tea%20&%20Matcha,,,,,,New,,partial,0,,,,,,False,False,False,0,0,skip,,,,,,
The Untamed Chocolate Company,,,,,YES,https://www.linkedin.com/search/results/companies/?keywords=The%20Untamed%20Chocolate%20Company,https://app.apollo.io/#/companies?q_organization_name=The%20Untamed%20Chocolate%20Company,,,,,,New,,partial,0,,,,,,False,False,False,0,0,skip,,,,,,
The Waiter's Friend Company,,,,,,https://www.linkedin.com/search/results/companies/?keywords=The%20Waiter's%20Friend%20Company,https://app.apollo.io/#/companies?q_organization_name=The%20Waiter's%20Friend%20Company,,,,,,New,,partial,0,,,,,,False,False,False,0,0,skip,,,,,,
The Wheat Bag Company,,,,,,https://www.linkedin.com/search/results/companies/?keywords=The%20Wheat%20Bag%20Company,https://app.apollo.io/#/companies?q_organization_name=The%20Wheat%20Bag%20Company,,,,,,New,,partial,0,,,,,,False,False,False,0,0,skip,,,,,,
The Wooden Spoon Preserving Co.,,,,,,https://www.linkedin.com/search/results/companies/?keywords=The%20Wooden%20Spoon%20Preserving%20Co.,https://app.apollo.io/#/companies?q_organization_name=The%20Wooden%20Spoon%20Preserving%20Co.,,,,,,New,,partial,0,,,,,,False,False,False,0,0,skip,,,,,,
The Woodland Trust,,,,,,https://www.linkedin.com/search/results/companies/?keywords=The%20Woodland%20Trust,https://app.apollo.io/#/companies?q_organization_name=The%20Woodland%20Trust,,,,,,New,,partial,0,,,,,,False,False,False,0,0,skip,,,,,,
The Yorkshire Kitchen,,,,,,https://www.linkedin.com/search/results/companies/?keywords=The%20Yorkshire%20Kitchen,https://app.apollo.io/#/companies?q_organization_name=The%20Yorkshire%20Kitchen,,,,,,New,,partial,0,,,,,,False,False,False,0,0,skip,,,,,,
The Yorkshire Pasta Company,,,,,,https://www.linkedin.com/search/results/companies/?keywords=The%20Yorkshire%20Pasta%20Company,https://app.apollo.io/#/companies?q_organization_name=The%20Yorkshire%20Pasta%20Company,,,,,,New,,partial,0,,,,,,False,False,False,0,0,skip,,,,,,
Thornton Print Limited,,,,,,https://www.linkedin.com/search/results/companies/?keywords=Thornton%20Print%20Limited,https://app.apollo.io/#/companies?q_organization_name=Thornton%20Print%20Limited,,,,,,New,,partial,0,,,,,,False,False,False,0,0,skip,,,,,,
THREE BEES SPIRITS,,,,,YES,https://www.linkedin.com/search/results/companies/?keywords=THREE%20BEES%20SPIRITS,https://app.apollo.io/#/companies?q_organization_name=THREE%20BEES%20SPIRITS,,,,,,New,,partial,0,,,,,,False,False,False,0,0,skip,,,,,,
Threesixty Brand Design,,,,,,https://www.linkedin.com/search/results/companies/?keywords=Threesixty%20Brand%20Design,https://app.apollo.io/#/companies?q_organization_name=Threesixty%20Brand%20Design,,,,,,New,,partial,0,,,,,,False,False,False,0,0,skip,,,,,,
THUNDER DRINKS,,,,,YES,https://www.linkedin.com/search/results/companies/?keywords=THUNDER%20DRINKS,https://app.apollo.io/#/companies?q_organization_name=THUNDER%20DRINKS,,,,,,New,,partial,0,,,,,,False,False,False,0,0,skip,,,,,,
ThunderSnout BBQ,,,,,,https://www.linkedin.com/search/results/companies/?keywords=ThunderSnout%20BBQ,https://app.apollo.io/#/companies?q_organization_name=ThunderSnout%20BBQ,,,,,,New,,partial,0,,,,,,False,False,False,0,0,skip,,,,,,
Thyme Marketing and Thyme Store,,,,,,https://www.linkedin.com/search/results/companies/?keywords=Thyme%20Marketing%20and%20Thyme%20Store,https://app.apollo.io/#/companies?q_organization_name=Thyme%20Marketing%20and%20Thyme%20Store,,,,,,New,,partial,0,,,,,,False,False,False,0,0,skip,,,,,,
Tills Direct,,,,,,https://www.linkedin.com/search/results/companies/?keywords=Tills%20Direct,https://app.apollo.io/#/companies?q_organization_name=Tills%20Direct,,,,,,New,,partial,0,,,,,,False,False,False,0,0,skip,,,,,,
Tilz Collection LTD,,,,,,https://www.linkedin.com/search/results/companies/?keywords=Tilz%20Collection%20LTD,https://app.apollo.io/#/companies?q_organization_name=Tilz%20Collection%20LTD,,,,,,New,,partial,0,,,,,,False,False,False,0,0,skip,,,,,,
Timpson Limted,,,,,,https://www.linkedin.com/search/results/companies/?keywords=Timpson%20Limted,https://app.apollo.io/#/companies?q_organization_name=Timpson%20Limted,,,,,,New,,partial,0,,,,,,False,False,False,0,0,skip,,,,,,
Tiptree,,,,,,https://www.linkedin.com/search/results/companies/?keywords=Tiptree,https://app.apollo.io/#/companies?q_organization_name=Tiptree,,,,,,New,,partial,0,,,,,,False,False,False,0,0,skip,,,,,,
TMS UK,,,,,,https://www.linkedin.com/search/results/companies/?keywords=TMS%20UK,https://app.apollo.io/#/companies?q_organization_name=TMS%20UK,,,,,,New,,partial,0,,,,,,False,False,False,0,0,skip,,,,,,
Toca Vida,,,,,,https://www.linkedin.com/search/results/companies/?keywords=Toca%20Vida,https://app.apollo.io/#/companies?q_organization_name=Toca%20Vida,,,,,,New,,partial,0,,,,,,False,False,False,0,0,skip,,,,,,
TOMRA,,,,,,https://www.linkedin.com/search/results/companies/?keywords=TOMRA,https://app.apollo.io/#/companies?q_organization_name=TOMRA,,,,,,New,,partial,0,,,,,,False,False,False,0,0,skip,,,,,,
Toppings Pies,,,,,,https://www.linkedin.com/search/results/companies/?keywords=Toppings%20Pies,https://app.apollo.io/#/companies?q_organization_name=Toppings%20Pies,,,,,,New,,partial,0,,,,,,False,False,False,0,0,skip,,,,,,
TOSS,,,,,,https://www.linkedin.com/search/results/companies/?keywords=TOSS,https://app.apollo.io/#/companies?q_organization_name=TOSS,,,,,,New,,partial,0,,,,,,False,False,False,0,0,skip,,,,,,
