Company,Country,City,Category,Fair,Website,Email,Phone_WhatsApp,LinkedIn,LinkedIn_Handle,Instagram,Instagram_Handle,Facebook,Facebook_Handle,Stand_Booth,Hall_Stand,Address,Detail_URL,Has_Email,Has_Website,Has_Phone,Contact_Score,Notes
030,Italy,,,Pitti Uomo 110,,,,,,,,,,PADIGLIONE CENTRALE / PIANO ATTICO / H/15,,,,False,False,False,0,
04651/ A TRIP IN A BAG,Germany,,Lifestyle; Sustainable; Special Co-Lab/Limited Edition; Essentials; Nordic Style; New Formal; Globetrotter; Premium Streetwear; Urban; Contemporary,Pitti Uomo 110,http://www.04651.com,info@04651.com,+49 (0)40.2383189.10,,,https://www.instagram.com/04651atripinabag,04651atripinabag,https://www.facebook.com/04651Sylt/,04651Sylt,PADIGLIONE CENTRALE / PIANO INFERIORE / U/2-4,,,https://uomo.pittimmagine.com/en/pittimmagine/fairs/uomo/exhibitors/0-9/04651--a-trip-in-a-bag,True,True,True,4,
070 STUDIO,Italy,,,Pitti Uomo 110,http://www.zerosettantastudio.com,info@zerosettantastudio.com,03500620483,,,https://www.instagram.com/zerosettanta_studio,zerosettanta_studio,https://www.facebook.com/Zerosettanta-studio-287347191299112/,Zerosettanta-studio-287347191299112,PADIGLIONE CENTRALE / PIANO INFERIORE / Q/14,,,https://uomo.pittimmagine.com/en/pittimmagine/fairs/uomo/exhibitors/0-9/070-studio,True,True,True,4,
24BOTTLES,Italy,,,Pitti Uomo 110,http://www.24bottles.com,giovanni@24bottles.com,03874391208,https://www.linkedin.com/company/24bottles/,24bottles,https://www.instagram.com/24bottles_official,24bottles_official,https://www.facebook.com/24Bottles,24Bottles,PADIGLIONE CAVANIGLIA / 38,,,https://uomo.pittimmagine.com/en/pittimmagine/fairs/uomo/exhibitors/0-9/24bottles,True,True,True,5,
40 WEFT,Italy,,Globetrotter; Premium Streetwear; Informal; Urban; Contemporary,Pitti Uomo 110,http://www.40weft.com,info@40weft.com,+39 055 8826929,,,https://www.instagram.com/40weft,40weft,https://www.facebook.com/40weft.OfficialPage/,40weft.OfficialPage,PADIGLIONE CAVANIGLIA / 13-14,,,https://uomo.pittimmagine.com/en/pittimmagine/fairs/uomo/exhibitors/0-9/40-weft,True,True,True,4,
4US,Italy,,,Pitti Uomo 110,,,,,,,,,,ARMERIA / 26-28,,,,False,False,False,0,
A. LEYVA,Spain,,Essentials; British Style; Classic; Denimwear; Sportswear; Premium Streetwear; Urban; Luxury; Contemporary; Collection,Pitti Uomo 110,http://www.aleyva.com,info@aleyva.com,,,,https://www.instagram.com/leyvabelts,leyvabelts,,,PADIGLIONE CENTRALE / PIANO TERRA / D/14,,,https://uomo.pittimmagine.com/en/pittimmagine/fairs/uomo/exhibitors/A/a--leyva,True,True,False,3,
ABARCA,Spain,,,Pitti Uomo 110,http://www.abarcashoes.com,info@abarcashoes.com,663839409,,,https://www.instagram.com/abarcashoes,abarcashoes,https://www.facebook.com/abarcashoes/,abarcashoes,PADIGLIONE CAVANIGLIA / 57,,,https://uomo.pittimmagine.com/en/pittimmagine/fairs/uomo/exhibitors/A/abarca,True,True,True,4,
AERONAUTICA MILITARE,Italy,,Lifestyle; Sportswear; Informal; Urban; Craftsmanship; Contemporary; Collection,Pitti Uomo 110,http://www.cristianodithiene.com,info@cristianodithiene.com,+39 0445.380330,https://www.linkedin.com/company/cristiano-di-thiene-spa/,cristiano-di-thiene-spa,https://www.instagram.com/aeronautica_officialstore,aeronautica_officialstore,,,CORTILE CAVANIGLIA / 1,,,https://uomo.pittimmagine.com/en/pittimmagine/fairs/uomo/exhibitors/A/aeronautica-militare,True,True,True,5,
AESSE EQP,Italy,,Lifestyle; Sustainable; High Performance; Urban; Collection,Pitti Uomo 110,http://www.aesseeqp.it,info@aesseeqp.it,01761270238,,,https://www.instagram.com/aesseeqp,aesseeqp,,,PADIGLIONE CENTRALE / PIANO TERRA / K/7 L/8,,,https://uomo.pittimmagine.com/en/pittimmagine/fairs/uomo/exhibitors/A/aesse-eqp,True,True,True,4,
AGF MAROSTICA,Italy,,Classic; Sportswear; Contemporary,Pitti Uomo 110,http://www.agfmarostica.com,commerciale@modamarostica.eu,+39 0424 1700109,,,https://www.instagram.com/agf_marostica,agf_marostica,https://www.facebook.com/AGFmarostica,AGFmarostica,PADIGLIONE CENTRALE / PIANO TERRA / D/12,,,https://uomo.pittimmagine.com/en/pittimmagine/fairs/uomo/exhibitors/A/agf-marostica,True,True,True,4,
AIKON,Italy,,Lifestyle; Essentials; Cutting-Edge; Japan Style; Denimwear; Premium Streetwear; Urban; Luxury; Craftsmanship; Contemporary,Pitti Uomo 110,http://www.weareaikon.com,info@weareaikon.com,,,,,,,,SALA DELLE NAZIONI / A/23,,,https://uomo.pittimmagine.com/en/pittimmagine/fairs/uomo/exhibitors/A/aikon,True,True,False,2,
AJOBYAJO - CODE KOREA,Korea (South),,Agender; Japan Style; Workwear; Premium Streetwear; Informal; Urban; Youth Culture; Craftsmanship; Contemporary; Collection,Pitti Uomo 110,https://www.ajo-studio.com,info@ajo-studio.com,354-81-01550,,,https://www.instagram.com/ajo_ajobyajo_official,ajo_ajobyajo_official,https://www.facebook.com/ajoajoajoajo,ajoajoajoajo,POLVERIERA / 1,,,https://uomo.pittimmagine.com/en/pittimmagine/fairs/uomo/exhibitors/A/ajobyajo---code-korea,True,True,True,4,
ALBERTO,Germany,,Lifestyle; Sustainable; Essentials; Classic; Denimwear,Pitti Uomo 110,https://www.alberto-pants.com/en,hello@alberto-pants.com,+49 2161 8192-0,,,https://www.instagram.com/albertopants,albertopants,,,PADIGLIONE CENTRALE / S. ALFA P.INFERIORE / 2,,,https://uomo.pittimmagine.com/en/pittimmagine/fairs/uomo/exhibitors/A/alberto,True,True,True,4,
ALBERTO FASCIANI,Italy,,Classic; Luxury; Craftsmanship; Contemporary,Pitti Uomo 110,http://www.albertofasciani.it,Customercare@albertofasciani.it,+39 0734628530,,,https://instagram.com/albertofasciani_official,albertofasciani_official,https://www.facebook.com/albertofasciani,albertofasciani,PADIGLIONE CENTRALE / PIANO ATTICO / H/6,,,https://uomo.pittimmagine.com/en/pittimmagine/fairs/uomo/exhibitors/A/alberto-fasciani,True,True,True,4,
ALBERTO LUTI,Italy,,,Pitti Uomo 110,http://www.albertoluti.it,info@albertoluti.it,+39 081 359 00 55,,,https://www.instagram.com/albertolutiofficial,albertolutiofficial,https://www.facebook.com/albertolutinapoli/,albertolutinapoli,PADIGLIONE CENTRALE / PIANO TERRA / D/4,,,https://uomo.pittimmagine.com/en/pittimmagine/fairs/uomo/exhibitors/A/alberto-luti,True,True,True,4,
ALDEN NEW ENGLAND,U.S.A.,,Lifestyle; Classic; Premium Streetwear; Luxury; Craftsmanship; Collection,Pitti Uomo 110,http://www.aldenshoe.com,online@aldenshoe.com,02346 508-947-3926,,,https://www.instagram.com/aldenshoeco,aldenshoeco,,,PADIGLIONE CENTRALE / PIANO ATTICO / E/8,,,https://uomo.pittimmagine.com/en/pittimmagine/fairs/uomo/exhibitors/A/alden-new-england,True,True,True,4,
ALESSANDRO GHERARDESCHI,Italy,,,Pitti Uomo 110,,,,,,,,,,,,,,False,False,False,0,
ALESSANDRO GHERARDI,Italy,,Sustainable; Cutting-Edge; Classic; New Formal; Denimwear; High Performance; Activewear; Informal; Luxury; Contemporary,Pitti Uomo 110,http://www.alessandrogherardi.com,info@alessandrogherardi.com,390575797501,,,https://www.instagram.com/alessandrogherardi_official,alessandrogherardi_official,https://www.facebook.com/alessandrogherardiofficial/,alessandrogherardiofficial,PADIGLIONE CENTRALE / PIANO INFERIORE / P/2-6,,,https://uomo.pittimmagine.com/en/pittimmagine/fairs/uomo/exhibitors/A/alessandro-gherardi,True,True,True,4,
ALESSANDRO GILLES,Italy,,,Pitti Uomo 110,https://www.alessandrogilles.it,info@alessandrogilles.it,+39 089 88 24 29,,,https://www.instagram.com/alessandrogilles_official,alessandrogilles_official,,,RONDINO / 1,,,https://uomo.pittimmagine.com/en/pittimmagine/fairs/uomo/exhibitors/A/alessandro-gilles,True,True,True,4,
ALEXANDER HOTTO,Italy,,Classic; New Formal; Luxury; Craftsmanship; Contemporary,Pitti Uomo 110,http://www.alexanderhotto.com,admin@alexanderhotto.com,+39 0734 892013,,,https://www.instagram.com/alexanderhotto,alexanderhotto,https://www.facebook.com/AlexanderHottoShoes,AlexanderHottoShoes,PADIGLIONE CENTRALE / PIANO ATTICO / B/15,,,https://uomo.pittimmagine.com/en/pittimmagine/fairs/uomo/exhibitors/A/alexander-hotto,True,True,True,4,
ALFONSO D'ESTE,Italy,,Nordic Style; British Style; Classic; Urban; Luxury; Craftsmanship; Collection,Pitti Uomo 110,https://alfonsodeste.it/.alfonsodeste.it,info@alfonsodeste.it,,,,https://www.instagram.com/alfonsodeste_official,alfonsodeste_official,,,PADIGLIONE CENTRALE / SALONE M P.INFERIORE / 49,,,https://uomo.pittimmagine.com/en/pittimmagine/fairs/uomo/exhibitors/A/alfonso-d-este,True,True,False,3,
ALFRONCE,China,,New Formal; Outdoor; Informal; Urban; Youth Culture; Luxury; Collection,Pitti Uomo 110,http://www.alfronce.com,info@alfronce.com,,,,,,,,SALA DELLE NAZIONI / A/40-42,,,https://uomo.pittimmagine.com/en/pittimmagine/fairs/uomo/exhibitors/A/alfronce,True,True,False,2,
ALGORI BRAND,Portugal,,Lifestyle; Sportswear; Premium Streetwear; Informal; Urban; Contemporary,Pitti Uomo 110,https://algoribrand.com,hi@algoribrand.com,516315420,,,https://www.instagram.com/algoribrand,algoribrand,https://www.facebook.com/algoribrand,algoribrand,ARMERIA / 11,,,https://uomo.pittimmagine.com/en/pittimmagine/fairs/uomo/exhibitors/A/algori-brand,True,True,True,4,
ALLBIRDS,U.S.A.,,Lifestyle; Sustainable; Activewear; Urban,Pitti Uomo 110,https://www.allbirds.eu,service@allbirds.eu,+43 5522-72303,,,https://www.instagram.com/allbirds,allbirds,https://www.facebook.com/weareallbirds,weareallbirds,PADIGLIONE CAVANIGLIA / 23,,,https://uomo.pittimmagine.com/en/pittimmagine/fairs/uomo/exhibitors/A/allbirds,True,True,True,4,
ALLEY DOCKS 963,Italy,,Lifestyle; Classic; Sportswear; Informal; Urban; Contemporary,Pitti Uomo 110,http://www.alleydocks.com,info@alleydocks.com,+39) 030 348451,,,https://www.instagram.com/alley_docks,alley_docks,https://www.facebook.com/Alleydocks/,Alleydocks,PADIGLIONE CENTRALE / PIANO TERRA / E/9,,,https://uomo.pittimmagine.com/en/pittimmagine/fairs/uomo/exhibitors/A/alley-docks-963,True,True,True,4,
ALPENHAUS,Canada,,,Pitti Uomo 110,http://www.alpenhaus.com,info@alpenhaus.com,,https://www.linkedin.com/company/alpenhaus%C2%AE-outerwear/,alpenhaus%C2%AE-outerwear,https://www.instagram.com/alpenhaus,alpenhaus,https://www.facebook.com/profile.php,profile.php,SALA DELLA RONDA / 35-36,,,https://uomo.pittimmagine.com/en/pittimmagine/fairs/uomo/exhibitors/A/alpenhaus,True,True,False,4,
ALPHA STUDIO,Italy,,Sustainable; Essentials; Classic; New Formal; Informal; Urban; Luxury; Craftsmanship; Contemporary; Collection,Pitti Uomo 110,http://www.alpha-studio.com,cs.alphastudio@the-ffw.com,02196080978,,,https://www.instagram.com/alphastudioofficial,alphastudioofficial,https://www.facebook.com/AlphaStudioOfficial/,AlphaStudioOfficial,PADIGLIONE CENTRALE / PIANO ATTICO / J/6-8,,,https://uomo.pittimmagine.com/en/pittimmagine/fairs/uomo/exhibitors/A/alpha-studio,True,True,True,4,
AMA-BRAND,Italy,,Lifestyle; Outdoor; Activewear; Informal; Urban; Luxury; Contemporary,Pitti Uomo 110,http://www.ama-brand.com,info@ama-brand.com,00223440504,,,https://www.instagram.com/amabrand,amabrand,,,PADIGLIONE CAVANIGLIA / 17,,,https://uomo.pittimmagine.com/en/pittimmagine/fairs/uomo/exhibitors/A/ama-brand,True,True,True,4,
AMANDA CHRISTENSEN,Sweden,,,Pitti Uomo 110,https://www.houseofamandachristensen.com,economy@houseofamandachristensen.com,556051925701,https://www.linkedin.com/company/18203634/,18203634,https://www.instagram.com/houseofamandachristensen,houseofamandachristensen,https://www.facebook.com/Amanda-Christensen-AB-541110402592755/,Amanda-Christensen-AB-541110402592755,PADIGLIONE CENTRALE / PIANO INFERIORE / O/19,,,https://uomo.pittimmagine.com/en/pittimmagine/fairs/uomo/exhibitors/A/amanda-christensen,True,True,True,5,
AMBITIOUS,Portugal,,Lifestyle; Sustainable; Essentials; Cutting-Edge; Classic; New Formal; Informal; Urban; Craftsmanship; Contemporary,Pitti Uomo 110,http://www.ambitious-brand.com,customer.service@ambitious-brand.com,+351 253 559 043,https://www.linkedin.com/company/ambitious-brand/,ambitious-brand,https://www.instagram.com/ambitiousbrand,ambitiousbrand,https://www.facebook.com/ambitiousbrands,ambitiousbrands,PADIGLIONE CENTRALE / PIANO TERRA / J/5,,,https://uomo.pittimmagine.com/en/pittimmagine/fairs/uomo/exhibitors/A/ambitious,True,True,True,5,
AMERICAN VINTAGE,France,,,Pitti Uomo 110,http://www.americanvintage-store.com,info@americanvintage-store.com,,,,https://www.instagram.com/americanvintage_officiel,americanvintage_officiel,,,ARSENALE / PIANO TERRA / 1-5,,,https://uomo.pittimmagine.com/en/pittimmagine/fairs/uomo/exhibitors/A/american-vintage,True,True,False,3,
AMERIGO VESPUCCI COLLECTION BY MARINA MILITARE,Italy,,Lifestyle; Essentials; Nordic Style; Classic; New Formal; Outdoor; Globetrotter; High Performance; Sportswear; Informal,Pitti Uomo 110,https://www.marinamilitare-sportswear.com,,,,,https://www.instagram.com/marinamilitaresportswear,marinamilitaresportswear,,,PADIGLIONE CENTRALE / PIANO TERRA / K/12,,,https://uomo.pittimmagine.com/en/pittimmagine/fairs/uomo/exhibitors/A/amerigo-vespucci-collection-by-marina-militare,False,True,False,2,
AMUNDSEN,Norway,,,Pitti Uomo 110,,,,,,,,,,SALA DELLA RONDA / 22,,,,False,False,False,0,
ANCIENT GREEK SANDALS,Greece,,Craftsmanship,Pitti Uomo 110,http://www.ancient-greek-sandals.com,av@accentprojects.co,+30 210 0107708,,,https://www.instagram.com/ancientgreeksandals,ancientgreeksandals,https://www.facebook.com/ancientgreeksandals,ancientgreeksandals,SALA DELLE NAZIONI / B/5-7,,,https://uomo.pittimmagine.com/en/pittimmagine/fairs/uomo/exhibitors/A/ancient-greek-sandals,True,True,True,4,
AND1,United Kingdom,,Lifestyle; Cutting-Edge; Denimwear; Activewear; Premium Streetwear; Urban; Youth Culture; Contemporary; Collection,Pitti Uomo 110,,,,,,,,,,ARMERIA / 25-29,,,,False,False,False,0,
ANDREA GRECO,Italy,,Lifestyle; Special Co-Lab/Limited Edition; Nordic Style; Japan Style; British Style; Classic; Urban; Luxury; Craftsmanship; Collection,Pitti Uomo 110,,,,,,,,,,PADIGLIONE CENTRALE / PIANO INFERIORE / S/22,,,https://uomo.pittimmagine.com/en/pittimmagine/fairs/uomo/exhibitors/A/andrea-greco,False,False,False,0,
ANDREU,Spain,,Sustainable; Essentials; Nordic Style; Classic; New Formal; Workwear; Globetrotter; Urban; Contemporary,Pitti Uomo 110,http://www.sebastianandreu.com,info@sebastianandreu.com,+34) 93 3 179 031,https://www.linkedin.com/company/sebastian-andreu,sebastian-andreu,https://www.instagram.com/sebastianandreu_barcelona,sebastianandreu_barcelona,,,PADIGLIONE CENTRALE / PIANO TERRA / C/10,,,https://uomo.pittimmagine.com/en/pittimmagine/fairs/uomo/exhibitors/A/andreu,True,True,True,5,
ANERKJENDT,Denmark,,Nordic Style; Japan Style; Denimwear; Outdoor; Urban; Craftsmanship; Contemporary; Collection,Pitti Uomo 110,http://www.anerkjendt.com,shop@anerkjendt.com,40 41 42 43 44 45 46,https://dk.linkedin.com/company/anerkjendt,anerkjendt,https://www.instagram.com/anerkjendt_official,anerkjendt_official,https://www.facebook.com/Anerkjendt/,Anerkjendt,PADIGLIONE CAVANIGLIA / 21,,,https://uomo.pittimmagine.com/en/pittimmagine/fairs/uomo/exhibitors/A/anerkjendt,True,True,True,5,
ANGELO JAKOB SWITZERLAND,Switzerland,,Lifestyle; Sustainable; Cutting-Edge; British Style; Classic; High Performance; Luxury; Craftsmanship; Contemporary; Collection,Pitti Uomo 110,https://angelojakob.com,hello@angelojakob.com,,,,https://www.instagram.com/angelojakob,angelojakob,,,PADIGLIONE CENTRALE / SALONE M P.INFERIORE / 37,,,https://uomo.pittimmagine.com/en/pittimmagine/fairs/uomo/exhibitors/A/angelo-jakob-switzerland,True,True,False,3,
ANGELO ROMA,Italy,,Lifestyle; Classic; Informal,Pitti Uomo 110,http://www.angeloroma.it,,,,,https://www.instagram.com/angeloroma_official,angeloroma_official,,,COSTRUZIONI LORENESI / PIANO PRIMO / 8,,,https://uomo.pittimmagine.com/en/pittimmagine/fairs/uomo/exhibitors/A/angelo-roma,False,True,False,2,
ANT45,Italy,,Sustainable; Sportswear; Premium Streetwear; Urban; Youth Culture,Pitti Uomo 110,http://www.ant45.com,info@ant45.com,01727920173,,,https://www.instagram.com/ant45_official,ant45_official,,,PADIGLIONE CENTRALE / PIANO ATTICO / G/13,,,https://uomo.pittimmagine.com/en/pittimmagine/fairs/uomo/exhibitors/A/ant45,True,True,True,4,
ANTICA CUOIERIA,Italy,,,Pitti Uomo 110,http://www.anticacuoieria.it,SUPPORT@ANTICACUOIERIA.IT,(39) 0575 42811,,,https://www.instagram.com/anticacuoieria,anticacuoieria,https://www.facebook.com/anticacuoieria/,anticacuoieria,PADIGLIONE CENTRALE / PIANO TERRA / B/16,,,https://uomo.pittimmagine.com/en/pittimmagine/fairs/uomo/exhibitors/A/antica-cuoieria,True,True,True,4,
ANTIK BATIK,France,,Lifestyle; Essentials; Denimwear; Globetrotter; Informal; Urban; Craftsmanship; Contemporary,Pitti Uomo 110,http://www.antikbatik.com,,,,,https://www.instagram.com/antikbatik_paris,antikbatik_paris,,,SALA DELLE NAZIONI / A/30,,,https://uomo.pittimmagine.com/en/pittimmagine/fairs/uomo/exhibitors/A/antik-batik,False,True,False,2,
ANTONIO BARBUTO,Italy,,Lifestyle; New Formal; Denimwear; Outdoor; Luxury,Pitti Uomo 110,http://www.antoniobarbuto.it,info@antoniobarbuto.it,+39 0967 91092,,,,,http://www.facebook.com/pages/Antonio-Barbuto-Co-Srl/599518753407460,pages,PADIGLIONE CENTRALE / PIANO INFERIORE / Q/5,,,https://uomo.pittimmagine.com/en/pittimmagine/fairs/uomo/exhibitors/B/antonio-barbuto,True,True,True,3,
AQUA ALTA,Italy,,Lifestyle; Essentials; Urban; Craftsmanship; Contemporary,Pitti Uomo 110,http://www.aqua-alta.com,online@aqua-alta.com,36 37 38 39 40 41,,,https://www.instagram.com/aquaalta.venezia,aquaalta.venezia,https://www.facebook.com/profile.php,profile.php,PADIGLIONE CENTRALE / PIANO ATTICO / B/9,,,https://uomo.pittimmagine.com/en/pittimmagine/fairs/uomo/exhibitors/A/aqua-alta,True,True,True,4,
AQUASCUTUM ACTIVE,Italy,,Lifestyle; Sustainable; British Style; Outdoor; High Performance; Activewear; Sportswear; Urban; Contemporary; Collection,Pitti Uomo 110,,,,,,https://www.instagram.com/aquascutumactive,aquascutumactive,,,COSTRUZIONI LORENESI / PIANO TERRA / 4,,,https://uomo.pittimmagine.com/en/pittimmagine/fairs/uomo/exhibitors/A/aquascutum-active,False,False,False,1,
ARCHIVIUM,Italy,,,Pitti Uomo 110,http://www.archiviumbeupdated.com,cottoncompanysrl@gmail.com,+39 030 348451,,,https://www.instagram.com/archivium_beupdated,archivium_beupdated,,,PADIGLIONE CENTRALE / PIANO ATTICO / E/4,,,https://uomo.pittimmagine.com/en/pittimmagine/fairs/uomo/exhibitors/A/archivium,True,True,True,4,
ARCURI,Italy,,,Pitti Uomo 110,http://www.arcuricravatte.it,info@arcuricravatte.it,+39 3 47 382 3799,,,https://www.instagram.com/arcuri_cravatte,arcuri_cravatte,https://www.facebook.com/arcuricravatte/,arcuricravatte,PADIGLIONE CENTRALE / PIANO TERRA / C/8,,,https://uomo.pittimmagine.com/en/pittimmagine/fairs/uomo/exhibitors/A/arcuri,True,True,True,4,
ARMOR LUX,France,,Sustainable; Essentials; Workwear; Sportswear; Urban; Contemporary,Pitti Uomo 110,,,,,,https://www.instagram.com/armorluxofficiel,armorluxofficiel,,,SALA DELLE NAZIONI / B/26-28,,,https://uomo.pittimmagine.com/en/pittimmagine/fairs/uomo/exhibitors/A/armor-lux,False,False,False,1,
ARO,Spain,,,Pitti Uomo 110,https://aroshoes.com,service@aroshoes.com,,,,https://www.instagram.com/aroshoes___,aroshoes___,https://www.facebook.com/sneakersaro,sneakersaro,PADIGLIONE CAVANIGLIA / 118,,,https://uomo.pittimmagine.com/en/pittimmagine/fairs/uomo/exhibitors/A/aro,True,True,False,3,
ARTICO,Italy,,Lifestyle; Sustainable; Classic; Outdoor; Luxury; Craftsmanship; Contemporary,Pitti Uomo 110,http://www.articofashion.com,info@articofashion.com,+39 051 828266,https://www.linkedin.com/company/artico-sas,artico-sas,https://www.instagram.com/artico_official_,artico_official_,https://www.facebook.com/articosnc,articosnc,PADIGLIONE CENTRALE / PIANO INFERIORE / S/11,,,https://uomo.pittimmagine.com/en/pittimmagine/fairs/uomo/exhibitors/A/artico,True,True,True,5,
ASICS WALKING,Japan,,Lifestyle; New Formal; Informal; Urban; Contemporary,Pitti Uomo 110,https://walking.asics.com,info@walking.asics.com,,,,https://www.instagram.com/asics_walking,asics_walking,,,PADIGLIONE CENTRALE / PIANO ATTICO / H/13,,,https://uomo.pittimmagine.com/en/pittimmagine/fairs/uomo/exhibitors/A/asics-walking,True,True,False,3,
ASTORFLEX,Italy,,Outdoor; Activewear; Informal; Urban; Craftsmanship; Contemporary,Pitti Uomo 110,http://www.astorflex.it,info@astorflex.it,+39 0376 660170,,,https://www.instagram.com/astorflex_official,astorflex_official,https://www.facebook.com/calzaturificioastorflex/,calzaturificioastorflex,SALA DELLE NAZIONI / B/18,,,https://uomo.pittimmagine.com/en/pittimmagine/fairs/uomo/exhibitors/A/astorflex,True,True,True,4,
AT.P.CO,Italy,,Lifestyle; Essentials; New Formal; Denimwear; Outdoor; Informal; Urban; Contemporary; Collection,Pitti Uomo 110,http://www.atpco.it,,,,,https://www.instagram.com/atpco.it,atpco.it,,,PADIGLIONE CENTRALE / PIANO TERRA / H/6-8,,,https://uomo.pittimmagine.com/en/pittimmagine/fairs/uomo/exhibitors/A/at-p-co,False,True,False,2,
ATALASPORT,Italy,,Lifestyle; Sustainable; Premium Streetwear; Urban; Craftsmanship; Contemporary,Pitti Uomo 110,http://www.atalasport.it,info@atalasport.it,,,,https://www.instagram.com/atalasport,atalasport,https://www.facebook.com/atalasport,atalasport,SALA DELLE NAZIONI / B/3,,,https://uomo.pittimmagine.com/en/pittimmagine/fairs/uomo/exhibitors/A/atalasport,True,True,False,3,
ATELIER DI FALCO,Turkey,,Essentials; Classic; New Formal; Denimwear; High Performance; Activewear; Sportswear; Informal; Luxury; Contemporary,Pitti Uomo 110,http://www.atelierdifalco.com,info@atelierdifalco.com,,,,https://www.instagram.com/atelierdifalco.official,atelierdifalco.official,https://www.facebook.com/atelierdifalco,atelierdifalco,COSTRUZIONI LORENESI / PIANO PRIMO / 5,,,https://uomo.pittimmagine.com/en/pittimmagine/fairs/uomo/exhibitors/A/atelier-di-falco,True,True,False,3,
ATHISON,Italy,,Lifestyle; Sustainable; Nordic Style; Japan Style; British Style; Classic; New Formal; Urban; Luxury; Craftsmanship,Pitti Uomo 110,http://www.athison.com,athison@manifatturadomodossola.it,,,,https://www.instagram.com/athison1913,athison1913,https://www.facebook.com/athison1913,athison1913,PADIGLIONE CENTRALE / PIANO TERRA / C/6,,,https://uomo.pittimmagine.com/en/pittimmagine/fairs/uomo/exhibitors/A/athison,True,True,False,3,
ATLANTIC STARS,Italy,,Lifestyle; Sportswear; Urban,Pitti Uomo 110,http://atlanticstars.it,shop@atlanticstars.it,05678120287,,,https://www.instagram.com/atlanticstars,atlanticstars,https://www.facebook.com/atlanticstarsofficial/,atlanticstarsofficial,CORTILE LORENESI / 3,,,https://uomo.pittimmagine.com/en/pittimmagine/fairs/uomo/exhibitors/A/atlantic-stars,True,True,True,4,
AURELIEN,Netherlands,,Lifestyle; Essentials; Classic; New Formal; Luxury; Craftsmanship; Contemporary; Collection,Pitti Uomo 110,http://www.aurelien.com,customercare@aurelien-online.com,,,,https://www.instagram.com/aurelien_official,aurelien_official,https://www.facebook.com/Aurelien.Online,Aurelien.Online,PADIGLIONE CENTRALE / PIANO INFERIORE / S/10,,,https://uomo.pittimmagine.com/en/pittimmagine/fairs/uomo/exhibitors/A/aurelien,True,True,False,3,
AVANT TOI,Italy,,Lifestyle; Essentials; Contemporary,Pitti Uomo 110,http://www.avant-toi.it,showroom.milano@liapull.it,+39 02 89 07 71 12,,,https://www.instagram.com/avant_toi.it,avant_toi.it,,,PADIGLIONE CENTRALE / PIANO ATTICO / B/2-4,,,https://uomo.pittimmagine.com/en/pittimmagine/fairs/uomo/exhibitors/A/avant-toi,True,True,True,4,
AVIREX,Italy,,,Pitti Uomo 110,,,,,,,,,,PADIGLIONE CENTRALE / PIANO TERRA / H/17,,,,False,False,False,0,
AZMAN,United Arab Emirates,,,Pitti Uomo 110,,,,,,,,,,PADIGLIONE CENTRALE / PIANO ATTICO / G/4,,,,False,False,False,0,
B.D. BAGGIES,U.S.A.,,,Pitti Uomo 110,http://www.bdbaggies.com,customerservice@bdbaggies.com,02370420370,,,https://www.instagram.com/bdbaggies,bdbaggies,https://www.facebook.com/B-D-Baggies-1052706384758469,B-D-Baggies-1052706384758469,AREA MONUMENTALE / SALA DELLA VOLTA E CORRIDOIO DELL'ARCO / 1,,,https://uomo.pittimmagine.com/en/pittimmagine/fairs/uomo/exhibitors/B/b-d--baggies,True,True,True,4,
BABETTE WASSERMAN LONDON,United Kingdom,,Lifestyle; Japan Style; British Style; Classic; New Formal; Workwear; Premium Streetwear; Luxury; Contemporary; Collection,Pitti Uomo 110,http://www.babette-wasserman.com,info@babette-wasserman.com,+44 (0)20 89649777,,,https://www.instagram.com/babettewasserman,babettewasserman,https://www.facebook.com/babettewassermanjewellery,babettewassermanjewellery,PADIGLIONE CENTRALE / PIANO INFERIORE / P/23,,,https://uomo.pittimmagine.com/en/pittimmagine/fairs/uomo/exhibitors/B/babette-wasserman-london,True,True,True,4,
BAINDEMER,France,,,Pitti Uomo 110,,,,,,,,,,PADIGLIONE CENTRALE / PIANO ATTICO / J/10,,,,False,False,False,0,
BALDININI,Italy,,,Pitti Uomo 110,https://www.baldinini-shop.com/it,shopping@baldinini.it,+39 0541 932898,,,,,,,PADIGLIONE CENTRALE / PIANO INFERIORE / V/9 Z/8,,,https://uomo.pittimmagine.com/en/pittimmagine/fairs/uomo/exhibitors/B/baldinini,True,True,True,3,
BARACUTA,United Kingdom,,,Pitti Uomo 110,http://www.baracuta.com,info@baracuta.com,00 32 33 34 36 38 40,,,https://www.instagram.com/baracuta,baracuta,,,AREA MONUMENTALE / SALA DELLA VOLTA E CORRIDOIO DELL'ARCO / 1,,,https://uomo.pittimmagine.com/en/pittimmagine/fairs/uomo/exhibitors/B/baracuta,True,True,True,4,
BARBARULO NAPOLI 1894,Italy,,Luxury; Craftsmanship,Pitti Uomo 110,http://www.barbarulonapoli.it,info@gemellidapolso.it,07165211215,,,https://www.instagram.com/barbarulo_napoli,barbarulo_napoli,https://www.facebook.com/barbarulo1894,barbarulo1894,PADIGLIONE CENTRALE / PIANO INFERIORE / O/23,,,https://uomo.pittimmagine.com/en/pittimmagine/fairs/uomo/exhibitors/B/barbarulo-napoli-1894,True,True,True,4,
BARBOUR,United Kingdom,,,Pitti Uomo 110,http://www.barbour.com,customer.care@barbour.com,0800 917 3000,,,https://www.instagram.com/barbour,barbour,https://www.facebook.com/OfficialBarbour,OfficialBarbour,AREA MONUMENTALE / SALA DELLA VOLTA E CORRIDOIO DELL'ARCO / 1,,,https://uomo.pittimmagine.com/en/pittimmagine/fairs/uomo/exhibitors/B/barbour,True,True,True,4,
BARMAS,Italy,,Classic; New Formal; Denimwear; Luxury; Craftsmanship; Contemporary,Pitti Uomo 110,https://www.barmas.net,info@barmas.net,+39 0426 302189,,,https://www.instagram.com/barmas_venezia,barmas_venezia,,,PADIGLIONE CENTRALE / PIANO INFERIORE / U/10,,,https://uomo.pittimmagine.com/en/pittimmagine/fairs/uomo/exhibitors/B/barmas,True,True,True,4,
BARNA CASHMERE,Italy,,,Pitti Uomo 110,https://www.barnacashmere.it,,,,,https://www.instagram.com/barnacashmere,barnacashmere,,,SALA DELLE NAZIONI / A/41,,,https://uomo.pittimmagine.com/en/pittimmagine/fairs/uomo/exhibitors/B/barna-cashmere,False,True,False,2,
BARRACUDA,Italy,,,Pitti Uomo 110,http://www.barracudashoes.it,info@barracudashoes.it,39 40 41 42 43 44 45,,,https://www.instagram.com/barracudashoes,barracudashoes,,,PADIGLIONE CENTRALE / PIANO TERRA / I/13,,,https://uomo.pittimmagine.com/en/pittimmagine/fairs/uomo/exhibitors/B/barracuda,True,True,True,4,
BARRETT,Italy,,British Style; Classic; New Formal; Luxury; Craftsmanship; Contemporary,Pitti Uomo 110,http://www.barrett.it,customercare@barrett.it,+39 02 36 523 402,,,https://www.instagram.com/barrettofficial,barrettofficial,,,PADIGLIONE CENTRALE / PIANO ATTICO / C/6-10,,,https://uomo.pittimmagine.com/en/pittimmagine/fairs/uomo/exhibitors/B/barrett,True,True,True,4,
BE ABLE,Italy,,,Pitti Uomo 110,http://www.beableconcept.it,info@beableconcept.it,03833350618,,,https://www.instagram.com/beable.official,beable.official,https://www.facebook.com/beable.official/,beable.official,PADIGLIONE CENTRALE / PIANO ATTICO / G/10-12,,,https://uomo.pittimmagine.com/en/pittimmagine/fairs/uomo/exhibitors/B/be-able,True,True,True,4,
BELL SURF,Italy,,,Pitti Uomo 110,,,,,,,,,,PADIGLIONE CAVANIGLIA / 22,,,,False,False,False,0,
BELLWOOD,Italy,,Lifestyle; Essentials; Classic; New Formal; Informal; Urban; Luxury; Craftsmanship; Contemporary; Collection,Pitti Uomo 110,http://www.bellwood.it,customerservice@bellwood.it,01582660476,,,https://www.instagram.com/bellwood_knitwear,bellwood_knitwear,,,PADIGLIONE CENTRALE / PIANO TERRA / E/15,,,https://uomo.pittimmagine.com/en/pittimmagine/fairs/uomo/exhibitors/B/bellwood,True,True,True,4,
BELOWTEN,Sweden,,Lifestyle; Sustainable; Essentials; Nordic Style; Outdoor; High Performance; Sportswear; Premium Streetwear; Craftsmanship; Contemporary,Pitti Uomo 110,http://www.belowten.se,info@belowten.se,559046327801,,,https://www.instagram.com/belowten_official,belowten_official,,,PADIGLIONE CENTRALE / PIANO ATTICO / A/4-6,,,https://uomo.pittimmagine.com/en/pittimmagine/fairs/uomo/exhibitors/B/belowten,True,True,True,4,
BELTS DI PIAZZA STEFANO,Italy,,,Pitti Uomo 110,http://www.belts-parma.it,info@belts-parma.it,+39 0521.804421,,,https://www.instagram.com/beltscinture,beltscinture,https://www.facebook.com/beltscinture/,beltscinture,PADIGLIONE CENTRALE / PIANO INFERIORE / P/10,,,https://uomo.pittimmagine.com/en/pittimmagine/fairs/uomo/exhibitors/B/belts-di-piazza-stefano,True,True,True,4,
BELVEST,Italy,,,Pitti Uomo 110,http://www.belvest.com,belvestspa@legalmail.it,+39 049 9699111,,,https://www.instagram.com/belvest,belvest,,,PADIGLIONE CENTRALE / PIANO INFERIORE / N/9 O/11,,,https://uomo.pittimmagine.com/en/pittimmagine/fairs/uomo/exhibitors/B/belvest,True,True,True,4,
BENCI BROTHERS,Switzerland,,Lifestyle; Japan Style; Urban,Pitti Uomo 110,https://www.bencibrothers.com,customercare@bencibrothers.com,,,,https://www.instagram.com/bencibrothers,bencibrothers,,,SALA DELLE NAZIONI / B/48,,,https://uomo.pittimmagine.com/en/pittimmagine/fairs/uomo/exhibitors/B/benci-brothers,True,True,False,3,
BEORMA,United Kingdom,,,Pitti Uomo 110,https://www.beorma.co.uk,enquiries@beormaleathercompany.co.uk,+441922351026,,,https://www.instagram.com/beormaleather,beormaleather,,,PADIGLIONE CENTRALE / PIANO ATTICO / H/8,,,https://uomo.pittimmagine.com/en/pittimmagine/fairs/uomo/exhibitors/B/beorma,True,True,True,4,
BEPOSITIVE,Italy,,,Pitti Uomo 110,http://www.bepositive.it,shop@bepositive.it,+39 0423 1945211,,,,,,,PADIGLIONE CENTRALE / PIANO ATTICO / B/6-8,,,https://uomo.pittimmagine.com/en/pittimmagine/fairs/uomo/exhibitors/B/bepositive,True,True,True,3,
BERNA,Italy,,Lifestyle; New Formal; Denimwear; Outdoor; Activewear; Sportswear; Urban; Youth Culture; Contemporary; Collection,Pitti Uomo 110,http://www.bernaitalia.it,customercare@bernaitalia.it,+39 366 875 9626,,,https://www.instagram.com/bernaitalia,bernaitalia,https://www.facebook.com/bernaitalia,bernaitalia,ARSENALE / PIANO TERRA / 23-25,,,https://uomo.pittimmagine.com/en/pittimmagine/fairs/uomo/exhibitors/B/berna,True,True,True,4,
BERWICH,Italy,,,Pitti Uomo 110,http://www.berwich.com,backoffice@berwich.com,+39 080 485 8305,,,https://www.instagram.com/berwich_pants,berwich_pants,https://www.facebook.com/berwich.pants/,berwich.pants,PADIGLIONE CENTRALE / PIANO INFERIORE / V/26,,,https://uomo.pittimmagine.com/en/pittimmagine/fairs/uomo/exhibitors/B/berwich,True,True,True,4,
BEVERLY HILLS POLO CLUB,U.S.A.,,Lifestyle; Classic; Denimwear; Sportswear; Collection,Pitti Uomo 110,http://www.bhpoloclub.com,info@bhpoloclub.com,,,,https://www.instagram.com/bhpoloclub,bhpoloclub,,,COSTRUZIONI LORENESI / PIANO PRIMO / 7,,,https://uomo.pittimmagine.com/en/pittimmagine/fairs/uomo/exhibitors/B/beverly-hills-polo-club,True,True,False,3,
BHARNABA,Italy,,Sustainable; Classic; Urban; Luxury; Craftsmanship,Pitti Uomo 110,http://www.bharnaba.it,info@bharnaba.it,07485951219,,,https://www.instagram.com/bharnaba_philosophy,bharnaba_philosophy,https://www.facebook.com/profile.php,profile.php,PADIGLIONE CENTRALE / S. ALFA P.INFERIORE / 4,,,https://uomo.pittimmagine.com/en/pittimmagine/fairs/uomo/exhibitors/B/bharnaba,True,True,True,4,
BIAGINI,Italy,,Special Co-Lab/Limited Edition; Japan Style; Classic; Luxury; Craftsmanship,Pitti Uomo 110,http://www.biagini1968.com,info@stagheaddesigns.com,01051150363,,,https://www.instagram.com/biagini_1968,biagini_1968,,,PADIGLIONE CENTRALE / PIANO INFERIORE / O/15,,,https://uomo.pittimmagine.com/en/pittimmagine/fairs/uomo/exhibitors/B/biagini,True,True,True,4,
BIANCO,Denmark,,Nordic Style; Classic; Craftsmanship; Contemporary,Pitti Uomo 110,https://www.bianco.com,info@bianco.com,,,,https://www.instagram.com/biancoman_footwear,biancoman_footwear,,,PADIGLIONE CAVANIGLIA / 103,,,https://uomo.pittimmagine.com/en/pittimmagine/fairs/uomo/exhibitors/B/bianco,True,True,False,3,
BIGI CRAVATTE MILANO,Italy,,,Pitti Uomo 110,http://www.bigicravatte.it,info@bigicravatte.it,+39) 02.89.40.95.03,,,https://www.instagram.com/bigi.milano,bigi.milano,https://www.facebook.com/bigi.milano/,bigi.milano,PADIGLIONE CENTRALE / SALONE M P.INFERIORE / 12,,,https://uomo.pittimmagine.com/en/pittimmagine/fairs/uomo/exhibitors/B/bigi-cravatte-milano,True,True,True,4,
BL'KER VINTAGE,Italy,,,Pitti Uomo 110,http://www.blkervintage.com,info@blkervintage.com,+39 06 7978 6885,,,https://www.instagram.com/blkervintage,blkervintage,,,SALA DELLE NAZIONI / A/27-29,,,https://uomo.pittimmagine.com/en/pittimmagine/fairs/uomo/exhibitors/B/bl-ker-vintage,True,True,True,4,
BLACK ISLAND,Turkey,,Lifestyle; Essentials; Denimwear; Outdoor; Activewear; Sportswear; Premium Streetwear; Urban; Luxury; Collection,Pitti Uomo 110,http://www.blackislandfashion.com,u003einfo@blackislandfashion.com,0518049069600001,,,https://www.instagram.com/blackislandfashion,blackislandfashion,https://www.facebook.com/blackislandfashion,blackislandfashion,ARMERIA / 30-31,,,https://uomo.pittimmagine.com/en/pittimmagine/fairs/uomo/exhibitors/B/black-island,True,True,True,4,
BLICK.,Germany,,Cutting-Edge; Japan Style; Classic; Luxury,Pitti Uomo 110,http://www.blick.it,info@blick.it,,,,https://www.instagram.com/blick.ties,blick.ties,,,PADIGLIONE CENTRALE / S. ALFA P.INFERIORE / 9,,,https://uomo.pittimmagine.com/en/pittimmagine/fairs/uomo/exhibitors/B/blick-,True,True,False,3,
BLKVIS,Germany,,,Pitti Uomo 110,,,,,,,,,,,,,,False,False,False,0,
BLUE INDUSTRY,Netherlands,,,Pitti Uomo 110,https://www.blue-industry.com,info@blue-industry.com,030 686 5863,https://www.linkedin.com/company/blue-industry/,blue-industry,https://www.instagram.com/blueindustry,blueindustry,https://www.facebook.com/blueindustryofficial,blueindustryofficial,RONDINO / 3-4,,,https://uomo.pittimmagine.com/en/pittimmagine/fairs/uomo/exhibitors/B/blue-industry,True,True,True,5,
BLUEMINT,United Kingdom,,Lifestyle; Sustainable; Essentials; New Formal; Workwear; Outdoor; Luxury; Contemporary,Pitti Uomo 110,http://www.bluemint.com,customerservice@bluemint.com,30 32 33 34 36 38 40,https://tr.linkedin.com/company/bluemint,bluemint,https://www.instagram.com/bluemint,bluemint,,,PADIGLIONE CENTRALE / PIANO TERRA / E/1-3,,,https://uomo.pittimmagine.com/en/pittimmagine/fairs/uomo/exhibitors/B/bluemint,True,True,True,5,
BLUNDSTONE,Australia,,,Pitti Uomo 110,http://www.blundstone.it,info@blundstone.it,+39) 3316495600,,,https://www.instagram.com/blundstone_italia,blundstone_italia,,,AREA MONUMENTALE / SALA DELLA VOLTA E CORRIDOIO DELL'ARCO / 1,,,https://uomo.pittimmagine.com/en/pittimmagine/fairs/uomo/exhibitors/B/blundstone,True,True,True,4,
BOB,Italy,,,Pitti Uomo 110,http://www.bobcompany.it,customercare@bobcompany.it,+0574 818643,,,https://www.instagram.com/bobcompanytheoriginal,bobcompanytheoriginal,,,PADIGLIONE CENTRALE / PIANO TERRA / J/2-4,,,https://uomo.pittimmagine.com/en/pittimmagine/fairs/uomo/exhibitors/B/bob,True,True,True,4,
BOEMOS,Italy,,Lifestyle; Sustainable; High Performance; Urban; Collection,Pitti Uomo 110,http://www.boemos.it,boemos@boemos.it,+39 0571 261 687,,,,,,,PADIGLIONE CENTRALE / PIANO TERRA / D/1-3,,,https://uomo.pittimmagine.com/en/pittimmagine/fairs/uomo/exhibitors/B/boemos,True,True,True,3,
BOLDRINI SELLERIA DAL 1955,Italy,,Lifestyle; Essentials; Classic; New Formal; Globetrotter; Informal; Urban; Luxury; Craftsmanship; Contemporary,Pitti Uomo 110,http://www.boldriniselleria.com,shop@boldriniselleria.it,+39 0572411516,,,https://www.instagram.com/boldrini_selleria,boldrini_selleria,,,PADIGLIONE CENTRALE / PIANO TERRA / D/5,,,https://uomo.pittimmagine.com/en/pittimmagine/fairs/uomo/exhibitors/B/boldrini-selleria-dal-1955,True,True,True,4,
BOMBERS ORIGINAL,France,,Lifestyle; Essentials; Sportswear,Pitti Uomo 110,http://www.bombers-original.com,sav@bombers-original.com,09 86 42 96 66,,,https://www.instagram.com/bombers_original,bombers_original,,,PADIGLIONE CAVANIGLIA / 37,,,https://uomo.pittimmagine.com/en/pittimmagine/fairs/uomo/exhibitors/B/bombers-original,True,True,True,4,
BOMBOOGIE,Italy,,,Pitti Uomo 110,http://www.bomboogie.com,customercare@bomboogie.com,05414420017,,,https://www.instagram.com/bomboogie,bomboogie,,,PADIGLIONE CENTRALE / PIANO TERRA / E/6,,,https://uomo.pittimmagine.com/en/pittimmagine/fairs/uomo/exhibitors/B/bomboogie,True,True,True,4,
BONASTRE,France,,Sustainable; Special Co-Lab/Limited Edition; Agender; Urban; Luxury; Craftsmanship; Contemporary,Pitti Uomo 110,http://www.bonastre.net,info@bonastre.net,,https://www.linkedin.com/company/bonastre-paris,bonastre-paris,https://www.instagram.com/bonastreparis,bonastreparis,,,PADIGLIONE CENTRALE / PIANO ATTICO / F/9,,,https://uomo.pittimmagine.com/en/pittimmagine/fairs/uomo/exhibitors/B/bonastre,True,True,False,4,
BONFANTI,Italy,,Lifestyle; Sustainable; Japan Style; Informal; Urban; Craftsmanship; Contemporary,Pitti Uomo 110,http://www.bonfantiborse.it,info@bonfantiborse.it,+39 0331 600366,,,https://www.instagram.com/bonfantiborse,bonfantiborse,https://www.facebook.com/bonfantiborse,bonfantiborse,PADIGLIONE CENTRALE / PIANO TERRA / J/6,,,https://uomo.pittimmagine.com/en/pittimmagine/fairs/uomo/exhibitors/B/bonfanti,True,True,True,4,
BONHEUR,Italy,,,Pitti Uomo 110,http://www.bonheurjeans.com,info@bonheurjeans.com,11482921001,,,https://www.instagram.com/bonheurjeans,bonheurjeans,,,ARSENALE / PIANO TERRA / 26,,,https://uomo.pittimmagine.com/en/pittimmagine/fairs/uomo/exhibitors/B/bonheur,True,True,True,4,
BOOT BLACK,Japan,,Essentials; Japan Style; Classic; Craftsmanship,Pitti Uomo 110,http://bootblack.jp,info@bootblack.jp,,,,https://www.instagram.com/bootblack_official,bootblack_official,https://www.facebook.com/columbuspr/,columbuspr,PADIGLIONE CENTRALE / PIANO ATTICO / D/14,,,https://uomo.pittimmagine.com/en/pittimmagine/fairs/uomo/exhibitors/B/boot-black,True,True,False,3,
BORBONICI,Italy,,,Pitti Uomo 110,http://www.borbonici.it,amministrazione@borbonici.it,09375021210,,,https://www.instagram.com/borbonici_napoli,borbonici_napoli,,,PADIGLIONE CENTRALE / SALONE M P.INFERIORE / 33,,,https://uomo.pittimmagine.com/en/pittimmagine/fairs/uomo/exhibitors/B/borbonici,True,True,True,4,
BORN OUTSIDE,United Arab Emirates,,Luxury; Craftsmanship; Contemporary,Pitti Uomo 110,http://www.bornoutside.it,ciao@bornoustideitaly.com,+971 58 534 9058,,,https://www.instagram.com/bornoutside.it,bornoutside.it,,,PADIGLIONE CENTRALE / PIANO ATTICO / I/9,,,https://uomo.pittimmagine.com/en/pittimmagine/fairs/uomo/exhibitors/B/born-outside,True,True,True,4,
BORRIELLO,Italy,,Lifestyle; Classic; New Formal; Denimwear; Luxury; Craftsmanship,Pitti Uomo 110,http://www.borriellonapoli.it,,,,,https://www.instagram.com/borriellonapoli,borriellonapoli,,,PADIGLIONE CENTRALE / PIANO INFERIORE / U/7,,,https://uomo.pittimmagine.com/en/pittimmagine/fairs/uomo/exhibitors/B/borriello,False,True,False,2,
BOXEUR DES RUES®,Italy,,Lifestyle; Sustainable; Denimwear; High Performance; Activewear; Sportswear; Premium Streetwear; Urban; Youth Culture; Collection,Pitti Uomo 110,https://www.boxeurdesrues.com/it,customercare@boxeurdesrues.com,28 29 30 31 32 33 34,,,https://www.instagram.com/boxeurdesruesofficial,boxeurdesruesofficial,https://www.facebook.com/boxeurdesruesofficial/,boxeurdesruesofficial,ARMERIA / 14,,,https://uomo.pittimmagine.com/en/pittimmagine/fairs/uomo/exhibitors/B/boxeur-des-rues-,True,True,True,4,
BOYAN,India,,,Pitti Uomo 110,,,,,,,,,,SALA DELLE NAZIONI / B/31,,,,False,False,False,0,
BRADOR,Italy,,Essentials; Informal; Urban; Craftsmanship; Contemporary,Pitti Uomo 110,http://www.brador.it,amministrazione@brador.it,+39 333 8340737,,,https://www.instagram.com/bradorshoes,bradorshoes,,,ARSENALE / PIANO TERRA / 35,,,https://uomo.pittimmagine.com/en/pittimmagine/fairs/uomo/exhibitors/B/brador,True,True,True,4,
BRAMANI CASHMERE,Italy,,Lifestyle; Sustainable; Sportswear; Informal; Luxury; Craftsmanship; Contemporary,Pitti Uomo 110,http://www.bramanicashmere.com,info@bramanicashmere.com,,https://www.linkedin.com/company/bramanicashmere/,bramanicashmere,https://www.instagram.com/bramani_cashmere,bramani_cashmere,https://www.facebook.com/bramanicashmere,bramanicashmere,PADIGLIONE CENTRALE / SALONE M P.INFERIORE / 2-4,,,https://uomo.pittimmagine.com/en/pittimmagine/fairs/uomo/exhibitors/B/bramani-cashmere,True,True,False,4,
BRAMANTE,Italy,,Lifestyle; Essentials; Classic; New Formal; Workwear; Informal; Luxury; Contemporary,Pitti Uomo 110,http://www.bramante.it,info@bramante.it,,,,https://www.instagram.com/bramante1986,bramante1986,,,PADIGLIONE CENTRALE / PIANO TERRA / E/5-7,,,https://uomo.pittimmagine.com/en/pittimmagine/fairs/uomo/exhibitors/B/bramante,True,True,False,3,
BRERAS,Italy,,Lifestyle; Classic; Activewear; Craftsmanship; Contemporary,Pitti Uomo 110,http://www.brerasmilano.it,info@brerasmilano.it,,,,https://www.instagram.com/brerasmilano,brerasmilano,,,PADIGLIONE CENTRALE / PIANO TERRA / A/10 B/9,,,https://uomo.pittimmagine.com/en/pittimmagine/fairs/uomo/exhibitors/B/breras,True,True,False,3,
BRESCIANI,Italy,,Sustainable; Classic; New Formal; Urban; Luxury; Craftsmanship,Pitti Uomo 110,http://www.bresciani.it,,,,,https://www.instagram.com/bresciani1970,bresciani1970,,,PADIGLIONE CENTRALE / PIANO TERRA / I/11,,,https://uomo.pittimmagine.com/en/pittimmagine/fairs/uomo/exhibitors/B/bresciani,False,True,False,2,
BRETELLE & BRACES,Italy,,,Pitti Uomo 110,http://www.bretelleandbraces.com,info@bretelleitaliane.com,2545524554,,,https://www.instagram.com/bretelleandbraces,bretelleandbraces,,,PADIGLIONE CENTRALE / PIANO INFERIORE / R/27,,,https://uomo.pittimmagine.com/en/pittimmagine/fairs/uomo/exhibitors/B/bretelle---braces,True,True,True,4,
BRETT JOHNSON,U.S.A.,,Lifestyle; Denimwear; Outdoor; Sportswear; Informal; Luxury; Craftsmanship; Collection,Pitti Uomo 110,http://www.brettjohnson.co,info@brettjohnson.co,+39 02 76340743,https://www.linkedin.com/company/brett-johnson/,brett-johnson,https://www.instagram.com/brettjohnsonofficial,brettjohnsonofficial,,,PADIGLIONE CENTRALE / PIANO INFERIORE / V/5 Z/4,,,https://uomo.pittimmagine.com/en/pittimmagine/fairs/uomo/exhibitors/B/brett-johnson,True,True,True,5,
BRIGLIA  1949,Italy,,,Pitti Uomo 110,http://www.briglia1949.com,nomeutente@esempio.com,07646531215,,,https://www.instagram.com/briglia1949,briglia1949,,,PADIGLIONE CENTRALE / PIANO INFERIORE / R/13,,,https://uomo.pittimmagine.com/en/pittimmagine/fairs/uomo/exhibitors/B/briglia--1949,True,True,True,4,
BRIXIA,Italy,,Lifestyle; Cutting-Edge; Outdoor; Sportswear; Premium Streetwear; Urban; Contemporary; Collection,Pitti Uomo 110,http://www.brixia.shoes,info@brixia.shoes,,,,https://www.instagram.com/brixiashoes,brixiashoes,,,SALA DELLE NAZIONI / A/1-5,,,https://uomo.pittimmagine.com/en/pittimmagine/fairs/uomo/exhibitors/B/brixia,True,True,False,3,
BRUNELLO CUCINELLI,Italy,,,Pitti Uomo 110,http://www.brunellocucinelli.com,info@brunellocucinelli.com,01886120540,https://www.linkedin.com/company/brunello-cucinelli-s-p-a-/,brunello-cucinelli-s-p-a-,https://www.instagram.com/brunellocucinelli_brand,brunellocucinelli_brand,https://www.facebook.com/BrunelloCucinelli/,BrunelloCucinelli,PADIGLIONE CENTRALE / PIANO INFERIORE / R/2-12,,,https://uomo.pittimmagine.com/en/pittimmagine/fairs/uomo/exhibitors/B/brunello-cucinelli,True,True,True,5,
BRUNOS,Italy,,Lifestyle; Sustainable; Essentials; New Formal; Denimwear; Informal; Craftsmanship; Contemporary,Pitti Uomo 110,http://www.brunosfirenze.it,brunos@brunosfirenze.it,+39 055 721090,,,https://www.instagram.com/brunos_firenze,brunos_firenze,https://www.facebook.com/Brunos-original-907919802642736/,Brunos-original-907919802642736,ARSENALE / PIANO TERRA / 30,,,https://uomo.pittimmagine.com/en/pittimmagine/fairs/uomo/exhibitors/B/brunos,True,True,True,4,
BRÜHL FINE TROUSERS - SINCE 1923,Germany,,Lifestyle; Essentials; Classic; New Formal; Denimwear; High Performance; Activewear; Contemporary; Collection,Pitti Uomo 110,,,,,,,,,,RONDINO / 8,,,https://uomo.pittimmagine.com/en/pittimmagine/fairs/uomo/exhibitors/B/br-hl-fine-trousers---since-1923,False,False,False,0,
BUGATTI,Germany,,,Pitti Uomo 110,http://www.bugatti-fashion.com,service.de@bugatti-fashion.com,+49) 0800 - 222 33 46,,,https://www.instagram.com/bugatti_fashion_official,bugatti_fashion_official,,,PADIGLIONE CENTRALE / PIANO INFERIORE / N/3-5 O/5-7,,,https://uomo.pittimmagine.com/en/pittimmagine/fairs/uomo/exhibitors/B/bugatti,True,True,True,4,
CACHÍ,France,,Luxury; Craftsmanship; Contemporary,Pitti Uomo 110,https://cachiofficielle.com,info@cachiofficielle.com,,,,https://www.instagram.com/cachiofficielle,cachiofficielle,,,PADIGLIONE CENTRALE / PIANO ATTICO / E/20,,,https://uomo.pittimmagine.com/en/pittimmagine/fairs/uomo/exhibitors/C/cach-,True,True,False,3,
CADINI,Italy,,Lifestyle; Sustainable; Classic; New Formal; Outdoor; High Performance; Informal; Luxury; Craftsmanship; Contemporary,Pitti Uomo 110,http://www.cadini.com,info@cadini.com,+39 055 0944846,,,https://www.instagram.com/cadini.official.italy,cadini.official.italy,https://www.facebook.com/Cadini.Italy/,Cadini.Italy,PADIGLIONE CENTRALE / PIANO TERRA / D/9,,,https://uomo.pittimmagine.com/en/pittimmagine/fairs/uomo/exhibitors/C/cadini,True,True,True,4,
CALA 1789,Monaco,,Essentials; Activewear; Contemporary,Pitti Uomo 110,,,,,,https://www.instagram.com/cala1789,cala1789,,,PADIGLIONE CENTRALE / PIANO TERRA / H/9,,,https://uomo.pittimmagine.com/en/pittimmagine/fairs/uomo/exhibitors/C/cala-1789,False,False,False,1,
CALABRESE DAL 1924,Italy,,Lifestyle; Classic; Luxury; Craftsmanship,Pitti Uomo 110,http://www.calabrese1924.com,info@calabrese1924.com,07160270638,,,https://www.instagram.com/calabrese1924,calabrese1924,,,PADIGLIONE CENTRALE / PIANO INFERIORE / V/20,,,https://uomo.pittimmagine.com/en/pittimmagine/fairs/uomo/exhibitors/C/calabrese-dal-1924,True,True,True,4,
CALAJ PERFUME,Romania,,,Pitti Uomo 110,,,,,,,,,,,,,,False,False,False,0,
CALCE,Spain,,,Pitti Uomo 110,http://www.calce.es,info-calce@calce.es,+34 967 341 300,,,https://www.instagram.com/calceshoes,calceshoes,https://www.facebook.com/calceshoes,calceshoes,PADIGLIONE CENTRALE / SALONE M P.INFERIORE / 45,,,https://uomo.pittimmagine.com/en/pittimmagine/fairs/uomo/exhibitors/C/calce,True,True,True,4,
CALEB PARIS,France,,,Pitti Uomo 110,,,,,,https://www.instagram.com/calebparisofficial,calebparisofficial,,,ARSENALE / PIANO TERRA / 13,,,https://uomo.pittimmagine.com/en/pittimmagine/fairs/uomo/exhibitors/C/caleb-paris,False,False,False,1,
CAMOUFLAGE AR AND J.,Italy,,Lifestyle; Sustainable; Classic; Denimwear; Luxury; Craftsmanship; Contemporary; Collection,Pitti Uomo 110,http://www.camouflage-jeans.com,info@camouflage-jeans.com,+39 085 8071357,,,https://www.instagram.com/camouflagearandj_official,camouflagearandj_official,,,PADIGLIONE CENTRALE / PIANO TERRA / K/15 L/16,,,https://uomo.pittimmagine.com/en/pittimmagine/fairs/uomo/exhibitors/C/camouflage-ar-and-j-,True,True,True,4,
CAMPOBELLO,Portugal,,Lifestyle; Essentials; Classic; New Formal; Luxury; Craftsmanship; Contemporary,Pitti Uomo 110,https://b2b.campobelloshoes.com,customerservice@campobelloshoes.com,+351 253 520 040,,,,,,,RONDINO / 11,,,https://uomo.pittimmagine.com/en/pittimmagine/fairs/uomo/exhibitors/C/campobello,True,True,True,3,
CANADIAN,Italy,,,Pitti Uomo 110,http://www.canadianclassics.it,canadian.support@ecommerceonline.it,+39 0422 1440019,,,https://www.instagram.com/canadianclassics_official,canadianclassics_official,https://www.facebook.com/canadianclassicsofficial,canadianclassicsofficial,PADIGLIONE CAVANIGLIA / 41-45,,,https://uomo.pittimmagine.com/en/pittimmagine/fairs/uomo/exhibitors/C/canadian,True,True,True,4,
CANADIENS,Italy,,Lifestyle; High Performance; Urban; Contemporary,Pitti Uomo 110,http://www.canadiens.it,customer@canadiens.it,01761270238,,,https://www.instagram.com/canadiensclothingofficial,canadiensclothingofficial,https://www.facebook.com/canadiensclothing/,canadiensclothing,PADIGLIONE CENTRALE / PIANO TERRA / K/7 L/8,,,https://uomo.pittimmagine.com/en/pittimmagine/fairs/uomo/exhibitors/C/canadiens,True,True,True,4,
CANDICE COOPER,Italy,,,Pitti Uomo 110,http://www.candicecooper.com,info@candicecooper.com,+39 073379091,,,https://www.instagram.com/candicecooper__official/,candicecooper__official,https://www.facebook.com/CandiceCooperOfficial/,CandiceCooperOfficial,PADIGLIONE CAVANIGLIA / 28-29,,,https://uomo.pittimmagine.com/en/pittimmagine/fairs/uomo/exhibitors/C/candice-cooper,True,True,True,4,
CAPALBIO,Italy,,,Pitti Uomo 110,,,,,,https://www.instagram.com/capalbio_abbigliamento,capalbio_abbigliamento,,,PADIGLIONE CENTRALE / PIANO INFERIORE / Q/14,,,https://uomo.pittimmagine.com/en/pittimmagine/fairs/uomo/exhibitors/C/capalbio,False,False,False,1,
CARL FRIEDRIK,United Kingdom,,Nordic Style; British Style; Classic; Globetrotter; Luxury; Craftsmanship; Contemporary,Pitti Uomo 110,https://www.carlfriedrik.com,0b5d1297caea42199b8cf7782978efbe@o4505441160986624.ingest.sentry.io,,,,https://www.instagram.com/carlfriedrik,carlfriedrik,,,PADIGLIONE CENTRALE / PIANO ATTICO / B/10,,,https://uomo.pittimmagine.com/en/pittimmagine/fairs/uomo/exhibitors/C/carl-friedrik,True,True,False,3,
CARL GROSS,Germany,,Lifestyle; Sustainable; Essentials; Classic; New Formal; Informal; Luxury; Craftsmanship; Contemporary; Collection,Pitti Uomo 110,http://www.carlgross.de,service@carlgross.de,4909151736199,,,https://www.instagram.com/carlgross,carlgross,,,AREA MONUMENTALE / SALA DELLE COLONNE / 1,,,https://uomo.pittimmagine.com/en/pittimmagine/fairs/uomo/exhibitors/C/carl-gross,True,True,True,4,
CARLO COLUCCI,Germany,,,Pitti Uomo 110,https://www.carlocolucci.com,info@carlocolucci.com,,,,https://www.instagram.com/carlocolucciofficial/,carlocolucciofficial,https://facebook.com/ShopCarloColucci,ShopCarloColucci,COSTRUZIONI LORENESI / PIANO PRIMO / 9-10,,,https://uomo.pittimmagine.com/en/pittimmagine/fairs/uomo/exhibitors/C/carlo-colucci,True,True,False,3,
CARUSO,Italy,,Lifestyle; Essentials; Cutting-Edge; Classic; New Formal; Luxury; Craftsmanship; Contemporary; Collection,Pitti Uomo 110,http://www.carusomenswear.com,info@carusomenswear.com,38 39 40 41 42 43 44,https://www.linkedin.com/company/raffaele-caruso-spa/,raffaele-caruso-spa,https://www.instagram.com/carusomenswear,carusomenswear,,,PADIGLIONE CENTRALE / PIANO INFERIORE / Q/1,,,https://uomo.pittimmagine.com/en/pittimmagine/fairs/uomo/exhibitors/C/caruso,True,True,True,5,
CASA ISAAC,Italy,,,Pitti Uomo 110,,,,,,,,,,PADIGLIONE CENTRALE / PIANO ATTICO / I/11,,,https://uomo.pittimmagine.com/en/pittimmagine/fairs/uomo/exhibitors/C/casa-isaac,False,False,False,0,
CASHEART MADE IN ITALY,Italy,,,Pitti Uomo 110,http://www.beby.it,info@beby.it,00441770476,,,https://www.instagram.com/casheart_it,casheart_it,,,PADIGLIONE CENTRALE / PIANO ATTICO / A/16,,,https://uomo.pittimmagine.com/en/pittimmagine/fairs/uomo/exhibitors/C/casheart-made-in-italy,True,True,True,4,
CASTAÑER,Spain,,Lifestyle; Urban; Craftsmanship,Pitti Uomo 110,http://www.castaner.com,fgpallete@ohdigital.eu,35 36 37 38 39 40 41,,,https://www.instagram.com/castanerofficial,castanerofficial,,,PADIGLIONE CENTRALE / PIANO ATTICO / C/9,,,https://uomo.pittimmagine.com/en/pittimmagine/fairs/uomo/exhibitors/C/casta-er,True,True,True,4,
CENT.PM,China,,Lifestyle; New Formal; Craftsmanship; Contemporary,Pitti Uomo 110,http://www.centpm.com,centpm.studio@gmail.com,,,,https://www.instagram.com/cent.pm,cent.pm,,,,,,https://uomo.pittimmagine.com/en/pittimmagine/fairs/uomo/exhibitors/C/cent-pm,True,True,False,3,
CG - CLUB OF GENTS,Germany,,Lifestyle; Sustainable; Essentials; British Style; Classic; New Formal; Informal; Urban; Contemporary; Collection,Pitti Uomo 110,http://www.cgclubofgents.com,service@cg.fashion,4909151736123,,,https://www.instagram.com/cgclubofgents,cgclubofgents,,,AREA MONUMENTALE / SALA DELLE COLONNE / 1,,,https://uomo.pittimmagine.com/en/pittimmagine/fairs/uomo/exhibitors/C/cg---club-of-gents,True,True,True,4,
CHAPAL,France,,Lifestyle; Essentials; Classic; Outdoor; Luxury; Craftsmanship; Contemporary,Pitti Uomo 110,http://www.chapal.fr,boutique@chapal.fr,+33 6 16 11 56 60,https://www.linkedin.com/company/maison-chapal/mycompany/,maison-chapal,https://www.instagram.com/chapal1832,chapal1832,https://www.facebook.com/chapal1832,chapal1832,PADIGLIONE CENTRALE / PIANO ATTICO / I/12,,,https://uomo.pittimmagine.com/en/pittimmagine/fairs/uomo/exhibitors/C/chapal,True,True,True,5,
CHARLES TYRWHITT,United Kingdom,,Lifestyle; Sustainable; Essentials; British Style; Classic; New Formal; Workwear; Informal; Craftsmanship; Contemporary,Pitti Uomo 110,http://www.charlestyrwhitt.com,info@charlestyrwhitt.com,,,,http://instagram.com/charlestyrwhitt,charlestyrwhitt,,,PADIGLIONE CENTRALE / SALONE M P.INFERIORE / 55,,,https://uomo.pittimmagine.com/en/pittimmagine/fairs/uomo/exhibitors/C/charles-tyrwhitt,True,True,False,3,
CHPO BRAND,Sweden,,Lifestyle; Sustainable; Nordic Style; Outdoor; Globetrotter; Activewear; Sportswear; Premium Streetwear; Urban; Youth Culture,Pitti Uomo 110,http://www.chpobrand.com,customerservice@chpobrand.com,556418620201,,,https://www.instagram.com/chpobrand,chpobrand,https://www.facebook.com/chpobrand/,chpobrand,PADIGLIONE CAVANIGLIA / 47,,,https://uomo.pittimmagine.com/en/pittimmagine/fairs/uomo/exhibitors/C/chpo-brand,True,True,True,4,
CLABRY,Russian Federation,,,Pitti Uomo 110,,,,,,https://www.instagram.com/clabry_,clabry_,,,PADIGLIONE CENTRALE / PIANO ATTICO / J/5,,,https://uomo.pittimmagine.com/en/pittimmagine/fairs/uomo/exhibitors/C/clabry,False,False,False,1,
CLAQ,Italy,,Lifestyle; Essentials; Outdoor; Craftsmanship; Contemporary,Pitti Uomo 110,http://www.claq.it,commerciale@claq.it,+39 0883 820297,,,https://www.instagram.com/claqknitwear,claqknitwear,https://www.facebook.com/claqknitwear,claqknitwear,PADIGLIONE CENTRALE / PIANO TERRA / J/1 K/4-6,,,https://uomo.pittimmagine.com/en/pittimmagine/fairs/uomo/exhibitors/C/claq,True,True,True,4,
CLASSIC LEGEND MOTORS,France,,Lifestyle; Special Co-Lab/Limited Edition; Essentials; Classic; Globetrotter; Informal,Pitti Uomo 110,https://www.classiclegendmotors.com/en-eu,info@classiclegendmotors.com,,,,,,,,,,,https://uomo.pittimmagine.com/en/pittimmagine/fairs/uomo/exhibitors/C/classic-legend-motors,True,True,False,2,
CLUB OF COMFORT,Germany,,Essentials; New Formal; Denimwear; High Performance; Informal; Contemporary; Collection,Pitti Uomo 110,http://www.club-of-comfort.de,aa4cacd33be28673d7e69be559ce7ad7@o4506196830715904.ingest.us.sentry.io,24 25 26 27 28 29 30,https://www.linkedin.com/company/club-of-comfort,club-of-comfort,https://www.instagram.com/clubofcomfort.trousers,clubofcomfort.trousers,,,RONDINO / 10,,,https://uomo.pittimmagine.com/en/pittimmagine/fairs/uomo/exhibitors/C/club-of-comfort,True,True,True,5,
CMA,Italy,,,Pitti Uomo 110,https://www.cmagroup.net,INFO@CMAGROUP.NET,+39 0815296886,https://www.linkedin.com/in/cma-hangers-and-packaging-26bb79311/,cma-hangers-and-packaging-26bb79311,https://www.instagram.com/cma_group_,cma_group_,https://www.facebook.com/people/CMA-Hangers-Packaging/61560024686331/,people,PADIGLIONE CENTRALE / PIANO TERRA / G/11,,,https://uomo.pittimmagine.com/en/pittimmagine/fairs/uomo/exhibitors/C/cma,True,True,True,5,
CMF COMFY OUTDOOR GARMENTS - OUTOPIA BY VANISH,Japan,,,Pitti Uomo 110,,,,,,,,,,SALA DELLA RONDA / 24-25,,,,False,False,False,0,
COLONY CLOTHING,Japan,,,Pitti Uomo 110,https://colonyclothing.net,contact@colonyclothing.net,3801-0168-139,,,https://www.instagram.com/colonyclothing_official,colonyclothing_official,,,PADIGLIONE CENTRALE / PIANO ATTICO / D/11,,,https://uomo.pittimmagine.com/en/pittimmagine/fairs/uomo/exhibitors/C/colony-clothing,True,True,True,4,
COLORS OF CALIFORNIA,Italy,,,Pitti Uomo 110,http://www.colorsofcalifornia.it,info@colorsofcalifornia.it,04165990484,,,https://www.instagram.com/colorsofcalifornia,colorsofcalifornia,https://www.facebook.com/ColorsOfCalifornia,ColorsOfCalifornia,PADIGLIONE CAVANIGLIA / 41-45,,,https://uomo.pittimmagine.com/en/pittimmagine/fairs/uomo/exhibitors/C/colors-of-california,True,True,True,4,
CONSINEE,Hong Kong,,,Pitti Uomo 110,,,,,,https://www.instagram.com/consineegroup,consineegroup,,,PADIGLIONE CENTRALE / PIANO INFERIORE / W/1,,,https://uomo.pittimmagine.com/en/pittimmagine/fairs/uomo/exhibitors/C/consinee,False,False,False,1,
COOLWAY,Spain,,,Pitti Uomo 110,,,,,,https://www.instagram.com/coolwaybrand,coolwaybrand,,,PADIGLIONE CAVANIGLIA / 11,,,https://uomo.pittimmagine.com/en/pittimmagine/fairs/uomo/exhibitors/C/coolway,False,False,False,1,
COOPETTEBROS,U.S.A.,,Agender; Cutting-Edge,Pitti Uomo 110,https://www.coopettebros.com,contact@coopettebros.com,,,,,,,,SALA DELLE NAZIONI / A/11,,,https://uomo.pittimmagine.com/en/pittimmagine/fairs/uomo/exhibitors/C/coopettebros,True,True,False,2,
COPENHAGEN STUDIOS,Germany,,Lifestyle; Sustainable; Essentials; Nordic Style; Premium Streetwear; Urban; Youth Culture; Craftsmanship; Contemporary,Pitti Uomo 110,http://www.copenhagenstudios.com,customercare@copenhagenstudios.com,36 37 38 39 40 41 42,,,https://www.instagram.com/copenhagen_studios,copenhagen_studios,,,PADIGLIONE CAVANIGLIA / 50-51,,,https://uomo.pittimmagine.com/en/pittimmagine/fairs/uomo/exhibitors/C/copenhagen-studios,True,True,True,4,
CORSO MILLE,Italy,,Lifestyle; Sustainable; Essentials; Classic; New Formal; High Performance; Urban; Luxury; Contemporary,Pitti Uomo 110,http://www.corso-mille.com,contact@corso-mille.com,,,,https://www.instagram.com/corsomille,corsomille,https://www.facebook.com/CorsoMille/,CorsoMille,PADIGLIONE CENTRALE / SALONE M P.INFERIORE / 38,,,https://uomo.pittimmagine.com/en/pittimmagine/fairs/uomo/exhibitors/C/corso-mille,True,True,False,3,
COTOPAXI,U.S.A.,,,Pitti Uomo 110,http://www.artcrafts.it,,,,,https://www.instagram.com/cotopaxi_italia,cotopaxi_italia,,,PADIGLIONE CAVANIGLIA / 41-45,,,https://uomo.pittimmagine.com/en/pittimmagine/fairs/uomo/exhibitors/C/cotopaxi,False,True,False,2,
CRIMAGNO EARTH,Switzerland,,Sustainable; Special Co-Lab/Limited Edition; Essentials; Agender; Cutting-Edge; Japan Style; Premium Streetwear; Urban; Collection; Upcycling,Pitti Uomo 110,https://crimagno.com,info@crimagno.com,,,,https://www.instagram.com/crimagno_earth,crimagno_earth,,,PADIGLIONE CENTRALE / PIANO ATTICO / J/3,,,https://uomo.pittimmagine.com/en/pittimmagine/fairs/uomo/exhibitors/C/crimagno-earth,True,True,False,3,
CRIME LONDON,Italy,,,Pitti Uomo 110,http://www.crimelondon.com,,,,,https://www.instagram.com/crimelondon,crimelondon,,,PADIGLIONE CAVANIGLIA / 112,,,https://uomo.pittimmagine.com/en/pittimmagine/fairs/uomo/exhibitors/C/crime-london,False,True,False,2,
CRISPI,Italy,,Lifestyle; Outdoor; High Performance; Activewear; Urban; Craftsmanship; Collection,Pitti Uomo 110,https://www.crispi.it,info@crispi.it,01760300267,,,https://www.instagram.com/crispiurbanoutdoor,crispiurbanoutdoor,https://www.facebook.com/crispi.sport,crispi.sport,SALA DELLA RONDA / 34,,,https://uomo.pittimmagine.com/en/pittimmagine/fairs/uomo/exhibitors/C/crispi,True,True,True,4,
CROCKETT & JONES,United Kingdom,,British Style; Classic; Luxury; Craftsmanship,Pitti Uomo 110,,,,,,,,,,PADIGLIONE CENTRALE / SALONE M P.INFERIORE / 23,,,,False,False,False,0,
CROCS,U.S.A.,,,Pitti Uomo 110,http://www.crocsitalia.it,info@crocsitalia.it,+39 0422 1440018,,,https://www.instagram.com/crocsitaly,crocsitaly,https://www.facebook.com/CrocsItaly,CrocsItaly,PADIGLIONE CAVANIGLIA / 41-45,,,https://uomo.pittimmagine.com/en/pittimmagine/fairs/uomo/exhibitors/C/crocs,True,True,True,4,
CROOTS ENGLAND,United Kingdom,,,Pitti Uomo 110,http://www.crootsengland.co.uk,retail@crootsengland.co.uk,+44 (0)1653 698 668,,,https://www.instagram.com/crootsengland,crootsengland,https://www.facebook.com/p/Croots-England-100057241008831/,p,PADIGLIONE CENTRALE / PIANO ATTICO / E/12,,,https://uomo.pittimmagine.com/en/pittimmagine/fairs/uomo/exhibitors/C/croots-england,True,True,True,4,
CRUCIANI,Italy,,,Pitti Uomo 110,,,,,,,,,,PADIGLIONE CENTRALE / PIANO TERRA / D/10,,,,False,False,False,0,
CRUNA,Italy,,Lifestyle; Essentials; High Performance; Informal,Pitti Uomo 110,http://www.cruna.com,online@cruna.com,,,,https://www.instagram.com/crunaofficial,crunaofficial,,,PADIGLIONE CENTRALE / PIANO INFERIORE / V/7 Z/6,,,https://uomo.pittimmagine.com/en/pittimmagine/fairs/uomo/exhibitors/C/cruna,True,True,False,3,
CYCLEUR DE LUXE,Belgium,,Sustainable; Essentials; Outdoor; Activewear; Sportswear; Premium Streetwear; Urban; Youth Culture; Craftsmanship; Contemporary,Pitti Uomo 110,https://www.cycleurdeluxe.com,customerservice@cycleurdeluxe.com,0866.405.582,,,https://www.instagram.com/cycleurdeluxe,cycleurdeluxe,,,PADIGLIONE CAVANIGLIA / 117,,,https://uomo.pittimmagine.com/en/pittimmagine/fairs/uomo/exhibitors/C/cycleur-de-luxe,True,True,True,4,
D.A.T.E.,Italy,,Lifestyle; Contemporary,Pitti Uomo 110,http://www.date-sneakers.com,info@date-sneakers.com,+39 055 3951102,,,https://www.instagram.com/date_sneakers,date_sneakers,http://www.facebook.com/date.sneakers,date.sneakers,SALA DELLE NAZIONI / A/10,,,https://uomo.pittimmagine.com/en/pittimmagine/fairs/uomo/exhibitors/D/d-a-t-e-,True,True,True,4,
DA.D ITALIAN LUXURY LEATHER GOODS,Italy,,,Pitti Uomo 110,,,,,,,,,,ARSENALE / PIANO TERRA / 40,,,,False,False,False,0,
DAMAT TWEEN,Turkey,,Essentials; Classic; New Formal; Luxury; Contemporary,Pitti Uomo 110,https://www.damattween.com,info@damattween.com,4203-8743,,,https://www.instagram.com/damattween,damattween,https://www.facebook.com/DamatOfficial/,DamatOfficial,PADIGLIONE CENTRALE / PIANO TERRA / E/10,,,https://uomo.pittimmagine.com/en/pittimmagine/fairs/uomo/exhibitors/D/damat-tween,True,True,True,4,
DANIELE ALESSANDRINI,Italy,,,Pitti Uomo 110,https://danielealessandrini.com,commerciale@ottantaventisrl.com,+39 376 2834010,https://www.linkedin.com/company/danielealessandriniofficial,danielealessandriniofficial,https://www.instagram.com/danielealessandrini.official,danielealessandrini.official,,,PADIGLIONE CENTRALE / PIANO TERRA / B/14,,,https://uomo.pittimmagine.com/en/pittimmagine/fairs/uomo/exhibitors/D/daniele-alessandrini,True,True,True,5,
DANIELE FIESOLI,Italy,,,Pitti Uomo 110,http://www.woolgroup.it,info@woolgroup.it,0558790078,,,https://www.instagram.com/danielefiesoliitalia,danielefiesoliitalia,,,CORTILE DEL TEATRINO / 1,,,https://uomo.pittimmagine.com/en/pittimmagine/fairs/uomo/exhibitors/D/daniele-fiesoli,True,True,True,4,
DANWARD,Italy,,,Pitti Uomo 110,https://danwardwear.com,info@danwardwear.com,+39 348 875 1990,,,https://www.instagram.com/danwardwear,danwardwear,,,PADIGLIONE CENTRALE / PIANO ATTICO / I/8-10,,,https://uomo.pittimmagine.com/en/pittimmagine/fairs/uomo/exhibitors/D/danward,True,True,True,4,
DAVIDOFF,Switzerland,,Lifestyle; Craftsmanship; Contemporary,Pitti Uomo 110,,,,,,https://www.instagram.com/zinodavidoff,zinodavidoff,,,PADIGLIONE CENTRALE / PIANO TERRA / C/13,,,https://uomo.pittimmagine.com/en/pittimmagine/fairs/uomo/exhibitors/D/davidoff,False,False,False,1,
DEKKER,Italy,,,Pitti Uomo 110,http://www.dekkeroriginal.com,customercare-online@dekkeroriginal.com,+39 02 8295 5578,,,https://www.instagram.com/dekkeroriginal,dekkeroriginal,,,PADIGLIONE CENTRALE / PIANO TERRA / K/8,,,https://uomo.pittimmagine.com/en/pittimmagine/fairs/uomo/exhibitors/D/dekker,True,True,True,4,
DELLA CIANA,Italy,,,Pitti Uomo 110,,,,,,,,,,PADIGLIONE CENTRALE / PIANO TERRA / D/6,,,,False,False,False,0,
DEMON,Italy,,,Pitti Uomo 110,https://demonfootwear.com,info@demonfootwear.com,37 38 39 40 41 42 43,,,,,,,SALA DELLA RONDA / 37,,,https://uomo.pittimmagine.com/en/pittimmagine/fairs/uomo/exhibitors/D/demon,True,True,True,3,
DENOBLE,Italy,,,Pitti Uomo 110,,,,,,,,,,PADIGLIONE CENTRALE / PIANO ATTICO / A/12-14,,,https://uomo.pittimmagine.com/en/pittimmagine/fairs/uomo/exhibitors/D/denoble,False,False,False,0,
DEPERLU,Italy,,Lifestyle; Essentials; Globetrotter; Informal; Urban; Contemporary,Pitti Uomo 110,http://www.deperlu.it,,,,,https://www.instagram.com/deperlu,deperlu,,,SALA DELLE NAZIONI / B/19,,,https://uomo.pittimmagine.com/en/pittimmagine/fairs/uomo/exhibitors/D/deperlu,False,True,False,2,
DESOTO - THE ORIGINAL JERSEY FEELING,Germany,,Lifestyle; Sustainable; Essentials; Classic; Urban; Luxury,Pitti Uomo 110,https://www.desoto-shirts.de,service@desoto-shirts.de,+49 9191 83 458,,,https://www.instagram.com/desotoshirts,desotoshirts,https://www.facebook.com/desotoshirts/,desotoshirts,PADIGLIONE CENTRALE / PIANO TERRA / E/14,,,https://uomo.pittimmagine.com/en/pittimmagine/fairs/uomo/exhibitors/D/desoto---the-original-jersey-feeling,True,True,True,4,
DEVORE INCIPIT,Italy,,,Pitti Uomo 110,http://devoreincipit.com,info@devoreincipit.com,+39 081 522 7631,,,https://www.instagram.com/devore_incipit,devore_incipit,https://www.facebook.com/devoreincipit,devoreincipit,PADIGLIONE CENTRALE / PIANO INFERIORE / U/11 V/12,,,https://uomo.pittimmagine.com/en/pittimmagine/fairs/uomo/exhibitors/D/devore-incipit,True,True,True,4,
DFOUR,Italy,,Lifestyle; Sustainable; Japan Style; Classic; Outdoor; Sportswear; Premium Streetwear; Luxury; Craftsmanship; Contemporary,Pitti Uomo 110,https://www.d-four.it,info@d-four.it,+39 081 6550233,,,https://www.instagram.com/dfourleatherproject,dfourleatherproject,https://www.facebook.com/official.dfour/,official.dfour,PADIGLIONE CENTRALE / PIANO ATTICO / B/11,,,https://uomo.pittimmagine.com/en/pittimmagine/fairs/uomo/exhibitors/D/dfour,True,True,True,4,
DICKIES,Switzerland,,,Pitti Uomo 110,,,,,,https://www.instagram.com/dickies_europe,dickies_europe,,,AREA MONUMENTALE / SALA OTTAGONALE / 1,,,https://uomo.pittimmagine.com/en/pittimmagine/fairs/uomo/exhibitors/D/dickies,False,False,False,1,
DIGEL,Germany,,Lifestyle; New Formal; Urban; Contemporary; Collection,Pitti Uomo 110,http://www.digel.de,info@digel.de,,,,https://www.instagram.com/digel.official,digel.official,,,PADIGLIONE CENTRALE / PIANO TERRA / E/16-18,,,https://uomo.pittimmagine.com/en/pittimmagine/fairs/uomo/exhibitors/D/digel,True,True,False,3,
DIKTAT,Italy,,,Pitti Uomo 110,http://www.diktat-italia.com,commerciale@almates.it,+39 0883 1716688,,,https://www.instagram.com/diktatitalia_official,diktatitalia_official,https://www.facebook.com/diktatitalia,diktatitalia,PADIGLIONE CENTRALE / PIANO TERRA / I/1-3,,,https://uomo.pittimmagine.com/en/pittimmagine/fairs/uomo/exhibitors/D/diktat,True,True,True,4,
DISCOTHÈQUE,United Kingdom,,,Pitti Uomo 110,https://discothequefragrances.com,hello@discothequefragrances.com,,,,https://www.instagram.com/discothequefragrances,discothequefragrances,,,PADIGLIONE CENTRALE / PIANO ATTICO / G/4,,,https://uomo.pittimmagine.com/en/pittimmagine/fairs/uomo/exhibitors/D/discoth-que,True,True,False,3,
DISTRETTO12,Italy,,Lifestyle; Sustainable; Nordic Style; Japan Style; New Formal; Outdoor; High Performance; Activewear; Urban; Contemporary,Pitti Uomo 110,http://www.distretto12.com,cs@distretto12.com,+39 342 619 4058,,,https://www.instagram.com/distretto12official,distretto12official,,,PADIGLIONE CENTRALE / PIANO TERRA / A/18 B/17,,,https://uomo.pittimmagine.com/en/pittimmagine/fairs/uomo/exhibitors/D/distretto12,True,True,True,4,
DNM BRIGLIA,Italy,,,Pitti Uomo 110,http://www.briglia1949.com,nomeutente@esempio.com,07646531215,,,,,,,PADIGLIONE CENTRALE / PIANO INFERIORE / R/11,,,https://uomo.pittimmagine.com/en/pittimmagine/fairs/uomo/exhibitors/D/dnm-briglia,True,True,True,3,
DOMOZERO,Italy,,Lifestyle; Sustainable; Agender; Outdoor; Activewear; Urban; Craftsmanship; Contemporary; Collection; Upcycling,Pitti Uomo 110,https://www.domozero.it,support@domozero.it,01904640602,,,https://www.instagram.com/domozero,domozero,,,FURERIA / 2,,,https://uomo.pittimmagine.com/en/pittimmagine/fairs/uomo/exhibitors/D/domozero,True,True,True,4,
DORIA 1905,Italy,,Agender; Classic; New Formal; Informal; Luxury; Craftsmanship; Contemporary,Pitti Uomo 110,http://www.doria1905.com,,,,,https://www.instagram.com/doria1905,doria1905,,,PADIGLIONE CENTRALE / SALONE M P.INFERIORE / 30,,,https://uomo.pittimmagine.com/en/pittimmagine/fairs/uomo/exhibitors/D/doria-1905,False,True,False,2,
DORIANI CASHMERE,Italy,,Lifestyle; Luxury; Craftsmanship; Contemporary,Pitti Uomo 110,http://www.globalcashmere.it,info@globalcashmere.it,,,,,,,,PADIGLIONE CENTRALE / PIANO TERRA / C/14 D/13,,,https://uomo.pittimmagine.com/en/pittimmagine/fairs/uomo/exhibitors/D/doriani-cashmere,True,True,False,2,
DOUCAL'S,Italy,,Lifestyle; Sustainable; Essentials; British Style; Classic; New Formal; Outdoor; Luxury; Craftsmanship; Contemporary,Pitti Uomo 110,http://www.doucals.com,support@doucals.com,280 8868777623798,,,,,,,PADIGLIONE CENTRALE / PIANO INFERIORE / R/1,,,https://uomo.pittimmagine.com/en/pittimmagine/fairs/uomo/exhibitors/D/doucal-s,True,True,True,3,
DOUGLAS HAYWARD,United Kingdom,,,Pitti Uomo 110,,,,,,,,,,PADIGLIONE CENTRALE / SALONE M P.INFERIORE / 28-34,,,,False,False,False,0,
DOUUOD,Italy,,,Pitti Uomo 110,,,,,,,,,,SALA DELLE NAZIONI / A/2,,,,False,False,False,0,
DRESSLER,Germany,,Lifestyle; Classic; New Formal; Outdoor; Luxury; Collection,Pitti Uomo 110,https://dressler1929.com,info@dressler1929.com,+49 (0)6026- 50 20,https://www.linkedin.com/company/dressler-bekleidungswerke-brinkmann-gmbh-,dressler-bekleidungswerke-brinkmann-gmbh-,https://www.instagram.com/dressler_official,dressler_official,https://www.facebook.com/dressler.official,dressler.official,PADIGLIONE CENTRALE / PIANO INFERIORE / S/8,,,https://uomo.pittimmagine.com/en/pittimmagine/fairs/uomo/exhibitors/D/dressler,True,True,True,5,
DRYKORN,Germany,,Lifestyle; Essentials; Classic; New Formal; Denimwear; Urban; Contemporary; Collection,Pitti Uomo 110,http://www.drykorn.com,info@drykorn.com,+49 388 742 49002,https://de.linkedin.com/company/drykorn-modevertriebs-gmbh-,drykorn-modevertriebs-gmbh-,https://www.instagram.com/drykorn_forbeautifulpeople,drykorn_forbeautifulpeople,https://www.facebook.com/drykorn/,drykorn,PADIGLIONE DELLE GHIAIA / 4,,,https://uomo.pittimmagine.com/en/pittimmagine/fairs/uomo/exhibitors/D/drykorn,True,True,True,5,
DSTREZZED,Netherlands,,Lifestyle; Essentials; British Style; Denimwear; Craftsmanship; Collection,Pitti Uomo 110,http://www.dstrezzed.com,hello@dstrezzed.com,28 29 30 31 32 33 34,,,,,,,COSTRUZIONI LORENESI / PIANO TERRA / 2,,,https://uomo.pittimmagine.com/en/pittimmagine/fairs/uomo/exhibitors/D/dstrezzed,True,True,True,3,
DUBLO,Italy,,Sustainable; Japan Style; British Style; Classic; Luxury; Craftsmanship; Collection,Pitti Uomo 110,https://dublo.it,info@dublo.it,+39 0773 40821,https://www.linkedin.com/company/dublo-srl/,dublo-srl,https://www.instagram.com/dublo1937,dublo1937,https://www.facebook.com/dublocalze1937/,dublocalze1937,PADIGLIONE CENTRALE / PIANO TERRA / G/5,,,https://uomo.pittimmagine.com/en/pittimmagine/fairs/uomo/exhibitors/D/dublo,True,True,True,5,
DUCANERO,Italy,,Lifestyle; Premium Streetwear; Urban; Craftsmanship; Contemporary,Pitti Uomo 110,http://www.ducanero.it,info@ducanero.it,60019 071-2363957,,,https://www.instagram.com/ducanero_official,ducanero_official,,,SALA DELLE NAZIONI / A/36,,,https://uomo.pittimmagine.com/en/pittimmagine/fairs/uomo/exhibitors/D/ducanero,True,True,True,4,
DUNO,Italy,,,Pitti Uomo 110,http://www.d-duno.it,info@d-duno.it,06491260482,,,,,,,PADIGLIONE DELLE GHIAIA / 3,,,https://uomo.pittimmagine.com/en/pittimmagine/fairs/uomo/exhibitors/D/duno,True,True,True,3,
ECCO,Italy,,Lifestyle; Special Co-Lab/Limited Edition; Nordic Style; Outdoor; Activewear; Premium Streetwear; Informal; Urban; Contemporary; Collection,Pitti Uomo 110,https://it.ecco.com,contact@ecco.com,+45 7491 1625,http://linkedin.com/company/ecco-sko-as,ecco-sko-as,https://www.instagram.com/ecco,ecco,,,FURERIA / 11,,,https://uomo.pittimmagine.com/en/pittimmagine/fairs/uomo/exhibitors/E/ecco,True,True,True,5,
ECO-SHOPPER,Italy,,Lifestyle; Sustainable; Essentials; Sportswear; Urban; Contemporary; Collection; Upcycling,Pitti Uomo 110,http://www.eco-shopper.it,info@eco-shopper.it,+39 051 0218732,https://www.linkedin.com/company/eco-shopper,eco-shopper,https://www.instagram.com/ecoshopper,ecoshopper,https://www.facebook.com/ecoshopper,ecoshopper,PADIGLIONE CENTRALE / PIANO TERRA / G/14,,,https://uomo.pittimmagine.com/en/pittimmagine/fairs/uomo/exhibitors/E/eco-shopper,True,True,True,5,
ED HARDY,United Kingdom,,Lifestyle; British Style; Denimwear; Outdoor; Premium Streetwear; Urban; Youth Culture; Contemporary,Pitti Uomo 110,,,,,,,,,,ARMERIA / 25-29,,,,False,False,False,0,
EDO CAMICERIA SARTORIALE,Italy,,Lifestyle; Sustainable; Classic; Outdoor; Premium Streetwear; Luxury; Craftsmanship; Collection,Pitti Uomo 110,http://www.edocamicie.it,info@edocamicie.it,,,,https://www.instagram.com/edocamicie,edocamicie,,,PADIGLIONE CENTRALE / SALONE M P.INFERIORE / 11,,,https://uomo.pittimmagine.com/en/pittimmagine/fairs/uomo/exhibitors/E/edo-camiceria-sartoriale,True,True,False,3,
EDWARD GREEN,United Kingdom,,British Style; Classic; New Formal; Luxury; Craftsmanship,Pitti Uomo 110,http://www.edwardgreen.com,,,,,https://www.instagram.com/edwardgreen1890,edwardgreen1890,,,PADIGLIONE CENTRALE / SALONE M P.INFERIORE / 24-26,,,https://uomo.pittimmagine.com/en/pittimmagine/fairs/uomo/exhibitors/G/edward-green,False,True,False,2,
EGNARTS - CODE KOREA,Korea (South),,Classic; New Formal; Premium Streetwear; Informal; Urban; Youth Culture; Contemporary; Collection,Pitti Uomo 110,https://easynarts.com,info@easynarts.com,17.099.000,,,https://instagram.com/dewi11official,dewi11official,https://facebook.com/dewi11official,dewi11official,POLVERIERA / 1,,,https://uomo.pittimmagine.com/en/pittimmagine/fairs/uomo/exhibitors/E/egnarts---code-korea,True,True,True,4,
ELIA MAURIZI,Italy,,,Pitti Uomo 110,http://www.eliamaurizi.eu,contact@eliamaurizi.eu,+39 0733 292382,,,,,,,ARSENALE / PIANO TERRA / 27,,,https://uomo.pittimmagine.com/en/pittimmagine/fairs/uomo/exhibitors/E/elia-maurizi,True,True,True,3,
ELLESSE,Italy,,,Pitti Uomo 110,http://www.ellesse.com,care@ellesse.com,,,,https://www.instagram.com/ellesse,ellesse,https://www.facebook.com/ellesse/,ellesse,CORTILE POLVERIERA / 2,,,https://uomo.pittimmagine.com/en/pittimmagine/fairs/uomo/exhibitors/E/ellesse,True,True,False,3,
EMANUELE MAFFEIS DAL 1958,Italy,,,Pitti Uomo 110,http://www.emanuelemaffeis.it,info@emanuelemaffeis.it,+39 035 244592,https://www.linkedin.com/company/emanuele-maffeis---italian-tailor,emanuele-maffeis---italian-tailor,https://www.instagram.com/emanuelemaffeis_tailor,emanuelemaffeis_tailor,https://www.facebook.com/EmanueleMaffeis.TailoredShirts/,EmanueleMaffeis.TailoredShirts,PADIGLIONE CENTRALE / PIANO INFERIORE / V/10,,,https://uomo.pittimmagine.com/en/pittimmagine/fairs/uomo/exhibitors/E/emanuele-maffeis-dal-1958,True,True,True,5,
EMENTA,Portugal,,,Pitti Uomo 110,,,,,,,,,,ARMERIA / 21-23,,,,False,False,False,0,
EMILE GARÇON,France,,Lifestyle; Sustainable; Classic; Luxury; Collection; Upcycling,Pitti Uomo 110,https://www.emilegarcon.com,info@mysite.com,123-456-7890,,,https://www.instagram.com/emile_garcon,emile_garcon,https://www.facebook.com/wix,wix,ARSENALE / PIANO TERRA / 47,,,https://uomo.pittimmagine.com/en/pittimmagine/fairs/uomo/exhibitors/E/emile-gar-on,True,True,True,4,
EMU AUSTRALIA,Australia,,Lifestyle; Sustainable; Essentials; Classic; Outdoor; Craftsmanship,Pitti Uomo 110,https://emu-australia.it,info@amuvia.com,+39 0471 531244,,,https://www.instagram.com/emuaustralia_italia,emuaustralia_italia,,,FURERIA / 5,,,https://uomo.pittimmagine.com/en/pittimmagine/fairs/uomo/exhibitors/E/emu-australia,True,True,True,4,
EN DOFT,Sweden,,Luxury; Craftsmanship; Contemporary,Pitti Uomo 110,https://endoft.com,hello@endoft.com,559216207601,,,https://www.instagram.com/endoftav,endoftav,,,,,,https://uomo.pittimmagine.com/en/pittimmagine/fairs/uomo/exhibitors/E/en-doft,True,True,True,4,
ENZO PISANO NAPOLI,Italy,,,Pitti Uomo 110,http://www.enzopisano.it,info@enzopisano.it,+39 081 922 5088,,,https://www.instagram.com/enzopisanonapoli,enzopisanonapoli,,,PADIGLIONE CENTRALE / PIANO INFERIORE / Q/6,,,https://uomo.pittimmagine.com/en/pittimmagine/fairs/uomo/exhibitors/E/enzo-pisano-napoli,True,True,True,4,
EP13,Italy,,Lifestyle; Outdoor; Premium Streetwear; Urban; Contemporary,Pitti Uomo 110,,,,,,https://www.instagram.com/ep13_shoes,ep13_shoes,,,PADIGLIONE CAVANIGLIA / 115,,,https://uomo.pittimmagine.com/en/pittimmagine/fairs/uomo/exhibitors/E/ep13,False,False,False,1,
EPHEMERAL DYADIC,Turkey,,,Pitti Uomo 110,https://www.ephemeraldyadic.com/ed,info@EPHEMERALDYADIC.COM,,,,https://www.instagram.com/ephemeraldyadic,ephemeraldyadic,,,PADIGLIONE CENTRALE / PIANO ATTICO / G/4,,,https://uomo.pittimmagine.com/en/pittimmagine/fairs/uomo/exhibitors/E/ephemeral-dyadic,True,True,False,3,
EQUIPEMENT DE VIE,United Kingdom,,Lifestyle; Sustainable; Cutting-Edge; Outdoor; Globetrotter; High Performance; Activewear; Sportswear; Luxury; Contemporary,Pitti Uomo 110,http://www.equipementdevie.com,customerservice@equipementdevie.com,,,,https://www.instagram.com/equipementdevie,equipementdevie,,,SALA DELLE NAZIONI / B/38,,,https://uomo.pittimmagine.com/en/pittimmagine/fairs/uomo/exhibitors/E/equipement-de-vie,True,True,False,3,
ERRICO FORMICOLA,Italy,,,Pitti Uomo 110,http://www.erricoformicola.com,info@erricoformicola.com,+39 081 17760171,,,https://www.instagram.com/erricoformicola,erricoformicola,https://www.facebook.com/erricoformicolaofficial,erricoformicolaofficial,PADIGLIONE CENTRALE / PIANO INFERIORE / V/22,,,https://uomo.pittimmagine.com/en/pittimmagine/fairs/uomo/exhibitors/E/errico-formicola,True,True,True,4,
ESERCITO,Italy,,Lifestyle; Sustainable; Special Co-Lab/Limited Edition; Activewear; Sportswear; Urban; Craftsmanship,Pitti Uomo 110,http://www.esercitosportswear.it,vendite@esercitosportswear.it,+39 3783048662,,,https://www.instagram.com/esercitosportswear,esercitosportswear,,,PADIGLIONE CENTRALE / PIANO TERRA / J/9 K/14,,,https://uomo.pittimmagine.com/en/pittimmagine/fairs/uomo/exhibitors/E/esercito,True,True,True,4,
ETIAM,Japan,,,Pitti Uomo 110,https://etiam.shop,info@etiam.shop,03-5823-4171,,,https://www.instagram.com/etiam.2020,etiam.2020,https://www.facebook.com/etiam.2020/,etiam.2020,PADIGLIONE CENTRALE / PIANO ATTICO / E/6,,,https://uomo.pittimmagine.com/en/pittimmagine/fairs/uomo/exhibitors/E/etiam,True,True,True,4,
EUROPANN,France,,,Pitti Uomo 110,https://www.europann.com,info@europann.com,04 91 48 82 82,,,https://www.instagram.com/europann_officiel,europann_officiel,,,PADIGLIONE CENTRALE / S. ALFA P.INFERIORE / 11,,,https://uomo.pittimmagine.com/en/pittimmagine/fairs/uomo/exhibitors/E/europann,True,True,True,4,
EXTR4,Italy,,Lifestyle; High Performance; Activewear; Sportswear; Premium Streetwear; Urban; Youth Culture; Contemporary; Collection,Pitti Uomo 110,https://www.extr4.it,assistenza.shoponline@primigi.it,+39 075 50 28 466,,,https://www.instagram.com/extr4_sneakers,extr4_sneakers,https://www.facebook.com/profile.php,profile.php,FURERIA / 9,,,https://uomo.pittimmagine.com/en/pittimmagine/fairs/uomo/exhibitors/E/extr4,True,True,True,4,
EXTRA VIRGO,Italy,,,Pitti Uomo 110,,,,,,,,,,PADIGLIONE CENTRALE / PIANO ATTICO / G/4,,,,False,False,False,0,
F. HAMMANN,Germany,,Lifestyle; Sustainable; Classic; Luxury,Pitti Uomo 110,http://fhammann.com,info@f-hammann.de,(0049) 069-814695,,,https://www.instagram.com/hammann.leather,hammann.leather,https://www.facebook.com/pages/category/Product-Service/F-HAMMANN-Finest-Leathergoods-112160517108132/,pages,PADIGLIONE CENTRALE / PIANO INFERIORE / R/28,,,https://uomo.pittimmagine.com/en/pittimmagine/fairs/uomo/exhibitors/F/f--hammann,True,True,True,4,
F.H - ITALIA,Italy,,Lifestyle; Special Co-Lab/Limited Edition; High Performance; Sportswear; Premium Streetwear; Urban; Luxury; Craftsmanship; Contemporary; Collection,Pitti Uomo 110,http://www.fhstore.it,,,,,https://www.instagram.com/fhstoremilano,fhstoremilano,,,PADIGLIONE CAVANIGLIA / 56,,,https://uomo.pittimmagine.com/en/pittimmagine/fairs/uomo/exhibitors/F/f-h---italia,False,True,False,2,
FABI,Italy,,,Pitti Uomo 110,http://www.fabishoes.it,,,,,https://www.instagram.com/fabishoes,fabishoes,,,PADIGLIONE CENTRALE / PIANO INFERIORE / V/1 Z/1,,,https://uomo.pittimmagine.com/en/pittimmagine/fairs/uomo/exhibitors/F/fabi,False,True,False,2,
FABRIZIO DEL CARLO,Italy,,,Pitti Uomo 110,,,,,,,,,,,,,,False,False,False,0,
FABRIZIO LESI,Italy,,,Pitti Uomo 110,https://www.fabriziolesi.it,info@fabriziolesi.it,+39 0521 482466,https://www.linkedin.com/company/fabrizio-lesi,fabrizio-lesi,,,,,PADIGLIONE CENTRALE / SALONE M P.INFERIORE / 44,,,https://uomo.pittimmagine.com/en/pittimmagine/fairs/uomo/exhibitors/F/fabrizio-lesi,True,True,True,4,
FAHERTY,U.S.A.,,,Pitti Uomo 110,,,,,,,,,,ARSENALE / PIANO TERRA / 17-19,,,,False,False,False,0,
FALIERO SARTI,Italy,,Sustainable; Luxury; Craftsmanship,Pitti Uomo 110,http://www.falierosarti.com,info@falierosarti.com,01582410971,,,https://www.instagram.com/falierosarti,falierosarti,https://www.facebook.com/falierosartiofficial/,falierosartiofficial,PADIGLIONE CENTRALE / PIANO ATTICO / G/6-8,,,https://uomo.pittimmagine.com/en/pittimmagine/fairs/uomo/exhibitors/F/faliero-sarti,True,True,True,4,
FARFALLA,Italy,,,Pitti Uomo 110,http://www.farfalla.it,farfalla@farfalla.it,+39 071 946027,https://www.linkedin.com/company/farfalla-calzature/,farfalla-calzature,https://www.instagram.com/farfalla_slippers,farfalla_slippers,,,PADIGLIONE CENTRALE / SALONE M P.INFERIORE / 54,,,https://uomo.pittimmagine.com/en/pittimmagine/fairs/uomo/exhibitors/F/farfalla,True,True,True,5,
FEFE' NAPOLI,Italy,,Lifestyle; Essentials; Japan Style; Classic; New Formal; Workwear; Informal; Urban; Luxury; Contemporary,Pitti Uomo 110,http://www.fefenapoli.com,info@fefeglamour.it,+390810607050,,,https://www.instagram.com/fefe.napoli,fefe.napoli,,,PADIGLIONE CENTRALE / PIANO INFERIORE / O/10,,,https://uomo.pittimmagine.com/en/pittimmagine/fairs/uomo/exhibitors/F/fefe--napoli,True,True,True,4,
FELISI,Italy,,Lifestyle; Essentials; Classic; New Formal; Workwear; Outdoor; Urban; Luxury; Craftsmanship; Contemporary,Pitti Uomo 110,http://www.felisibagsandbelts.com,info@felisibagsandbelts.com,+00390532771089,,,https://www.instagram.com/felisi_bagsandbelts,felisi_bagsandbelts,,,PADIGLIONE CENTRALE / PIANO ATTICO / I/4-6,,,https://uomo.pittimmagine.com/en/pittimmagine/fairs/uomo/exhibitors/F/felisi,True,True,True,4,
FELIX CULPA,Italy,,,Pitti Uomo 110,,,,,,,,,,SALA DELLE NAZIONI / A/46,,,,False,False,False,0,
FEMALE FOUNDED,Turkey,,,Pitti Uomo 110,,,,,,,,,,,,,,False,False,False,0,
FERRANTE,Italy,,,Pitti Uomo 110,http://www.ferrante.it,e-store@ferrante.it,01080370685,,,https://www.instagram.com/ferrante_official,ferrante_official,https://www.facebook.com/Ferrante.it,Ferrante.it,PADIGLIONE CENTRALE / PIANO INFERIORE / R/16,,,https://uomo.pittimmagine.com/en/pittimmagine/fairs/uomo/exhibitors/F/ferrante,True,True,True,4,
FERRANTE ROYAL RED,Italy,,,Pitti Uomo 110,,,,,,https://www.instagram.com/ferrante_official,ferrante_official,,,PADIGLIONE CENTRALE / PIANO INFERIORE / R/16,,,https://uomo.pittimmagine.com/en/pittimmagine/fairs/uomo/exhibitors/F/ferrante-royal-red,False,False,False,1,
FF-PACKAGING,Netherlands,,,Pitti Uomo 110,https://www.ff-packaging.com,info@ff-packaging.com,+31 (0)341 430 413,https://www.linkedin.com/company/ff-packaging,ff-packaging,https://www.instagram.com/ffpackaging,ffpackaging,https://www.facebook.com/ffpackaging,ffpackaging,PADIGLIONE CENTRALE / PIANO TERRA / G/12,,,https://uomo.pittimmagine.com/en/pittimmagine/fairs/uomo/exhibitors/F/ff-packaging,True,True,True,5,
FILA,Italy,,,Pitti Uomo 110,,,,,,https://www.instagram.com/filaeurope,filaeurope,,,PADIGLIONE CAVANIGLIA / 6,,,https://uomo.pittimmagine.com/en/pittimmagine/fairs/uomo/exhibitors/F/fila,False,False,False,1,
FILSON,U.S.A.,,Lifestyle; Outdoor,Pitti Uomo 110,http://www.filson.eu,info@filson.eu,,,,https://www.instagram.com/filson1897_europe,filson1897_europe,,,AREA MONUMENTALE / SALA DELLA VOLTA E CORRIDOIO DELL'ARCO / 1,,,https://uomo.pittimmagine.com/en/pittimmagine/fairs/uomo/exhibitors/F/filson,True,True,False,3,
FINAL DRAFT,Germany,,,Pitti Uomo 110,http://www.finaldraftclo.com,hello@finaldraftclo.com,+49 9321 3003246,,,https://www.instagram.com/finaldraftclo,finaldraftclo,,,SALA DELLE NAZIONI / A/16-18,,,https://uomo.pittimmagine.com/en/pittimmagine/fairs/uomo/exhibitors/F/final-draft,True,True,True,4,
FINOACINQUE - CODE KOREA,Korea (South),,,Pitti Uomo 110,,,,,,https://www.instagram.com/finoacinque_official,finoacinque_official,,,POLVERIERA / 1,,,https://uomo.pittimmagine.com/en/pittimmagine/fairs/uomo/exhibitors/F/finoacinque---code-korea,False,False,False,1,
FIORE 19.57,Italy,,Lifestyle; Classic; High Performance; Informal; Luxury; Craftsmanship; Collection,Pitti Uomo 110,https://www.fiore1957.it,customercare@fiore1957.it,+39 389 3193480,,,,,,,PADIGLIONE CENTRALE / SALONE M P.INFERIORE / 53,,,https://uomo.pittimmagine.com/en/pittimmagine/fairs/uomo/exhibitors/F/fiore-19-57,True,True,True,3,
FLORENCE STYLE,Italy,,British Style; Classic; Luxury; Craftsmanship,Pitti Uomo 110,http://www.florencestyle.com,info@florencestyle.com,30 055.8363104,,,https://www.instagram.com/florencestyle1953,florencestyle1953,,,PADIGLIONE CENTRALE / PIANO TERRA / G/2,,,https://uomo.pittimmagine.com/en/pittimmagine/fairs/uomo/exhibitors/F/florence-style,True,True,True,4,
FLOWER MOUNTAIN,Japan,,,Pitti Uomo 110,http://www.flowermountain.com,info@flowermountain.com,00347770430,,,https://www.instagram.com/flowermountain_official,flowermountain_official,https://www.facebook.com/FlowerMountainOfficial/,FlowerMountainOfficial,PADIGLIONE CAVANIGLIA / 40,,,https://uomo.pittimmagine.com/en/pittimmagine/fairs/uomo/exhibitors/F/flower-mountain,True,True,True,4,
FLY3,Italy,,Sustainable; Essentials; Informal; Craftsmanship; Contemporary,Pitti Uomo 110,http://www.fly3.it,info@fly3.it,+39 071 9161805,,,https://www.instagram.com/fly3_official,fly3_official,,,COSTRUZIONI LORENESI / PIANO PRIMO / 6,,,https://uomo.pittimmagine.com/en/pittimmagine/fairs/uomo/exhibitors/F/fly3,True,True,True,4,
FORM BAGS,Italy,,Sustainable; Luxury,Pitti Uomo 110,http://www.formbags.com,sales@formbags.it,+39 059 44 86,https://www.linkedin.com/company/form-bags-spa/,form-bags-spa,https://www.instagram.com/formbagsmoveyourbrand,formbagsmoveyourbrand,,,PADIGLIONE CENTRALE / PIANO TERRA / G/9,,,https://uomo.pittimmagine.com/en/pittimmagine/fairs/uomo/exhibitors/F/form-bags,True,True,True,5,
FORNARI,Italy,,Lifestyle; Sustainable; Japan Style; Classic; New Formal; Outdoor; Urban; Craftsmanship; Contemporary; Upcycling,Pitti Uomo 110,http://umbertofornari.it,info@umbertofornari.it,00039300421,,,https://www.instagram.com/fornariofficial,fornariofficial,https://facebook.com/fornariofficial/,fornariofficial,PADIGLIONE CENTRALE / SALONE M P.INFERIORE / 36,,,https://uomo.pittimmagine.com/en/pittimmagine/fairs/uomo/exhibitors/F/fornari,True,True,True,4,
FOULON,Italy,,Classic; Premium Streetwear; Craftsmanship; Contemporary,Pitti Uomo 110,https://foulon.it,info@foulon.it,+39 02 49367290,,,https://www.instagram.com/foulon.it,foulon.it,,,SALA DELLE NAZIONI / A/9,,,https://uomo.pittimmagine.com/en/pittimmagine/fairs/uomo/exhibitors/F/foulon,True,True,True,4,
FOX UMBRELLAS,United Kingdom,,,Pitti Uomo 110,http://www.foxumbrellas.com,onlineshop@foxumbrellas.com,20 8662 0022,,,https://www.instagram.com/foxumbrellas,foxumbrellas,,,PADIGLIONE CENTRALE / SALONE M P.INFERIORE / 58,,,https://uomo.pittimmagine.com/en/pittimmagine/fairs/uomo/exhibitors/F/fox-umbrellas,True,True,True,4,
FRACAP,Italy,,Lifestyle; Outdoor; Sportswear; Urban; Craftsmanship; Contemporary,Pitti Uomo 110,http://www.fracap.it,info@fracap.it,+39 0832 321996,,,https://www.instagram.com/fracap1908,fracap1908,https://www.facebook.com/fracap1908,fracap1908,PADIGLIONE CAVANIGLIA / 35,,,https://uomo.pittimmagine.com/en/pittimmagine/fairs/uomo/exhibitors/F/fracap,True,True,True,4,
FRANCESCHETTI,Italy,,Classic; New Formal; Premium Streetwear; Luxury; Craftsmanship; Contemporary; Collection,Pitti Uomo 110,http://www.franceschetti.it,alessandromedori@franceschetti.it,39 333 5075994,,,https://www.instagram.com/franceschettishoes,franceschettishoes,,,PADIGLIONE CENTRALE / PIANO TERRA / J/15,,,https://uomo.pittimmagine.com/en/pittimmagine/fairs/uomo/exhibitors/F/franceschetti,True,True,True,4,
FRANCESCO BENIGNO,Italy,,,Pitti Uomo 110,http://www.francescobenigno.it,info@francescobenigno.it,,,,https://www.instagram.com/francescobenigno1926,francescobenigno1926,,,PADIGLIONE CENTRALE / SALONE M P.INFERIORE / 35,,,https://uomo.pittimmagine.com/en/pittimmagine/fairs/uomo/exhibitors/F/francesco-benigno,True,True,False,3,
FRANCESCO SMALTO,France,,,Pitti Uomo 110,https://www.smalto.com,salon.couture@smalto.com,,https://fr.linkedin.com/company/smalto,smalto,https://www.instagram.com/smaltoparis,smaltoparis,,,PADIGLIONE CENTRALE / SALONE M P.INFERIORE / 43,,,https://uomo.pittimmagine.com/en/pittimmagine/fairs/uomo/exhibitors/S/francesco-smalto,True,True,False,4,
FRANKS,Australia,,Lifestyle; Essentials; Classic; Outdoor; Activewear; Contemporary,Pitti Uomo 110,http://franksaustralia.com,service@franksaustralia.com,+61 418 338 364,,,https://www.instagram.com/franksaustralia,franksaustralia,,,PADIGLIONE CAVANIGLIA / 55,,,https://uomo.pittimmagine.com/en/pittimmagine/fairs/uomo/exhibitors/F/franks,True,True,True,4,
FRAY CAMICERIA,Italy,,Special Co-Lab/Limited Edition; Classic; Luxury; Craftsmanship; Contemporary; Collection,Pitti Uomo 110,http://www.frayitaly.com,info@frayitaly.com,+39 051 57 10 36,https://www.linkedin.com/company/fray-italy-luxury-shirts/,fray-italy-luxury-shirts,https://www.instagram.com/frayitaly,frayitaly,,,PADIGLIONE CENTRALE / PIANO INFERIORE / R/5,,,https://uomo.pittimmagine.com/en/pittimmagine/fairs/uomo/exhibitors/F/fray-camiceria,True,True,True,5,
FRESCOBOL CARIOCA X LA MARZOCCO,Italy,,,Pitti Uomo 110,http://www.lamarzocco.com,info@lamarzocco.com,04040140487,,,https://www.instagram.com/lamarzoccohome,lamarzoccohome,,,PADIGLIONE CENTRALE / TERRAZZA / 1,,,https://uomo.pittimmagine.com/en/pittimmagine/fairs/uomo/exhibitors/F/frescobol-carioca-x-la-marzocco,True,True,True,4,
FTC,Switzerland,,Lifestyle; Sustainable; Essentials; Classic; New Formal; Globetrotter; Luxury; Craftsmanship; Contemporary,Pitti Uomo 110,http://www.ftc-cashmere.com,,,,,https://www.instagram.com/ftc_cashmere,ftc_cashmere,,,PADIGLIONE CENTRALE / PIANO INFERIORE / P/16,,,https://uomo.pittimmagine.com/en/pittimmagine/fairs/uomo/exhibitors/F/ftc,False,True,False,2,
FUGÀTO,Italy,,Sustainable; Special Co-Lab/Limited Edition; Classic; New Formal; Informal; Luxury; Craftsmanship,Pitti Uomo 110,http://www.fugato.it,info@fugato.it,,https://linkedin.com/company/fug,fug,https://www.instagram.com/fugato_official,fugato_official,https://facebook.com/fugato.official,fugato.official,PADIGLIONE CENTRALE / SALONE M P.INFERIORE / 13,,,https://uomo.pittimmagine.com/en/pittimmagine/fairs/uomo/exhibitors/F/fug-to,True,True,False,4,
FUMEO CARLO,Italy,,Lifestyle; Essentials; Agender; Nordic Style; Japan Style; British Style; Classic; New Formal; Informal; Craftsmanship,Pitti Uomo 110,https://www.fumeocarlo.com,fumeo@fumeocarlo.it,+39 0362 563292,https://www.linkedin.com/company/fumeo-carlo,fumeo-carlo,https://www.instagram.com/ fumeo_carlo, fumeo_carlo,https://www.facebook.com/fumeocarlo,fumeocarlo,ARSENALE / PIANO TERRA / 31,,,https://uomo.pittimmagine.com/en/pittimmagine/fairs/uomo/exhibitors/F/fumeo-carlo,True,True,True,5,
G.R.P.,Italy,,,Pitti Uomo 110,,,,,,,,,,PADIGLIONE CENTRALE / PIANO ATTICO / I/11,,,https://uomo.pittimmagine.com/en/pittimmagine/fairs/uomo/exhibitors/G/g-r-p-,False,False,False,0,
G1920 - GARDEUR,Germany,,Lifestyle; Sustainable; Essentials; Classic; Premium Streetwear; Urban; Luxury; Contemporary,Pitti Uomo 110,http://www.g1920.com,info@g1920.com,+49 (0)2161 816 250,https://www.linkedin.com/company/gardeur,gardeur,https://www.instagram.com/gardeur.de,gardeur.de,https://www.facebook.com/gardeur.de,gardeur.de,PADIGLIONE CENTRALE / PIANO TERRA / H/20,,,https://uomo.pittimmagine.com/en/pittimmagine/fairs/uomo/exhibitors/G/g1920---gardeur,True,True,True,5,
GABBA,Denmark,,Lifestyle; Essentials; Nordic Style; Denimwear; Urban; Craftsmanship; Contemporary; Collection,Pitti Uomo 110,https://www.gabba.com,info@gabba.com,+45 75 53 66 66,https://dk.linkedin.com/company/gabbadenim,gabbadenim,https://www.instagram.com/gabba.original,gabba.original,,,PADIGLIONE CAVANIGLIA / 16,,,https://uomo.pittimmagine.com/en/pittimmagine/fairs/uomo/exhibitors/G/gabba,True,True,True,5,
GABRIEL STUNZ,Germany,,Sustainable; Outdoor; Globetrotter; High Performance; Activewear; Luxury; Craftsmanship; Contemporary; Upcycling,Pitti Uomo 110,http://www.gabrielstunz.com,info@gabrielstunz.com,,https://www.linkedin.com/company/gabriel-stunz-design/,gabriel-stunz-design,https://www.instagram.com/gabrielstunz,gabrielstunz,,,PADIGLIONE CENTRALE / PIANO ATTICO / B/7,,,https://uomo.pittimmagine.com/en/pittimmagine/fairs/uomo/exhibitors/G/gabriel-stunz,True,True,False,4,
GABRIELE PASINI,Italy,,,Pitti Uomo 110,https://www.gabrielepasini.com,2062d0a4929b45348643784b5cb39c36@sentry.wixpress.com,,,,https://www.instagram.com/gabrielepasini,gabrielepasini,https://www.facebook.com/gabriele.pasini.16,gabriele.pasini.16,PADIGLIONE CENTRALE / PIANO INFERIORE / T/21,,,https://uomo.pittimmagine.com/en/pittimmagine/fairs/uomo/exhibitors/G/gabriele-pasini,True,True,False,3,
GAIMO,Spain,,,Pitti Uomo 110,,,,,,,,,,,,,,False,False,False,0,
GALA GLOVES,Italy,,British Style; Classic; Urban; Luxury; Craftsmanship; Contemporary; Collection,Pitti Uomo 110,http://www.galagloves.it,,,,,https://www.instagram.com/galagloves,galagloves,,,PADIGLIONE CENTRALE / PIANO INFERIORE / S/21,,,https://uomo.pittimmagine.com/en/pittimmagine/fairs/uomo/exhibitors/G/gala-gloves,False,True,False,2,
GALLIA KNIT PROJECT,Italy,,,Pitti Uomo 110,https://almalia.it,info@almalia.it,+39 030 6480 737,https://www.linkedin.com/company/almalia-hub/,almalia-hub,https://www.instagram.com/galliaknit_,galliaknit_,https://www.facebook.com/galliaconfezioni,galliaconfezioni,SALA DELLE NAZIONI / B/9,,,https://uomo.pittimmagine.com/en/pittimmagine/fairs/uomo/exhibitors/G/gallia-knit-project,True,True,True,5,
GALLUCCI,Italy,,Classic; New Formal; Luxury; Craftsmanship; Contemporary,Pitti Uomo 110,http://www.galluccishoes.it,info@galluccishoes.it,+39 02 76002027,,,https://www.instagram.com/galluccishoes,galluccishoes,,,PADIGLIONE CENTRALE / PIANO INFERIORE / U/9,,,https://uomo.pittimmagine.com/en/pittimmagine/fairs/uomo/exhibitors/G/gallucci,True,True,True,4,
GARDEN OF GOD,Italy,,,Pitti Uomo 110,http://www.gardenofgod.it,info@gardenofgod.it,05032330234,,,https://www.instagram.com/gardenofgod_italy,gardenofgod_italy,,,PADIGLIONE CAVANIGLIA / 64,,,https://uomo.pittimmagine.com/en/pittimmagine/fairs/uomo/exhibitors/G/garden-of-god,True,True,True,4,
GARRETT,Italy,,,Pitti Uomo 110,http://www.garrett-grt.com,info@garrett-grt.it,+39 331.2964659,,,https://www.instagram.com/garrettgrt,garrettgrt,,,PADIGLIONE CENTRALE / PIANO ATTICO / A/13,,,https://uomo.pittimmagine.com/en/pittimmagine/fairs/uomo/exhibitors/G/garrett,True,True,True,4,
GASSA D'AMANTE,Italy,,Lifestyle; Sustainable; Classic; Outdoor; Sportswear; Informal; Urban; Luxury; Craftsmanship; Upcycling,Pitti Uomo 110,https://gassadamante.com,info@gassadamante.com,,,,https://www.instagram.com/gassadamanteswimwear,gassadamanteswimwear,,,PADIGLIONE CAVANIGLIA / 100,,,https://uomo.pittimmagine.com/en/pittimmagine/fairs/uomo/exhibitors/G/gassa-d-amante,True,True,False,3,
GAUDÍ UOMO,Italy,,Lifestyle; New Formal; Denimwear; Urban; Contemporary,Pitti Uomo 110,https://gaudi-fashion.com/it_it/uomo.html,cs@gaudi-fashion.com,56 46 48 50 52 54,,,https://www.instagram.com/gaudiofficial,gaudiofficial,https://www.facebook.com/GAUDI.it/,GAUDI.it,CORTILE LORENESI / 1,,,https://uomo.pittimmagine.com/en/pittimmagine/fairs/uomo/exhibitors/G/gaud--uomo,True,True,True,4,
GERRY ST. TROPEZ,Spain,,Outdoor; Activewear; Sportswear; Informal,Pitti Uomo 110,https://www.gerrysttropez.com,555info@gerrysttropez.com,+34) 937 120 555,,,https://www.instagram.com/gerrysttropez,gerrysttropez,https://www.facebook.com/gerrysttropez,gerrysttropez,PADIGLIONE CAVANIGLIA / 108,,,https://uomo.pittimmagine.com/en/pittimmagine/fairs/uomo/exhibitors/G/gerry-st--tropez,True,True,True,4,
GHIRARDELLI NEXT,Italy,,,Pitti Uomo 110,,,,,,,,,,PADIGLIONE CENTRALE / PIANO INFERIORE / V/13-15 Z/12-14,,,,False,False,False,0,
GIABSARCHIVIO,Italy,,,Pitti Uomo 110,,,,,,,,,,PADIGLIONE CENTRALE / PIANO ATTICO / F/3-5,,,https://uomo.pittimmagine.com/en/pittimmagine/fairs/uomo/exhibitors/G/giabsarchivio,False,False,False,0,
GIANGI NAPOLI,Italy,,Lifestyle; Classic; New Formal; Denimwear; High Performance; Urban; Luxury; Craftsmanship; Contemporary; Collection,Pitti Uomo 110,http://www.gianginapoli.it,info@gianginapoli.it,+39 081 842 34 69,,,https://www.instagram.com/giangicamiceria,giangicamiceria,,,PADIGLIONE CENTRALE / SALONE M P.INFERIORE / 39,,,https://uomo.pittimmagine.com/en/pittimmagine/fairs/uomo/exhibitors/G/giangi-napoli,True,True,True,4,
GIANNETTO PORTOFINO,Italy,,Lifestyle; Sustainable; New Formal; Denimwear; Globetrotter; Informal; Luxury; Craftsmanship; Contemporary,Pitti Uomo 110,http://www.giannettoportofino.it,info@giannettoportofino.it,0883 565000,,,https://www.instagram.com/giannettoportofino,giannettoportofino,,,PADIGLIONE CENTRALE / PIANO INFERIORE / T/9 U/8,,,https://uomo.pittimmagine.com/en/pittimmagine/fairs/uomo/exhibitors/G/giannetto-portofino,True,True,True,4,
GIANNI LUPO,Italy,,Lifestyle; Sustainable; Denimwear; Urban; Contemporary,Pitti Uomo 110,http://www.giannilupo.com,info@giannilupo.com,,,,https://www.instagram.com/giannilupo_man,giannilupo_man,https://www.facebook.com/giannilupoman,giannilupoman,CORTILE LORENESI / 2,,,https://uomo.pittimmagine.com/en/pittimmagine/fairs/uomo/exhibitors/G/gianni-lupo,True,True,False,3,
GIANO,Italy,,Lifestyle; Essentials; Classic; New Formal; Urban; Luxury; Craftsmanship; Contemporary; Collection,Pitti Uomo 110,http://www.giano.eu,info@giano.eu,+39 0734 510489,https://www.linkedin.com/company/gianoeu/,gianoeu,,,,,PADIGLIONE CENTRALE / SALONE M P.INFERIORE / 17,,,https://uomo.pittimmagine.com/en/pittimmagine/fairs/uomo/exhibitors/G/giano,True,True,True,4,
GICAPRI,Italy,,,Pitti Uomo 110,http://www.gicapri.com,dpo@epssrl.com,+39 081 8026575,,,https://www.instagram.com/gicapri_official/,gicapri_official,https://www.facebook.com/GiCapri-a-giacchett-e-Capri-755121697888151,GiCapri-a-giacchett-e-Capri-755121697888151,PADIGLIONE CENTRALE / SALONE M P.INFERIORE / 7,,,https://uomo.pittimmagine.com/en/pittimmagine/fairs/uomo/exhibitors/G/gicapri,True,True,True,4,
GIERRE MILANO,Italy,,Special Co-Lab/Limited Edition; Classic; New Formal; Luxury,Pitti Uomo 110,http://www.gierremilano.com,info@gierremilano.com,06259350152,,,https://www.instagram.com/gierremilano,gierremilano,https://www.facebook.com/Gierremilano-660359204086606/,Gierremilano-660359204086606,PADIGLIONE CENTRALE / PIANO TERRA / E/17,,,https://uomo.pittimmagine.com/en/pittimmagine/fairs/uomo/exhibitors/G/gierre-milano,True,True,True,4,
GIMMI JEANS,Italy,,,Pitti Uomo 110,https://www.gimmijeans.com,gimmihq@gmail.com,+39 0444551678,,,https://www.instagram.com/gimmijeans,gimmijeans,,,SALA DELLE NAZIONI / B/24,,,https://uomo.pittimmagine.com/en/pittimmagine/fairs/uomo/exhibitors/G/gimmi-jeans,True,True,True,4,
GIMO'S ITALIANA,Italy,,Sustainable; New Formal; Outdoor; Informal; Urban; Luxury; Craftsmanship,Pitti Uomo 110,http://www.gimos.com,info@gimos.com,00403830284,,,https://www.instagram.com/gimos_official,gimos_official,https://www.facebook.com/GimosOfficial/,GimosOfficial,PADIGLIONE CENTRALE / PIANO INFERIORE / S/12,,,https://uomo.pittimmagine.com/en/pittimmagine/fairs/uomo/exhibitors/G/gimo-s-italiana,True,True,True,4,
GIOSA  MILANO,Italy,,,Pitti Uomo 110,http://www.giosamilano.com,info@giosamilano.com,+39 02 8699 7441,,,https://www.instagram.com/giosamilano,giosamilano,https://www.facebook.com/giosamilano,giosamilano,PADIGLIONE CENTRALE / PIANO INFERIORE / S/20,,,https://uomo.pittimmagine.com/en/pittimmagine/fairs/uomo/exhibitors/G/giosa--milano,True,True,True,4,
GMS75,Italy,,Lifestyle; Sustainable; Outdoor; Premium Streetwear; Informal; Urban; Craftsmanship; Contemporary,Pitti Uomo 110,http://www.gimos.com,info@gimos.com,00403830284,,,https://www.instagram.com/gimos_official,gimos_official,https://www.facebook.com/GimosOfficial/,GimosOfficial,PADIGLIONE CENTRALE / PIANO INFERIORE / S/12,,,https://uomo.pittimmagine.com/en/pittimmagine/fairs/uomo/exhibitors/G/gms75,True,True,True,4,
GNL FOOTWEAR,Switzerland,,Lifestyle; Nordic Style; High Performance; Activewear; Sportswear; Premium Streetwear; Informal; Urban; Collection,Pitti Uomo 110,http://www.gnlfootwear.com,info@gnlfootwear.com,227295337464990,,,https://www.instagram.com/gnlfootwear,gnlfootwear,,,PADIGLIONE CAVANIGLIA / 48,,,https://uomo.pittimmagine.com/en/pittimmagine/fairs/uomo/exhibitors/G/gnl-footwear,True,True,True,4,
GOGUTSA,Georgia,,Lifestyle; Agender; Cutting-Edge; Japan Style; Globetrotter; Premium Streetwear; Urban; Youth Culture; Craftsmanship; Contemporary,Pitti Uomo 110,https://gogutsa.com,info@gogutsa.com,,,,https://www.instagram.com/gogutsaofficial,gogutsaofficial,,,PADIGLIONE CENTRALE / PIANO ATTICO / I/13,,,https://uomo.pittimmagine.com/en/pittimmagine/fairs/uomo/exhibitors/G/gogutsa,True,True,False,3,
GOLDWIN,Japan,,Lifestyle; Japan Style; Outdoor; High Performance; Activewear; Sportswear; Urban,Pitti Uomo 110,http://www.goldwin-global.com,info@goldwineurope.com,,,,https://www.instagram.com/goldwin_global,goldwin_global,https://www.facebook.com/goldwin.global/,goldwin.global,SALA DELLE NAZIONI / B/12-14,,,https://uomo.pittimmagine.com/en/pittimmagine/fairs/uomo/exhibitors/G/goldwin,True,True,False,3,
GOOD PEOPLE GOOD STITCHING GOOD PRODUCT,Japan,,,Pitti Uomo 110,https://www.marucho.net,info@marucho.net,03-3626-3900,,,https://www.instagram.com/ggg_tokyo_official,ggg_tokyo_official,,,PADIGLIONE CENTRALE / PIANO ATTICO / B/13,,,https://uomo.pittimmagine.com/en/pittimmagine/fairs/uomo/exhibitors/G/good-people-good-stitching-good-product,True,True,True,4,
GOORIN BROS.,U.S.A.,,Lifestyle; Agender; Cutting-Edge; Denimwear; Outdoor; Sportswear; Premium Streetwear; Urban; Youth Culture; Collection,Pitti Uomo 110,http://www.goorin.com,avincent@goorin.com,16 2026 1895,,,https://www.instagram.com/goorinbros,goorinbros,,,PADIGLIONE CAVANIGLIA / 33,,,https://uomo.pittimmagine.com/en/pittimmagine/fairs/uomo/exhibitors/G/goorin-bros-,True,True,True,4,
GOT BAG,Germany,,Lifestyle; Sustainable; Nordic Style; Outdoor; Urban; Upcycling,Pitti Uomo 110,https://got-bag.com,info@got-bag.com,,,,https://www.instagram.com/gotbag,gotbag,,,PADIGLIONE CAVANIGLIA / 111,,,https://uomo.pittimmagine.com/en/pittimmagine/fairs/uomo/exhibitors/G/got-bag,True,True,False,3,
GRAMMATIK DRAMMATIK,Romania,,,Pitti Uomo 110,https://releasedistribution.it/grammatik-drammatik,,,,,https://www.instagram.com/grammatikdrammatik,grammatikdrammatik,https://www.facebook.com/ReleaseDistribution/,ReleaseDistribution,PADIGLIONE CENTRALE / PIANO ATTICO / G/4,,,https://uomo.pittimmagine.com/en/pittimmagine/fairs/uomo/exhibitors/G/grammatik-drammatik,False,True,False,2,
GRAN SASSO,Italy,,,Pitti Uomo 110,http://www.gransasso.it,info@gransasso.it,+39 02 794847,https://www.linkedin.com/company/maglificio-gran-sasso/,maglificio-gran-sasso,https://www.instagram.com/gransasso_official,gransasso_official,https://www.facebook.com/maglificiogransasso,maglificiogransasso,PADIGLIONE CENTRALE / PIANO INFERIORE / V/23-25,,,https://uomo.pittimmagine.com/en/pittimmagine/fairs/uomo/exhibitors/G/gran-sasso,True,True,True,5,
GREEN GEORGE,Italy,,British Style; Classic; Informal; Urban; Craftsmanship; Contemporary,Pitti Uomo 110,http://www.greengeorge.it,info@greengeorge.it,+39 02 20404233,,,https://www.instagram.com/greengeorge1971,greengeorge1971,,,PADIGLIONE CENTRALE / PIANO INFERIORE / U/5,,,https://uomo.pittimmagine.com/en/pittimmagine/fairs/uomo/exhibitors/G/green-george,True,True,True,4,
GREENTEX - WATERVILLE,Italy,,Outdoor; Sportswear; Informal; Luxury; Craftsmanship,Pitti Uomo 110,http://www.greentex.it,info@greentex.it,+39) 0427 939095,,,https://www.instagram.com/waterville_italy,waterville_italy,https://www.facebook.com/watervilleIT/,watervilleIT,PADIGLIONE CENTRALE / PIANO INFERIORE / Q/10,,,https://uomo.pittimmagine.com/en/pittimmagine/fairs/uomo/exhibitors/W/greentex---waterville,True,True,True,4,
GRIFFIN,United Kingdom,,,Pitti Uomo 110,,,,,,,,,,SALA DELLA RONDA / 7,,,,False,False,False,0,
GUANABANA HANDMADE,Spain,,Lifestyle; Sustainable; Special Co-Lab/Limited Edition; Classic; Craftsmanship; Contemporary; Collection,Pitti Uomo 110,http://www.guanabana.es,administracion@guanabana.es,,,,https://www.instagram.com/guanabanahandmade,guanabanahandmade,,,SALA DELLE NAZIONI / B/13,,,https://uomo.pittimmagine.com/en/pittimmagine/fairs/uomo/exhibitors/G/guanabana-handmade,True,True,False,3,
GUARDIANI,Italy,,,Pitti Uomo 110,https://www.albertoguardiani.it,customerservice@albertoguardiani.it,,,,,,,,COSTRUZIONI LORENESI / PIANO PRIMO / 4,,,https://uomo.pittimmagine.com/en/pittimmagine/fairs/uomo/exhibitors/G/guardiani,True,True,False,2,
GUESS JEANS,U.S.A.,,Sustainable; Denimwear; Urban; Youth Culture,Pitti Uomo 110,https://www.guess.eu/-/guess-jeans,info@guess.eu,+34 620596028,,,https://www.instagram.com/guessjeans,guessjeans,https://www.facebook.com/GUESS,GUESS,PADIGLIONE DELLE GHIAIA / 1-2,,,https://uomo.pittimmagine.com/en/pittimmagine/fairs/uomo/exhibitors/G/guess-jeans,True,True,True,4,
GUESS MAN,Switzerland,,,Pitti Uomo 110,https://www.guess.eu/it-it/guess/uomo,ste.consul@gmail.com,+34 620596028,,,https://www.instagram.com/guess,guess,https://www.facebook.com/GUESS,GUESS,PADIGLIONE CENTRALE / PIANO TERRA / H/2-4,,,https://uomo.pittimmagine.com/en/pittimmagine/fairs/uomo/exhibitors/G/guess-man,True,True,True,4,
H2O,Denmark,,,Pitti Uomo 110,https://h2o-sportswear.com,contact@h2o-sportswear.com,+45 5353 0005,https://www.linkedin.com/company/h2o-sportswear-a-s,h2o-sportswear-a-s,https://www.instagram.com/h2osportswear,h2osportswear,,,PADIGLIONE CAVANIGLIA / 9,,,https://uomo.pittimmagine.com/en/pittimmagine/fairs/uomo/exhibitors/H/h2o,True,True,True,5,
HALO,Denmark,,,Pitti Uomo 110,,,,,,https://www.instagram.com/newline.halo,newline.halo,,,SALA DELLA RONDA / 4,,,https://uomo.pittimmagine.com/en/pittimmagine/fairs/uomo/exhibitors/H/halo,False,False,False,1,
HANNES ROETHER,Germany,,Sustainable; Essentials; New Formal; Informal; Urban; Luxury; Craftsmanship,Pitti Uomo 110,http://www.hannesroether.de,info@hannesroether.de,,,,https://www.instagram.com/hannesroether,hannesroether,,,PADIGLIONE CENTRALE / PIANO ATTICO / I/3-5,,,https://uomo.pittimmagine.com/en/pittimmagine/fairs/uomo/exhibitors/H/hannes-roether,True,True,False,3,
HARBER LONDON,United Kingdom,,Lifestyle; Sustainable; Essentials; British Style; Classic; New Formal; High Performance; Luxury; Craftsmanship; Contemporary,Pitti Uomo 110,https://www.harberlondon.com,hello@harberlondon.com,2025-12-12,,,https://www.instagram.com/harberlondon,harberlondon,,,PADIGLIONE CENTRALE / SALONE M P.INFERIORE / 16,,,https://uomo.pittimmagine.com/en/pittimmagine/fairs/uomo/exhibitors/H/harber-london,True,True,True,4,
HARDY & PARSONS,United Kingdom,,Sustainable; Special Co-Lab/Limited Edition; British Style; Classic; Craftsmanship,Pitti Uomo 110,http://www.hardyandparsons.co.uk,hardyandparsons@aol.com,+44 (0) 207 35 11 124,,,https://www.instagram.com/hardyparsons,hardyparsons,https://www.facebook.com/hardyandparsons,hardyandparsons,PADIGLIONE CENTRALE / PIANO INFERIORE / P/24,,,https://uomo.pittimmagine.com/en/pittimmagine/fairs/uomo/exhibitors/H/hardy---parsons,True,True,True,4,
HARRIS FIRENZE,Italy,,Classic; Luxury; Craftsmanship,Pitti Uomo 110,http://www.harrisshoes.it,info@calzoleriaharris.it,04098090485,,,https://www.instagram.com/harrisshoes,harrisshoes,,,PADIGLIONE CENTRALE / SALONE M P.INFERIORE / 3,,,https://uomo.pittimmagine.com/en/pittimmagine/fairs/uomo/exhibitors/H/harris-firenze,True,True,True,4,
HARRIS WHARF LONDON,United Kingdom,,Sustainable; British Style; Outdoor,Pitti Uomo 110,http://www.harriswharflondon.co.uk,info@harriswharflondon.co.uk,34 36 38 40 42 44 46,,,https://www.instagram.com/harriswharflondon,harriswharflondon,,,SALA DELLE NAZIONI / A/6-8,,,https://uomo.pittimmagine.com/en/pittimmagine/fairs/uomo/exhibitors/H/harris-wharf-london,True,True,True,4,
HEINRICH DINKELACKER,Germany,,,Pitti Uomo 110,https://www.heinrich-dinkelacker.com,info@heinrich-dinkelacker.com,,,,https://www.instagram.com/heinrichdinkelacker,heinrichdinkelacker,,,PADIGLIONE CENTRALE / SALONE M P.INFERIORE / 27,,,https://uomo.pittimmagine.com/en/pittimmagine/fairs/uomo/exhibitors/H/heinrich-dinkelacker,True,True,False,3,
HELLY HANSEN,Norway,,Lifestyle; Sustainable; Cutting-Edge; Nordic Style; Outdoor; High Performance; Activewear; Sportswear; Urban; Collection,Pitti Uomo 110,http://www.hellyhansen.com,abc@xyz.com,+34) 930 180 889,,,https://www.instagram.com/hellyhansen,hellyhansen,https://www.facebook.com/HellyHansen1877,HellyHansen1877,PADIGLIONE CAVANIGLIA / 39,,,https://uomo.pittimmagine.com/en/pittimmagine/fairs/uomo/exhibitors/H/helly-hansen,True,True,True,4,
HENDERSON,Italy,,Essentials; British Style; Classic; New Formal; High Performance; Urban; Luxury; Craftsmanship; Contemporary; Collection,Pitti Uomo 110,http://www.hendersonbaracco.com,shop@hendersonbaracco.com,+39 049 502652,,,https://www.instagram.com/hendersonbaracco_official,hendersonbaracco_official,https://www.facebook.com/HendersonBaracco,HendersonBaracco,PADIGLIONE CENTRALE / PIANO ATTICO / D/13,,,https://uomo.pittimmagine.com/en/pittimmagine/fairs/uomo/exhibitors/H/henderson,True,True,True,4,
HENRIK VIBSKOV,Denmark,,,Pitti Uomo 110,,,,,,,,,,,,,,False,False,False,0,
HENRY BEGUELIN,Italy,,Classic; Luxury; Craftsmanship; Collection,Pitti Uomo 110,https://shop.henrybeguelin.it,customercare@henrybeguelin.it,+39 02 55011605,,,https://www.instagram.com/henrybeguelin_official,henrybeguelin_official,,,PADIGLIONE CENTRALE / PIANO ATTICO / H/11,,,https://uomo.pittimmagine.com/en/pittimmagine/fairs/uomo/exhibitors/H/henry-beguelin,True,True,True,4,
HENRY COTTON'S,Italy,,,Pitti Uomo 110,https://henrycottons.com,info@henrycottons.com,+44 7884 116559,,,https://www.instagram.com/qodeinteractive/,qodeinteractive,https://www.facebook.com/QodeInteractive/,QodeInteractive,PADIGLIONE CENTRALE / S. ALFA P.INFERIORE / 5,,,https://uomo.pittimmagine.com/en/pittimmagine/fairs/uomo/exhibitors/H/henry-cotton-s,True,True,True,4,
HERITAGE,Italy,,,Pitti Uomo 110,,,,,,,,,,PADIGLIONE CENTRALE / PIANO TERRA / J/13,,,,False,False,False,0,
HERNO,Italy,,Lifestyle; Luxury; Craftsmanship; Contemporary,Pitti Uomo 110,http://www.herno.it,privacy@herno.it,38 40 42 44 46 48,,,https://www.instagram.com/herno,herno,https://www.facebook.com/HernoSpa/,HernoSpa,TEATRINO LORENESE / 1,,,https://uomo.pittimmagine.com/en/pittimmagine/fairs/uomo/exhibitors/H/herno,True,True,True,4,
HESTERN,Italy,,Lifestyle; Essentials; Informal; Luxury; Contemporary; Collection,Pitti Uomo 110,http://null,,,,,https://www.instagram.com/hesternmilano,hesternmilano,,,SALA DELLE NAZIONI / B/34,,,https://uomo.pittimmagine.com/en/pittimmagine/fairs/uomo/exhibitors/H/hestern,False,True,False,2,
HETTABRETZ,Italy,,Lifestyle; Sustainable; Special Co-Lab/Limited Edition; Essentials; Globetrotter; High Performance; Luxury; Craftsmanship; Contemporary; Collection,Pitti Uomo 110,http://www.hettabretz.com,showroom@hettabretz.it,9186 2021-01-07,,,https://www.instagram.com/hettabretz,hettabretz,https://www.facebook.com/Hettabretz-350138965341733/,Hettabretz-350138965341733,PADIGLIONE CENTRALE / SALONE M P.INFERIORE / 5,,,https://uomo.pittimmagine.com/en/pittimmagine/fairs/uomo/exhibitors/H/hettabretz,True,True,True,4,
HEYDUDE,Italy,,,Pitti Uomo 110,http://www.artcraftsinternational.it,info@artcraftsinternational.it,,,,https://www.instagram.com/heydudeitaly,heydudeitaly,,,PADIGLIONE CAVANIGLIA / 27,,,https://uomo.pittimmagine.com/en/pittimmagine/fairs/uomo/exhibitors/H/heydude,True,True,False,3,
HOMEWARD,Italy,,Lifestyle; Outdoor; High Performance; Activewear; Premium Streetwear; Informal; Urban,Pitti Uomo 110,http://www.homeward.eu,,,,,https://www.instagram.com/homeward_clothes,homeward_clothes,,,PADIGLIONE CENTRALE / PIANO TERRA / H/12,,,https://uomo.pittimmagine.com/en/pittimmagine/fairs/uomo/exhibitors/H/homeward,False,True,False,2,
HOSIO,Italy,,Contemporary,Pitti Uomo 110,http://www.hosio.it,info@hosio.it,,,,https://www.instagram.com/hosioofficial,hosioofficial,https://www.facebook.com/hosiofashion/,hosiofashion,PADIGLIONE CENTRALE / PIANO ATTICO / G/11,,,https://uomo.pittimmagine.com/en/pittimmagine/fairs/uomo/exhibitors/H/hosio,True,True,False,3,
HèSKIMO,Italy,,Sustainable; Outdoor; High Performance; Activewear; Sportswear; Collection,Pitti Uomo 110,http://www.heskimo.it,commerciale@heskimo.it,+39 0883 820297,,,https://www.instagram.com/heskimo_official,heskimo_official,https://www.facebook.com/heskimoofficial,heskimoofficial,PADIGLIONE CENTRALE / PIANO TERRA / J/1 K/4-6,,,https://uomo.pittimmagine.com/en/pittimmagine/fairs/uomo/exhibitors/H/h-skimo,True,True,True,4,
HÖBEPERGH,Italy,,,Pitti Uomo 110,http://www.hobepergh.com,info@hobepergh.com,+39 0424 692352,,,https://www.instagram.com/hobepergh,hobepergh,,,,,,https://uomo.pittimmagine.com/en/pittimmagine/fairs/uomo/exhibitors/H/h-bepergh,True,True,True,4,
I'M BRIAN,Italy,,,Pitti Uomo 110,https://www.imbrian.it,commercialeimb@gmail.com,06841341214,,,https://www.instagram.com/imbrian.it,imbrian.it,,,RONDINO / 2,,,https://uomo.pittimmagine.com/en/pittimmagine/fairs/uomo/exhibitors/I/i-m-brian,True,True,True,4,
IBELIV,France,,Lifestyle; Sustainable; Essentials; Classic; Luxury; Craftsmanship; Contemporary,Pitti Uomo 110,http://www.ibeliv.fr,contact@ibeliv.fr,85 55 50 71,,,https://www.instagram.com/ibeliv_official,ibeliv_official,,,PADIGLIONE CENTRALE / PIANO ATTICO / I/1,,,https://uomo.pittimmagine.com/en/pittimmagine/fairs/uomo/exhibitors/I/ibeliv,True,True,True,4,
ICHENDORF MILANO,Italy,,,Pitti Uomo 110,,,,,,,,,,PADIGLIONE CENTRALE / PIANO INFERIORE / V/27,,,,False,False,False,0,
ID.EIGHT,Italy,,Lifestyle; Sustainable; Agender; Outdoor; Globetrotter; Sportswear; Informal; Urban; Contemporary,Pitti Uomo 110,,,,,,https://www.instagram.com/id.eight,id.eight,,,SALA DELLE NAZIONI / A/39,,,https://uomo.pittimmagine.com/en/pittimmagine/fairs/uomo/exhibitors/I/id-eight,False,False,False,1,
IL BUSSETTO,Italy,,,Pitti Uomo 110,http://www.ilbussetto.it,info@ilbussetto.it,05520650960,,,https://www.instagram.com/ilbussetto,ilbussetto,,,PADIGLIONE CENTRALE / PIANO INFERIORE / S/23,,,https://uomo.pittimmagine.com/en/pittimmagine/fairs/uomo/exhibitors/B/il-bussetto,True,True,True,4,
ILIOSMERALDO,Italy,,Craftsmanship,Pitti Uomo 110,https://www.iliosmeraldo.it,info@iliosmeraldo.it,,,,,,,,PADIGLIONE CENTRALE / PIANO ATTICO / H/3,,,https://uomo.pittimmagine.com/en/pittimmagine/fairs/uomo/exhibitors/I/iliosmeraldo,True,True,False,2,
ILSE JACOBSEN HORNBÆK,Denmark,,,Pitti Uomo 110,,,,,,https://www.instagram.com/ilsejacobsen,ilsejacobsen,,,PADIGLIONE CAVANIGLIA / 41-45,,,https://uomo.pittimmagine.com/en/pittimmagine/fairs/uomo/exhibitors/I/ilse-jacobsen-hornb-k,False,False,False,1,
IMPULSO,Italy,,Lifestyle; High Performance; Activewear; Sportswear,Pitti Uomo 110,http://www.impulso-store.com,,,,,https://www.instagram.com/impulso_official,impulso_official,,,PADIGLIONE CENTRALE / PIANO TERRA / A/20 B/19,,,https://uomo.pittimmagine.com/en/pittimmagine/fairs/uomo/exhibitors/I/impulso,False,True,False,2,
IMPURE,Italy,,,Pitti Uomo 110,https://www.impure.it,link2east@gmail.com,11975861003,,,https://www.instagram.com/impure.alternative.basic,impure.alternative.basic,,,FURERIA / 10,,,https://uomo.pittimmagine.com/en/pittimmagine/fairs/uomo/exhibitors/I/impure,True,True,True,4,
INDICODE,Denmark,,,Pitti Uomo 110,https://www.indicodejeans.dk,info@indicodejeans.dk,+49 15129121670,,,https://www.instagram.com/indicode.official,indicode.official,,,FURERIA / 8,,,https://uomo.pittimmagine.com/en/pittimmagine/fairs/uomo/exhibitors/I/indicode,True,True,True,4,
INTRECCI & BELTS,Italy,,,Pitti Uomo 110,,,,,,,,,,PADIGLIONE CENTRALE / PIANO INFERIORE / T/20,,,,False,False,False,0,
INVERTERE,United Kingdom,,,Pitti Uomo 110,,,,,,,,,,PADIGLIONE CENTRALE / PIANO INFERIORE / Q/9,,,,False,False,False,0,
INVICTA,Italy,,,Pitti Uomo 110,https://www.invicta.it,info@invicta.it,09322230013,,,https://www.instagram.com/invicta_official,invicta_official,,,PADIGLIONE CAVANIGLIA / 31,,,https://uomo.pittimmagine.com/en/pittimmagine/fairs/uomo/exhibitors/I/invicta,True,True,True,4,
IRON AND RESIN,France,,,Pitti Uomo 110,https://ironandresin.com,alan@ironandresin.com,18055153353,,,https://www.instagram.com/ironandresin,ironandresin,,,ARSENALE / PIANO TERRA / 15,,,https://uomo.pittimmagine.com/en/pittimmagine/fairs/uomo/exhibitors/I/iron-and-resin,True,True,True,4,
IS-NESS - OUTOPIA BY VANISH,Japan,,,Pitti Uomo 110,,,,,,,,,,SALA DELLA RONDA / 24-25,,,,False,False,False,0,
ISAORA,U.S.A.,,Lifestyle; Sustainable; Cutting-Edge; New Formal; Outdoor; High Performance; Activewear; Sportswear; Urban; Contemporary,Pitti Uomo 110,http://www.isaora.com,info@isaora.com,,https://www.linkedin.com/company/isaora/,isaora,https://www.instagram.com/isaora,isaora,,,PADIGLIONE CENTRALE / PIANO TERRA / H/14,,,https://uomo.pittimmagine.com/en/pittimmagine/fairs/uomo/exhibitors/I/isaora,True,True,False,4,
J8QUALITY,Japan,,,Pitti Uomo 110,http://www.jquality.jp,info@jquality.jp,,,,,,,,PADIGLIONE CENTRALE / PIANO ATTICO / A/1,,,https://uomo.pittimmagine.com/en/pittimmagine/fairs/uomo/exhibitors/J/j8quality,True,True,False,2,
JACQUES SOLOVIÈRE PARIS,France,,Classic,Pitti Uomo 110,https://www.jacquessoloviere.com,info@soloparis.com,+33140262188,,,https://www.instagram.com/jacquessoloviereparis,jacquessoloviereparis,,,PADIGLIONE CENTRALE / PIANO ATTICO / H/12,,,https://uomo.pittimmagine.com/en/pittimmagine/fairs/uomo/exhibitors/J/jacques-solovi-re-paris,True,True,True,4,
JAGGY,Italy,,Lifestyle; Essentials; Classic; Denimwear; Sportswear; Informal; Urban; Contemporary,Pitti Uomo 110,http://www.jaggy.it,info@re-hub.net,02933330421,,,https://www.instagram.com/jaggy.it,jaggy.it,,,PADIGLIONE CENTRALE / PIANO TERRA / K/9 L/10,,,https://uomo.pittimmagine.com/en/pittimmagine/fairs/uomo/exhibitors/J/jaggy,True,True,True,4,
JAGVI. RIVE GAUCHE,France,,Sustainable; Luxury; Contemporary; Upcycling,Pitti Uomo 110,https://jagvi.eu,contact@jagvi.eu,01 45 54 13 63,,,https://www.instagram.com/jagvi_,jagvi_,,,SALA DELLE NAZIONI / B/17,,,https://uomo.pittimmagine.com/en/pittimmagine/fairs/uomo/exhibitors/J/jagvi--rive-gauche,True,True,True,4,
JAMIESON'S OF SHETLAND,United Kingdom,,,Pitti Uomo 110,,,,,,,,,,PADIGLIONE CENTRALE / SALONE M P.INFERIORE / 14,,,,False,False,False,0,
JEORDIE'S,Italy,,,Pitti Uomo 110,http://www.jeordies.it,jeordies@jeordies.it,+39 0733 966413,,,https://www.instagram.com/jeordies_official,jeordies_official,,,PADIGLIONE CENTRALE / PIANO TERRA / H/11,,,https://uomo.pittimmagine.com/en/pittimmagine/fairs/uomo/exhibitors/J/jeordie-s,True,True,True,4,
JERRY KEY,Italy,,,Pitti Uomo 110,http://www.jerrykey.it,info@jerrykey.it,+39 089 863927,,,https://www.instagram.com/jerrykey.jackets/,jerrykey.jackets,https://www.facebook.com/jerrykey.jackets,jerrykey.jackets,PADIGLIONE CENTRALE / PIANO TERRA / H/13,,,https://uomo.pittimmagine.com/en/pittimmagine/fairs/uomo/exhibitors/J/jerry-key,True,True,True,4,
JIWYA,India,,Lifestyle; Sustainable; Classic; New Formal; Urban; Luxury; Craftsmanship; Contemporary,Pitti Uomo 110,,,,,,https://www.instagram.com/jiwya_official,jiwya_official,,,SALA DELLE NAZIONI / B/27,,,https://uomo.pittimmagine.com/en/pittimmagine/fairs/uomo/exhibitors/J/jiwya,False,False,False,1,
JIYONGKIM,Korea (South),,Sustainable; Special Co-Lab/Limited Edition; Essentials; Cutting-Edge; Premium Streetwear; Luxury; Craftsmanship; Collection,Pitti Uomo 110,https://jiyongkim.net,cs@jiyongkim.net,02-2271-2021,,,https://www.instagram.com/jiyongkim_official,jiyongkim_official,,,MAGAZZINO 07 / 1,,,https://uomo.pittimmagine.com/en/pittimmagine/fairs/uomo/exhibitors/J/jiyongkim,True,True,True,4,
JJ HATS NEW YORK,U.S.A.,,,Pitti Uomo 110,http://www.jjhats.com,,,,,,,,,SALA DELLE NAZIONI / B/44-46,,,https://uomo.pittimmagine.com/en/pittimmagine/fairs/uomo/exhibitors/J/jj-hats-new-york,False,True,False,1,
JOHN SMEDLEY,United Kingdom,,,Pitti Uomo 110,http://www.johnsmedley.com,customercare@johnsmedley.co.uk,+44 (0)800 6523498,,,https://www.instagram.com/johnsmedleyknitwear,johnsmedleyknitwear,https://www.facebook.com/JohnSmedleyKnitwear,JohnSmedleyKnitwear,PADIGLIONE CENTRALE / PIANO ATTICO / C/12,,,https://uomo.pittimmagine.com/en/pittimmagine/fairs/uomo/exhibitors/J/john-smedley,True,True,True,4,
JOHNNY LAMBS,Italy,,,Pitti Uomo 110,,,,,,,,,,PADIGLIONE CENTRALE / PIANO TERRA / I/14,,,,False,False,False,0,
JOSEPH CHEANEY & SONS,United Kingdom,,Lifestyle; Sustainable; Essentials; British Style; Classic; New Formal; Luxury; Craftsmanship,Pitti Uomo 110,http://www.cheaney.co.uk,info@cheaney.co.uk,,,,https://www.instagram.com/josephcheaney,josephcheaney,,,PADIGLIONE CENTRALE / SALONE M P.INFERIORE / 9,,,https://uomo.pittimmagine.com/en/pittimmagine/fairs/uomo/exhibitors/C/joseph-cheaney---sons,True,True,False,3,
JP5 CONCEPT,Italy,,Lifestyle; Sustainable; Special Co-Lab/Limited Edition; Cutting-Edge; Japan Style; Luxury; Craftsmanship; Contemporary; Collection; Upcycling,Pitti Uomo 110,https://jp5concept.com,info@jp5concept.com,+34 664 75 92 62,https://www.linkedin.com/in/luca-ciucci-a1585125/,luca-ciucci-a1585125,https://www.instagram.com/jp5concept,jp5concept,https://www.facebook.com/KralovaDesign/,KralovaDesign,SALA DELLE NAZIONI / A/19,,,https://uomo.pittimmagine.com/en/pittimmagine/fairs/uomo/exhibitors/J/jp5-concept,True,True,True,5,
KANGOL,United Kingdom,,Premium Streetwear; Urban; Youth Culture; Contemporary,Pitti Uomo 110,,,,,,,,,,PADIGLIONE CAVANIGLIA / 5,,,,False,False,False,0,
KAPPY DESIGN,Korea (South),,,Pitti Uomo 110,http://www.kappydesign.com,director@kappydesign.com,010-4597-0714 10,,,https://www.instagram.com/kappydesign,kappydesign,,,SALA DELLE NAZIONI / A/14,,,https://uomo.pittimmagine.com/en/pittimmagine/fairs/uomo/exhibitors/K/kappy-design,True,True,True,4,
KAPTEN&SON,Germany,,Lifestyle; Essentials; Nordic Style; Classic; Outdoor; Globetrotter; High Performance; Activewear; Urban; Collection,Pitti Uomo 110,http://www.kapten-son.com,info@kapten-son.com,+49 221 292 56494,,,https://www.instagram.com/kaptenandson.de,kaptenandson.de,https://www.facebook.com/kaptenandsonde,kaptenandsonde,PADIGLIONE CAVANIGLIA / 53,,,https://uomo.pittimmagine.com/en/pittimmagine/fairs/uomo/exhibitors/K/kapten-son,True,True,True,4,
KAVKI,Japan,,Lifestyle; Japan Style; Urban; Luxury; Craftsmanship; Contemporary,Pitti Uomo 110,http://kavki.jp,info@kavki.jp,,,,https://www.instagram.com/kavki_official/,kavki_official,,,PADIGLIONE CENTRALE / PIANO ATTICO / C/5,,,https://uomo.pittimmagine.com/en/pittimmagine/fairs/uomo/exhibitors/K/kavki,True,True,False,3,
KAWASAKI FOOTWEAR,Denmark,,Lifestyle; Nordic Style; Sportswear; Urban,Pitti Uomo 110,http://kawasakifootwear.com,,,,,https://www.instagram.com/kawasakifootwear.official,kawasakifootwear.official,,,,,,https://uomo.pittimmagine.com/en/pittimmagine/fairs/uomo/exhibitors/K/kawasaki-footwear,False,True,False,2,
KEELING,United Arab Emirates,,Lifestyle; Sustainable; Sportswear; Luxury,Pitti Uomo 110,https://www.keeling.io,info@sealand-international.com,,,,https://www.instagram.com/keeling.io,keeling.io,https://www.facebook.com/keeling.io/,keeling.io,PADIGLIONE CAVANIGLIA / 7,,,https://uomo.pittimmagine.com/en/pittimmagine/fairs/uomo/exhibitors/K/keeling,True,True,False,3,
KEEN,U.S.A.,,Lifestyle; Sustainable; Special Co-Lab/Limited Edition; Outdoor; Urban,Pitti Uomo 110,https://www.keenfootwear.it,info@amuvia.com,+39 0471 531244,,,https://www.instagram.com/keenitalia,keenitalia,,,SALA DELLA RONDA / 9-10,,,https://uomo.pittimmagine.com/en/pittimmagine/fairs/uomo/exhibitors/K/keen,True,True,True,4,
KETROY,Turkey,,Classic; New Formal; Denimwear; High Performance; Activewear; Sportswear; Informal; Luxury; Contemporary; Collection,Pitti Uomo 110,http://www.ketroy.com,destek@ketroy.com,08502512968,https://www.linkedin.com/company/ketroyofficial,ketroyofficial,https://www.instagram.com/ketroy,ketroy,,,PADIGLIONE CENTRALE / S. ALFA P.INFERIORE / 18-19,,,https://uomo.pittimmagine.com/en/pittimmagine/fairs/uomo/exhibitors/K/ketroy,True,True,True,5,
KETTA,Japan,,Lifestyle; Sustainable; Japan Style; New Formal; Workwear; Outdoor; Activewear; Sportswear; Luxury; Upcycling,Pitti Uomo 110,https://www.hirota-ap.com/ketta,info@hirota-ap.com,2025.02.26 31,,,,,,,PADIGLIONE CENTRALE / PIANO ATTICO / D/12,,,https://uomo.pittimmagine.com/en/pittimmagine/fairs/uomo/exhibitors/K/ketta,True,True,True,3,
KIEFERMANN,Germany,,Sustainable; Essentials; Informal; Urban; Contemporary; Collection,Pitti Uomo 110,https://www.kiefermann.com,info@kiefermann.com,131 47802,,,https://www.instagram.com/kiefermann,kiefermann,,,PADIGLIONE CENTRALE / PIANO ATTICO / B/12,,,https://uomo.pittimmagine.com/en/pittimmagine/fairs/uomo/exhibitors/K/kiefermann,True,True,True,4,
KIMUSSO- CHINA WAVE,China,,Agender; Cutting-Edge; Workwear; Premium Streetwear; Urban; Youth Culture; Luxury; Craftsmanship; Contemporary,Pitti Uomo 110,,,,,,,,,,COSTRUZIONI LORENESI / PIANO TERRA,,,https://uomo.pittimmagine.com/en/pittimmagine/fairs/uomo/exhibitors/K/kimusso--china-wave,False,False,False,0,
KIRED,Italy,,Lifestyle; Nordic Style; Outdoor; Globetrotter; High Performance; Activewear; Sportswear; Informal; Luxury; Craftsmanship,Pitti Uomo 110,,,,,,,,,,PADIGLIONE CENTRALE / PIANO INFERIORE / T/2-6,,,,False,False,False,0,
KJØRE PROJECT,Norway,,,Pitti Uomo 110,,,,,,,,,,ARSENALE / PIANO TERRA / 38,,,,False,False,False,0,
KNT KITON NEW TEXTURES,Italy,,,Pitti Uomo 110,http://www.kiton.com,info@kitonkorea.kr,06034520632,,,,,,,PIAZZALE GHIAIA / 4,,,https://uomo.pittimmagine.com/en/pittimmagine/fairs/uomo/exhibitors/K/knt-kiton-new-textures,True,True,True,3,
KREIS,Germany,,Lifestyle; Sustainable; Classic; New Formal; Premium Streetwear; Urban; Luxury; Craftsmanship,Pitti Uomo 110,,,,,,,,,,PADIGLIONE CENTRALE / PIANO INFERIORE / P/21,,,,False,False,False,0,
KRONSTADT,Denmark,,,Pitti Uomo 110,,,,,,,,,,FURERIA / 8,,,,False,False,False,0,
L'IMPERMEABILE,Italy,,,Pitti Uomo 110,http://www.limpermeabile.it,info@limpermeabile.it,,,,https://www.instagram.com/l_limpermeabile,l_limpermeabile,,,PADIGLIONE CENTRALE / PIANO INFERIORE / Q/14,,,https://uomo.pittimmagine.com/en/pittimmagine/fairs/uomo/exhibitors/L/l-impermeabile,True,True,False,3,
L. F. LIDFORT,Italy,,,Pitti Uomo 110,http://www.lidfort.it,lidfort@lidfort.it,0039 0734 891066,https://www.linkedin.com/company/9406122,9406122,https://www.instagram.com/lidfort,lidfort,https://www.facebook.com/Lidfort,Lidfort,SALA DELLE NAZIONI / B/11,,,https://uomo.pittimmagine.com/en/pittimmagine/fairs/uomo/exhibitors/L/l--f--lidfort,True,True,True,5,
L.B.M. 1911,Italy,,,Pitti Uomo 110,http://www.lbm1911.com,support@lbm1911.com,01221630203,,,https://www.instagram.com/l.b.m.1911_official,l.b.m.1911_official,,,PADIGLIONE CENTRALE / PIANO INFERIORE / U/1-3 V/2-4,,,https://uomo.pittimmagine.com/en/pittimmagine/fairs/uomo/exhibitors/L/l-b-m--1911,True,True,True,4,
LA BOUCLE,Belgium,,Lifestyle; Sustainable; Agender; British Style; Classic; New Formal; Workwear; High Performance; Activewear; Premium Streetwear,Pitti Uomo 110,http://www.laboucle.com,info@laboucle.com,,https://be.linkedin.com/company/laboucleofficial,laboucleofficial,https://www.instagram.com/labouclebelts,labouclebelts,,,PADIGLIONE CAVANIGLIA / 15,,,https://uomo.pittimmagine.com/en/pittimmagine/fairs/uomo/exhibitors/L/la-boucle,True,True,False,4,
LA MARTINA,Argentina,,Lifestyle; Essentials; British Style; Denimwear; Premium Streetwear; Urban; Contemporary; Collection,Pitti Uomo 110,http://www.lamartina.com,customercare@lamartina.eu,255864181,,,https://www.instagram.com/lamartinapolo,lamartinapolo,,,PADIGLIONE DELLE GHIAIA / 6,,,https://uomo.pittimmagine.com/en/pittimmagine/fairs/uomo/exhibitors/L/la-martina,True,True,True,4,
LA PAZ,Portugal,,,Pitti Uomo 110,http://www.lapaz.pt,online@lapaz.pt,,,,https://www.instagram.com/lapaz_diary,lapaz_diary,,,SALA DELLE NAZIONI / A/21,,,https://uomo.pittimmagine.com/en/pittimmagine/fairs/uomo/exhibitors/L/la-paz,True,True,False,3,
LAMANO ARTISANS,Italy,,,Pitti Uomo 110,https://lamanoartisans.it,info@lamanoartisans.it,+39 348 256 3631,https://www.linkedin.com/company/lamanoartisans/,lamanoartisans,https://www.instagram.com/lamanoartisans,lamanoartisans,https://www.facebook.com/lamanoartisans,lamanoartisans,PADIGLIONE CENTRALE / PIANO ATTICO / D/10,,,https://uomo.pittimmagine.com/en/pittimmagine/fairs/uomo/exhibitors/L/lamano-artisans,True,True,True,5,
LATORRE,Italy,,,Pitti Uomo 110,http://www.sartorialatorre.it,info@sartorialatorre.it,+39 080 4315291,https://www.linkedin.com/company/sartoria-latorre,sartoria-latorre,https://www.instagram.com/latorre_official,latorre_official,https://www.facebook.com/latorreofficial/,latorreofficial,PADIGLIONE CENTRALE / PIANO INFERIORE / V/11 Z/10,,,https://uomo.pittimmagine.com/en/pittimmagine/fairs/uomo/exhibitors/L/latorre,True,True,True,5,
LE TEMPS DES CERISES,France,,,Pitti Uomo 110,http://www.letempsdescerises.com,info@letempsdescerises.com,,https://www.linkedin.com/company/le-temps-des-cerises---japan-rags/mycompany,le-temps-des-cerises---japan-rags,https://www.instagram.com/letempsdescerisesjeans,letempsdescerisesjeans,https://www.facebook.com/letempsdescerisesjeans/,letempsdescerisesjeans,FURERIA / 13,,,https://uomo.pittimmagine.com/en/pittimmagine/fairs/uomo/exhibitors/L/le-temps-des-cerises,True,True,False,4,
LEBOLE,Italy,,Lifestyle; Sustainable; Classic; New Formal; Urban; Luxury; Contemporary,Pitti Uomo 110,http://www.leboleuomo.it,info@leboleuomo.it,,,,https://www.instagram.com/leboleuomo,leboleuomo,,,PADIGLIONE CENTRALE / S. ALFA P.INFERIORE / 20,,,https://uomo.pittimmagine.com/en/pittimmagine/fairs/uomo/exhibitors/L/lebole,True,True,False,3,
LEMARGO,Italy,,,Pitti Uomo 110,http://www.lemargo.it,info@lemargo.it,+39 0734 891337,,,https://www.instagram.com/lemargo_official,lemargo_official,,,PADIGLIONE CENTRALE / PIANO ATTICO / I/14,,,https://uomo.pittimmagine.com/en/pittimmagine/fairs/uomo/exhibitors/L/lemargo,True,True,True,4,
LES DEUX,Denmark,,Lifestyle; Essentials; Classic; Premium Streetwear; Craftsmanship; Contemporary,Pitti Uomo 110,https://lesdeux.dk,customercare@lesdeux.com,+45 78 74 53 35,https://www.linkedin.com/company/les-deux,les-deux,https://www.instagram.com/lesdeux,lesdeux,https://www.facebook.com/lesdeuxcopenhague,lesdeuxcopenhague,ARSENALE / PIANO TERRA / 2-6,,,https://uomo.pittimmagine.com/en/pittimmagine/fairs/uomo/exhibitors/L/les-deux,True,True,True,5,
LES HOMMES WHITE LABEL,Italy,,,Pitti Uomo 110,https://www.leshommes.com,customer.relations@leshommes.com,1606711005,,,https://www.instagram.com/leshommes_real_whitelabel,leshommes_real_whitelabel,,,PADIGLIONE CENTRALE / PIANO TERRA / I/6,,,https://uomo.pittimmagine.com/en/pittimmagine/fairs/uomo/exhibitors/L/les-hommes-white-label,True,True,True,4,
LF LINEA FASHION,Italy,,,Pitti Uomo 110,http://www.lineafashion.it,info@lineafashion.it,+39 0445 641961,,,https://www.instagram.com/lineafashion.it,lineafashion.it,https://www.facebook.com/LFLineaFashion,LFLineaFashion,PADIGLIONE CENTRALE / PIANO TERRA / E/30,,,https://uomo.pittimmagine.com/en/pittimmagine/fairs/uomo/exhibitors/L/lf-linea-fashion,True,True,True,4,
LOAKE,United Kingdom,,Lifestyle; British Style; Classic; New Formal; Luxury; Craftsmanship; Contemporary,Pitti Uomo 110,http://www.loake.co.uk,enquiries@loake.co.uk,+44 (0) 1536 415 411,,,https://www.instagram.com/loakeshoemakers,loakeshoemakers,https://www.facebook.com/LoakeShoemakers,LoakeShoemakers,PADIGLIONE CENTRALE / SALONE M P.INFERIORE / 8-10,,,https://uomo.pittimmagine.com/en/pittimmagine/fairs/uomo/exhibitors/L/loake,True,True,True,4,
LOCK & CO. HATTERS,United Kingdom,,Lifestyle; British Style; Classic; Luxury; Craftsmanship,Pitti Uomo 110,http://www.lockhatters.co.uk,info@lockhatters.co.uk,,,,https://www.instagram.com/lockhatters,lockhatters,,,PADIGLIONE CENTRALE / SALONE M P.INFERIORE / 56,,,https://uomo.pittimmagine.com/en/pittimmagine/fairs/uomo/exhibitors/L/lock---co--hatters,True,True,False,3,
LODENFREY,Germany,,Lifestyle; Sustainable; Nordic Style; Classic; New Formal; Outdoor; Informal; Urban; Craftsmanship; Contemporary,Pitti Uomo 110,http://www.lodenfrey.eu,info@lodenfrey.de,,,,https://www.instagram.com/lodenfrey_1842,lodenfrey_1842,,,SALA DELLE NAZIONI / B/42,,,https://uomo.pittimmagine.com/en/pittimmagine/fairs/uomo/exhibitors/L/lodenfrey,True,True,False,3,
LONDINESE,Italy,,,Pitti Uomo 110,http://www.londinese.it,info@londinese.it,+39 0587.274506,,,https://www.instagram.com/londinese_official,londinese_official,https://facebook.com/londineseita,londineseita,FURERIA / 7,,,https://uomo.pittimmagine.com/en/pittimmagine/fairs/uomo/exhibitors/L/londinese,True,True,True,4,
LORDS OF HARLECH,U.S.A.,,Lifestyle; Sustainable; Special Co-Lab/Limited Edition; Essentials; Globetrotter; High Performance; Sportswear; Luxury; Craftsmanship; Contemporary,Pitti Uomo 110,http://www.lordsofharlech.com,marketing@lordsofharlech.com,,,,https://www.instagram.com/lordsofharlech,lordsofharlech,,,SALA DELLE NAZIONI / B/52-54,,,https://uomo.pittimmagine.com/en/pittimmagine/fairs/uomo/exhibitors/L/lords-of-harlech,True,True,False,3,
LORENZO MANCINI,Italy,,,Pitti Uomo 110,http://www.lorenzomancini.eu,info@lorenzomancini.eu,,,,https://www.instagram.com/lorenzomanciniofficial,lorenzomanciniofficial,,,SALA DELLE NAZIONI / B/50,,,https://uomo.pittimmagine.com/en/pittimmagine/fairs/uomo/exhibitors/L/lorenzo-mancini,True,True,False,3,
LORENZONI,Italy,,Lifestyle; Sustainable; Luxury; Craftsmanship; Contemporary; Collection,Pitti Uomo 110,http://www.lorenzoni-store.com,,,,,https://www.instagram.com/lorenzoni_official,lorenzoni_official,,,PADIGLIONE CENTRALE / PIANO TERRA / B/10-12 C/7-9,,,https://uomo.pittimmagine.com/en/pittimmagine/fairs/uomo/exhibitors/L/lorenzoni,False,True,False,2,
LOTTO LEGGENDA,Italy,,Lifestyle; Essentials; Urban; Youth Culture; Contemporary; Collection,Pitti Uomo 110,http://www.lotto.it,info@lotto.it,20-26 27-35 36-39,,,https://www.instagram.com/lottosport,lottosport,,,PADIGLIONE CAVANIGLIA / 10,,,https://uomo.pittimmagine.com/en/pittimmagine/fairs/uomo/exhibitors/L/lotto-leggenda,True,True,True,4,
LUCA FALONI,Italy,,Essentials; Classic; Denimwear; Luxury; Craftsmanship; Collection,Pitti Uomo 110,https://lucafaloni.com,care@lucafaloni.com,+39 035 092 0012,https://www.linkedin.com/company/luca-faloni/jobs/,luca-faloni,https://www.instagram.com/lucafaloni,lucafaloni,https://www.facebook.com/lucafaloni,lucafaloni,PADIGLIONE CENTRALE / PIANO INFERIORE / O/13,,,https://uomo.pittimmagine.com/en/pittimmagine/fairs/uomo/exhibitors/L/luca-faloni,True,True,True,5,
LUCIANO BARBERA,Italy,,,Pitti Uomo 110,https://www.lucianobarbera.com,customercare@lucianobarbera.it,+39 015 246 1000,https://it.linkedin.com/company/lucianobarberaofficial,lucianobarberaofficial,https://www.instagram.com/lucianobarberaofficial,lucianobarberaofficial,,,PADIGLIONE CENTRALE / PIANO INFERIORE / R/14,,,https://uomo.pittimmagine.com/en/pittimmagine/fairs/uomo/exhibitors/L/luciano-barbera,True,True,True,5,
LUIGI BIANCHI,Italy,,,Pitti Uomo 110,http://www.luigi-bianchi.com,2062d0a4929b45348643784b5cb39c36@sentry.wixpress.com,+39.03763091,,,https://www.instagram.com/luigibianchi_official,luigibianchi_official,http://facebook.com/luigibianchiofficial,luigibianchiofficial,PADIGLIONE CENTRALE / PIANO INFERIORE / U/1-3 V/2-4,,,https://uomo.pittimmagine.com/en/pittimmagine/fairs/uomo/exhibitors/L/luigi-bianchi,True,True,True,4,
LUIGI GENTILE,Italy,,Essentials; New Formal; Craftsmanship,Pitti Uomo 110,https://luigigentile.eu,info@luigigentile.eu,+39 081 879 17 01,,,https://www.instagram.com/luigigentile_official,luigigentile_official,,,PADIGLIONE CENTRALE / SALONE M P.INFERIORE / 31,,,https://uomo.pittimmagine.com/en/pittimmagine/fairs/uomo/exhibitors/L/luigi-gentile,True,True,True,4,
LYLE & SCOTT,United Kingdom,,,Pitti Uomo 110,http://www.lyleandscott.com,customersupport@lyleandscott.com,0330 0570817,,,https://www.instagram.com/lyle_and_scott,lyle_and_scott,https://www.facebook.com/lyleandscott/,lyleandscott,AREA MONUMENTALE / SALA DELL'ARCO / 1,,,https://uomo.pittimmagine.com/en/pittimmagine/fairs/uomo/exhibitors/L/lyle---scott,True,True,True,4,
M.C.U. MARCO CASSESE UNION,Italy,,Lifestyle; Special Co-Lab/Limited Edition; Sportswear; Premium Streetwear; Urban; Youth Culture; Luxury; Contemporary; Collection,Pitti Uomo 110,http://www.mcu-mcu.com,info@mcu-mcu.com,,,,https://www.instagram.com/m.c.u.wear,m.c.u.wear,https://www.facebook.com/sharer/sharer.php,sharer,,,,https://uomo.pittimmagine.com/en/pittimmagine/fairs/uomo/exhibitors/M/m-c-u--marco-cassese-union,True,True,False,3,
M5,Germany,,Lifestyle; Sustainable; New Formal; Denimwear; Outdoor; Informal; Urban; Youth Culture; Contemporary,Pitti Uomo 110,http://www.meyer-hosen.com,service@meyer-hosen.com,+4922969812390,https://www.linkedin.com/company/meyer-hosen-ag/,meyer-hosen-ag,https://www.instagram.com/meyerhosen,meyerhosen,,,PADIGLIONE CENTRALE / S. ALFA P.INFERIORE / 12-15,,,https://uomo.pittimmagine.com/en/pittimmagine/fairs/uomo/exhibitors/M/m5,True,True,True,5,
MA' RY' YA,Italy,,Lifestyle; Sustainable; Essentials; Cutting-Edge; Japan Style; New Formal; Denimwear; Youth Culture; Luxury; Contemporary,Pitti Uomo 110,http://www.maryya.it,maryyamaglia@gmail.com,+39 335 8065576,,,https://www.instagram.com/maryyaofficial,maryyaofficial,,,PADIGLIONE CENTRALE / PIANO ATTICO / I/18,,,https://uomo.pittimmagine.com/en/pittimmagine/fairs/uomo/exhibitors/M/ma--ry--ya,True,True,True,4,
MACKINTOSH,United Kingdom,,,Pitti Uomo 110,http://www.mackintosh.com,a41ef1af31a33e52bb402074448b04a7@o4506710853550080.ingest.us.sentry.io,,,,https://www.instagram.com/mackintoshofficial_uk,mackintoshofficial_uk,,,PADIGLIONE CENTRALE / PIANO INFERIORE / P/20,,,https://uomo.pittimmagine.com/en/pittimmagine/fairs/uomo/exhibitors/M/mackintosh,True,True,False,3,
MAERZ MUENCHEN,Germany,,Classic; New Formal; Luxury; Craftsmanship,Pitti Uomo 110,https://www.maerz.de,service@maerz-onlineshop.de,+49 (0) 89 143 6715 227,https://de.linkedin.com/company/maerz-muenchen-kg,maerz-muenchen-kg,https://www.instagram.com/maerzmuenchen,maerzmuenchen,https://www.facebook.com/maerz.muenchen,maerz.muenchen,PADIGLIONE CENTRALE / S. ALFA P.INFERIORE / 8,,,https://uomo.pittimmagine.com/en/pittimmagine/fairs/uomo/exhibitors/M/maerz-muenchen,True,True,True,5,
MAESTRAMI,Italy,,,Pitti Uomo 110,http://www.maestrami.com,info@maestrami.com,+39 051 8654711,,,https://www.instagram.com/maestrami_uomo,maestrami_uomo,https://www.facebook.com/MaestramiAbbigliamento/,MaestramiAbbigliamento,PADIGLIONE CENTRALE / PIANO TERRA / E/22,,,https://uomo.pittimmagine.com/en/pittimmagine/fairs/uomo/exhibitors/M/maestrami,True,True,True,4,
MAGAZZINO RICAMBI,Italy,,,Pitti Uomo 110,,,,,,https://www.instagram.com/magazzino_ricambi,magazzino_ricambi,,,PADIGLIONE CENTRALE / PIANO ATTICO / D/5,,,https://uomo.pittimmagine.com/en/pittimmagine/fairs/uomo/exhibitors/M/magazzino-ricambi,False,False,False,1,
MAISON BOINET,France,,,Pitti Uomo 110,,,,,,,,,,PADIGLIONE CENTRALE / PIANO TERRA / C/11,,,,False,False,False,0,
MAISON HIDEOUT,France,,Lifestyle; Special Co-Lab/Limited Edition; Essentials; Denimwear; Activewear; Sportswear; Premium Streetwear; Urban; Youth Culture; Contemporary,Pitti Uomo 110,http://www.maisonhideout.com,info@maisonhideout.com,,,,https://www.instagram.com/maisonhideout,maisonhideout,,,ARMERIA / 18,,,https://uomo.pittimmagine.com/en/pittimmagine/fairs/uomo/exhibitors/M/maison-hideout,True,True,False,3,
MAISON MONTAGUT,France,,,Pitti Uomo 110,https://montagut.com/fr,dpo@montagut.com,+334 75 41 79 51,https://www.linkedin.com/company/maisonmontagut/posts/,maisonmontagut,https://www.instagram.com/maisonmontagut,maisonmontagut,https://www.facebook.com/maisonmontagut/,maisonmontagut,PADIGLIONE CENTRALE / PIANO TERRA / J/7,,,https://uomo.pittimmagine.com/en/pittimmagine/fairs/uomo/exhibitors/M/maison-montagut,True,True,True,5,
MALLET,United Kingdom,,Lifestyle; Essentials; British Style; New Formal; High Performance; Premium Streetwear; Urban; Youth Culture; Luxury; Contemporary,Pitti Uomo 110,https://mallet.com,sales@mallet.com,,,,,,,,PADIGLIONE CENTRALE / PIANO ATTICO / A/7,,,https://uomo.pittimmagine.com/en/pittimmagine/fairs/uomo/exhibitors/M/mallet,True,True,False,2,
MANCINO,Italy,,Lifestyle; Essentials; Urban; Craftsmanship,Pitti Uomo 110,http://www.mancinoaccessori.com,,,,,https://www.instagram.com/mancinoaccessori,mancinoaccessori,,,PADIGLIONE CAVANIGLIA / 63,,,https://uomo.pittimmagine.com/en/pittimmagine/fairs/uomo/exhibitors/M/mancino,False,True,False,2,
MANI DEL SUD,Italy,,,Pitti Uomo 110,http://www.manidelsud.it,info@manidelsud.it,+39 055 9863365,,,https://www.instagram.com/manidelsud_official,manidelsud_official,,,PADIGLIONE CENTRALE / PIANO INFERIORE / P/26,,,https://uomo.pittimmagine.com/en/pittimmagine/fairs/uomo/exhibitors/M/mani-del-sud,True,True,True,4,
MANIFATTURA CECCARELLI,Italy,,,Pitti Uomo 110,http://www.manifatturaceccarelli.com,,,,,https://www.instagram.com/manifatturaceccarelli,manifatturaceccarelli,,,SALA DELLE NAZIONI / A/20-24 B/21-25,,,https://uomo.pittimmagine.com/en/pittimmagine/fairs/uomo/exhibitors/M/manifattura-ceccarelli,False,True,False,2,
MANIKOMIO DSGN,Italy,,,Pitti Uomo 110,http://manikomiodsgn.com,info@manikomiodsgn.com,04709310405,,,https://www.instagram.com/manikomio_dsgn,manikomio_dsgn,,,SALA DELLE NAZIONI / A/34,,,https://uomo.pittimmagine.com/en/pittimmagine/fairs/uomo/exhibitors/M/manikomio-dsgn,True,True,True,4,
MANOVIE TOSCANE,Italy,,Lifestyle; Sustainable; Essentials; Japan Style; Classic; New Formal; Urban; Luxury; Craftsmanship; Contemporary,Pitti Uomo 110,http://www.manovietoscane.it,,,,,https://www.instagram.com/manovietoscane,manovietoscane,,,PADIGLIONE CENTRALE / PIANO INFERIORE / O/25,,,https://uomo.pittimmagine.com/en/pittimmagine/fairs/uomo/exhibitors/M/manovie-toscane,False,True,False,2,
MANTO,Italy,,Essentials; Craftsmanship; Contemporary,Pitti Uomo 110,http://www.mantoitalia.com,info@mantoitalia.com,,,,https://www.instagram.com/manto_italia,manto_italia,,,PADIGLIONE CENTRALE / PIANO INFERIORE / V/3 Z/2,,,https://uomo.pittimmagine.com/en/pittimmagine/fairs/uomo/exhibitors/M/manto,True,True,False,3,
MANUEL RITZ,Italy,,Lifestyle; Essentials; British Style; New Formal; Contemporary,Pitti Uomo 110,http://www.manuelritz.com,info@manuelritz.com,0082172000430,,,https://www.instagram.com/manuelritzofficial,manuelritzofficial,,,PADIGLIONE CENTRALE / PIANO INFERIORE / V/17-19 Z/16-18,,,https://uomo.pittimmagine.com/en/pittimmagine/fairs/uomo/exhibitors/M/manuel-ritz,True,True,True,4,
MANZONI24,Italy,,,Pitti Uomo 110,https://www.manzoni24.it,info@manzoni24.it,,,,https://www.instagram.com/manzoni24official,manzoni24official,,,PADIGLIONE CENTRALE / PIANO INFERIORE / R/20,,,https://uomo.pittimmagine.com/en/pittimmagine/fairs/uomo/exhibitors/M/manzoni24,True,True,False,3,
MAPPINA MILANO,Italy,,Special Co-Lab/Limited Edition; Classic,Pitti Uomo 110,https://www.mappina-milano.com,605a7baede844d278b89dc95ae0a9123@sentry-next.wixpress.com,13425380964,,,,,,,PADIGLIONE CENTRALE / SALONE M P.INFERIORE / 6,,,https://uomo.pittimmagine.com/en/pittimmagine/fairs/uomo/exhibitors/M/mappina-milano,True,True,True,3,
MARC POINT VENEZIA,Italy,,,Pitti Uomo 110,http://www.marcpointvenezia.it,trademanager@vulpinarisrl.it,+39 0541 732732,,,https://www.instagram.com/marcpointvenezia_official,marcpointvenezia_official,https://www.facebook.com/MarcPointVenezia/,MarcPointVenezia,PADIGLIONE CENTRALE / PIANO ATTICO / E/16,,,https://uomo.pittimmagine.com/en/pittimmagine/fairs/uomo/exhibitors/M/marc-point-venezia,True,True,True,4,
MARCO PESCAROLO NAPOLI,Italy,,Lifestyle; High Performance; Activewear; Sportswear; Luxury; Contemporary,Pitti Uomo 110,http://www.marcopescarolo.it,info@marcopescarolo.it,+39 0236736051,,,https://www.instagram.com/marcopescarolo_official,marcopescarolo_official,https://www.facebook.com/marcopescaroloo,marcopescaroloo,PADIGLIONE CENTRALE / PIANO INFERIORE / P/7-9,,,https://uomo.pittimmagine.com/en/pittimmagine/fairs/uomo/exhibitors/P/marco-pescarolo-napoli,True,True,True,4,
MARIA SANTANGELO,Italy,,,Pitti Uomo 110,,,,,,https://www.instagram.com/mariasantangelo,mariasantangelo,,,PADIGLIONE CENTRALE / PIANO TERRA / C/12,,,https://uomo.pittimmagine.com/en/pittimmagine/fairs/uomo/exhibitors/M/maria-santangelo,False,False,False,1,
MARIO PORTOLANO,Italy,,Lifestyle; Sustainable; Classic; Luxury; Craftsmanship; Collection,Pitti Uomo 110,http://www.marioportolano.it,info@marioportolano.it,+39 081 734 06 28,,,https://www.instagram.com/marioportolano,marioportolano,,,PADIGLIONE CENTRALE / PIANO INFERIORE / S/9,,,https://uomo.pittimmagine.com/en/pittimmagine/fairs/uomo/exhibitors/P/mario-portolano,True,True,True,4,
MARKUP,Italy,,Lifestyle; Sustainable; Denimwear; Activewear; Sportswear; Craftsmanship; Contemporary,Pitti Uomo 110,http://www.markupitalia.com,info@markupitalia.com,,,,https://www.instagram.com/markupitalia,markupitalia,https://www.facebook.com/markupitalia/,markupitalia,PADIGLIONE CENTRALE / PIANO TERRA / K/17-19 L/18-20,,,https://uomo.pittimmagine.com/en/pittimmagine/fairs/uomo/exhibitors/M/markup,True,True,False,3,
MASQ,Italy,,Lifestyle; Urban; Luxury; Craftsmanship; Contemporary,Pitti Uomo 110,,,,,,,,,,PADIGLIONE CENTRALE / PIANO INFERIORE / N/7 O/9,,,,False,False,False,0,
MAUNA-KEA,Italy,,,Pitti Uomo 110,,,,,,,,,,PADIGLIONE CAVANIGLIA / 20,,,,False,False,False,0,
MAURIZIO MASSIMINO,Italy,,Special Co-Lab/Limited Edition; Cutting-Edge; Denimwear; Informal; Luxury; Craftsmanship; Contemporary; Collection,Pitti Uomo 110,http://mauriziomassimino.it,info@mauriziomassimino.it,03210630046,,,https://www.instagram.com/maurizio_massimino,maurizio_massimino,,,PADIGLIONE CENTRALE / PIANO ATTICO / G/16,,,https://uomo.pittimmagine.com/en/pittimmagine/fairs/uomo/exhibitors/M/maurizio-massimino,True,True,True,4,
MAURO BLASI,Italy,,,Pitti Uomo 110,http://www.mauroblasi.it,info@mauroblasi.it,+39 081 976 6441,,,https://www.instagram.com/mauroblasinapoli,mauroblasinapoli,,,,,,https://uomo.pittimmagine.com/en/pittimmagine/fairs/uomo/exhibitors/M/mauro-blasi,True,True,True,4,
MAX ROHR,Italy,,,Pitti Uomo 110,,,,,,,,,,PADIGLIONE CENTRALE / PIANO ATTICO / I/11,,,https://uomo.pittimmagine.com/en/pittimmagine/fairs/uomo/exhibitors/M/max-rohr,False,False,False,0,
MAX'N CHESTER,U.S.A.,,,Pitti Uomo 110,http://www.maxnchester.com,info@maxnchester.com,,,,https://www.instagram.com/maxnchesterknits,maxnchesterknits,,,PADIGLIONE CENTRALE / PIANO ATTICO / F/8,,,https://uomo.pittimmagine.com/en/pittimmagine/fairs/uomo/exhibitors/M/max-n-chester,True,True,False,3,
MAYSER,Germany,,,Pitti Uomo 110,https://mayserhats.com,mayser-support@anthec.de,+49 251 93216949,,,https://www.instagram.com/mayserhats,mayserhats,,,PADIGLIONE CENTRALE / PIANO ATTICO / J/12,,,https://uomo.pittimmagine.com/en/pittimmagine/fairs/uomo/exhibitors/M/mayser,True,True,True,4,
MAZZARELLI,Italy,,,Pitti Uomo 110,http://www.camiceriamazzarelli.com,info@camiceriamazzarelli.it,+39 080 4968 624,https://www.linkedin.com/company/camiceria-mazzarelli,camiceria-mazzarelli,https://www.instagram.com/camiceriamazzarelli,camiceriamazzarelli,https://www.facebook.com/camiceriamazzarelli,camiceriamazzarelli,PADIGLIONE CENTRALE / PIANO INFERIORE / S/13,,,https://uomo.pittimmagine.com/en/pittimmagine/fairs/uomo/exhibitors/M/mazzarelli,True,True,True,5,
MAZZOLENI GLOVES,Italy,,,Pitti Uomo 110,http://www.mazzolenigloves.com,info@mazzolenigloves.com,,,,https://www.instagram.com/mazzolenigloves,mazzolenigloves,,,PADIGLIONE CENTRALE / SALONE M P.INFERIORE / 48,,,https://uomo.pittimmagine.com/en/pittimmagine/fairs/uomo/exhibitors/M/mazzoleni-gloves,True,True,False,3,
MC2 SAINT BARTH,Italy,,Lifestyle; Special Co-Lab/Limited Edition; Essentials; Outdoor; Activewear; Sportswear; Urban; Luxury; Contemporary; Collection,Pitti Uomo 110,http://www.mc2saintbarth.com,info@mc2saintbarth.com,03294840164,,,https://www.instagram.com/mc2saintbarth,mc2saintbarth,,,PIAZZALE GHIAIA / 1,,,https://uomo.pittimmagine.com/en/pittimmagine/fairs/uomo/exhibitors/M/mc2-saint-barth,True,True,True,4,
MCALSON,Belgium,,Lifestyle; Essentials; British Style; Classic; Sportswear; Urban; Youth Culture; Luxury; Contemporary,Pitti Uomo 110,http://www.mcalson.com,info@mcalson.com,42-44 52-54 104-108,,,https://www.instagram.com/mcalson,mcalson,,,PADIGLIONE CENTRALE / S. ALFA P.INFERIORE / 10,,,https://uomo.pittimmagine.com/en/pittimmagine/fairs/uomo/exhibitors/M/mcalson,True,True,True,4,
MCGREGOR NEW YORK 1921,Netherlands,,Essentials; Classic; Activewear; Sportswear; Informal; Craftsmanship,Pitti Uomo 110,http://mcgregornewyork.com,support@mcgregornewyork.com,073-7200190,,,,,,,PADIGLIONE CENTRALE / S. ALFA P.INFERIORE / 16-17,,,https://uomo.pittimmagine.com/en/pittimmagine/fairs/uomo/exhibitors/M/mcgregor-new-york-1921,True,True,True,3,
MEPHISTO,France,,Lifestyle; Globetrotter; Premium Streetwear; Urban; Craftsmanship; Contemporary,Pitti Uomo 110,https://www.mephisto.com,service.fr@mephisto.com,57 59 33 29,,,https://www.instagram.com/mephisto_1965,mephisto_1965,,,PADIGLIONE CENTRALE / PIANO TERRA / I/9,,,https://uomo.pittimmagine.com/en/pittimmagine/fairs/uomo/exhibitors/M/mephisto,True,True,True,4,
MEXICANA,France,,,Pitti Uomo 110,,,,,,,,,,SALA DELLE NAZIONI / A/4,,,,False,False,False,0,
MEYER,Germany,,Sustainable; Essentials; Classic; New Formal; Denimwear; Outdoor; High Performance; Activewear; Informal; Contemporary,Pitti Uomo 110,http://www.meyer-hosen.com,service@meyer-hosen.com,+4922969812390,https://www.linkedin.com/company/meyer-hosen-ag/,meyer-hosen-ag,https://www.instagram.com/meyerhosen,meyerhosen,,,PADIGLIONE CENTRALE / S. ALFA P.INFERIORE / 12-15,,,https://uomo.pittimmagine.com/en/pittimmagine/fairs/uomo/exhibitors/M/meyer,True,True,True,5,
MICHAEL COAL,Italy,,,Pitti Uomo 110,http://www.michaelcoal.com,shopmichaelcoal@germin.it,+39 081 824.22.94,,,https://www.instagram.com/michaelcoal,michaelcoal,https://www.facebook.com/michaelcoalbrand,michaelcoalbrand,PADIGLIONE CENTRALE / PIANO INFERIORE / S/14,,,https://uomo.pittimmagine.com/en/pittimmagine/fairs/uomo/exhibitors/M/michael-coal,True,True,True,4,
MICHELE MARIN ESSENZA,Italy,,,Pitti Uomo 110,http://www.michelemarinessenza.it,info@michelemarinessenza.it,06226760483,,,https://www.instagram.com/michelemarinessenza,michelemarinessenza,https://www.facebook.com/profile.php,profile.php,PADIGLIONE CENTRALE / PIANO ATTICO / G/4,,,https://uomo.pittimmagine.com/en/pittimmagine/fairs/uomo/exhibitors/M/michele-marin-essenza,True,True,True,4,
MIEZ,Italy,,Special Co-Lab/Limited Edition; Classic; Luxury; Craftsmanship; Contemporary,Pitti Uomo 110,http://www.miez.it,info@miez.it,03114100302,,,https://www.instagram.com/miez_lefriulane,miez_lefriulane,,,PADIGLIONE CENTRALE / PIANO ATTICO / C/3,,,https://uomo.pittimmagine.com/en/pittimmagine/fairs/uomo/exhibitors/M/miez,True,True,True,4,
MILESTONE,Germany,,Lifestyle; Outdoor; Activewear; Sportswear; Urban; Contemporary,Pitti Uomo 110,http://www.milestone.style,info@milestone-jackets.com,,,,https://www.instagram.com/milestone.jackets,milestone.jackets,https://www.facebook.com/jacketlovers/,jacketlovers,PADIGLIONE CENTRALE / PIANO TERRA / H/24,,,https://uomo.pittimmagine.com/en/pittimmagine/fairs/uomo/exhibitors/M/milestone,True,True,False,3,
MIMIR,Italy,,,Pitti Uomo 110,,,,,,,,,,ARSENALE / PIANO TERRA / 8-10,,,,False,False,False,0,
MINORONZONI 1953,Italy,,,Pitti Uomo 110,http://www.minoronzoni1953.it,1953@minoronzoni.it,+39 035467111,,,https://www.instagram.com/p/DS2SvzYjHkK/,p,,,PADIGLIONE CENTRALE / PIANO TERRA / K/5 L/6,,,https://uomo.pittimmagine.com/en/pittimmagine/fairs/uomo/exhibitors/M/minoronzoni-1953,True,True,True,4,
MIRKO BUFFINI FIRENZE,Italy,,Luxury; Craftsmanship; Collection,Pitti Uomo 110,http://www.mirkobuffinifirenze.com,info@mirkobuffinifirenze.com,,,,https://www.instagram.com/mirkobuffinifirenze,mirkobuffinifirenze,,,PADIGLIONE CENTRALE / PIANO ATTICO / G/1,,,https://uomo.pittimmagine.com/en/pittimmagine/fairs/uomo/exhibitors/M/mirko-buffini-firenze,True,True,False,3,
MISMO,Denmark,,Lifestyle; Essentials; Nordic Style; Classic; New Formal; Globetrotter; Informal; Urban; Craftsmanship; Contemporary,Pitti Uomo 110,http://www.mismo.dk,sales@mismo.dk,+45 38343039,,,https://www.instagram.com/official_mismo,official_mismo,,,PADIGLIONE CENTRALE / PIANO ATTICO / F/12,,,https://uomo.pittimmagine.com/en/pittimmagine/fairs/uomo/exhibitors/M/mismo,True,True,True,4,
MMX GERMANY 2010,Germany,,Lifestyle; Sustainable; Essentials; Classic; New Formal; Denimwear; High Performance; Informal; Luxury; Contemporary,Pitti Uomo 110,http://www.mmxgermany.com,info@stagheaddesigns.com,+4922969812390,,,https://www.instagram.com/mmxgermany,mmxgermany,,,PADIGLIONE CENTRALE / S. ALFA P.INFERIORE / 12-15,,,https://uomo.pittimmagine.com/en/pittimmagine/fairs/uomo/exhibitors/M/mmx-germany-2010,True,True,True,4,
MON ART FIRENZE,Italy,,Classic; Luxury; Contemporary,Pitti Uomo 110,http://www.monartfirenze.com,info@monartfirenze.com,+39 055 831 4424,,,https://www.instagram.com/monart_firenze,monart_firenze,https://www.facebook.com/monart.italy/,monart.italy,PADIGLIONE CENTRALE / PIANO TERRA / D/11,,,https://uomo.pittimmagine.com/en/pittimmagine/fairs/uomo/exhibitors/M/mon-art-firenze,True,True,True,4,
MONOFOO,Norway,,Outdoor; Urban; Craftsmanship,Pitti Uomo 110,http://www.monofoo.com,hello@monofoo.com,,,,https://www.instagram.com/monofoo,monofoo,,,SALA DELLA RONDA / 13-14,,,https://uomo.pittimmagine.com/en/pittimmagine/fairs/uomo/exhibitors/M/monofoo,True,True,False,3,
MONTECHIARO,Italy,,Lifestyle; Classic; Craftsmanship; Contemporary,Pitti Uomo 110,http://www.montechiaro.cloud,info@montechiaro.cloud,+39) 030 9961668,,,,,https://www.facebook.com/MAGLIFICIOLILIANA,MAGLIFICIOLILIANA,PADIGLIONE CENTRALE / PIANO TERRA / A/20 B/19,,,https://uomo.pittimmagine.com/en/pittimmagine/fairs/uomo/exhibitors/M/montechiaro,True,True,True,3,
MORE,Italy,,Essentials; Outdoor; High Performance; Activewear; Sportswear; Contemporary; Collection,Pitti Uomo 110,https://www.italianmore.com,info@italianmore.com,+39 06 6922 1765,,,https://www.instagram.com/italianmoreofficial,italianmoreofficial,https://www.facebook.com/italianmoreofficial,italianmoreofficial,ARMERIA / 9,,,https://uomo.pittimmagine.com/en/pittimmagine/fairs/uomo/exhibitors/M/more,True,True,True,4,
MORGANO,Italy,,Lifestyle; Sustainable; Classic,Pitti Uomo 110,http://www.morgano.com,info@morgano.com,,,,https://www.instagram.com/morgano_official,morgano_official,,,PADIGLIONE CENTRALE / PIANO INFERIORE / V/8,,,https://uomo.pittimmagine.com/en/pittimmagine/fairs/uomo/exhibitors/M/morgano,True,True,False,3,
MORREZ,Turkey,,Lifestyle; Essentials; Japan Style; Premium Streetwear; Urban; Youth Culture; Luxury; Craftsmanship; Contemporary; Collection,Pitti Uomo 110,https://morrez.com,info@morrez.com,+90 ( 533) 095 65 59,,,https://www.instagram.com/morrez1959,morrez1959,,,ARMERIA / 15-17,,,https://uomo.pittimmagine.com/en/pittimmagine/fairs/uomo/exhibitors/M/morrez,True,True,True,4,
MOS MOSH GALLERY,Denmark,,,Pitti Uomo 110,,,,,,https://www.instagram.com/mosmosh_gallery,mosmosh_gallery,,,ARSENALE / PIANO TERRA / 12-14,,,https://uomo.pittimmagine.com/en/pittimmagine/fairs/uomo/exhibitors/M/mos-mosh-gallery,False,False,False,1,
MOSSO SUNWEAR,Italy,,Lifestyle; Sustainable; High Performance; Luxury,Pitti Uomo 110,http://www.mossosunwear.com,info@mossosunwear.com,,,,https://www.instagram.com/mosso.sunwear,mosso.sunwear,,,PADIGLIONE CENTRALE / PIANO ATTICO / C/7,,,https://uomo.pittimmagine.com/en/pittimmagine/fairs/uomo/exhibitors/M/mosso-sunwear,True,True,False,3,
MOTH AND RABBIT,Germany,,Lifestyle; Informal; Urban; Youth Culture; Contemporary; Collection,Pitti Uomo 110,https://www.moth-rabbit.com,service@moth-rabbit.com,+49 30 611 07 194,,,https://www.instagram.com/mothandrabbit_official,mothandrabbit_official,,,PADIGLIONE CENTRALE / PIANO ATTICO / G/4,,,https://uomo.pittimmagine.com/en/pittimmagine/fairs/uomo/exhibitors/M/moth-and-rabbit,True,True,True,4,
MOU,United Kingdom,,,Pitti Uomo 110,http://www.mou-online.com,info@mou-online.com,+39 0422 1440013,,,https://www.instagram.com/moufootwear,moufootwear,https://www.facebook.com/moufootwear,moufootwear,PADIGLIONE CAVANIGLIA / 49,,,https://uomo.pittimmagine.com/en/pittimmagine/fairs/uomo/exhibitors/M/mou,True,True,True,4,
MRMOOD,Portugal,,,Pitti Uomo 110,https://mrmood.pt,customerservice@mrmood.pt,+351 937 535 099,,,https://www.instagram.com/mrmood_official,mrmood_official,,,PADIGLIONE CENTRALE / S. ALFA P.INFERIORE / 6,,,https://uomo.pittimmagine.com/en/pittimmagine/fairs/uomo/exhibitors/M/mrmood-,True,True,True,4,
MULISH,Italy,,,Pitti Uomo 110,http://www.mulish.it,info@mulish.it,,,,https://www.instagram.com/mulish_italia/,mulish_italia,https://www.facebook.com/mulishitalia,mulishitalia,RONDINO / 7,,,https://uomo.pittimmagine.com/en/pittimmagine/fairs/uomo/exhibitors/M/mulish,True,True,False,3,
MUNGAI - FATTO A MANO,Italy,,Special Co-Lab/Limited Edition; Nordic Style; Japan Style; British Style; Classic; New Formal; Luxury; Craftsmanship,Pitti Uomo 110,https://www.mungai.it,info@mungai.it,+39 339 3137284,,,https://www.instagram.com/mungaifattoamano,mungaifattoamano,https://www.facebook.com/pages/WebWeavers/1572465226376233,pages,PADIGLIONE CENTRALE / PIANO INFERIORE / O/21,,,https://uomo.pittimmagine.com/en/pittimmagine/fairs/uomo/exhibitors/M/mungai---fatto-a-mano,True,True,True,4,
MUNICH X,Spain,,Lifestyle; New Formal; Sportswear; Premium Streetwear; Urban; Youth Culture; Craftsmanship,Pitti Uomo 110,http://www.munichsports.com,info@munichsports.com,+34 938 010 454 100,,,https://www.instagram.com/munichsports,munichsports,https://www.facebook.com/MUNICHSports,MUNICHSports,PADIGLIONE CAVANIGLIA / 3,,,https://uomo.pittimmagine.com/en/pittimmagine/fairs/uomo/exhibitors/M/munich-x,True,True,True,4,
MUNRO TAILORING,Netherlands,,Sustainable; Essentials; Classic; New Formal; Informal; Luxury; Craftsmanship; Contemporary,Pitti Uomo 110,http://www.munro-tailoring.com,info@munro-tailoring.com,+31 (0)20 4 085 008,,,https://www.instagram.com/ateliermunro,ateliermunro,,,PADIGLIONE CENTRALE / SALONE M P.INFERIORE / 19,,,https://uomo.pittimmagine.com/en/pittimmagine/fairs/uomo/exhibitors/M/munro-tailoring,True,True,True,4,
MURPHY&NYE,Italy,,,Pitti Uomo 110,http://murphynye.com,ecommerce@murphynye.com,+39 0871 010049,,,https://www.instagram.com/murphynye1933,murphynye1933,,,AREA MONUMENTALE / GROTTE / 1,,,https://uomo.pittimmagine.com/en/pittimmagine/fairs/uomo/exhibitors/M/murphy-nye,True,True,True,4,
MUSEUM GARMENTS,France,,Sustainable; Essentials; Classic; New Formal; Workwear; Urban; Craftsmanship; Contemporary,Pitti Uomo 110,http://www.museumgarments.com,contact@museumgarments.com,,,,https://www.instagram.com/museumgarments,museumgarments,,,PADIGLIONE CENTRALE / PIANO ATTICO / E/18,,,https://uomo.pittimmagine.com/en/pittimmagine/fairs/uomo/exhibitors/M/museum-garments,True,True,False,3,
MUSTANG,Germany,,,Pitti Uomo 110,https://company.mustang-jeans.com/en/company,people.culture@mustang.de,+49 (0) 791 93740-0,,,https://www.instagram.com/mustangjeans_official,mustangjeans_official,,,ARMERIA / 1,,,https://uomo.pittimmagine.com/en/pittimmagine/fairs/uomo/exhibitors/M/mustang,True,True,True,4,
MUTIS NUEVA GRANADA,Colombia,,,Pitti Uomo 110,,,,,,,,,,PADIGLIONE CENTRALE / PIANO ATTICO / G/4,,,,False,False,False,0,
MWM MOD WAVE MOVEMENT,Spain,,,Pitti Uomo 110,http://www.modwavemovement.com,contact@modwavemovement.com,+34) 665 29 08 00,,,https://www.instagram.com/mwm.brand/,mwm.brand,https://www.facebook.com/modwavemovement/,modwavemovement,PADIGLIONE CAVANIGLIA / 58,,,https://uomo.pittimmagine.com/en/pittimmagine/fairs/uomo/exhibitors/M/mwm-mod-wave-movement,True,True,True,4,
MYSTIKUM,Germany,,,Pitti Uomo 110,https://mystikumfragrances.com,info@mystikumfragrances.com,,,,https://www.instagram.com/mystikum_fragrances,mystikum_fragrances,,,PADIGLIONE CENTRALE / PIANO ATTICO / G/4,,,https://uomo.pittimmagine.com/en/pittimmagine/fairs/uomo/exhibitors/M/mystikum,True,True,False,3,
NAKED WOLFE,Hong Kong,,,Pitti Uomo 110,http://nakedwolfe.com,info@nakedwolfe.support,,,,https://www.instagram.com/nakedwolfe,nakedwolfe,,,PADIGLIONE CAVANIGLIA / 8,,,https://uomo.pittimmagine.com/en/pittimmagine/fairs/uomo/exhibitors/N/naked-wolfe,True,True,False,3,
NANAMICA,Japan,,Lifestyle; Japan Style; Denimwear; Outdoor; High Performance; Activewear; Sportswear; Urban; Contemporary,Pitti Uomo 110,http://www.nanamica.com,info@nanamica.com,03-5728-8717,,,https://www.instagram.com/nanamica,nanamica,https://www.facebook.com/nanamica,nanamica,SALA DELLE NAZIONI / B/6-8,,,https://uomo.pittimmagine.com/en/pittimmagine/fairs/uomo/exhibitors/N/nanamica,True,True,True,4,
NASO DI RAZA PARFUM,Italy,,,Pitti Uomo 110,http://www.nasodiraza.com,info@nasodiraza.com,,,,https://www.instagram.com/nasodiraza_parfum,nasodiraza_parfum,http://www.facebook.com/sharer.php,sharer.php,PADIGLIONE CENTRALE / PIANO INFERIORE / S/19,,,https://uomo.pittimmagine.com/en/pittimmagine/fairs/uomo/exhibitors/N/naso-di-raza-parfum,True,True,False,3,
NAT'S,China,,Lifestyle; Agender; Outdoor; Globetrotter; High Performance; Sportswear; Urban; Craftsmanship; Contemporary; Collection,Pitti Uomo 110,http://www.natsfootwear.com,info@natsfootwear.com,41 42 43 44 45 46 41,,,https://www.instagram.com/natsfootwear,natsfootwear,,,SALA DELLA RONDA / 17,,,https://uomo.pittimmagine.com/en/pittimmagine/fairs/uomo/exhibitors/N/nat-s,True,True,True,4,
NATAL DESIGN - OUTOPIA BY VANISH,Japan,,,Pitti Uomo 110,,,,,,,,,,SALA DELLA RONDA / 24-25,,,,False,False,False,0,
NATURAL WORLD,Spain,,Sustainable,Pitti Uomo 110,http://www.naturalworldeco.com,info@naturalworldeco-shop.com,+34) 941 380 537,,,https://www.instagram.com/naturalworldeco,naturalworldeco,,,PADIGLIONE CAVANIGLIA / 116,,,https://uomo.pittimmagine.com/en/pittimmagine/fairs/uomo/exhibitors/N/natural-world,True,True,True,4,
NAVIGARE,Italy,,Lifestyle; Classic; Outdoor; Activewear; Informal; Urban; Contemporary,Pitti Uomo 110,http://www.navigare.com,info@navigare.com,05689650488,,,https://www.instagram.com/navigare_official,navigare_official,,,PADIGLIONE CENTRALE / PIANO TERRA / H/16,,,https://uomo.pittimmagine.com/en/pittimmagine/fairs/uomo/exhibitors/N/navigare,True,True,True,4,
NEANDERTAL,United Kingdom,,,Pitti Uomo 110,,,,,,,,,,PADIGLIONE CENTRALE / PIANO ATTICO / G/4,,,,False,False,False,0,
NEUDE,U.S.A.,,Lifestyle; Essentials; High Performance; Luxury; Craftsmanship; Contemporary,Pitti Uomo 110,http://www.neude.com,support@neude.com,,,,,,,,ARSENALE / PIANO TERRA / 37,,,https://uomo.pittimmagine.com/en/pittimmagine/fairs/uomo/exhibitors/N/neude,True,True,False,2,
NEVER ENOUGH,Italy,,Lifestyle; Sustainable; Luxury; Craftsmanship; Contemporary,Pitti Uomo 110,,,,,,,,,,,,,,False,False,False,0,
NICK BRONSON,Italy,,Lifestyle; Classic; Informal; Craftsmanship,Pitti Uomo 110,http://www.nickbronson.com,info@nickbronson.com,+39) 02 2894827,,,https://www.instagram.com/nickbronson.italia,nickbronson.italia,,,PADIGLIONE CENTRALE / PIANO TERRA / D/7,,,https://uomo.pittimmagine.com/en/pittimmagine/fairs/uomo/exhibitors/N/nick-bronson,True,True,True,4,
NNT LAB,Colombia,,Lifestyle; Craftsmanship,Pitti Uomo 110,http://www.nntlab.fr,contact@nntlab.fr,+33 6 23 89 44 17,,,https://www.instagram.com/nntlab,nntlab,,,PADIGLIONE CENTRALE / PIANO ATTICO / E/1,,,https://uomo.pittimmagine.com/en/pittimmagine/fairs/uomo/exhibitors/N/nnt-lab,True,True,True,4,
NO MAP SOCIETY,Italy,,Lifestyle; Sustainable; Agender; Craftsmanship; Contemporary,Pitti Uomo 110,http://www.nomapsociety.com,info@nomapsociety.com,04914370756,,,https://www.instagram.com/nomapsociety_official,nomapsociety_official,,,PADIGLIONE CENTRALE / PIANO ATTICO / G/9,,,https://uomo.pittimmagine.com/en/pittimmagine/fairs/uomo/exhibitors/N/no-map-society,True,True,True,4,
NO NAME,France,,Lifestyle; Classic; Outdoor; Sportswear; Urban; Contemporary; Collection; Upcycling,Pitti Uomo 110,http://www.no-name.fr,nom_utilisateur@exemple.com,+33 (0)251663641,,,https://www.instagram.com/nonameshoes,nonameshoes,,,FURERIA / 6,,,https://uomo.pittimmagine.com/en/pittimmagine/fairs/uomo/exhibitors/N/no-name,True,True,True,4,
NOIR 'N' BLEU,Italy,,Lifestyle; Nordic Style; Denimwear; Workwear; Outdoor; Urban; Contemporary; Collection,Pitti Uomo 110,https://www.noirandbleu.com,info@noirandbleu.com,02994481212,,,https://www.instagram.com/noirandbleu_official,noirandbleu_official,https://www.facebook.com/Noir-n-Bleu-2084419601788562/,Noir-n-Bleu-2084419601788562,ARSENALE / PIANO TERRA / 21,,,https://uomo.pittimmagine.com/en/pittimmagine/fairs/uomo/exhibitors/N/noir--n--bleu,True,True,True,4,
NOKWOL,Hong Kong,,,Pitti Uomo 110,,,,,,,,,,PADIGLIONE CAVANIGLIA / 8,,,,False,False,False,0,
NOM,Italy,,Lifestyle; Special Co-Lab/Limited Edition; Essentials; Globetrotter; Luxury; Craftsmanship; Contemporary; Collection,Pitti Uomo 110,,,,,,,,,,PADIGLIONE CENTRALE / PIANO ATTICO / C/1,,,,False,False,False,0,
NORDA,Canada,,,Pitti Uomo 110,https://nordarun.com,info@nordarun.com,,,,https://www.instagram.com/nordarun,nordarun,,,SALA DELLA RONDA / 3,,,https://uomo.pittimmagine.com/en/pittimmagine/fairs/uomo/exhibitors/N/norda,True,True,False,3,
OBAYATY,Sweden,,,Pitti Uomo 110,,,,,,,,,,,,,,False,False,False,0,
OFF GRID - EVERYTHING IS CONNECTED,Italy,,,Pitti Uomo 110,https://offgrid.bio,info@offgrid.bio,,,,https://www.instagram.com/__offgrid,__offgrid,,,SALA DELLE NAZIONI / A/43,,,https://uomo.pittimmagine.com/en/pittimmagine/fairs/uomo/exhibitors/O/off-grid---everything-is-connected,True,True,False,3,
OFFICINA36,Italy,,Lifestyle; Essentials; Cutting-Edge; Nordic Style; Denimwear; Workwear; Outdoor; Informal; Contemporary; Collection,Pitti Uomo 110,https://officina36.com,info@officina36.com,+39 0721 930 273,,,https://www.instagram.com/officina36,officina36,https://facebook.com/officina36,officina36,ARSENALE / PIANO TERRA / 9,,,https://uomo.pittimmagine.com/en/pittimmagine/fairs/uomo/exhibitors/O/officina36,True,True,True,4,
OLYMP,Germany,,,Pitti Uomo 110,http://www.olymp.com,,,,,https://www.instagram.com/olympmen,olympmen,,,PADIGLIONE CENTRALE / PIANO TERRA / A/6-8 B/5-7,,,https://uomo.pittimmagine.com/en/pittimmagine/fairs/uomo/exhibitors/O/olymp,False,True,False,2,
OLYMP SIGNATURE,Germany,,Classic; New Formal,Pitti Uomo 110,http://www.olymp.com,,,,,https://www.instagram.com/olympmen,olympmen,,,PADIGLIONE CENTRALE / PIANO TERRA / A/6-8 B/5-7,,,https://uomo.pittimmagine.com/en/pittimmagine/fairs/uomo/exhibitors/O/olymp-signature,False,True,False,2,
ONE NODE,Norway,,Nordic Style; Outdoor; Contemporary,Pitti Uomo 110,https://onenode.no/en,info@onenode.no,,https://www.linkedin.com/company/one-node/,one-node,https://www.instagram.com/onenode_no,onenode_no,,,SALA DELLA RONDA / 16,,,https://uomo.pittimmagine.com/en/pittimmagine/fairs/uomo/exhibitors/O/one-node,True,True,False,4,
ONTHEBUND,Italy,,Sustainable; Nordic Style; New Formal; Sportswear; Urban; Luxury,Pitti Uomo 110,https://www.onthebundbrand.com,info@onthebundbrand.com,202022000003663,,,https://www.instagram.com/onthebundbrand,onthebundbrand,,,SALA DELLE NAZIONI / B/20,,,https://uomo.pittimmagine.com/en/pittimmagine/fairs/uomo/exhibitors/O/onthebund,True,True,True,4,
ORIGINAL PENGUIN,United Kingdom,,,Pitti Uomo 110,https://www.originalpenguin.co.uk,allpeiecomsalesenquiry@pery.com,00441854331011,,,https://www.instagram.com/originalpenguineu,originalpenguineu,,,PADIGLIONE DELLE GHIAIA / 7,,,https://uomo.pittimmagine.com/en/pittimmagine/fairs/uomo/exhibitors/O/original-penguin,True,True,True,4,
ORIGINAL VINTAGE STYLE,Italy,,,Pitti Uomo 110,,,,,,,,,,PADIGLIONE CENTRALE / PIANO ATTICO / D/9,,,,False,False,False,0,
ORLEBAR BROWN,United Kingdom,,,Pitti Uomo 110,http://www.orlebarbrown.com,info@orlebarbrown.com,+44(0)2038563210,https://uk.linkedin.com/company/orlebar-brown/,orlebar-brown,,,,,PADIGLIONE CENTRALE / PIANO INFERIORE / Q/4 R/3,,,https://uomo.pittimmagine.com/en/pittimmagine/fairs/uomo/exhibitors/O/orlebar-brown,True,True,True,4,
ORTIGNI 1930,Italy,,,Pitti Uomo 110,http://www.ortigni.it,info@sutoris.it,+39 0573 803088,,,https://www.instagram.com/ortignishoes,ortignishoes,https://www.facebook.com/ortigni1930/,ortigni1930,PADIGLIONE CENTRALE / SALONE M P.INFERIORE / 1,,,https://uomo.pittimmagine.com/en/pittimmagine/fairs/uomo/exhibitors/O/ortigni-1930,True,True,True,4,
OSCAR DEEN,United Kingdom,,,Pitti Uomo 110,https://www.oscardeen.com,info@oscardeen.com,,,,https://www.instagram.com/oscardeeneyewear,oscardeeneyewear,,,SALA DELLE NAZIONI / B/10,,,https://uomo.pittimmagine.com/en/pittimmagine/fairs/uomo/exhibitors/O/oscar-deen,True,True,False,3,
OUDER,Italy,,,Pitti Uomo 110,https://www.ouder.it,info@ouder.it,,,,https://www.instagram.com/ouder_parfums,ouder_parfums,,,,,,https://uomo.pittimmagine.com/en/pittimmagine/fairs/uomo/exhibitors/O/ouder,True,True,False,3,
OUTFIT ITALY,Italy,,Lifestyle; Nordic Style; Japan Style; Denimwear; Workwear; Outdoor; Premium Streetwear; Urban; Youth Culture; Contemporary,Pitti Uomo 110,http://www.outfititaly.com,customerservice@outfititalia.it,+39 081 8210134,,,https://www.instagram.com/outfititaly1978,outfititaly1978,,,PADIGLIONE CENTRALE / PIANO TERRA / I/12,,,https://uomo.pittimmagine.com/en/pittimmagine/fairs/uomo/exhibitors/O/outfit-italy,True,True,True,4,
OUTHERE,Italy,,,Pitti Uomo 110,http://outhereofficial.com,info@outhereofficial.com,,,,https://www.instagram.com/outhere_official,outhere_official,,,PADIGLIONE CENTRALE / PIANO TERRA / H/15,,,https://uomo.pittimmagine.com/en/pittimmagine/fairs/uomo/exhibitors/O/outhere,True,True,False,3,
OUTRAILS,Italy,,Lifestyle; Sustainable; Outdoor; Activewear; Sportswear; Urban,Pitti Uomo 110,https://outrails.life,info@outrails.life,,,,https://www.instagram.com/outrails_,outrails_,,,SALA DELLA RONDA / 15,,,https://uomo.pittimmagine.com/en/pittimmagine/fairs/uomo/exhibitors/O/outrails,True,True,False,3,
OVER/D,Italy,,,Pitti Uomo 110,https://overd.it,ecommerce@overd.it,,,,,,,,COSTRUZIONI LORENESI / PIANO TERRA / 5,,,https://uomo.pittimmagine.com/en/pittimmagine/fairs/uomo/exhibitors/O/over-d,True,True,False,2,
OWN OFF WITH NATURE,Italy,,,Pitti Uomo 110,http://www.offwithnature.com,sales@offwithnature.com,10.00-18.00,https://www.linkedin.com/company/own-offwithnature/,own-offwithnature,https://www.instagram.com/own_offwithnature,own_offwithnature,,,PADIGLIONE CAVANIGLIA / 107,,,https://uomo.pittimmagine.com/en/pittimmagine/fairs/uomo/exhibitors/O/own-off-with-nature,True,True,True,5,
PAIGE,U.S.A.,,Lifestyle; Essentials; Classic; Denimwear; High Performance; Informal; Contemporary; Collection,Pitti Uomo 110,,,,,,,,,,PADIGLIONE CENTRALE / PIANO ATTICO / I/7,,,,False,False,False,0,
PAJAR,Canada,,,Pitti Uomo 110,http://www.pajar.com,info@pajar.com,,,,https://www.instagram.com/pajarcanada,pajarcanada,,,PADIGLIONE CAVANIGLIA / 26,,,https://uomo.pittimmagine.com/en/pittimmagine/fairs/uomo/exhibitors/P/pajar,True,True,False,3,
PALLADIUM,France,,,Pitti Uomo 110,https://palladiumboots.eu,hello@ksgb.com,530481236,,,https://www.instagram.com/palladium,palladium,,,PADIGLIONE CAVANIGLIA / 34,,,https://uomo.pittimmagine.com/en/pittimmagine/fairs/uomo/exhibitors/P/palladium,True,True,True,4,
PAMPEANO,United Kingdom,,Lifestyle; Classic; Luxury; Craftsmanship,Pitti Uomo 110,https://www.pampeano.com,customer.services@pampeano.com,1865 773709,https://www.linkedin.com/company/pampeano,pampeano,https://www.instagram.com/pampeanolife,pampeanolife,,,PADIGLIONE CENTRALE / SALONE M P.INFERIORE / 29,,,https://uomo.pittimmagine.com/en/pittimmagine/fairs/uomo/exhibitors/P/pampeano,True,True,True,5,
PANCHIC,Italy,,,Pitti Uomo 110,http://www.panchic.com,info@panchic.com,,,,https://www.instagram.com/panchic_official,panchic_official,,,PADIGLIONE CENTRALE / PIANO TERRA / I/5,,,https://uomo.pittimmagine.com/en/pittimmagine/fairs/uomo/exhibitors/P/panchic,True,True,False,3,
PANDAPRANK - OUTOPIA BY VANISH,China,,,Pitti Uomo 110,,,,,,,,,,SALA DELLA RONDA / 24-25,,,,False,False,False,0,
PANTOFOLA D'ORO,Italy,,,Pitti Uomo 110,,,,,,,,,,,,,,False,False,False,0,
PAOLO ALBIZZATI,Italy,,Sustainable; Essentials; Japan Style; British Style; Classic; New Formal; Luxury; Craftsmanship; Contemporary; Collection,Pitti Uomo 110,http://www.paoloalbizzati.com,help@paoloalbizzati.com,+39 0332 427800,,,https://www.instagram.com/paoloalbizzati,paoloalbizzati,,,PADIGLIONE CENTRALE / PIANO INFERIORE / R/7,,,https://uomo.pittimmagine.com/en/pittimmagine/fairs/uomo/exhibitors/P/paolo-albizzati,True,True,True,4,
PAOLO SCAFORA NAPOLI,Italy,,,Pitti Uomo 110,http://www.paoloscaforanapoli.it,customerservice@paoloscaforanapoli.it,05051861218,,,https://www.instagram.com/paoloscafora,paoloscafora,,,PADIGLIONE CENTRALE / PIANO INFERIORE / O/20,,,https://uomo.pittimmagine.com/en/pittimmagine/fairs/uomo/exhibitors/P/paolo-scafora-napoli,True,True,True,4,
PAOLONI,Italy,,Essentials; Classic; Urban; Luxury; Contemporary,Pitti Uomo 110,http://www.paoloni.it,shoponline@paoloni.it,00821720430,,,https://www.instagram.com/paoloniofficial,paoloniofficial,,,PADIGLIONE CENTRALE / PIANO TERRA / A/2-4 B/1-3,,,https://uomo.pittimmagine.com/en/pittimmagine/fairs/uomo/exhibitors/P/paoloni,True,True,True,4,
PARABOOT,France,,Lifestyle; Sustainable; Outdoor; Sportswear; Informal; Urban,Pitti Uomo 110,http://www.paraboot.com,service@paraboot.com,,,,https://www.instagram.com/paraboot_official,paraboot_official,https://www.facebook.com/Paraboot/,Paraboot,PADIGLIONE CENTRALE / PIANO ATTICO / F/7,,,https://uomo.pittimmagine.com/en/pittimmagine/fairs/uomo/exhibitors/P/paraboot,True,True,False,3,
PASHMERE,Italy,,Lifestyle; Classic; Sportswear; Informal; Luxury; Craftsmanship,Pitti Uomo 110,http://www.pashmere.it,galassia@pashmere.it,+39 075 5996932,,,https://www.instagram.com/pashmere_it,pashmere_it,https://www.facebook.com/Pashmere-244009765650816,Pashmere-244009765650816,PADIGLIONE CENTRALE / PIANO TERRA / C/2-4,,,https://uomo.pittimmagine.com/en/pittimmagine/fairs/uomo/exhibitors/P/pashmere,True,True,True,4,
PASOTTI,Italy,,,Pitti Uomo 110,http://www.pasottiombrelli.com,info@pasottiombrelli.com,+39 0376 438791,,,https://www.instagram.com/pasottisince1956,pasottisince1956,https://www.facebook.com/PasottiSince1956,PasottiSince1956,PADIGLIONE CENTRALE / PIANO INFERIORE / S/18,,,https://uomo.pittimmagine.com/en/pittimmagine/fairs/uomo/exhibitors/P/pasotti,True,True,True,4,
PATCHOULI BY CLAUDIO CUTULI,Italy,,,Pitti Uomo 110,,,,,,,,,,,,,,False,False,False,0,
PAUL & SHARK,Italy,,Lifestyle; Sustainable; Outdoor; High Performance; Sportswear; Urban; Contemporary,Pitti Uomo 110,http://www.paulandshark.com,info@paulandshark.com,01910560125,https://www.linkedin.com/company/paulandshark,paulandshark,https://www.instagram.com/paulandshark,paulandshark,https://www.facebook.com/paulandshark,paulandshark,PADIGLIONE CENTRALE / PIANO INFERIORE / O/2-4 P/1-3,,,https://uomo.pittimmagine.com/en/pittimmagine/fairs/uomo/exhibitors/P/paul---shark,True,True,True,5,
PEOPLE OF SHIBUYA,Italy,,Lifestyle; Denimwear; Outdoor; High Performance; Luxury; Contemporary,Pitti Uomo 110,http://www.peopleofshibuya.com,info@peopleofshibuya.com,+39 351 766 7085,,,https://www.instagram.com/peopleofshibuya,peopleofshibuya,https://www.facebook.com/PeopleofShibuya,PeopleofShibuya,PADIGLIONE CENTRALE / PIANO TERRA / H/5-7 I/2-4,,,https://uomo.pittimmagine.com/en/pittimmagine/fairs/uomo/exhibitors/P/people-of-shibuya,True,True,True,4,
PERONI - FIRENZE,Italy,,Lifestyle; Sustainable; Classic; Luxury; Craftsmanship,Pitti Uomo 110,http://www.peronifirenze.com,info@peronifirenze.com,,,,https://www.instagram.com/peronifirenze56,peronifirenze56,,,PADIGLIONE CENTRALE / PIANO TERRA / G/3,,,https://uomo.pittimmagine.com/en/pittimmagine/fairs/uomo/exhibitors/P/peroni---firenze,True,True,False,3,
PETRONIUS 1926,Italy,,Lifestyle; Sustainable; Special Co-Lab/Limited Edition; British Style; Classic; Workwear; Luxury; Craftsmanship; Collection; Upcycling,Pitti Uomo 110,http://www.petronius1926.com,,,,,https://www.instagram.com/petronius1926,petronius1926,,,PADIGLIONE CENTRALE / SALONE M P.INFERIORE / 52,,,https://uomo.pittimmagine.com/en/pittimmagine/fairs/uomo/exhibitors/P/petronius-1926,False,True,False,2,
PHILEO,France,,Sustainable; Cutting-Edge; New Formal; Craftsmanship; Contemporary; Collection,Pitti Uomo 110,,,,,,,,,,,,,,False,False,False,0,
PHILIPPE MODEL PARIS,Italy,,,Pitti Uomo 110,https://www.philippemodel.com/it-it,info@philippemodel.com,35 36 37 38 39 40 41,https://linkedin.com/company/philippe-model-paris,philippe-model-paris,https://www.instagram.com/philippemodelparis,philippemodelparis,https://www.facebook.com/PhilippeModelParis,PhilippeModelParis,PIAZZALE GHIAIA / 5,,,https://uomo.pittimmagine.com/en/pittimmagine/fairs/uomo/exhibitors/P/philippe-model-paris,True,True,True,5,
PHO FIRENZE,Italy,,,Pitti Uomo 110,,,,,,,,,,ARSENALE / PIANO TERRA / 42,,,,False,False,False,0,
PIER SICILIA,Italy,,Sustainable; Luxury; Craftsmanship,Pitti Uomo 110,http://www.piersicilia.com,info@piersicilia.com,,,,https://www.instagram.com/pier_sicilia,pier_sicilia,,,PADIGLIONE CENTRALE / PIANO ATTICO / E/5,,,https://uomo.pittimmagine.com/en/pittimmagine/fairs/uomo/exhibitors/P/pier-sicilia,True,True,False,3,
PIERO GUIDI,Italy,,Lifestyle; New Formal; High Performance; Sportswear; Premium Streetwear; Urban; Luxury; Craftsmanship; Contemporary; Collection,Pitti Uomo 110,http://www.pieroguidi.com,eshop@pieroguidi.it,+39 0722 59086,,,https://www.instagram.com/pieroguidi/,pieroguidi,https://www.facebook.com/pieroguidi.italy/,pieroguidi.italy,PADIGLIONE CENTRALE / PIANO TERRA / E/11,,,https://uomo.pittimmagine.com/en/pittimmagine/fairs/uomo/exhibitors/P/piero-guidi,True,True,True,4,
PIETRA SALATA NAPOLI,Italy,,Lifestyle; Contemporary,Pitti Uomo 110,http://www.pietrasalatanapoli.com,,,,,https://www.instagram.com/pietrasalatanapoli,pietrasalatanapoli,,,PADIGLIONE CENTRALE / PIANO INFERIORE / V/20,,,https://uomo.pittimmagine.com/en/pittimmagine/fairs/uomo/exhibitors/P/pietra-salata-napoli,False,True,False,2,
PIQUADRO,Italy,,Lifestyle; Sustainable; Cutting-Edge; Globetrotter; High Performance; Activewear; Informal; Urban; Luxury; Contemporary,Pitti Uomo 110,http://www.piquadro.com,customerservice@piquadro.it,02554531208 19,https://www.linkedin.com/company/piquadro-spa,piquadro-spa,https://www.instagram.com/piquadrofficial,piquadrofficial,,,PADIGLIONE CENTRALE / PIANO TERRA / C/1-5,,,https://uomo.pittimmagine.com/en/pittimmagine/fairs/uomo/exhibitors/P/piquadro,True,True,True,5,
PIUMHA STUDIO,Italy,,,Pitti Uomo 110,https://www.piumhastudio.com,info@piumhastudio.it,+39 0883 531030,,,https://www.instagram.com/piumhastudiofficial,piumhastudiofficial,,,SALA DELLE NAZIONI / B/32,,,https://uomo.pittimmagine.com/en/pittimmagine/fairs/uomo/exhibitors/P/piumha-studio,True,True,True,4,
POGGIANTI 1958,Italy,,,Pitti Uomo 110,http://www.poggianti1958.com,poggianti@poggianti.it,+39 0587629277,,,https://www.instagram.com/poggianti_1958,poggianti_1958,https://www.facebook.com/Poggianti-1958-459160190827890/,Poggianti-1958-459160190827890,PADIGLIONE CENTRALE / SALONE M P.INFERIORE / 50,,,https://uomo.pittimmagine.com/en/pittimmagine/fairs/uomo/exhibitors/P/poggianti-1958,True,True,True,4,
POST & CO,Italy,,Lifestyle; Workwear; Craftsmanship; Contemporary,Pitti Uomo 110,http://www.postandcoshop.com,info@artmoda.it,04477740486,,,https://www.instagram.com/postandco.it,postandco.it,,,SALA DELLE NAZIONI / A/31,,,https://uomo.pittimmagine.com/en/pittimmagine/fairs/uomo/exhibitors/P/post---co,True,True,True,4,
PREMIATA,Italy,,,Pitti Uomo 110,http://premiata.com,aa4cacd33be28673d7e69be559ce7ad7@o4506196830715904.ingest.us.sentry.io,01467490445,https://www.linkedin.com/company/premiata-srl/,premiata-srl,https://www.instagram.com/premiataofficial,premiataofficial,,,PADIGLIONE CENTRALE / PIANO ATTICO / D/4-8,,,https://uomo.pittimmagine.com/en/pittimmagine/fairs/uomo/exhibitors/P/premiata,True,True,True,5,
PRIVATE WHITE V.C.,United Kingdom,,Cutting-Edge; British Style; Classic; Denimwear; Outdoor; Craftsmanship,Pitti Uomo 110,http://www.privatewhitevc.com,customercare@privatewhitevc.com,0161 834 3062,,,https://www.instagram.com/privatewhitevc,privatewhitevc,,,PADIGLIONE CENTRALE / PIANO ATTICO / C/16,,,https://uomo.pittimmagine.com/en/pittimmagine/fairs/uomo/exhibitors/P/private-white-v-c-,True,True,True,4,
PRIVATI FIRENZE,Italy,,Lifestyle; Sustainable; Essentials; Nordic Style; Classic; Urban; Youth Culture; Craftsmanship; Contemporary,Pitti Uomo 110,http://www.privatifirenze.it,contact@privatifirenze.com,01719780478,https://www.linkedin.com/company/privati-firenze,privati-firenze,https://www.instagram.com/privatifirenze,privatifirenze,,,PADIGLIONE CENTRALE / PIANO TERRA / I/8,,,https://uomo.pittimmagine.com/en/pittimmagine/fairs/uomo/exhibitors/P/privati-firenze,True,True,True,5,
PRO-KEDS 1949,Italy,,Lifestyle; New Formal; Outdoor; Globetrotter; Sportswear; Premium Streetwear; Informal; Urban; Youth Culture; Contemporary,Pitti Uomo 110,https://www.prokeds1949.com,info@prokeds1949.com,,https://www.linkedin.com/company/pro-keds-1949,pro-keds-1949,https://www.instagram.com/prokeds,prokeds,,,COSTRUZIONI LORENESI / SPRONE / 3,,,https://uomo.pittimmagine.com/en/pittimmagine/fairs/uomo/exhibitors/P/pro-keds-1949,True,True,False,4,
PROHIBITED,Germany,,Lifestyle; Essentials; British Style; Premium Streetwear; Urban; Youth Culture; Contemporary; Collection,Pitti Uomo 110,https://www.prohibited.shop,support@prohibited.shop,,,,https://www.instagram.com/prohibitedclo,prohibitedclo,,,ARMERIA / 2-4,,,https://uomo.pittimmagine.com/en/pittimmagine/fairs/uomo/exhibitors/P/prohibited,True,True,False,3,
PSIDE,Italy,,Sustainable; Japan Style; Denimwear; Urban; Luxury; Contemporary,Pitti Uomo 110,https://www.pside.it,info@pside.it,,,,https://www.instagram.com/pside_official,pside_official,https://www.facebook.com/pside_official/,pside_official,ARSENALE / PIANO TERRA / 34,,,https://uomo.pittimmagine.com/en/pittimmagine/fairs/uomo/exhibitors/P/pside,True,True,False,3,
PSYCHO BUNNY,Canada,,,Pitti Uomo 110,http://www.psychobunny.com,info@psychobunny.com,23041219 10420247,,,https://www.instagram.com/psychobunny,psychobunny,,,PADIGLIONE CAVANIGLIA / 1,,,https://uomo.pittimmagine.com/en/pittimmagine/fairs/uomo/exhibitors/P/psycho-bunny,True,True,True,4,
QOT (QUESTION OF TIME),Sweden,,,Pitti Uomo 110,https://qotofficial.com,info@qotofficial.com,,,,,,,,ARSENALE / PIANO TERRA / 43,,,https://uomo.pittimmagine.com/en/pittimmagine/fairs/uomo/exhibitors/Q/qot--question-of-time-,True,True,False,2,
RAG & BONE,U.S.A.,,British Style; Classic; Denimwear; Workwear; Urban; Luxury; Contemporary,Pitti Uomo 110,http://www.rag-bone.com,info@rag-bone.com,+1-844-RAG-BONE (724-2663),,,https://www.instagram.com/ragandbone,ragandbone,https://www.facebook.com/ragandbonenewyork,ragandbonenewyork,PADIGLIONE DELLE GHIAIA / 5,,,https://uomo.pittimmagine.com/en/pittimmagine/fairs/uomo/exhibitors/R/rag---bone,True,True,True,4,
RAIDY BOER,Italy,,Lifestyle; Classic; Activewear; Contemporary,Pitti Uomo 110,,,,,,,,,,PADIGLIONE CENTRALE / PIANO TERRA / A/12 B/11,,,https://uomo.pittimmagine.com/en/pittimmagine/fairs/uomo/exhibitors/R/raidy-boer,False,False,False,0,
RAJESH PRATAP SINGH,India,,,Pitti Uomo 110,,,,,,,,,,PADIGLIONE CENTRALE / PIANO ATTICO / E/10,,,,False,False,False,0,
RED,Italy,,Lifestyle; Sustainable; Classic; New Formal; Workwear; High Performance; Urban; Luxury; Craftsmanship,Pitti Uomo 110,http://www.red-sox.it,customer@rede.it,13422940968,,,https://www.instagram.com/redsoxappeal,redsoxappeal,,,PADIGLIONE CENTRALE / PIANO TERRA / E/12,,,https://uomo.pittimmagine.com/en/pittimmagine/fairs/uomo/exhibitors/R/red,True,True,True,4,
REFRIGIWEAR,Italy,,,Pitti Uomo 110,,,,,,https://www.instagram.com/refrigiwear1954,refrigiwear1954,,,AREA MONUMENTALE / GROTTE / 1,,,https://uomo.pittimmagine.com/en/pittimmagine/fairs/uomo/exhibitors/R/refrigiwear,False,False,False,1,
REGAL,Japan,,,Pitti Uomo 110,https://www.regal.co.jp,info@e-regal.co.jp,03-0000-0000,,,https://www.instagram.com/regalonlineshop_official,regalonlineshop_official,,,SALA DELLE NAZIONI / B/29,,,https://uomo.pittimmagine.com/en/pittimmagine/fairs/uomo/exhibitors/R/regal,True,True,True,4,
REIGN,Italy,,Lifestyle; Essentials; Cutting-Edge; Denimwear; Workwear; Globetrotter; Sportswear; Urban; Craftsmanship; Contemporary,Pitti Uomo 110,http://www.reign.it,info@reign.it,+39 0736 498001,https://www.linkedin.com/company/reign-madeinitaly/,reign-madeinitaly,https://www.instagram.com/reign_madeinitaly,reign_madeinitaly,https://www.facebook.com/reignitalia,reignitalia,ARMERIA / 8,,,https://uomo.pittimmagine.com/en/pittimmagine/fairs/uomo/exhibitors/R/reign,True,True,True,5,
REMI VAN DÈRE,Italy,,,Pitti Uomo 110,https://remivandere.com,sales@remivandere.com,,,,https://www.instagram.com/remivandere,remivandere,,,PADIGLIONE CENTRALE / PIANO ATTICO / H/2-4,,,https://uomo.pittimmagine.com/en/pittimmagine/fairs/uomo/exhibitors/R/remi-van-d-re,True,True,False,3,
RESOLUTE,Japan,,Lifestyle; Japan Style; Classic; Denimwear; Workwear; Craftsmanship,Pitti Uomo 110,http://www.resolute.jp,info@resolute.jp,2026-01-07 109,,,https://www.instagram.com/resolute_japan,resolute_japan,,,SALA DELLE NAZIONI / A/25,,,https://uomo.pittimmagine.com/en/pittimmagine/fairs/uomo/exhibitors/R/resolute,True,True,True,4,
RESTELLI GUANTI,Italy,,Cutting-Edge; Nordic Style; Classic; High Performance; Sportswear; Urban; Luxury; Craftsmanship; Contemporary; Collection,Pitti Uomo 110,http://www.restelliguanti.it,info@restelliguanti.it,+39 023 427 13,,,https://www.instagram.com/restelliguanti,restelliguanti,https://www.facebook.com/restelliguanti,restelliguanti,PADIGLIONE CENTRALE / PIANO INFERIORE / T/22,,,https://uomo.pittimmagine.com/en/pittimmagine/fairs/uomo/exhibitors/R/restelli-guanti,True,True,True,4,
REVERES 1949,Italy,,,Pitti Uomo 110,http://www.reveres1949.com,info@maestrami.com,+39 051 8654711,,,https://www.instagram.com/reveres_1949,reveres_1949,https://www.facebook.com/reveres1949,reveres1949,PADIGLIONE CENTRALE / PIANO TERRA / E/22,,,https://uomo.pittimmagine.com/en/pittimmagine/fairs/uomo/exhibitors/R/reveres-1949,True,True,True,4,
REVOLUTION,Denmark,,Sustainable; Essentials; Nordic Style; Classic; Premium Streetwear; Urban; Contemporary,Pitti Uomo 110,http://www.revolution.eu,shop@revolution.eu,+45 86 76 38 66,,,https://www.instagram.com/revolutionof1995,revolutionof1995,,,PADIGLIONE CAVANIGLIA / 60-62,,,https://uomo.pittimmagine.com/en/pittimmagine/fairs/uomo/exhibitors/R/revolution,True,True,True,4,
RICHARD J. BROWN ITALIAN LUXURY DENIM,Italy,,New Formal; Denimwear; High Performance; Informal; Luxury; Contemporary,Pitti Uomo 110,http://www.richardjbrown.it,aboutsrl@pec.it,08650260964,https://www.linkedin.com/company/richard-j-brown-milano,richard-j-brown-milano,https://www.instagram.com/richardjbrownmilano,richardjbrownmilano,,,PADIGLIONE CENTRALE / PIANO INFERIORE / P/8 Q/7,,,https://uomo.pittimmagine.com/en/pittimmagine/fairs/uomo/exhibitors/R/richard-j--brown-italian-luxury-denim,True,True,True,5,
RIFUGIO,Italy,,Sustainable; Classic; Luxury; Craftsmanship; Contemporary,Pitti Uomo 110,http://www.alfredorifugio.com,info@alfredorifugio.com,+39 081 850 3548,,,https://www.instagram.com/rifugio_napoli,rifugio_napoli,,,PADIGLIONE CENTRALE / PIANO INFERIORE / O/6 P/5,,,https://uomo.pittimmagine.com/en/pittimmagine/fairs/uomo/exhibitors/R/rifugio,True,True,True,4,
RING JACKET,Japan,,Japan Style; Classic; Luxury; Craftsmanship; Contemporary,Pitti Uomo 110,http://www.ringjacket.com,info@ringjacket.com,,,,https://www.instagram.com/ring_jacket,ring_jacket,,,PADIGLIONE CENTRALE / PIANO ATTICO / H/10,,,https://uomo.pittimmagine.com/en/pittimmagine/fairs/uomo/exhibitors/R/ring-jacket,True,True,False,3,
RIVEA,Switzerland,,,Pitti Uomo 110,,,,,,,,,,PADIGLIONE CENTRALE / PIANO TERRA / G/1,,,,False,False,False,0,
ROBERTA PIERI,Italy,,,Pitti Uomo 110,http://www.robertapieri.com,info@stagheaddesigns.com,,https://www.linkedin.com/company/roberta-pieri/,roberta-pieri,https://www.instagram.com/roberta_pieri,roberta_pieri,,,PADIGLIONE CENTRALE / PIANO INFERIORE / R/26,,,https://uomo.pittimmagine.com/en/pittimmagine/fairs/uomo/exhibitors/R/roberta-pieri,True,True,False,4,
ROBERTO COLLINA,Italy,,Lifestyle; Essentials; Classic; New Formal; Contemporary,Pitti Uomo 110,http://www.robertocollina.com,info@robertocollina.it,+39 051 6804211,,,https://www.instagram.com/robertocollina,robertocollina,,,PADIGLIONE CENTRALE / PIANO ATTICO / H/7-9,,,https://uomo.pittimmagine.com/en/pittimmagine/fairs/uomo/exhibitors/R/roberto-collina,True,True,True,4,
ROGERS PEET COMPANY,U.S.A.,,Sustainable; British Style; New Formal; Globetrotter; Informal; Contemporary,Pitti Uomo 110,http://www.rogerspeetcompany.com,sales@dumasitaly.com,+39 0733 1582757,,,,,,,,,,https://uomo.pittimmagine.com/en/pittimmagine/fairs/uomo/exhibitors/R/rogers-peet-company,True,True,True,3,
ROOP,Japan,,Sustainable; Agender; Japan Style; Denimwear; High Performance; Contemporary,Pitti Uomo 110,,,,,,https://www.instagram.com/eminento1949go,eminento1949go,,,PADIGLIONE CENTRALE / PIANO ATTICO / C/14,,,https://uomo.pittimmagine.com/en/pittimmagine/fairs/uomo/exhibitors/R/roop,False,False,False,1,
ROSI COLLECTION,Italy,,Classic; New Formal; Luxury; Craftsmanship; Contemporary,Pitti Uomo 110,http://www.rosicollection.it,info@rosicollection.it,+39 0575 250962,,,https://www.instagram.com/rosicollectionaccessories,rosicollectionaccessories,https://www.facebook.com/rosicollection,rosicollection,PADIGLIONE CENTRALE / PIANO INFERIORE / P/25,,,https://uomo.pittimmagine.com/en/pittimmagine/fairs/uomo/exhibitors/R/rosi-collection,True,True,True,4,
ROY ROBSON,Germany,,Lifestyle; Essentials; Classic; New Formal; Outdoor; Collection,Pitti Uomo 110,http://www.royrobson.com,info@royrobson.com,,https://www.linkedin.com/company/royyrobson-fashion/,royyrobson-fashion,https://www.instagram.com/royrobsonfashion,royrobsonfashion,,,PADIGLIONE CENTRALE / PIANO TERRA / A/14-16 B/13-15,,,https://uomo.pittimmagine.com/en/pittimmagine/fairs/uomo/exhibitors/R/roy-robson,True,True,False,4,
ROY ROGER'S,Italy,,Lifestyle; Denimwear; Workwear; Outdoor; Premium Streetwear; Urban; Contemporary,Pitti Uomo 110,http://www.royrogers.it,cs.royrogers@the-ffw.com,02196080978,,,https://www.instagram.com/royrogers_official,royrogers_official,https://www.facebook.com/royrogersofficial,royrogersofficial,PADIGLIONE CENTRALE / PIANO TERRA / K/1-3 L/2-4,,,https://uomo.pittimmagine.com/en/pittimmagine/fairs/uomo/exhibitors/R/roy-roger-s,True,True,True,4,
RP,Germany,,Sustainable; Classic; Outdoor; Sportswear; Urban,Pitti Uomo 110,http://www.redpoint-sportswear.com,info@redpoint-sportswear.com,+49 421 84 01 164,,,https://www.instagram.com/redpoint_outerwear/,redpoint_outerwear,,,PADIGLIONE CENTRALE / PIANO TERRA / K/18,,,https://uomo.pittimmagine.com/en/pittimmagine/fairs/uomo/exhibitors/R/rp,True,True,True,4,
RPL,Italy,,Lifestyle; Classic; New Formal; Luxury; Craftsmanship; Contemporary,Pitti Uomo 110,,,,,,https://www.instagram.com/rpl_ufficiale,rpl_ufficiale,,,PADIGLIONE CENTRALE / S. ALFA P.INFERIORE / 22,,,https://uomo.pittimmagine.com/en/pittimmagine/fairs/uomo/exhibitors/R/rpl,False,False,False,1,
RULES OF FAITH,United Kingdom,,Lifestyle; Sustainable; Essentials; British Style; Denimwear; Premium Streetwear; Luxury; Craftsmanship; Contemporary; Collection,Pitti Uomo 110,https://rulesoffaith.com,info@rulesoffaith.com,,,,https://www.instagram.com/rulesoffaith,rulesoffaith,,,SALA DELLE NAZIONI / A/15-17,,,https://uomo.pittimmagine.com/en/pittimmagine/fairs/uomo/exhibitors/R/rules-of-faith,True,True,False,3,
RUN OF RUNARCHY ATTITUDE,Italy,,Lifestyle; Sustainable; Outdoor; High Performance; Urban; Contemporary; Collection,Pitti Uomo 110,http://www.run-of.com,info@boemos.it,+39 0571 261 687,,,,,,,PADIGLIONE CAVANIGLIA / 46,,,https://uomo.pittimmagine.com/en/pittimmagine/fairs/uomo/exhibitors/R/run-of-runarchy-attitude,True,True,True,3,
RUST MOOD,Italy,,Lifestyle; Denimwear; Workwear; Youth Culture; Luxury; Craftsmanship,Pitti Uomo 110,http://rustmood.com,info@rustmood.com,04919890287,,,https://www.instagram.com/rust_mood,rust_mood,https://www.facebook.com/rustmood,rustmood,SALA DELLE NAZIONI / B/41,,,https://uomo.pittimmagine.com/en/pittimmagine/fairs/uomo/exhibitors/R/rust-mood,True,True,True,4,
S.PIERPAOLI,Italy,,Classic; Luxury; Craftsmanship; Contemporary; Collection,Pitti Uomo 110,,,,,,,,,,PADIGLIONE CENTRALE / PIANO INFERIORE / P/22,,,https://uomo.pittimmagine.com/en/pittimmagine/fairs/uomo/exhibitors/S/s-pierpaoli,False,False,False,0,
S001,Italy,,Nordic Style; Activewear; Informal; Contemporary,Pitti Uomo 110,http://S001.world,info@s001.world,,,,https://www.instagram.com/s001.world,s001.world,,,ARSENALE / PIANO TERRA / 18,,,https://uomo.pittimmagine.com/en/pittimmagine/fairs/uomo/exhibitors/S/s001,True,True,False,3,
SAND MENSWEAR,Denmark,,,Pitti Uomo 110,http://www.sandcopenhagen.com,prsand@sandcopenhagen.com,+45 35 44 61 00,,,https://www.instagram.com/sandcopenhagen,sandcopenhagen,,,PADIGLIONE CENTRALE / PIANO INFERIORE / P/15,,,https://uomo.pittimmagine.com/en/pittimmagine/fairs/uomo/exhibitors/S/sand-menswear,True,True,True,4,
SANDERS,United Kingdom,,,Pitti Uomo 110,http://www.sanders-uk.com,info@sanders-uk.com,,,,https://www.instagram.com/sandersshoes,sandersshoes,,,PADIGLIONE CENTRALE / PIANO ATTICO / E/14,,,https://uomo.pittimmagine.com/en/pittimmagine/fairs/uomo/exhibitors/S/sanders,True,True,False,3,
SANJO,Portugal,,,Pitti Uomo 110,,,,,,,,,,ARMERIA / 24,,,,False,False,False,0,
SANTHA,Italy,,,Pitti Uomo 110,https://www.santhanotforskate.com/it,cs.santha@the-ffw.com,02196080978,,,https://www.instagram.com/santhanotforskate,santhanotforskate,https://www.facebook.com/profile.php,profile.php,SALA DELLE NAZIONI / A/12,,,https://uomo.pittimmagine.com/en/pittimmagine/fairs/uomo/exhibitors/S/santha,True,True,True,4,
SAPAF 1954,Italy,,Lifestyle; Sustainable; Special Co-Lab/Limited Edition; Essentials; Classic; New Formal; Luxury; Craftsmanship; Contemporary; Collection,Pitti Uomo 110,http://www.sapaf54.it,info@sapaf54.it,055 721023,https://www.linkedin.com/company/sapaf-atelier-1954/,sapaf-atelier-1954,https://www.instagram.com/sapaf1954,sapaf1954,https://www.facebook.com/SapafAtelier1954/,SapafAtelier1954,PADIGLIONE CENTRALE / PIANO TERRA / G/8,,,https://uomo.pittimmagine.com/en/pittimmagine/fairs/uomo/exhibitors/S/sapaf-1954,True,True,True,5,
SARANGHAEYO,Korea (South),,Lifestyle; Luxury; Craftsmanship,Pitti Uomo 110,http://www.srhy.co.kr,info@saranghaeyo.co.kr,+822 6369 8886,,,https://www.instagram.com/srhy_pf,srhy_pf,,,,,,https://uomo.pittimmagine.com/en/pittimmagine/fairs/uomo/exhibitors/S/saranghaeyo,True,True,True,4,
SARTORIA MASSACRI,Italy,,Lifestyle; Classic; New Formal; Luxury; Craftsmanship; Contemporary,Pitti Uomo 110,https://www.sartoriamassacri.it,info@sartoriamassacri.it,+39 080 430 2508,,,https://www.instagram.com/sartoria_massacri,sartoria_massacri,https://www.facebook.com/sartoriamassacri/,sartoriamassacri,PADIGLIONE CENTRALE / SALONE M P.INFERIORE / 51,,,https://uomo.pittimmagine.com/en/pittimmagine/fairs/uomo/exhibitors/S/sartoria-massacri,True,True,True,4,
SARTORIA MELINA NAPOLI,Italy,,,Pitti Uomo 110,http://www.sartoriamelina.com,info@sartoriamelina.com,+39 333 1796673,,,https://www.instagram.com/sartoriamelinanapoli,sartoriamelinanapoli,https://facebook.com/154154214991837,154154214991837,PADIGLIONE CENTRALE / SALONE M P.INFERIORE / 25,,,https://uomo.pittimmagine.com/en/pittimmagine/fairs/uomo/exhibitors/S/sartoria-melina-napoli,True,True,True,4,
SARTORIA PARTENOPEA,Italy,,,Pitti Uomo 110,http://www.mauroblasi.com,info@mauroblasi.com,08163991212,,,https://www.instagram.com/mauroblasinapoli,mauroblasinapoli,,,,,,https://uomo.pittimmagine.com/en/pittimmagine/fairs/uomo/exhibitors/S/sartoria-partenopea,True,True,True,4,
SARTORIA TRINCHESE,Italy,,,Pitti Uomo 110,https://www.sartoriatrinchese.com,infosartoriatrinchese@gmail.com,+39 377 3990641,,,https://www.instagram.com/sartoriatrinchese,sartoriatrinchese,https://www.facebook.com/sumisura.it,sumisura.it,PADIGLIONE CENTRALE / PIANO INFERIORE / Q/6,,,https://uomo.pittimmagine.com/en/pittimmagine/fairs/uomo/exhibitors/S/sartoria-trinchese,True,True,True,4,
SARTORIO,Italy,,,Pitti Uomo 110,,,,,,,,,,PADIGLIONE CENTRALE / PIANO INFERIORE / S/1-5,,,,False,False,False,0,
SATORISAN,Spain,,Lifestyle; Sustainable; Cutting-Edge; New Formal; Premium Streetwear; Informal; Urban; Youth Culture; Craftsmanship; Contemporary,Pitti Uomo 110,http://www.satorisan.com,hello@satorisan.com,36 37 38 39 40 41 42,,,https://www.instagram.com/satorisan.brand,satorisan.brand,,,PADIGLIONE CAVANIGLIA / 30,,,https://uomo.pittimmagine.com/en/pittimmagine/fairs/uomo/exhibitors/S/satorisan,True,True,True,4,
SAVE MY BAG,Italy,,Contemporary,Pitti Uomo 110,https://savemybag.it,info@savemybag.it,+39%200546%20656774,,,https://www.instagram.com/savemybag,savemybag,,,CORTILE DELL'ARMERIA / 1,,,https://uomo.pittimmagine.com/en/pittimmagine/fairs/uomo/exhibitors/S/save-my-bag,True,True,True,4,
SAVE THE DUCK,Italy,,,Pitti Uomo 110,http://www.savetheduck.com,info@savetheduck.com,+39 02 87186105,https://www.linkedin.com/company/savetheduck,savetheduck,https://www.instagram.com/save_the_duck,save_the_duck,,,GIARDINO DEL GLICINE / 1,,,https://uomo.pittimmagine.com/en/pittimmagine/fairs/uomo/exhibitors/S/save-the-duck,True,True,True,5,
SCAGLIONE,Italy,,,Pitti Uomo 110,http://www.scaglione.it,lucia.alberti@scaglione.it,+39 035 4373338,,,https://www.instagram.com/scaglione_official,scaglione_official,,,PADIGLIONE CENTRALE / PIANO ATTICO / F/14,,,https://uomo.pittimmagine.com/en/pittimmagine/fairs/uomo/exhibitors/S/scaglione,True,True,True,4,
SCANDINAVIAN EDITION,Norway,,Nordic Style; Classic; Outdoor; High Performance; Activewear; Urban; Contemporary; Collection,Pitti Uomo 110,https://scandinavianedition.com,support@scandinavianedition.com,,,,https://www.instagram.com/scandinavianedition,scandinavianedition,,,SALA DELLA RONDA / 11-12,,,https://uomo.pittimmagine.com/en/pittimmagine/fairs/uomo/exhibitors/S/scandinavian-edition,True,True,False,3,
SCARTI-LAB,Italy,,Sustainable; Classic; Workwear; Craftsmanship,Pitti Uomo 110,http://www.scarti-lab.it,info@scarti-lab.com,+39 0510939014,,,https://www.instagram.com/scartilab,scartilab,https://www.facebook.com/scartilab/,scartilab,SALA DELLE NAZIONI / B/47,,,https://uomo.pittimmagine.com/en/pittimmagine/fairs/uomo/exhibitors/S/scarti-lab,True,True,True,4,
SCHMOOVE,France,,,Pitti Uomo 110,http://www.schmoove.fr,dpo@schmoove.fr,+33 (0)251663679,,,https://www.instagram.com/schmooveshoes,schmooveshoes,https://www.facebook.com/SchmooveShoes,SchmooveShoes,ARMERIA / 19,,,https://uomo.pittimmagine.com/en/pittimmagine/fairs/uomo/exhibitors/S/schmoove,True,True,True,4,
SCHNEIDERS,Italy,,Lifestyle; Classic; Luxury; Contemporary,Pitti Uomo 110,http://www.schneiders.com,info@cashmeresrl.it,+39 0248010299,,,https://www.instagram.com/schneiderssalzburg_official/,schneiderssalzburg_official,,,PADIGLIONE CENTRALE / PIANO INFERIORE / V/6,,,https://uomo.pittimmagine.com/en/pittimmagine/fairs/uomo/exhibitors/S/schneiders,True,True,True,4,
SCUDERI,Italy,,,Pitti Uomo 110,,,,,,,,,,PADIGLIONE CENTRALE / PIANO INFERIORE / T/7 U/6,,,,False,False,False,0,
SECRID,Netherlands,,,Pitti Uomo 110,https://www.secrid.com,hoogstraat@secrid.com,+31 (0)70 799 0600,,,https://www.instagram.com/secrid,secrid,,,PADIGLIONE CENTRALE / PIANO TERRA / J/12,,,https://uomo.pittimmagine.com/en/pittimmagine/fairs/uomo/exhibitors/S/secrid,True,True,True,4,
SEEINGRED - OUTOPIA BY VANISH,United Kingdom,,,Pitti Uomo 110,,,,,,,,,,SALA DELLA RONDA / 24-25,,,,False,False,False,0,
SEIDENSTICKER,Germany,,Sustainable; Essentials; Classic; Collection,Pitti Uomo 110,https://www.seidensticker.com/de/de/herren,info@seidensticker.com,256784039,,,https://www.instagram.com/seidensticker_com,seidensticker_com,https://www.facebook.com/seidensticker.de,seidensticker.de,PADIGLIONE CENTRALE / PIANO TERRA / E/8,,,https://uomo.pittimmagine.com/en/pittimmagine/fairs/uomo/exhibitors/S/seidensticker,True,True,True,4,
SEINSE,Italy,,Lifestyle; Special Co-Lab/Limited Edition; Essentials; Classic; Denimwear; Activewear; Sportswear; Informal; Luxury; Contemporary,Pitti Uomo 110,http://www.seinse.it,info@seinse.it,2026-02-19,,,https://www.instagram.com/seinse.it,seinse.it,https://www.facebook.com/seinsemenswear/,seinsemenswear,COSTRUZIONI LORENESI / PIANO TERRA / 1,,,https://uomo.pittimmagine.com/en/pittimmagine/fairs/uomo/exhibitors/S/seinse,True,True,True,4,
SEPTWOLVES - CHINA WAVE,China,,,Pitti Uomo 110,,,,,,,,,,COSTRUZIONI LORENESI / PIANO TERRA,,,https://uomo.pittimmagine.com/en/pittimmagine/fairs/uomo/exhibitors/S/septwolves---china-wave,False,False,False,0,
SERA' FINE SILK,Italy,,Classic; New Formal; Luxury; Craftsmanship,Pitti Uomo 110,https://www.serafinesilk.com,info@serafinesilk.com,+39 3427946654,,,https://www.instagram.com/serafinesilk,serafinesilk,,,PADIGLIONE CENTRALE / PIANO INFERIORE / R/25,,,https://uomo.pittimmagine.com/en/pittimmagine/fairs/uomo/exhibitors/S/sera--fine-silk,True,True,True,4,
SERINA,Japan,,,Pitti Uomo 110,http://serina.world,info@serina.world,048-789-6566,,,https://www.instagram.com/serina_co,serina_co,,,COSTRUZIONI LORENESI / PIANO PRIMO / 2,,,https://uomo.pittimmagine.com/en/pittimmagine/fairs/uomo/exhibitors/S/serina,True,True,True,4,
SES PALMA,Spain,,,Pitti Uomo 110,https://www.sespalma.com,contact@sespalma.com,,,,https://www.instagram.com/ses.palma,ses.palma,,,PADIGLIONE CENTRALE / PIANO ATTICO / G/14,,,https://uomo.pittimmagine.com/en/pittimmagine/fairs/uomo/exhibitors/S/ses-palma,True,True,False,3,
SETTEFILI CASHMERE,Italy,,Lifestyle; Luxury; Craftsmanship; Contemporary,Pitti Uomo 110,http://www.settefili.it,info@settefili.it,+39 0532 902133,,,https://www.instagram.com/settefilicashmere,settefilicashmere,https://www.facebook.com/settefili,settefili,PADIGLIONE CENTRALE / PIANO INFERIORE / T/10,,,https://uomo.pittimmagine.com/en/pittimmagine/fairs/uomo/exhibitors/S/settefili-cashmere,True,True,True,4,
SH ZERO,Italy,,,Pitti Uomo 110,http://shzero.it,info@shzero.it,,,,https://www.instagram.com/shzero.official,shzero.official,,,PADIGLIONE CENTRALE / PIANO TERRA / J/10,,,https://uomo.pittimmagine.com/en/pittimmagine/fairs/uomo/exhibitors/S/sh-zero,True,True,False,3,
SHOCKLY,Italy,,,Pitti Uomo 110,http://www.shockly.it,info@shockly.it,,,,https://www.instagram.com/shockly.official,shockly.official,,,PADIGLIONE CENTRALE / PIANO TERRA / J/10,,,https://uomo.pittimmagine.com/en/pittimmagine/fairs/uomo/exhibitors/S/shockly,True,True,False,3,
SHOTO,Italy,,Lifestyle; Premium Streetwear; Urban; Craftsmanship; Contemporary,Pitti Uomo 110,http://www.shoto.it,customer@shoto.it,01554620441,,,https://www.instagram.com/shotoshoes,shotoshoes,,,SALA DELLE NAZIONI / B/45,,,https://uomo.pittimmagine.com/en/pittimmagine/fairs/uomo/exhibitors/S/shoto,True,True,True,4,
SILVANO SASSETTI,Italy,,,Pitti Uomo 110,http://www.silvanosassetti.it,info@silvanosassetti.it,01496450444,,,https://www.instagram.com/silvano_sassetti,silvano_sassetti,https://www.facebook.com/Silvano.Sassetti/,Silvano.Sassetti,SALA DELLE NAZIONI / A/32,,,https://uomo.pittimmagine.com/en/pittimmagine/fairs/uomo/exhibitors/S/silvano-sassetti,True,True,True,4,
SILVIO FIORELLO,Italy,,Classic; New Formal; Luxury; Craftsmanship,Pitti Uomo 110,http://www.silviofiorello.com,info@silviofiorello.com,+393801775293,,,https://www.instagram.com/silviofiorello,silviofiorello,,,PADIGLIONE CENTRALE / SALONE M P.INFERIORE / 32,,,https://uomo.pittimmagine.com/en/pittimmagine/fairs/uomo/exhibitors/S/silvio-fiorello,True,True,True,4,
SILVIO FIORELLO X MAURITSHUIS MUSEUM,Italy,,,Pitti Uomo 110,,,,,,,,,,PADIGLIONE CENTRALE / SALONE M P.INFERIORE / 32,,,,False,False,False,0,
SING A SONG,France,,Lifestyle; Essentials; Cutting-Edge; Denimwear; Globetrotter; Premium Streetwear; Urban; Luxury; Craftsmanship; Contemporary,Pitti Uomo 110,http://www.singasong.fr,sav@singasong.fr,0465854226,,,https://www.instagram.com/singasongbijoux,singasongbijoux,,,PADIGLIONE CENTRALE / PIANO TERRA / G/7,,,https://uomo.pittimmagine.com/en/pittimmagine/fairs/uomo/exhibitors/S/sing-a-song,True,True,True,4,
SNEE,Italy,,,Pitti Uomo 110,,,,,,,,,,PADIGLIONE CAVANIGLIA / 52,,,,False,False,False,0,
SNOW PEAK,Japan,,,Pitti Uomo 110,https://uk.snowpeak.com,info@stagheaddesigns.com,+44 0203 978 4954,,,https://www.instagram.com/snowpeak_uk,snowpeak_uk,,,SALA DELLA RONDA / 20-21,,,https://uomo.pittimmagine.com/en/pittimmagine/fairs/uomo/exhibitors/S/snow-peak,True,True,True,4,
SOARIN - CHINA WAVE,China,,Sustainable; Special Co-Lab/Limited Edition; Agender; Cutting-Edge; Craftsmanship; Collection,Pitti Uomo 110,,,,,,,,,,COSTRUZIONI LORENESI / PIANO TERRA,,,https://uomo.pittimmagine.com/en/pittimmagine/fairs/uomo/exhibitors/S/soarin---china-wave,False,False,False,0,
SOARIN WORLD - CHINA WAVE,China,,Sustainable; Special Co-Lab/Limited Edition; Agender; Cutting-Edge; Craftsmanship; Collection,Pitti Uomo 110,,,,,,,,,,,,,https://uomo.pittimmagine.com/en/pittimmagine/fairs/uomo/exhibitors/S/soarin-world---china-wave,False,False,False,0,
SOCK AFFAIRS,Portugal,,,Pitti Uomo 110,,,,,,https://www.instagram.com/sockaffairs,sockaffairs,,,ARMERIA / 22,,,https://uomo.pittimmagine.com/en/pittimmagine/fairs/uomo/exhibitors/S/sock-affairs,False,False,False,1,
SOLDINI80,Italy,,,Pitti Uomo 110,http://www.soldini80.it,Support@soldini80.com,00100020510,,,https://www.instagram.com/soldini80official,soldini80official,https://www.facebook.com/share/18MQMMX5xB/,share,PADIGLIONE CAVANIGLIA / 24,,,https://uomo.pittimmagine.com/en/pittimmagine/fairs/uomo/exhibitors/S/soldini80,True,True,True,4,
SOLOIO,Colombia,,Classic; New Formal; Luxury; Collection,Pitti Uomo 110,http://Https://soloio.com,,,,,https://www.instagram.com/soloio.oficial,soloio.oficial,,,SALA DELLE NAZIONI / A/26,,,https://uomo.pittimmagine.com/en/pittimmagine/fairs/uomo/exhibitors/S/soloio,False,True,False,2,
SOMBRERO LIFE,Netherlands,,,Pitti Uomo 110,http://www.sombrerolife.com,info@sombrerolife.com,36 37 38 39 40 41 42,,,https://www.instagram.com/sombrerolife,sombrerolife,,,ARSENALE / PIANO TERRA / 16,,,https://uomo.pittimmagine.com/en/pittimmagine/fairs/uomo/exhibitors/S/sombrero-life,True,True,True,4,
SOMEWHERE OUTSIDE - OUTOPIA BY VANISH,Korea (South),,,Pitti Uomo 110,,,,,,,,,,SALA DELLA RONDA / 24-25,,,,False,False,False,0,
SONRISA CAMICERIA UOMO,Italy,,,Pitti Uomo 110,http://www.sonrisa.it,info@sonrisa.it,,,,https://www.instagram.com/sonrisa_shirts,sonrisa_shirts,,,PADIGLIONE CENTRALE / PIANO INFERIORE / V/13-15 Z/12-14,,,https://uomo.pittimmagine.com/en/pittimmagine/fairs/uomo/exhibitors/S/sonrisa-camiceria-uomo,True,True,False,3,
SORRENTINO,Italy,,,Pitti Uomo 110,http://www.sorrentinoperfumes.com,m.s@sorrentinoperfumes.com,+39) 331 8600359,,,https://www.instagram.com/sorrentinoperfumes,sorrentinoperfumes,,,PADIGLIONE CENTRALE / PIANO ATTICO / G/4,,,https://uomo.pittimmagine.com/en/pittimmagine/fairs/uomo/exhibitors/S/sorrentino,True,True,True,4,
SORYN,Italy,,,Pitti Uomo 110,,,,,,https://www.instagram.com/soryn_project,soryn_project,,,SALA DELLE NAZIONI / B/22,,,https://uomo.pittimmagine.com/en/pittimmagine/fairs/uomo/exhibitors/S/soryn,False,False,False,1,
SOZZI MILANO,Italy,,Lifestyle; Japan Style; British Style; Classic; New Formal; Luxury; Craftsmanship,Pitti Uomo 110,http://www.sozzimilano.com,e-shop@sozzicalze.it,+39 030 9925926,,,https://www.instagram.com/sozzimilano,sozzimilano,https://www.facebook.com/SozziCalze,SozziCalze,PADIGLIONE CENTRALE / PIANO TERRA / J/14,,,https://uomo.pittimmagine.com/en/pittimmagine/fairs/uomo/exhibitors/S/sozzi-milano,True,True,True,4,
SPACE FRIENDS,Poland,,Lifestyle; Outdoor; High Performance; Premium Streetwear; Urban; Craftsmanship; Contemporary,Pitti Uomo 110,https://spacefriends.eu,office@spacefriends.eu,+48 786 305 409,,,https://www.instagram.com/spacefriends.eu,spacefriends.eu,,,PADIGLIONE CENTRALE / PIANO TERRA / J/8,,,https://uomo.pittimmagine.com/en/pittimmagine/fairs/uomo/exhibitors/S/space-friends,True,True,True,4,
SPEKTRE EYEWEAR,Italy,,,Pitti Uomo 110,http://www.spektre.com,info@spektre.com,,,,https://www.instagram.com/spektresunglasses,spektresunglasses,https://www.facebook.com/Spektresunglasses,Spektresunglasses,PADIGLIONE CENTRALE / PIANO TERRA / G/6,,,https://uomo.pittimmagine.com/en/pittimmagine/fairs/uomo/exhibitors/S/spektre-eyewear,True,True,False,3,
SPERRY,Italy,,Classic; New Formal; Urban,Pitti Uomo 110,http://www.sperry.com,info@sperry.com,1-800-247-6575,,,https://www.instagram.com/asap.showroom,asap.showroom,,,PADIGLIONE CAVANIGLIA / 36,,,https://uomo.pittimmagine.com/en/pittimmagine/fairs/uomo/exhibitors/S/sperry,True,True,True,4,
STEFAN BRANDT,Germany,,,Pitti Uomo 110,http://www.stefanbrandt.com,dpo-google@google.com,27 28 29 30 31 32 33,,,https://www.instagram.com/stefanbrandt_finestjersey/,stefanbrandt_finestjersey,https://www.facebook.com/StefanBrandtFinestJersey/,StefanBrandtFinestJersey,PADIGLIONE CENTRALE / PIANO ATTICO / A/8-10,,,https://uomo.pittimmagine.com/en/pittimmagine/fairs/uomo/exhibitors/S/stefan-brandt,True,True,True,4,
STEFANO CORSINI,Italy,,Sustainable; Classic; Sportswear; Informal; Luxury; Craftsmanship; Contemporary,Pitti Uomo 110,http://www.stefanocorsini.it,info@stefanocorsini.it,,,,https://www.instagram.com/stefanocorsini.accessorimoda,stefanocorsini.accessorimoda,,,PADIGLIONE CENTRALE / PIANO TERRA / E/13,,,https://uomo.pittimmagine.com/en/pittimmagine/fairs/uomo/exhibitors/S/stefano-corsini,True,True,False,3,
STEFANO MUGNAI,Italy,,Essentials; Luxury; Craftsmanship; Contemporary; Collection,Pitti Uomo 110,http://www.stefanomugnai.com,INFO@STEFANOMUGNAI.COM,,,,https://www.instagram.com/stefano_mugnai_official,stefano_mugnai_official,,,PADIGLIONE CENTRALE / PIANO ATTICO / E/3,,,https://uomo.pittimmagine.com/en/pittimmagine/fairs/uomo/exhibitors/S/stefano-mugnai,True,True,False,3,
STEFANO RICCI,Italy,,Lifestyle; Classic; Denimwear; Workwear; Activewear; Sportswear; Informal; Urban; Luxury; Craftsmanship,Pitti Uomo 110,http://www.stefanoricci.com,info@stefanoricci.com,+39 02 407 06 875,https://www.linkedin.com/company/stefanoriccigroup,stefanoriccigroup,https://www.instagram.com/stefanoricciofficial,stefanoricciofficial,https://www.facebook.com/StefanoRicciSpA,StefanoRicciSpA,PADIGLIONE CENTRALE / PIANO INFERIORE / Q/2,,,https://uomo.pittimmagine.com/en/pittimmagine/fairs/uomo/exhibitors/S/stefano-ricci,True,True,True,5,
STEFANOBIGI,Italy,,,Pitti Uomo 110,http://www.bigicravatte.it,info@bigicravatte.it,+39) 02.89.40.95.03,,,https://www.instagram.com/bigi.milano,bigi.milano,https://www.facebook.com/bigi.milano/,bigi.milano,PADIGLIONE CENTRALE / SALONE M P.INFERIORE / 12,,,https://uomo.pittimmagine.com/en/pittimmagine/fairs/uomo/exhibitors/S/stefanobigi,True,True,True,4,
STETSON,U.S.A.,,Sustainable; Classic; Urban; Craftsmanship; Contemporary,Pitti Uomo 110,http://www.stetson-europe.com,info@stetson-europe.com,+49 (0) 221 963 558 - 0,,,https://www.instagram.com/stetsoneurope,stetsoneurope,https://www.facebook.com/stetsoneurope,stetsoneurope,PADIGLIONE CENTRALE / PIANO TERRA / B/2-4,,,https://uomo.pittimmagine.com/en/pittimmagine/fairs/uomo/exhibitors/S/stetson,True,True,True,4,
STEWART,Italy,,,Pitti Uomo 110,http://www.stewart.it,info@stewart.it,+39 055 8667285,,,https://www.instagram.com/stewartjackets,stewartjackets,,,PADIGLIONE CENTRALE / PIANO TERRA / D/16,,,https://uomo.pittimmagine.com/en/pittimmagine/fairs/uomo/exhibitors/S/stewart,True,True,True,4,
STILNOLOGY,Italy,,,Pitti Uomo 110,http://www.nipal.eu,nipal@nipal.eu,+39 0571 93 00 06,,,https://www.instagram.com/stilnology,stilnology,,,PADIGLIONE CENTRALE / PIANO TERRA / E/2,,,https://uomo.pittimmagine.com/en/pittimmagine/fairs/uomo/exhibitors/S/stilnology,True,True,True,4,
STUDIO SEIDENSTICKER,Germany,,Sustainable; Agender; Urban; Contemporary,Pitti Uomo 110,https://www.seidensticker.com/de/de/studio/collection,info@seidensticker.com,256784039,,,https://www.instagram.com/studioseidensticker,studioseidensticker,https://www.facebook.com/seidensticker.de,seidensticker.de,PADIGLIONE CENTRALE / PIANO TERRA / E/8,,,https://uomo.pittimmagine.com/en/pittimmagine/fairs/uomo/exhibitors/S/studio-seidensticker,True,True,True,4,
SUN68,Italy,,Lifestyle; Essentials; Workwear; Sportswear; Informal; Urban; Contemporary,Pitti Uomo 110,http://www.sun68.com,info@sun68.com,03591110279,,,https://www.instagram.com/sun68,sun68,https://www.facebook.com/SUN68.official/,SUN68.official,PADIGLIONE CAVANIGLIA / 2,,,https://uomo.pittimmagine.com/en/pittimmagine/fairs/uomo/exhibitors/S/sun68,True,True,True,4,
SUNDEK,U.S.A.,,,Pitti Uomo 110,http://sundek.it,cs@sundek.it,00266130970,,,https://www.instagram.com/sundek_official,sundek_official,,,PIAZZALE GHIAIA / 3,,,https://uomo.pittimmagine.com/en/pittimmagine/fairs/uomo/exhibitors/S/sundek,True,True,True,4,
SUNG JU- CODE KOREA,Korea (South),,,Pitti Uomo 110,https://sung-ju.net,SALES@SUNG-JU.NET,,,,https://www.instagram.com/sung_ju_official,sung_ju_official,,,POLVERIERA / 1,,,https://uomo.pittimmagine.com/en/pittimmagine/fairs/uomo/exhibitors/S/sung-ju--code-korea,True,True,False,3,
SUNS BOARDS,Italy,,Lifestyle; Sustainable; Workwear; Outdoor; Sportswear; Premium Streetwear; Urban; Luxury,Pitti Uomo 110,https://www.sunsboards.com,info@sunsboards.com,04481830729,,,https://www.instagram.com/suns_boards,suns_boards,,,PADIGLIONE CENTRALE / PIANO TERRA / E/4,,,https://uomo.pittimmagine.com/en/pittimmagine/fairs/uomo/exhibitors/S/suns-boards,True,True,True,4,
SUPERDRY,United Kingdom,,,Pitti Uomo 110,http://www.superdry.com,press@superdry.com,10 12 14 16,,,https://www.instagram.com/superdry,superdry,https://www.facebook.com/superdry,superdry,FURERIA / 1-3,,,https://uomo.pittimmagine.com/en/pittimmagine/fairs/uomo/exhibitors/S/superdry,True,True,True,4,
SVEVO,Italy,,Lifestyle; Essentials; High Performance; Activewear; Luxury,Pitti Uomo 110,http://www.svevo.com,info@svevo.com,01892440346,,,https://www.instagram.com/svevo_official,svevo_official,,,PADIGLIONE CENTRALE / PIANO INFERIORE / S/7 T/8,,,https://uomo.pittimmagine.com/en/pittimmagine/fairs/uomo/exhibitors/S/svevo,True,True,True,4,
SWOF CARE- CHINA WAVE,China,,Lifestyle; Agender; Cutting-Edge; Classic; Globetrotter; Informal; Craftsmanship; Contemporary; Collection,Pitti Uomo 110,https://www.swofcare.com,info@swofcare.com,0086-010-85911721,,,https://www.instagram.com/swofcare,swofcare,,,COSTRUZIONI LORENESI / PIANO TERRA,,,https://uomo.pittimmagine.com/en/pittimmagine/fairs/uomo/exhibitors/S/swof-care--china-wave,True,True,True,4,
SYNESTHÉSIE,Italy,,,Pitti Uomo 110,http://www.synesthesie.it,info@synesthesie.it,07419980482,,,https://www.instagram.com/synesthesieparfum,synesthesieparfum,,,,,,https://uomo.pittimmagine.com/en/pittimmagine/fairs/uomo/exhibitors/S/synesth-sie,True,True,True,4,
TAKE A WAY,Italy,,,Pitti Uomo 110,,,,,,,,,,ARMERIA / 13,,,,False,False,False,0,
TARDIA,Italy,,Lifestyle; Classic; Urban,Pitti Uomo 110,http://www.tardia.it,info@tardia.it,+39 080 4804211,,,https://www.instagram.com/tardia_official,tardia_official,https://www.facebook.com/Tardiaofficial,Tardiaofficial,PADIGLIONE CENTRALE / PIANO TERRA / B/8,,,https://uomo.pittimmagine.com/en/pittimmagine/fairs/uomo/exhibitors/T/tardia,True,True,True,4,
TATEOSSIAN FOR LAMBORGHINI,United Kingdom,,,Pitti Uomo 110,,,,,,,,,,PADIGLIONE CENTRALE / PIANO INFERIORE / T/11,,,https://uomo.pittimmagine.com/en/pittimmagine/fairs/uomo/exhibitors/T/tateossian-for-lamborghini,False,False,False,0,
TATEOSSIAN LONDON,United Kingdom,,Lifestyle; British Style; Classic; New Formal; Workwear; Informal; Luxury; Craftsmanship; Contemporary,Pitti Uomo 110,http://www.tateossian.com,customerservice@tateossian.com,+1 855 998 1008,,,https://www.instagram.com/tateossianlondon,tateossianlondon,,,PADIGLIONE CENTRALE / PIANO INFERIORE / T/11,,,https://uomo.pittimmagine.com/en/pittimmagine/fairs/uomo/exhibitors/T/tateossian-london,True,True,True,4,
TATRAS,Italy,,Lifestyle; Outdoor; Urban; Collection,Pitti Uomo 110,http://www.tatras-official.com,support@glood.ai,,,,https://www.instagram.com/tatras_official,tatras_official,,,PADIGLIONE CENTRALE / PIANO INFERIORE / T/1-3,,,https://uomo.pittimmagine.com/en/pittimmagine/fairs/uomo/exhibitors/T/tatras,True,True,False,3,
TBD EYEWEAR,Italy,,Lifestyle; Sustainable; Agender; Nordic Style; Japan Style; British Style; Classic; New Formal; Luxury; Craftsmanship,Pitti Uomo 110,http://www.tbdeyewear.com,info@tbdeyewear.com,09002050962,https://www.linkedin.com/company/tbd-eyewear,tbd-eyewear,https://www.instagram.com/tbdeyewear,tbdeyewear,,,PADIGLIONE CENTRALE / PIANO INFERIORE / O/22,,,https://uomo.pittimmagine.com/en/pittimmagine/fairs/uomo/exhibitors/T/tbd-eyewear,True,True,True,5,
TECLOR,Japan,,Lifestyle; Japan Style; Classic; New Formal; Workwear; Collection,Pitti Uomo 110,https://www.teclor.jp/en,605a7baede844d278b89dc95ae0a9123@sentry-next.wixpress.com,06 05 04 03 02 01 00,,,https://www.instagram.com/teclor_official,teclor_official,,,PADIGLIONE CENTRALE / PIANO ATTICO / D/7,,,https://uomo.pittimmagine.com/en/pittimmagine/fairs/uomo/exhibitors/T/teclor,True,True,True,4,
TELA GENOVA,Italy,,,Pitti Uomo 110,https://www.telagenova.it,info@telagenova.it,+29 02 2040 4233,,,https://www.instagram.com/telagenova,telagenova,https://www.facebook.com/telagenova/,telagenova,PADIGLIONE CENTRALE / PIANO ATTICO / F/4-6,,,https://uomo.pittimmagine.com/en/pittimmagine/fairs/uomo/exhibitors/T/tela-genova,True,True,True,4,
TELACRUDA,Italy,,Lifestyle; Denimwear; Workwear; Informal; Craftsmanship; Contemporary,Pitti Uomo 110,https://telacruda.com,info@telacruda.com,+39 351 169 9153,,,https://www.instagram.com/telacruda,telacruda,,,COSTRUZIONI LORENESI / PIANO TERRA / 5,,,https://uomo.pittimmagine.com/en/pittimmagine/fairs/uomo/exhibitors/T/telacruda,True,True,True,4,
TESI,Italy,,Lifestyle; British Style; New Formal; Urban; Collection,Pitti Uomo 110,http://www.tesihats.com,info@tesihats.com,0558999595,,,https://www.instagram.com/tesihats,tesihats,https://www.facebook.com/tesihats/,tesihats,PADIGLIONE CENTRALE / PIANO TERRA / J/3,,,https://uomo.pittimmagine.com/en/pittimmagine/fairs/uomo/exhibitors/T/tesi,True,True,True,4,
TEVA,U.S.A.,,,Pitti Uomo 110,,,,,,,,,,SALA DELLA RONDA / 5,,,,False,False,False,0,
THE CHINO REVIVED,Japan,,Sustainable; Japan Style; Denimwear; Urban; Craftsmanship; Contemporary,Pitti Uomo 110,http://www.thechinorevived.com,18d2f96d279149989b95faf0a4b41882@sentry-next.wixpress.com,,,,https://www.instagram.com/thechinorevived,thechinorevived,,,SALA DELLE NAZIONI / A/13,,,https://uomo.pittimmagine.com/en/pittimmagine/fairs/uomo/exhibitors/T/the-chino-revived,True,True,False,3,
THE JACK LEATHERS,Italy,,Lifestyle; Classic; Globetrotter; Informal; Craftsmanship; Contemporary,Pitti Uomo 110,,,,,,https://www.instagram.com/the_jack_and_jackie_leathers,the_jack_and_jackie_leathers,,,PADIGLIONE CENTRALE / PIANO TERRA / D/8,,,https://uomo.pittimmagine.com/en/pittimmagine/fairs/uomo/exhibitors/J/the-jack-leathers,False,False,False,1,
THE WHITE BRIEFS,Sweden,,,Pitti Uomo 110,http://www.thewhitebriefs.com,customerservice@thewhitebriefs.com,,,,https://www.instagram.com/thewhitebriefs_official,thewhitebriefs_official,,,PADIGLIONE CENTRALE / PIANO ATTICO / A/4-6,,,https://uomo.pittimmagine.com/en/pittimmagine/fairs/uomo/exhibitors/T/the-white-briefs,True,True,False,3,
THE.NIM,Italy,,,Pitti Uomo 110,http://www.emmepi-italia.com,info@emmepi-italia.com,+39 045 6090076,,,https://www.instagram.com/thenimstandard,thenimstandard,https://www.facebook.com/EmmepiItaliaShowroom/,EmmepiItaliaShowroom,ARSENALE / PIANO TERRA / 7,,,https://uomo.pittimmagine.com/en/pittimmagine/fairs/uomo/exhibitors/T/the-nim,True,True,True,4,
THEBALLON-CODE KOREA,Korea (South),,,Pitti Uomo 110,https://theballon.co.kr,support@cre.ma,,,,https://www.instagram.com/theballon_official,theballon_official,,,POLVERIERA / 1,,,https://uomo.pittimmagine.com/en/pittimmagine/fairs/uomo/exhibitors/T/theballon-code-korea,True,True,False,3,
THERA'S,Italy,,High Performance; Activewear; Urban; Luxury; Craftsmanship; Contemporary; Collection,Pitti Uomo 110,https://www.theras-sandals.it,info@theras-sandals.it,+39 080 399 1533,,,https://www.instagram.com/theras_sandals,theras_sandals,https://www.facebook.com/theras.sandals,theras.sandals,ARSENALE / PIANO TERRA / 41,,,https://uomo.pittimmagine.com/en/pittimmagine/fairs/uomo/exhibitors/T/thera-s,True,True,True,4,
THOMAS MAINE,Netherlands,,Lifestyle; Essentials; Classic; Informal; Luxury; Craftsmanship; Contemporary; Collection,Pitti Uomo 110,https://thomasmaine.com,support@thomasmaine.com,+31203460046,https://www.linkedin.com/company/thomasmaine,thomasmaine,https://www.instagram.com/thomas_maine,thomas_maine,,,RONDINO / 5-6,,,https://uomo.pittimmagine.com/en/pittimmagine/fairs/uomo/exhibitors/T/thomas-maine,True,True,True,5,
THOMAS PINK,United Kingdom,,,Pitti Uomo 110,,,,,,,,,,PADIGLIONE CENTRALE / PIANO TERRA / B/6,,,,False,False,False,0,
TIGER OF SWEDEN,Sweden,,,Pitti Uomo 110,http://www.tigerofsweden.com,info@tigerofsweden.com,,,,https://www.instagram.com/tigerofsweden,tigerofsweden,https://www.facebook.com/Tigerofsweden/,Tigerofsweden,PADIGLIONE CENTRALE / PIANO INFERIORE / R/18,,,https://uomo.pittimmagine.com/en/pittimmagine/fairs/uomo/exhibitors/T/tiger-of-sweden,True,True,False,3,
TIKI,Italy,,Lifestyle; Essentials; Classic; New Formal; Luxury; Craftsmanship; Contemporary,Pitti Uomo 110,http://www.tiki.it,info@tiki.it,+39 0817879729,,,https://www.instagram.com/tikinapoli,tikinapoli,https://www.facebook.com/tikinapoli,tikinapoli,PADIGLIONE CENTRALE / PIANO TERRA / I/10,,,https://uomo.pittimmagine.com/en/pittimmagine/fairs/uomo/exhibitors/T/tiki,True,True,True,4,
TMB,Italy,,Lifestyle; Sustainable; Essentials; Outdoor; Globetrotter; High Performance; Activewear; Sportswear; Luxury; Contemporary,Pitti Uomo 110,http://www.tmbfashiongroup.com,info@tmbfashiongroup.com,+39 0733 511411,,,https://www.instagram.com/tombolini_official,tombolini_official,,,PADIGLIONE CENTRALE / PIANO INFERIORE / S/2-6,,,https://uomo.pittimmagine.com/en/pittimmagine/fairs/uomo/exhibitors/T/tmb,True,True,True,4,
TOM RIPLEY,Germany,,Lifestyle; Sustainable; Essentials; Classic; Urban; Luxury; Craftsmanship,Pitti Uomo 110,https://www.tom-ripley.com,franz@tom-ripley.com,+49 961 600672,,,https://www.instagram.com/tomripleyfashion,tomripleyfashion,,,PADIGLIONE CENTRALE / S. ALFA P.INFERIORE / 21,,,https://uomo.pittimmagine.com/en/pittimmagine/fairs/uomo/exhibitors/T/tom-ripley,True,True,True,4,
TOMBOLINI,Italy,,Lifestyle; Sustainable; Essentials; Classic; Globetrotter; High Performance; Activewear; Luxury; Craftsmanship; Contemporary,Pitti Uomo 110,http://www.tombolini.it,info@tmbfashiongroup.com,+39 0733 511411,,,https://www.instagram.com/tombolini_official,tombolini_official,,,PADIGLIONE CENTRALE / PIANO INFERIORE / S/2-6,,,https://uomo.pittimmagine.com/en/pittimmagine/fairs/uomo/exhibitors/T/tombolini,True,True,True,4,
TOOCO,San Marino,,Lifestyle; Outdoor; Globetrotter,Pitti Uomo 110,http://wwwtooco.it,,,,,https://www.instagram.com/tooco_official,tooco_official,,,PADIGLIONE CAVANIGLIA / 54,,,https://uomo.pittimmagine.com/en/pittimmagine/fairs/uomo/exhibitors/T/tooco,False,True,False,2,
TOP GUN,U.S.A.,,,Pitti Uomo 110,http://www.topgunstore.com,promo@topgunstore.com,+%2017186263303,https://www.linkedin.com/company/top-gun-store/,top-gun-store,https://www.instagram.com/topgunofficialstore,topgunofficialstore,,,PADIGLIONE CENTRALE / PIANO TERRA / K/10,,,https://uomo.pittimmagine.com/en/pittimmagine/fairs/uomo/exhibitors/T/top-gun,True,True,True,5,
TORRAS,Spain,,Lifestyle; Essentials; Premium Streetwear; Informal; Urban; Luxury; Craftsmanship; Contemporary,Pitti Uomo 110,http://www.torras.com,sonia@venturetogether.eu,+34 691905402,,,https://www.instagram.com/torrasofficial,torrasofficial,,,COSTRUZIONI LORENESI / PIANO PRIMO / 3,,,https://uomo.pittimmagine.com/en/pittimmagine/fairs/uomo/exhibitors/T/torras,True,True,True,4,
TRAMAROSSA,Italy,,,Pitti Uomo 110,http://www.tramarossa.com,info@tramarossa.com,,,,,,,,PADIGLIONE CENTRALE / PIANO INFERIORE / P/14,,,https://uomo.pittimmagine.com/en/pittimmagine/fairs/uomo/exhibitors/T/tramarossa,True,True,False,2,
TRANSIT,Italy,,Lifestyle; Cutting-Edge; Nordic Style; Globetrotter; Informal; Craftsmanship; Contemporary,Pitti Uomo 110,http://www.transit.it,shoponline@transit.it,01839530241,,,https://www.instagram.com/transit_officialpage,transit_officialpage,,,PADIGLIONE CENTRALE / PIANO ATTICO / F/11,,,https://uomo.pittimmagine.com/en/pittimmagine/fairs/uomo/exhibitors/T/transit,True,True,True,4,
TRE CIME,Italy,,Sustainable; Essentials; Outdoor; Sportswear; Craftsmanship,Pitti Uomo 110,https://www.trecimeshoes.com,web@trecimeshoes.com,05326410262,,,https://www.instagram.com/trecimeshoes,trecimeshoes,,,SALA DELLE NAZIONI / B/39,,,https://uomo.pittimmagine.com/en/pittimmagine/fairs/uomo/exhibitors/T/tre-cime,True,True,True,4,
TREZ,Italy,,,Pitti Uomo 110,http://www.trez.it,simone.cappa@trez.it,587 274511,,,https://www.instagram.com/trez_official,trez_official,,,FURERIA / 7,,,https://uomo.pittimmagine.com/en/pittimmagine/fairs/uomo/exhibitors/T/trez,True,True,True,4,
TSUCHIYA KABAN,Japan,,,Pitti Uomo 110,https://tsuchiya-kaban.com,info@tsuchiya-kaban.com,,,,https://www.instagram.com/tsuchiya_kaban,tsuchiya_kaban,,,PADIGLIONE CENTRALE / PIANO ATTICO / A/5,,,https://uomo.pittimmagine.com/en/pittimmagine/fairs/uomo/exhibitors/T/tsuchiya-kaban,True,True,False,3,
TUCANO,Italy,,Lifestyle; Sustainable; Essentials; Agender; Informal; Contemporary; Collection,Pitti Uomo 110,https://tucano.com,info@tucano.it,07742390151,https://www.linkedin.com/company/tucano-srl/posts/,tucano-srl,https://www.instagram.com/tucano_official,tucano_official,,,PADIGLIONE CAVANIGLIA / 59-61,,,https://uomo.pittimmagine.com/en/pittimmagine/fairs/uomo/exhibitors/T/tucano,True,True,True,5,
TUMI,France,,,Pitti Uomo 110,,,,,,,,,,PADIGLIONE CENTRALE / PIANO TERRA / C/11,,,,False,False,False,0,
U.S. POLO ASSN.,Italy,,,Pitti Uomo 110,http://www.uspoloassn.it,service@uspoloassn.it,00286820972,,,https://www.instagram.com/uspoloassneur,uspoloassneur,,,PADIGLIONE CAVANIGLIA / 32,,,https://uomo.pittimmagine.com/en/pittimmagine/fairs/uomo/exhibitors/U/u-s--polo-assn-,True,True,True,4,
UNIMATIC,Italy,,Special Co-Lab/Limited Edition; Essentials; Classic; High Performance; Luxury; Craftsmanship; Contemporary,Pitti Uomo 110,http://www.unimaticwatches.com,info@unimaticwatches.com,10846090966,,,https://www.instagram.com/unimaticwatches,unimaticwatches,https://www.facebook.com/unimaticwatches/,unimaticwatches,PADIGLIONE CENTRALE / PIANO ATTICO / F/10,,,https://uomo.pittimmagine.com/en/pittimmagine/fairs/uomo/exhibitors/U/unimatic,True,True,True,4,
UNITY,Italy,,Sustainable; Essentials; Outdoor; High Performance; Activewear,Pitti Uomo 110,https://unityoriginal.com,info@unityoriginal.com,,https://www.linkedin.com/company/unitydesignita/,unitydesignita,https://www.instagram.com/unityoriginal_,unityoriginal_,,,PADIGLIONE CENTRALE / PIANO TERRA / H/22,,,https://uomo.pittimmagine.com/en/pittimmagine/fairs/uomo/exhibitors/U/unity,True,True,False,4,
UNIVERSAL OVERALL,U.S.A.,,,Pitti Uomo 110,,,,,,https://www.instagram.com/universaloverall_jp,universaloverall_jp,,,AREA MONUMENTALE / SALA DELLA VOLTA E CORRIDOIO DELL'ARCO / 1,,,https://uomo.pittimmagine.com/en/pittimmagine/fairs/uomo/exhibitors/U/universal-overall,False,False,False,1,
UNPACKED,Italy,,,Pitti Uomo 110,,,,,,,,,,SALA DELLE NAZIONI / A/46,,,,False,False,False,0,
VANDOMA,Portugal,,Classic,Pitti Uomo 110,http://www.vandomaties.com,hello@vandomaties.com,+351) 225 023 261,,,https://www.instagram.com/vandoma_ties,vandoma_ties,https://www.facebook.com/vandoma.ties,vandoma.ties,PADIGLIONE CENTRALE / PIANO TERRA / G/4,,,https://uomo.pittimmagine.com/en/pittimmagine/fairs/uomo/exhibitors/V/vandoma,True,True,True,4,
VEGAN TIGER - CODE KOREA,Korea (South),,Lifestyle; Sustainable; Agender; Cutting-Edge; New Formal; Urban; Craftsmanship; Contemporary; Upcycling,Pitti Uomo 110,https://www.vegantigerkorea.com,vegantiger@naver.com,0105678-3838104,,,,,,,POLVERIERA / 1,,,https://uomo.pittimmagine.com/en/pittimmagine/fairs/uomo/exhibitors/V/vegan-tiger---code-korea,True,True,True,3,
VENETA CINTURE,Italy,,Essentials; British Style; Classic; New Formal; Denimwear; Workwear; Informal; Urban; Luxury; Craftsmanship,Pitti Uomo 110,http://www.venetacinture.it,venetacinture@gmail.com,+39 049 89 78 223,,,https://www.instagram.com/venetacinture,venetacinture,,,SALA DELLE NAZIONI / B/41,,,https://uomo.pittimmagine.com/en/pittimmagine/fairs/uomo/exhibitors/V/veneta-cinture,True,True,True,4,
VERBENAS,Spain,,Lifestyle; Denimwear; Urban; Contemporary,Pitti Uomo 110,https://www.verbenas.com,hello@verbenas.com,35 36 37 38 39,https://es.linkedin.com/company/verbenas,verbenas,https://www.instagram.com/verbenas_brand,verbenas_brand,,,PADIGLIONE CAVANIGLIA / 101-102,,,https://uomo.pittimmagine.com/en/pittimmagine/fairs/uomo/exhibitors/V/verbenas,True,True,True,5,
VICTORIA,Spain,,,Pitti Uomo 110,https://www.calzadosvictoria.com/it_it/home,victoria@calzadosvictoria.com,19 20 21 22 23 24 25,,,https://www.instagram.com/victoria_shoes,victoria_shoes,https://www.facebook.com/VictoriaShoes,VictoriaShoes,PADIGLIONE CAVANIGLIA / 110,,,https://uomo.pittimmagine.com/en/pittimmagine/fairs/uomo/exhibitors/V/victoria,True,True,True,4,
VIGNOLBAGS,Italy,,Sustainable; Luxury; Craftsmanship,Pitti Uomo 110,http://www.vignolbags.com,info@vignolbags.com,03793050489,,,https://www.instagram.com/vignolbags,vignolbags,,,PADIGLIONE CENTRALE / PIANO TERRA / G/10,,,https://uomo.pittimmagine.com/en/pittimmagine/fairs/uomo/exhibitors/V/vignolbags,True,True,True,4,
VISION OF SUPER,Italy,,,Pitti Uomo 110,,,,,,,,,,,,,,False,False,False,0,
VOILE BLANCHE,Italy,,,Pitti Uomo 110,http://www.voileblanche.com,,,,,https://www.instagram.com/voile_blanche,voile_blanche,,,PADIGLIONE CAVANIGLIA / 28-29,,,https://uomo.pittimmagine.com/en/pittimmagine/fairs/uomo/exhibitors/V/voile-blanche,False,True,False,2,
VON DUTCH,U.S.A.,,Lifestyle; Premium Streetwear; Urban,Pitti Uomo 110,http://www.vondutch.fr,shop@vondutch.fr,+334 75 90 66 97,,,https://www.instagram.com/von_dutch_france,von_dutch_france,,,CORTILE DEL TEATRINO / 2,,,https://uomo.pittimmagine.com/en/pittimmagine/fairs/uomo/exhibitors/V/von-dutch,True,True,True,4,
VTR,Spain,,,Pitti Uomo 110,,,,,,,,,,SALA DELLA RONDA / 6,,,,False,False,False,0,
W6YZ,Italy,,,Pitti Uomo 110,http://www.w6yz.com,support@w6yz.com,+39 0733 790730,,,https://www.instagram.com/w6yz_official,w6yz_official,https://www.facebook.com/W6YZofficial/,W6YZofficial,PADIGLIONE CAVANIGLIA / 28-29,,,https://uomo.pittimmagine.com/en/pittimmagine/fairs/uomo/exhibitors/W/w6yz,True,True,True,4,
WAHTS,Netherlands,,Lifestyle; Sustainable; Essentials; Nordic Style; Globetrotter; Activewear; Sportswear; Informal; Urban; Contemporary,Pitti Uomo 110,http://www.wahts.com,office@wahts.com,20 354 2015,https://www.linkedin.com/company/wahts/,wahts,https://www.instagram.com/wahts_official,wahts_official,,,PADIGLIONE CENTRALE / PIANO ATTICO / A/9,,,https://uomo.pittimmagine.com/en/pittimmagine/fairs/uomo/exhibitors/W/wahts,True,True,True,5,
WALKER SLATER,United Kingdom,,British Style; Classic; Contemporary; Collection,Pitti Uomo 110,http://www.walkerslater.com,info@walkerslater.com,+44 131 220 2636,,,https://www.instagram.com/walkerslater,walkerslater,,,PADIGLIONE CENTRALE / SALONE M P.INFERIORE / 18,,,https://uomo.pittimmagine.com/en/pittimmagine/fairs/uomo/exhibitors/W/walker-slater,True,True,True,4,
WALSH,United Kingdom,,,Pitti Uomo 110,,,,,,,,,,PADIGLIONE CAVANIGLIA / 25,,,,False,False,False,0,
WAX LONDON,United Kingdom,,,Pitti Uomo 110,https://waxlondon.com,info@waxlondon.com,000 28 30 32 34 36 38,,,https://www.instagram.com/waxlondonclothing,waxlondonclothing,,,ARSENALE / PIANO TERRA / 22,,,https://uomo.pittimmagine.com/en/pittimmagine/fairs/uomo/exhibitors/W/wax-london,True,True,True,4,
WEEKEND OFFENDER,United Kingdom,,,Pitti Uomo 110,https://www.weekendoffender.com,customercare@weekendoffender.com,+44(0)1332 342 068,,,https://www.instagram.com/weekendoffender,weekendoffender,,,ARMERIA / 3,,,https://uomo.pittimmagine.com/en/pittimmagine/fairs/uomo/exhibitors/W/weekend-offender,True,True,True,4,
WIGÉNS,Sweden,,,Pitti Uomo 110,http://www.houseofamandachristensen.com,economy@houseofamandachristensen.com,556051925701,https://www.linkedin.com/company/18203634/,18203634,https://www.instagram.com/wigenssweden,wigenssweden,,,PADIGLIONE CENTRALE / PIANO INFERIORE / O/19,,,https://uomo.pittimmagine.com/en/pittimmagine/fairs/uomo/exhibitors/W/wig-ns,True,True,True,5,
WILLIAM PALMER,United Kingdom,,,Pitti Uomo 110,,,,,,,,,,SALA DELLE NAZIONI / B/1,,,,False,False,False,0,
WOC,Italy,,Essentials; Activewear; Premium Streetwear; Informal; Urban; Youth Culture; Contemporary,Pitti Uomo 110,https://wocbrand.com,info@wocbrand.com,,,,https://www.instagram.com/woc_brand,woc_brand,,,ARSENALE / PIANO TERRA / 28-33,,,https://uomo.pittimmagine.com/en/pittimmagine/fairs/uomo/exhibitors/W/woc,True,True,False,3,
WOODBIRD,Denmark,,,Pitti Uomo 110,https://woodbird.eu,nihao@woodbird.eu,95 26 27 28 29 30 31,https://www.linkedin.com/company/woodbird,woodbird,https://www.instagram.com/woodbirdofficial,woodbirdofficial,,,ARMERIA / 6,,,https://uomo.pittimmagine.com/en/pittimmagine/fairs/uomo/exhibitors/W/woodbird,True,True,True,5,
WOOL & CO,Italy,,,Pitti Uomo 110,http://www.woolgroup.it,info@woolgroup.it,0558790078,,,https://www.instagram.com/woolandco,woolandco,,,PADIGLIONE CENTRALE / PIANO TERRA / H/10,,,https://uomo.pittimmagine.com/en/pittimmagine/fairs/uomo/exhibitors/W/wool---co,True,True,True,4,
WOOLRICH,U.S.A.,,Workwear; Outdoor; Premium Streetwear; Urban,Pitti Uomo 110,,,,,,https://www.instagram.com/woolrich,woolrich,,,PIAZZALE GHIAIA / 2,,,https://uomo.pittimmagine.com/en/pittimmagine/fairs/uomo/exhibitors/W/woolrich,False,False,False,1,
WOZ,Italy,,Sustainable; New Formal,Pitti Uomo 110,http://WWW.WOZ.IT,info@woz.it,+39 055 879 0060,,,https://www.instagram.com/wozshoes,wozshoes,https://www.facebook.com/wozshoe,wozshoe,PADIGLIONE CAVANIGLIA / 109,,,https://uomo.pittimmagine.com/en/pittimmagine/fairs/uomo/exhibitors/W/woz,True,True,True,4,
WRONG FRIENDS,Netherlands,,Lifestyle; Special Co-Lab/Limited Edition; Essentials; Denimwear; Premium Streetwear; Informal; Urban; Youth Culture; Collection,Pitti Uomo 110,https://wrong-friends.nl,info@wrong-friends.com,+31 (0)850602000,,,https://www.instagram.com/wrong.friends,wrong.friends,,,ARMERIA / 7,,,https://uomo.pittimmagine.com/en/pittimmagine/fairs/uomo/exhibitors/W/wrong-friends,True,True,True,4,
WYETH,U.S.A.,,Lifestyle; Agender; Classic; Outdoor; Premium Streetwear; Craftsmanship; Contemporary,Pitti Uomo 110,http://www.wyethusa.com,hello@wyethusa.com,,,,https://www.instagram.com/wyeth_usa,wyeth_usa,,,ARSENALE / PIANO TERRA / 45,,,https://uomo.pittimmagine.com/en/pittimmagine/fairs/uomo/exhibitors/W/wyeth,True,True,False,3,
XACUS,Italy,,Lifestyle; Sustainable; Classic; New Formal; Denimwear; Outdoor; High Performance; Activewear; Sportswear; Contemporary,Pitti Uomo 110,http://www.xacus.com,customercare@xacus.com,00297930240,https://www.linkedin.com/company/xacus-s-r-l-,xacus-s-r-l-,https://www.instagram.com/xacus,xacus,,,PADIGLIONE CENTRALE / PIANO INFERIORE / N/1-2 O/1-3,,,https://uomo.pittimmagine.com/en/pittimmagine/fairs/uomo/exhibitors/X/xacus,True,True,True,5,
XD MEN,Croatia,,Essentials; Agender; Cutting-Edge; Urban; Youth Culture; Contemporary; Upcycling,Pitti Uomo 110,http://www.ssyynn.com; www.xenia-design.com,,,,,,,,,SALA DELLE NAZIONI / B/36,,,https://uomo.pittimmagine.com/en/pittimmagine/fairs/uomo/exhibitors/X/xd-men,False,True,False,1,
YACHTING SOUL,Italy,,Lifestyle; Denimwear; Workwear; Globetrotter; Sportswear; Premium Streetwear; Youth Culture,Pitti Uomo 110,,,,,,,,,,ARMERIA / 10-12,,,https://uomo.pittimmagine.com/en/pittimmagine/fairs/uomo/exhibitors/Y/yachting-soul,False,False,False,0,
YES ZEE,Italy,,Lifestyle; Sustainable; Essentials; Denimwear; Informal; Urban,Pitti Uomo 110,http://www.essenza.it,,,,,https://www.instagram.com/yeszeeofficial,yeszeeofficial,,,PADIGLIONE CENTRALE / PIANO TERRA / K/11-13 L/12-14,,,https://uomo.pittimmagine.com/en/pittimmagine/fairs/uomo/exhibitors/Y/yes-zee,False,True,False,2,
YUNLI - OUTOPIA BY VANISH,Korea (South),,,Pitti Uomo 110,,,,,,,,,,SALA DELLA RONDA / 24-25,,,,False,False,False,0,
ZAMPIERE,Spain,,Lifestyle; Classic; New Formal; Premium Streetwear; Informal; Urban; Luxury; Craftsmanship; Contemporary,Pitti Uomo 110,http://WWW.zampiere.com,info@zampiere.com,,,,https://www.instagram.com/zampiereshoes,zampiereshoes,,,PADIGLIONE CENTRALE / SALONE M P.INFERIORE / 15,,,https://uomo.pittimmagine.com/en/pittimmagine/fairs/uomo/exhibitors/Z/zampiere,True,True,False,3,
ZARDUS,Portugal,,Lifestyle; Sustainable; Nordic Style; Japan Style; British Style; Premium Streetwear; Urban; Youth Culture; Craftsmanship; Contemporary,Pitti Uomo 110,http://www.zardus.com,global@zardus.pt,+351919686387,,,https://www.instagram.com/zardus_shoes,zardus_shoes,https://www.facebook.com/zardusshoes,zardusshoes,SALA DELLE NAZIONI / A/45,,,https://uomo.pittimmagine.com/en/pittimmagine/fairs/uomo/exhibitors/Z/zardus,True,True,True,4,
ZEYBRA,Italy,,Lifestyle; Sustainable; Essentials; Activewear; Luxury; Contemporary; Collection,Pitti Uomo 110,https://zeybra.com,store@clan.it,01653360204,,,https://www.instagram.com/zeybra_portofino,zeybra_portofino,https://www.facebook.com/zeybra.portofino,zeybra.portofino,PADIGLIONE CENTRALE / PIANO TERRA / K/20,,,https://uomo.pittimmagine.com/en/pittimmagine/fairs/uomo/exhibitors/Z/zeybra,True,True,True,4,
ZIFEI WANG - CHINA WAVE,China,,,Pitti Uomo 110,,,,,,,,,,COSTRUZIONI LORENESI / PIANO TERRA,,,,False,False,False,0,
ZUITABLE,Germany,,Lifestyle; Essentials; New Formal; High Performance; Activewear; Urban; Contemporary; Collection,Pitti Uomo 110,https://zuitable.com,,,,,https://www.instagram.com/zuitablefashion,zuitablefashion,,,RONDINO / 9,,,https://uomo.pittimmagine.com/en/pittimmagine/fairs/uomo/exhibitors/Z/zuitable,False,True,False,2,
ZYPHOR,United Kingdom,,,Pitti Uomo 110,https://zyphor.io,,,,,https://www.instagram.com/zyphor.io,zyphor.io,,,SALA DELLA RONDA / 18,,,https://uomo.pittimmagine.com/en/pittimmagine/fairs/uomo/exhibitors/Z/zyphor,False,True,False,2,
2Y Premium,Türkiye,,,Source Fashion London Jul 7-9 2026,,,,,,,,,,,Hall: Hall N1-N5 Stand: B20,,https://www.source-fashion.com/exhibitors/2y-premium,False,False,False,0,
A-GATE TEXTILE,Türkiye,,,Source Fashion London Jul 7-9 2026,https://cookiepedia.co.uk/giving-consent-to-cookies,info@cookiepedia.co.uk,,https://www.linkedin.com/company/OneTrust,OneTrust,,,,,,Hall: Hall N1-N5 Stand: B21,,https://www.source-fashion.com/exhibitors/gate-textile,True,True,False,3,
Absolute Apparel Ltd,United Kingdom,,Garment Manufacturer / Apparel,Source Fashion London Jul 7-9 2026,https://www.casualclassics.co.uk/,,,https://www.linkedin.com/company/absolute-apparel-ltd,absolute-apparel-ltd,https://www.instagram.com/casualclassicsuk/,casualclassicsuk,https://www.facebook.com/people/Absolute-Apparel/100037550725926/#,people,,Hall: Hall N7-N10 Stand: G11,"Racecourse Road,, Wolverhampton,, WV6 0QD",https://www.source-fashion.com/exhibitors/absolute-apparel,False,True,False,3,
Achiever Apparels Pvt Ltd.,India,122001,Garment Manufacturer / Apparel,Source Fashion London Jul 7-9 2026,https://achieverapparels.com/,marketing@achieverapparels.in,+911244816000,,,,,,,,Hall: Grand Hall Stand: F25,"Plot No - 669,, Gurgaon, Haryana, 122001",https://www.source-fashion.com/exhibitors/achiever-apparels-pvt--1,True,True,True,3,
Ambertex Limited,United Kingdom,,Garment Manufacturer / Apparel,Source Fashion London Jul 7-9 2026,http://www.ambertex.com/,,,https://www.linkedin.com/company/ambertex/,ambertex,,,,,,Hall: Grand Hall Stand: E20,"1 Box Street, Walsall, Northern Europe, WS1 2JR",https://www.source-fashion.com/exhibitors/ambertex-limited,False,True,False,2,
Amplebox,United Kingdom,,Garment Manufacturer / Apparel,Source Fashion London Jul 7-9 2026,https://amplebox.co.uk/coming-soon/,info@amplebox.co.uk,,,,,,,,,Hall: National Ground Stand: G26,"Unit C, 180 Tithe Street, Leicester, LE5 4BN",https://www.source-fashion.com/exhibitors/amplebox,True,True,False,2,
An Hung JSC,,,,Source Fashion London Jul 7-9 2026,https://cookiepedia.co.uk/giving-consent-to-cookies,info@cookiepedia.co.uk,,https://www.linkedin.com/company/OneTrust,OneTrust,,,https://www.facebook.com/onetrustprivacy,onetrustprivacy,,Hall: Hall N1-N5 Stand: A13,,https://www.source-fashion.com/exhibitors/hung-jsc,True,True,False,3,
Apparel Tasker,United Kingdom,,Garment Manufacturer / Apparel,Source Fashion London Jul 7-9 2026,https://www.appareltasker.com/,contact@appareltasker.com,,https://www.linkedin.com/company/appareltasker,appareltasker,http://instagram.com/appareltasker,appareltasker,,,,Hall: Hall N1-N5 Stand: E10,"1 Bowood House, London, E3 3LT",https://www.source-fashion.com/exhibitors/apparel-tasker,True,True,False,4,
APTEL UNIFORMS INDIA PRIVATE LIMITED,India,000000,,Source Fashion London Jul 7-9 2026,https://cookiepedia.co.uk/giving-consent-to-cookies,,,https://www.linkedin.com/company/OneTrust,OneTrust,,,https://www.facebook.com/onetrustprivacy,onetrustprivacy,,Hall: Hall N1-N5 Stand: J2,"AUEXP/016/25 UNIT 16-19, 2ND FLOOR,, KOCHI,, KERALA,, 000000",https://www.source-fashion.com/exhibitors/aptel-uniforms-india-private-limited,False,True,False,2,
Arnav Embroideries Pvt. Ltd.,India,122002,,Source Fashion London Jul 7-9 2026,https://cookiepedia.co.uk/giving-consent-to-cookies,,,https://www.linkedin.com/company/OneTrust,OneTrust,,,https://www.facebook.com/onetrustprivacy,onetrustprivacy,,Hall: Grand Hall Stand: H20,"526, PACE CITY 2, SECTOR 37, GURUGRAM, HARYANA, 122002",https://www.source-fashion.com/exhibitors/arnav-embroideries-pvt-,False,True,False,2,
Asset International Fashion Ltd,Hong Kong,.,,Source Fashion London Jul 7-9 2026,https://cookiepedia.co.uk/giving-consent-to-cookies,info@cookiepedia.co.uk,,https://www.linkedin.com/company/OneTrust,OneTrust,,,https://www.facebook.com/onetrustprivacy,onetrustprivacy,,Hall: Hall N1-N5 Stand: C15,"Workshop 02, 17/F CRE Centre,, Kowloon,, Hong Kong, .",https://www.source-fashion.com/exhibitors/asset-international-fashion,True,True,False,3,
ASU CLOTHING,France,75002,,Source Fashion London Jul 7-9 2026,https://cookiepedia.co.uk/giving-consent-to-cookies,info@cookiepedia.co.uk,,https://www.linkedin.com/company/OneTrust,OneTrust,,,https://www.facebook.com/onetrustprivacy,onetrustprivacy,,Hall: Grand Hall Stand: H26,"59 Rue Montmartre, Paris, 75002",https://www.source-fashion.com/exhibitors/asu-clothing,True,True,False,3,
"ATMF, Apparel & Textile Manufacturers Federation",United Kingdom,,Garment Manufacturer / Apparel,Source Fashion London Jul 7-9 2026,https://atmf.co.uk/,info@atmf.co.uk,0116 367 1935,,,,,,,,Hall: Hall N7-N10 Stand: C3,"Phoenix House, 1st Floor, 1 King Street, Leicester, LE1 6RN",https://www.source-fashion.com/exhibitors/atmf-apparel-textile-manufacturers-federation,True,True,True,3,
"Babeeni Vietnam Co., Ltd",,,Garment Manufacturer / Apparel,Source Fashion London Jul 7-9 2026,https://babeeni.com/,,,https://vn.linkedin.com/company/babeeniofficial,babeeniofficial,https://www.instagram.com/babeeni.official/,babeeni.official,https://www.facebook.com/babeeni66,babeeni66,,Hall: Hall N1-N5 Stand: C14,,https://www.source-fashion.com/exhibitors/babeeni-vietnam-co,False,True,False,3,
BAGGI UK LIMITED,United Kingdom,,,Source Fashion London Jul 7-9 2026,https://cookiepedia.co.uk/giving-consent-to-cookies,info@cookiepedia.co.uk,,https://www.linkedin.com/company/OneTrust,OneTrust,,,https://www.facebook.com/onetrustprivacy,onetrustprivacy,,Hall: Hall N7-N10 Stand: C23,"17 Loudon Avenue, Coventry, CV6 1JJ",https://www.source-fashion.com/exhibitors/baggi-uk-limited,True,True,False,3,
BCSIZING - HYPER HYPER,Cyprus,6056,Technology / Services,Source Fashion London Jul 7-9 2026,https://bcsizing.com/,info@bcsizing.com,,https://www.linkedin.com/company/bcsizing,bcsizing,https://www.instagram.com/bcsizing?igsh=Z3NmYmM1bnVtbmV6,bcsizing,https://www.facebook.com/profile.php?id=61572144696934,profile.php,,Hall: Grand Hall Stand: G22,"16 ANDROMEDAS SQUARE,, LARNACA,, CYPRUS, 6056",https://www.source-fashion.com/exhibitors/bcsizing-hyper-hyper,True,True,False,4,
BEYOND FIELD PTE. LTD.,China,068902,,Source Fashion London Jul 7-9 2026,https://cookiepedia.co.uk/giving-consent-to-cookies,info@cookiepedia.co.uk,,https://www.linkedin.com/company/OneTrust,OneTrust,,,,,,Hall: Hall N7-N10 Stand: E60,"112 ROBINSON ROAD #03-01 ROBINSON 112, SINGAPORE, SINGAPORE, 068902",https://www.source-fashion.com/exhibitors/beyond-field-pte-,True,True,False,3,
Bonas Socks,Türkiye,,Textile / Fabric,Source Fashion London Jul 7-9 2026,http://www.bonassocks.com/,info@bonassocks.com,,,,https://www.instagram.com/bonas.socks?igsh=MXdwNnRjaTVteGsxcw==,bonas.socks,,,,Hall: Hall N1-N5 Stand: A25,,https://www.source-fashion.com/exhibitors/bonas-socks,True,True,False,3,
BORDO Textile,Türkiye,34522,Garment Manufacturer / Apparel,Source Fashion London Jul 7-9 2026,https://bordogroup.com.tr/,info@bordogroup.com.tr,+902125561269,https://www.linkedin.com/company/bordogroupistanbul,bordogroupistanbul,https://www.instagram.com/bordoistanbul/,bordoistanbul,https://www.facebook.com/bordoistanbul,bordoistanbul,,Hall: Hall N1-N5 Stand: B31,"AKÇABURGAZ, ESENYURT, İSTANBUL, 34522",https://www.source-fashion.com/exhibitors/bordo-textile,True,True,True,5,
Cactus,India,201304,Garment Manufacturer / Apparel,Source Fashion London Jul 7-9 2026,https://www.cactussindia.com/,,,,,,,,,,Hall: Grand Hall Stand: F15,"G 67 Sector 63, Noida, 201304",https://www.source-fashion.com/exhibitors/cactus,False,True,False,1,
CAN FASHION PVT LTD,India,201301,Garment Manufacturer / Apparel,Source Fashion London Jul 7-9 2026,https://www.candesigns.in/,,,,,,,,,,Hall: Grand Hall Stand: E25,"C-57, Sector-57,, Noida,, 201301",https://www.source-fashion.com/exhibitors/fashion-pvt,False,True,False,1,
"CARDIFF (XIAMEN)TECHNOLOGY CO.,LTD",China,361021,,Source Fashion London Jul 7-9 2026,https://cookiepedia.co.uk/giving-consent-to-cookies,info@cookiepedia.co.uk,,https://www.linkedin.com/company/OneTrust,OneTrust,,,,,,Hall: Hall N7-N10 Stand: B76,"3F, B-11#, Duiying RD, Jimei district, Xiamen, Fujian, 361021",https://www.source-fashion.com/exhibitors/cardiff-xiamentechnology-co,True,True,False,3,
Changshu Real,China,215516,,Source Fashion London Jul 7-9 2026,https://cookiepedia.co.uk/giving-consent-to-cookies,info@cookiepedia.co.uk,,https://www.linkedin.com/company/OneTrust,OneTrust,,,,,,Hall: Hall N7-N10 Stand: G50,"Building 2# ,18# longtong Road, Changshu, Jiangsu, 215516",https://www.source-fashion.com/exhibitors/changshu-real,True,True,False,3,
ChangZhou TopCredit International Trading Company,China,213003,,Source Fashion London Jul 7-9 2026,https://cookiepedia.co.uk/giving-consent-to-cookies,info@cookiepedia.co.uk,,https://www.linkedin.com/company/OneTrust,OneTrust,,,,,,Hall: Hall N1-N5 Stand: F72,"19th floor, Building 6, Injoy international Building, ChangZhou, JiangSu, 213003",https://www.source-fashion.com/exhibitors/changzhou-topcredit-international-trading-company,True,True,False,3,
Chaudhary Fashion,Pakistan,.,Garment Manufacturer / Apparel,Source Fashion London Jul 7-9 2026,https://www.chaudharyfashion.com/,usman@chaudharyfashion.com,+447448657467,,,,,,,,Hall: Grand Hall Stand: G20,"Punjab Industry, Malikpur Road Nishtabad, Faisalabad, .",https://www.source-fashion.com/exhibitors/chaudhary-fashion,True,True,True,3,
Coal City,Türkiye,,Textile / Fabric,Source Fashion London Jul 7-9 2026,http://www.coalcity.com.tr/,satis@vatekstil.com,,https://www.linkedin.com/company/aksoy-tekstil,aksoy-tekstil,https://www.instagram.com/coalcity_wholesale?igsh=MWxsbjgzdmlxeXhuMQ%3D%3D&utm_source=qr,coalcity_wholesale,https://www.facebook.com/people/Coal-C%C4%B1ty/61560225865233/#,people,,Hall: Hall N1-N5 Stand: B30,,https://www.source-fashion.com/exhibitors/coal-city,True,True,False,4,
Coton Code Garments,India,641602,Garment Manufacturer / Apparel,Source Fashion London Jul 7-9 2026,https://www.cotoncode.com/,contact_us@cotoncode.com,,https://www.linkedin.com/company/coton-code-garments/,coton-code-garments,,,,,,Hall: Grand Hall Stand: E21,"No.1/14A, Shakti nagar, P.N.Road,, Tirupur,, Tamil Nadu,, 641602",https://www.source-fashion.com/exhibitors/coton-code-garments,True,True,False,3,
Courtney and Co.,United Kingdom,,Technology / Services,Source Fashion London Jul 7-9 2026,https://courtneyandco.uk/,enquiries@courtneyandco.uk,07585 667310,https://uk.linkedin.com/company/courtney-co-button-makers,courtney-co-button-makers,https://www.instagram.com/courtneycobuttonmakers/,courtneycobuttonmakers,,,,Hall: Hall N1-N5 Stand: E2,"Unit 2 Bourton Link, Bourton-on-the-Water, GL54 2HQ",https://www.source-fashion.com/exhibitors/courtney-co,True,True,True,5,
CWT BLANKS LTD,United Kingdom,,,Source Fashion London Jul 7-9 2026,https://cookiepedia.co.uk/giving-consent-to-cookies,info@cookiepedia.co.uk,,https://www.linkedin.com/company/OneTrust,OneTrust,,,,,,Hall: Grand Hall Stand: C21,"50 Woodgate,, Leicester, LE3 5GF",https://www.source-fashion.com/exhibitors/cwt-blanks,True,True,False,3,
Dee Kay Knitwear Ltd,United Kingdom,,,Source Fashion London Jul 7-9 2026,https://deekayknitwear.com/,info@deekayknitwear.com,01162 537 560,,,,,https://www.facebook.com/deekayknitwear,deekayknitwear,,Hall: Grand Hall Stand: E24,"61 Bradgate Street, Leicester, LE4 0AW",https://www.source-fashion.com/exhibitors/dee-kay-knitwear-1,True,True,True,3,
Denimai,Türkiye,,,Source Fashion London Jul 7-9 2026,https://cookiepedia.co.uk/giving-consent-to-cookies,info@cookiepedia.co.uk,,https://www.linkedin.com/company/OneTrust,OneTrust,,,,,,Hall: Hall N1-N5 Stand: C20,,https://www.source-fashion.com/exhibitors/denimai,True,True,False,3,
Desert Crafts,India,302020,Garment Manufacturer / Apparel,Source Fashion London Jul 7-9 2026,https://www.desertcrafts.in/,info@desertcrafts.in,,,,https://www.instagram.com/desert_crafts,desert_crafts,,,,Hall: Grand Hall Stand: D34,"2nd FLOOR, F-202-204, JAIPUR, 302020",https://www.source-fashion.com/exhibitors/desert-crafts,True,True,False,3,
Diva's Leather,Türkiye,,,Source Fashion London Jul 7-9 2026,https://cookiepedia.co.uk/giving-consent-to-cookies,info@cookiepedia.co.uk,,https://www.linkedin.com/company/OneTrust,OneTrust,,,,,,Hall: Hall N1-N5 Stand: C34,,https://www.source-fashion.com/exhibitors/divas-leather,True,True,False,3,
"DONGGUAN YUFENGLIN GARMENT CO.,LTD",China,523900,,Source Fashion London Jul 7-9 2026,https://cookiepedia.co.uk/giving-consent-to-cookies,info@cookiepedia.co.uk,,https://www.linkedin.com/company/OneTrust,OneTrust,,,,,,Hall: Hall N7-N10 Stand: D51,"No#10,2nd Industrial Zone,Jiumen Zhai, Dongguan, Guangdong, 523900",https://www.source-fashion.com/exhibitors/dongguan-yufenglin-garment-co,True,True,False,3,
"Dongguan Aotu Trading Co., Ltd.",China,523770,,Source Fashion London Jul 7-9 2026,https://cookiepedia.co.uk/giving-consent-to-cookies,info@cookiepedia.co.uk,,https://www.linkedin.com/company/OneTrust,OneTrust,,,,,,Hall: Hall N1-N5 Stand: B81,"Room #373, 3F, 2nd street, B Area, No.229, Road FuKang, Dalang Town,, Dongguan City,, Guangdong Province,, 523770",https://www.source-fashion.com/exhibitors/dongguan-aotu-trading-co-,True,True,False,3,
"Dongguan Bless Sportswear Co.,Ltd",China,523900,Garment Manufacturer / Apparel,Source Fashion London Jul 7-9 2026,https://blesstreetwear.com/,melissalv@bless-dg.com,008613415922747,,,https://www.instagram.com/blesssportswear1/,blesssportswear1,https://www.facebook.com/profile.php?id=100095093648822,profile.php,,Hall: Hall N1-N5 Stand: E50,"2 Floor, No.3 Building, No59# 9th Longyan Road, Dongguan, Guangdong, 523900",https://www.source-fashion.com/exhibitors/dongguan-bless-sportswear-co,True,True,True,4,
Dongguan Bloomtimes Expo Co. Ltd,China,523013,,Source Fashion London Jul 7-9 2026,https://www.bloomtimes.cn/,info@bloomtimes.cn,2026-05-14 2026,,,,,,,,Hall: Grand Hall Stand: Dongguan Bloomtimes,"B602, Hongxi center, No.2 Tiyu Road, Dongguan, Guangdong, Nancheng District, 523013",https://www.source-fashion.com/exhibitors/dongguan-bloomtimes-expo-co-3,True,True,True,3,
"Dongguan City Zhong Yi Fashion Co.,Ltd.",China,,,Source Fashion London Jul 7-9 2026,https://cookiepedia.co.uk/giving-consent-to-cookies,info@cookiepedia.co.uk,,https://www.linkedin.com/company/OneTrust,OneTrust,,,,,,Hall: Hall N7-N10 Stand: F60,,https://www.source-fashion.com/exhibitors/dongguan-city-zhong-yi-fashion-co,True,True,False,3,
"DONGGUAN DALI CLOTHING CO., LTD.",China,523000,Garment Manufacturer / Apparel,Source Fashion London Jul 7-9 2026,https://cookiepedia.co.uk/giving-consent-to-cookies,info@cookiepedia.co.uk,,https://www.linkedin.com/company/OneTrust,OneTrust,,,,,,Hall: Hall N7-N10 Stand: C52,"Room 101, Building 8, No.78, Longyan 13 Road, Humen Town, Dongguan, Guangdong, 523000",https://www.source-fashion.com/exhibitors/dongguan-dali-clothing-co-,True,True,False,3,
"DONGGUAN DREAM HORSE CLOTHING CO., LTD.",China,523777,,Source Fashion London Jul 7-9 2026,https://cookiepedia.co.uk/giving-consent-to-cookies,info@cookiepedia.co.uk,,https://www.linkedin.com/company/OneTrust,OneTrust,,,,,,Hall: Hall N1-N5 Stand: E70,"Building No.1 ,2nd floor ,No.38 Changlang Road ,, Dongguan City, 523777",https://www.source-fashion.com/exhibitors/dongguan-dream-horse-clothing-co-,True,True,False,3,
Dongguan Fnjia Knitwear Co.ltd,China,523000,Garment Manufacturer / Apparel,Source Fashion London Jul 7-9 2026,http://www.fnjiagroup.com/,fnjia@fnjiaknitwear.com,+86 13332628857,https://www.linkedin.com/company/102690925/admin/page-posts/published/,102690925,https://www.instagram.com/fnjiaclothing/,fnjiaclothing,https://www.facebook.com/fnjiagroup1,fnjiagroup1,,Hall: Hall N7-N10 Stand: E65,"Room 304-305, C1 Building, No.16, Keji 4th. Road, Dongguan, Guangdong, 523000",https://www.source-fashion.com/exhibitors/dongguan-fnjia-knitwear-co,True,True,True,5,
"DONGGUAN GUOOU TRADING CO., LTD.",China,523777,,Source Fashion London Jul 7-9 2026,https://cookiepedia.co.uk/giving-consent-to-cookies,info@cookiepedia.co.uk,,https://www.linkedin.com/company/OneTrust,OneTrust,,,,,,Hall: Hall N7-N10 Stand: D45,"Room 301, No. 26, Shunxing 4th Road, Dalang Town, Dongguan, Guangdong, 523777",https://www.source-fashion.com/exhibitors/dongguan-guoou-trading-co-,True,True,False,3,
"Dongguan Hui Li Clothing Co., Ltd.",China,523920,,Source Fashion London Jul 7-9 2026,https://cookiepedia.co.uk/giving-consent-to-cookies,info@cookiepedia.co.uk,,https://www.linkedin.com/company/OneTrust,OneTrust,,,,,,Hall: Hall N7-N10 Stand: A71,"NO. 4 BUILDING,WANGWU WEST INDUSTRIAL AREA, DONGGUAN CITY, GUANGDONG PROVINCE, 523920",https://www.source-fashion.com/exhibitors/dongguan-hui-li-clothing-co-,True,True,False,3,
"Dongguan Hysinger Knitwear Co., Limited",China,523577,,Source Fashion London Jul 7-9 2026,https://cookiepedia.co.uk/giving-consent-to-cookies,info@cookiepedia.co.uk,,https://www.linkedin.com/company/OneTrust,OneTrust,,,,,,Hall: Hall N1-N5 Stand: C63,"Room 601, No.8, Sukeng Road, Changping Town, Dongguan, GuangDong, 523577",https://www.source-fashion.com/exhibitors/dongguan-hysinger-knitwear-co-limited,True,True,False,3,
"Dongguan Lilian clothing co.,ltd",China,523900,,Source Fashion London Jul 7-9 2026,https://cookiepedia.co.uk/giving-consent-to-cookies,info@cookiepedia.co.uk,,https://www.linkedin.com/company/OneTrust,OneTrust,,,,,,Hall: Hall N1-N5 Stand: A77,"room 102,1st floor .Zhaoyi Industrial Park, Dongguan, Guangdong, 523900",https://www.source-fashion.com/exhibitors/dongguan-lilian-clothing-co,True,True,False,3,
DongGuan Metro Clothing Company,China,HONG KONG SAR,,Source Fashion London Jul 7-9 2026,https://cookiepedia.co.uk/giving-consent-to-cookies,info@cookiepedia.co.uk,,https://www.linkedin.com/company/OneTrust,OneTrust,,,,,,Hall: Hall N1-N5 Stand: B51,"13/F GOLDEN DRAGON COMM BLDG, KL, HONG KONG SAR",https://www.source-fashion.com/exhibitors/dongguan-metro-clothing-company,True,True,False,3,
"Dongguan Minghang Garments Co., Ltd.",China,.,Garment Manufacturer / Apparel,Source Fashion London Jul 7-9 2026,https://minghangfashion.en.alibaba.com/,info@minghangfashion.en.alibaba.com,,,,,,,,,Hall: Hall N7-N10 Stand: D40,"Room 1-1308, E-Commerce Industry Zone, Dongguan, Guangdong, .",https://www.source-fashion.com/exhibitors/dongguan-minghang-garments-co-2,True,True,False,2,
"Dongguan Qianjiayi Garment Co., Ltd.",China,Guangdong,,Source Fashion London Jul 7-9 2026,https://cookiepedia.co.uk/giving-consent-to-cookies,info@cookiepedia.co.uk,,https://www.linkedin.com/company/OneTrust,OneTrust,,,,,,Hall: Hall N7-N10 Stand: B58,"Room 701, No. 78 Bochong Road, Humen Town, Dongguan, Guangdong",https://www.source-fashion.com/exhibitors/dongguan-qianjiayi-garment-co-,True,True,False,3,
"Dongguan Ramax Fashion Co., Ltd.",China,523911,,Source Fashion London Jul 7-9 2026,https://cookiepedia.co.uk/giving-consent-to-cookies,info@cookiepedia.co.uk,,https://www.linkedin.com/company/OneTrust,OneTrust,,,,,,Hall: Hall N7-N10 Stand: C50,"6th Floor, Building No.C, Caijie Center, Dongguan, Guangdong, 523911",https://www.source-fashion.com/exhibitors/dongguan-ramax-fashion-co-,True,True,False,3,
"Dongguan Ruifei Garment Co.,Ltd",China,510000,,Source Fashion London Jul 7-9 2026,https://cookiepedia.co.uk/giving-consent-to-cookies,info@cookiepedia.co.uk,,https://www.linkedin.com/company/OneTrust,OneTrust,,,,,,Hall: Hall N1-N5 Stand: A10,"No.13 Longguan Industrial Road, Dongguan, Guangdong, 510000",https://www.source-fashion.com/exhibitors/dongguan-ruifei-garment-co,True,True,False,3,
"Dongguan Shuofeng Sports Products Co.,Ltd",China,528206,,Source Fashion London Jul 7-9 2026,https://cookiepedia.co.uk/giving-consent-to-cookies,info@cookiepedia.co.uk,,https://www.linkedin.com/company/OneTrust,OneTrust,,,,,,Hall: Hall N7-N10 Stand: D61,"501 room , 5th Congxin road, Dongguan, Guangdong, 528206",https://www.source-fashion.com/exhibitors/dongguan-shuofeng-sports-products-co,True,True,False,3,
"Dongguan Siyinghong Garment Co.,Ltd",Hong Kong,000000,,Source Fashion London Jul 7-9 2026,https://cookiepedia.co.uk/giving-consent-to-cookies,info@cookiepedia.co.uk,,https://www.linkedin.com/company/OneTrust,OneTrust,,,,,,Hall: Hall N7-N10 Stand: D44,"Flat 404A, 4/F, Beverley Commercial Centre, Kowloon, Hong Kong, 000000",https://www.source-fashion.com/exhibitors/dongguan-siyinghong-garment-co,True,True,False,3,
"Dongguan Sunlight Garment Factory Co., LTD",China,523330,,Source Fashion London Jul 7-9 2026,https://cookiepedia.co.uk/giving-consent-to-cookies,info@cookiepedia.co.uk,,https://www.linkedin.com/company/OneTrust,OneTrust,,,,,,Hall: Hall N7-N10 Stand: D62,"No.2 shatang road, Puxin Industrial Zone, Shipai Town, Dongguan, Guangdong, 523330",https://www.source-fashion.com/exhibitors/dongguan-sunlight-garment-factory-co,True,True,False,3,
"Dongguan Tianyuan Business Co.,Ltd.",China,Guangdong,,Source Fashion London Jul 7-9 2026,https://cookiepedia.co.uk/giving-consent-to-cookies,info@cookiepedia.co.uk,,https://www.linkedin.com/company/OneTrust,OneTrust,,,,,,Hall: Hall N7-N10 Stand: D52,"Room 202, No. 62, Changdi Road, Humen Town, Dongguan, Guangdong",https://www.source-fashion.com/exhibitors/dongguan-tianyuan-business-co,True,True,False,3,
DONGGUAN WENXUAN CLOTHING CO.. LTD,China,523560,,Source Fashion London Jul 7-9 2026,https://cookiepedia.co.uk/giving-consent-to-cookies,info@cookiepedia.co.uk,,https://www.linkedin.com/company/OneTrust,OneTrust,,,,,,Hall: Hall N1-N5 Stand: B75,"NO.2 of 2nd XINGLONG ROAD, XIAXUINDUSTRIAL ZONE,, DONGGUAN CITY,, GUANGDONG PROVINCE., 523560",https://www.source-fashion.com/exhibitors/dongguan-wenxuan-clothing-co,True,True,False,3,
"Dongguan Xiaofeiniu Garment Co., Ltd.",China,523230,,Source Fashion London Jul 7-9 2026,https://cookiepedia.co.uk/giving-consent-to-cookies,info@cookiepedia.co.uk,,https://www.linkedin.com/company/OneTrust,OneTrust,,,,,,Hall: Hall N7-N10 Stand: D60,"301, 302 Room Fifth Ring Road, Dongguan, GuangDong, 523230",https://www.source-fashion.com/exhibitors/dongguan-xiaofeiniu-garment-co-,True,True,False,3,
"DONGGUAN XIUYU FASHION CO.,LTD",China,GUANGDONG,,Source Fashion London Jul 7-9 2026,https://www.showsapparelcn.com/,sales2@showsapparel.com,+86-13929597519,,,https://www.instagram.com/xiuyu_fashion_garment,xiuyu_fashion_garment,https://www.facebook.com/profile.php,profile.php,,Hall: Hall N7-N10 Stand: G53,"FLOOR 301-401-501, BUILDING 1, NO. 6, DONGGUAN, GUANGDONG",https://www.source-fashion.com/exhibitors/dongguan-xiuyu-fashion-co,True,True,True,4,
"Dongguan Yiman Apparel Co., Ltd.",China,Guangdong,,Source Fashion London Jul 7-9 2026,https://cookiepedia.co.uk/giving-consent-to-cookies,info@cookiepedia.co.uk,,https://www.linkedin.com/company/OneTrust,OneTrust,,,,,,Hall: Hall N7-N10 Stand: D53,"No. 31 Yuyuan, Xialang Village, Dongguan, Guangdong",https://www.source-fashion.com/exhibitors/dongguan-yiman-apparel-co-,True,True,False,3,
Draper Company Limited,Hong Kong,N.T. Hong Kong,,Source Fashion London Jul 7-9 2026,https://www.draperhk.com/en/,info@draperhk.com,+85224810339,https://www.linkedin.com/company/draper-company-ltd/,draper-company-ltd,,,,,,Hall: Grand Hall Stand: C33,"Unit A&D, 18/F., Hoover Industrial Building, 26-38 Kwai Cheong Road, Kwai Chung, N.T. Hong Kong",https://www.source-fashion.com/exhibitors/draper-company-limited,True,True,True,4,
Economic Development Board (EDB) Mauritius,Mauritius,72201,,Source Fashion London Jul 7-9 2026,https://cookiepedia.co.uk/giving-consent-to-cookies,info@cookiepedia.co.uk,,https://www.linkedin.com/company/OneTrust,OneTrust,,,,,,Hall: Hall N1-N5 Stand: (EDB) Mauritius-81m,"Ground Floor, 7 Exchange Square, Wall Street,, Ebene, 72201",https://www.source-fashion.com/exhibitors/economic-development-board-edb-mauritius,True,True,False,3,
Eustilita,Lithuania,LT-48399,Garment Manufacturer / Apparel,Source Fashion London Jul 7-9 2026,https://natutui.com/en/,info@natutui.com,+37069997137,https://www.linkedin.com/company/natutui,natutui,https://www.instagram.com/natutui.studio,natutui.studio,https://www.facebook.com/profile.php,profile.php,,Hall: Grand Hall Stand: F26,"Bijunu str. 12, Kaunas, LT-48399",https://www.source-fashion.com/exhibitors/eustilita,True,True,True,5,
EXPLICIT IMPORT EXPORT PVT LTD.,India,121003,,Source Fashion London Jul 7-9 2026,https://cookiepedia.co.uk/giving-consent-to-cookies,,,,,,,,,,Hall: Hall N7-N10 Stand: J20,"PLOT NO.8 14/3, SECTOR 31,, FARIDABAD HARYANA,, 121003",https://www.source-fashion.com/exhibitors/explicit-import-export-pvt-,False,True,False,1,
EYMEN (formerly Bintem),Türkiye,34490,Garment Manufacturer / Apparel,Source Fashion London Jul 7-9 2026,http://www.bintemcollection.com/,info@bintemcollection.com,+902126741861,,,https://www.instagram.com/bintemcollection,bintemcollection,https://www.facebook.com/bintemcollection,bintemcollection,,Hall: Hall N1-N5 Stand: A31,"İkitelli OSB Mah. Çevre Sanayi Sitesi 1. Blok No:29, BAŞAKŞEHİR, Istanbul, 34490",https://www.source-fashion.com/exhibitors/eymen-formerly-bintem,True,True,True,4,
Fashion-Enter Ltd,United Kingdom,,Garment Manufacturer / Apparel,Source Fashion London Jul 7-9 2026,https://www.fashioncapital.co.uk/,editor@fashioncapital.co.uk,+4402088093311,https://www.linkedin.com/company/fashion-enter,fashion-enter,https://www.instagram.com/fashionenterltd/,fashionenterltd,https://www.facebook.com/FashionEnter/,FashionEnter,,Hall: Hall N1-N5 Stand: E14,"Unit 4, 167 Hermitage Rd, London, N4 1LZ",https://www.source-fashion.com/exhibitors/fashion-enter,True,True,True,5,
"FENYI COUNTY FULL GEM FASHION CO., LTD.",China,Nanchang City,,Source Fashion London Jul 7-9 2026,https://cookiepedia.co.uk/giving-consent-to-cookies,info@cookiepedia.co.uk,,https://www.linkedin.com/company/OneTrust,OneTrust,,,,,,Hall: Hall N1-N5 Stand: D81,"Chengnan Village,Qingyunpu District ,, Nanchang City",https://www.source-fashion.com/exhibitors/fenyi-county-full-gem-fashion-co-,True,True,False,3,
Flexlume Global Limited,Hong Kong,000000,Sustainable / Eco,Source Fashion London Jul 7-9 2026,https://www.jecher.com/en,info@jecher.com,+447398571569,,,https://www.instagram.com/jecher2026?igsh=Y29sdDV0ODZxdHNt,jecher2026,https://www.facebook.com/share/1XNA8JdRU3/?mibextid=wwXIfr,share,,Hall: Hall N7-N10 Stand: D20,"Room 704, 7/F., New Mandarin Plaza,, Kowloon, 000000",https://www.source-fashion.com/exhibitors/flexlume-global-limited,True,True,True,4,
Folks Trading Ltd,United Kingdom,,,Source Fashion London Jul 7-9 2026,https://cookiepedia.co.uk/giving-consent-to-cookies,info@cookiepedia.co.uk,,https://www.linkedin.com/company/OneTrust,OneTrust,,,,,,Hall: Grand Hall Stand: D24,"Ace Centre, Nelson, BB9 7NN",https://www.source-fashion.com/exhibitors/folks-trading,True,True,False,3,
"FP Vietnam Co., Ltd",,,Garment Manufacturer / Apparel,Source Fashion London Jul 7-9 2026,https://www.frenchpeopledesign.com/,info@frenchpeopledesign.com,+8615000396665,https://www.linkedin.com/company/french-people-design/,french-people-design,,,https://www.facebook.com/frenchpeopledesign,frenchpeopledesign,,Hall: Hall N1-N5 Stand: B12,,https://www.source-fashion.com/exhibitors/fp-vietnam-co,True,True,True,4,
Fred International,China,.,,Source Fashion London Jul 7-9 2026,https://cookiepedia.co.uk/giving-consent-to-cookies,info@cookiepedia.co.uk,,https://www.linkedin.com/company/OneTrust,OneTrust,,,,,,Hall: Hall N1-N5 Stand: B3,"RM.1206-1208 12Floor， Building A, Jiacheng Interational Masion,No.2168 TaiHu Xi Da Dao,, Wuxi, Jiangsu, .",https://www.source-fashion.com/exhibitors/fred-international,True,True,False,3,
"FUJIAN TSE INTERNATIONAL TRADING CO .,LTD",China,Fujian,,Source Fashion London Jul 7-9 2026,https://cookiepedia.co.uk/giving-consent-to-cookies,info@cookiepedia.co.uk,,https://www.linkedin.com/company/OneTrust,OneTrust,,,,,,Hall: Hall N7-N10 Stand: B41,"RM 506-508 Building NO.3,Biquan Industrial Park, Fuzhou, Fujian",https://www.source-fashion.com/exhibitors/fujian-tse-international-trading-co-,True,True,False,3,
"FULL-FAITH GARMENTS CO.,LTD.",China,315000,,Source Fashion London Jul 7-9 2026,https://cookiepedia.co.uk/giving-consent-to-cookies,info@cookiepedia.co.uk,,https://www.linkedin.com/company/OneTrust,OneTrust,,,,,,Hall: Hall N1-N5 Stand: H64,"15F, Future Int Building, No.666,, Ningbo,, China, 315000",https://www.source-fashion.com/exhibitors/full-faith-garments-co,True,True,False,3,
"FUZHOU HENGDAXIANG IMP.&EXP.CO.,LTD",China,350018,,Source Fashion London Jul 7-9 2026,https://cdn.asp.events/CLIENT_Ascentia_4E961A52_5056_B739_54289B84DF34E888/sites/source-fashion-2024/media/libraries/exhibitor-brochures/432583-22-.jpg,,,,,,,,,,Hall: Hall N7-N10 Stand: F44,"Rm: 4A01, Ande Building, No.2 Dapu road, Chengmen, Cangshan, Fuzhou, Fujian, 350018",https://www.source-fashion.com/exhibitors/fuzhou-hengdaxiang-imp-expco,False,True,False,1,
Gamma Industries Co.Ltd,Thailand,10160,Garment Manufacturer / Apparel,Source Fashion London Jul 7-9 2026,https://www.gammathailand.com/,info@gammathailand.com,+6628685686,,,https://www.instagram.com/gamma_ind,gamma_ind,https://www.facebook.com/gammathailand,gammathailand,,Hall: Grand Hall Stand: D21,"192 Phet Kasem 28 Yaek 16 Alley,, Bangkok,, 10160",https://www.source-fashion.com/exhibitors/gamma-industries-co,True,True,True,4,
Gateway to Fair Trade Fashion,Poland,80-245,,Source Fashion London Jul 7-9 2026,https://cookiepedia.co.uk/giving-consent-to-cookies,info@cookiepedia.co.uk,,https://www.linkedin.com/company/OneTrust,OneTrust,,,,,,Hall: Hall N7-N10 Stand: F24,"ul. Józefa Zator-Przytockiego 3, Gdańsk, 80-245",https://www.source-fashion.com/exhibitors/gateway-fair-trade-fashion,True,True,False,3,
Gen Viet Fashion JSC,,,Technology / Services,Source Fashion London Jul 7-9 2026,https://gvlux.com/pages/women?fbclid=IwY2xjawR6ccx,,,,,https://www.instagram.com/gvlux_official?fbclid=IwY2xjawR6cW9leHRuA2FlbQIxMABicmlkETF6SnpVbFZhUEIwMFl1Wmdrc3J0YwZhcHBfaWQQMjIyMDM5MTc4ODIwMDg5MgABHmVr7jyJxv2L39-2sIAxu_nNRoD17kkX4ESdjnV-aa9JasHG4DN_LG,gvlux_official,https://www.facebook.com/profile.php?id=61580455407492,profile.php,,Hall: Hall N1-N5 Stand: B13,,https://www.source-fashion.com/exhibitors/gen-viet-fashion-jsc,False,True,False,2,
Giteks,Türkiye,28100,Garment Manufacturer / Apparel,Source Fashion London Jul 7-9 2026,https://giteks.com.tr/,info@giteks.com.tr,+902122221278,https://www.linkedin.com/company/giteks-konfeksiyon/,giteks-konfeksiyon,,,,,,Hall: Hall N1-N5 Stand: A33,"No 12, 1. Sk., Organize Sanayi, Bölgesi, Giresun, 28100",https://www.source-fashion.com/exhibitors/giteks,True,True,True,4,
Gold Century Group,Singapore,529653,Garment Manufacturer / Apparel,Source Fashion London Jul 7-9 2026,https://www.goldcenturygroup.com/,sales@goldcenturygroup.com,+15103136669,https://www.linkedin.com/company/gold-century-group,gold-century-group,,,,,,Hall: Grand Hall Stand: F14,"300 Tampines Avenue 5, Singapore, 529653",https://www.source-fashion.com/exhibitors/gold-century-group,True,True,True,4,
Golden-Mine Co.,Hong Kong,1001,Accessories,Source Fashion London Jul 7-9 2026,https://www.golden-mine.com/,gmc-sales@gmchkg.com,+85223336525,,,,,,,,Hall: Hall N7-N10 Stand: G12,"Rm.1001, Blk.A,, Hunghom, Kowloon, 1001",https://www.source-fashion.com/exhibitors/golden-mine-co,True,True,True,3,
Grant Barnett & Co Ltd,United Kingdom,,Garment Manufacturer / Apparel,Source Fashion London Jul 7-9 2026,https://www.grantbarnett.com/,enquiries@grantbarnett.com,7788 497 836,,,https://www.instagram.com/grantbarnettaccessories/,grantbarnettaccessories,,,,Hall: Hall N7-N10 Stand: F23,"Waterfront House, 55-61 South Street, Bishops Stortford, Hertfordshire, CM233AL",https://www.source-fashion.com/exhibitors/grant-barnett-co,True,True,True,4,
"GTIG HUBO INDUSTRIAL CO., LTD.",China,215600,,Source Fashion London Jul 7-9 2026,https://cookiepedia.co.uk/giving-consent-to-cookies,info@cookiepedia.co.uk,,https://www.linkedin.com/company/OneTrust,OneTrust,,,,,,Hall: Hall N7-N10 Stand: A61,"Room 16-30, Building B, Ertai finance plaza, Gangcheng Road, Zhangjiagang, Jiangsu, 215600",https://www.source-fashion.com/exhibitors/gtig-hubo-industrial-co-,True,True,False,3,
"Guangdong Meichen Trading Co.,Ltd.",China,528400,,Source Fashion London Jul 7-9 2026,https://cookiepedia.co.uk/giving-consent-to-cookies,info@cookiepedia.co.uk,,https://www.linkedin.com/company/OneTrust,OneTrust,,,,,,Hall: Hall N7-N10 Stand: C43,"One of 4th Floor, No. 31, Longyun Road, Yunhan Village, Shax, Zhongshan, Guangdong, 528400",https://www.source-fashion.com/exhibitors/guangdong-meichen-trading-co,True,True,False,3,
"Guangzhou Carina Fashions Co.,Ltd",China,510820,,Source Fashion London Jul 7-9 2026,https://cookiepedia.co.uk/giving-consent-to-cookies,info@cookiepedia.co.uk,,https://www.linkedin.com/company/OneTrust,OneTrust,,,,,,Hall: Hall N1-N5 Stand: C81,"NO. 39, North Mingan Road, Guangzhou, 510820",https://www.source-fashion.com/exhibitors/guangzhou-carina-fashions-co,True,True,False,3,
Guangzhou ChinaLink Garment Company Limited,China,510308,,Source Fashion London Jul 7-9 2026,https://cookiepedia.co.uk/giving-consent-to-cookies,info@cookiepedia.co.uk,,https://www.linkedin.com/company/OneTrust,OneTrust,,,,,,Hall: Hall N7-N10 Stand: E40,"Room 309, Xin Gang Shang Xia, No 237, Xin Gang East Road, GuangZhou, Guangdong, 510308",https://www.source-fashion.com/exhibitors/guangzhou-chinalink-garment-company-limited,True,True,False,3,
"Guangzhou Hostaron Sports Apparel Co., Ltd",China,511400,,Source Fashion London Jul 7-9 2026,https://cookiepedia.co.uk/giving-consent-to-cookies,info@cookiepedia.co.uk,,https://www.linkedin.com/company/OneTrust,OneTrust,,,,,,Hall: Hall N1-N5 Stand: E52,"Room 101, Building 2, No. 102, Yongshan Village South Road, Guangzhou, Guangdong, 511400",https://www.source-fashion.com/exhibitors/guangzhou-hostaron-sports-apparel-co,True,True,False,3,
"Guangzhou Joyord Sportswear Co., Ltd",China,511431,,Source Fashion London Jul 7-9 2026,https://cookiepedia.co.uk/giving-consent-to-cookies,info@cookiepedia.co.uk,,https://www.linkedin.com/company/OneTrust,OneTrust,,,,,,Hall: Hall N7-N10 Stand: D41,"Room 701, Building 2, Giant Creative Industry Park, GuangZhou, Guangdong, 511431",https://www.source-fashion.com/exhibitors/guangzhou-joyord-sportswear-co,True,True,False,3,
"Guangzhou Qiansili Textile Co., Ltd.",China,511400,,Source Fashion London Jul 7-9 2026,https://cookiepedia.co.uk/giving-consent-to-cookies,info@cookiepedia.co.uk,,https://www.linkedin.com/company/OneTrust,OneTrust,,,,,,Hall: Hall N1-N5 Stand: B77,"B1, No. 1, Linghuan West Road Industrial Zone, Guangzhou,, 511400",https://www.source-fashion.com/exhibitors/guangzhou-qiansili-textile-co-,True,True,False,3,
"Guangzhou Qisong Apparel Co.,Ltd",China,Guangdong,,Source Fashion London Jul 7-9 2026,https://cookiepedia.co.uk/giving-consent-to-cookies,info@cookiepedia.co.uk,,https://www.linkedin.com/company/OneTrust,OneTrust,,,,,,Hall: Hall N1-N5 Stand: D50,"Floor 2, Building 7, Shenlan Industrial Park, Guangzhou, Guangdong",https://www.source-fashion.com/exhibitors/guangzhou-qisong-apparel-co,True,True,False,3,
Guangzhou Shengyi Clothes Co.Ltd,China,511430,,Source Fashion London Jul 7-9 2026,https://cookiepedia.co.uk/giving-consent-to-cookies,info@cookiepedia.co.uk,,https://www.linkedin.com/company/OneTrust,OneTrust,,,,,,Hall: Hall N7-N10 Stand: E42,"Room 501, No.13-1, Industrial First Road, Zhicun, Guangzhou, GuangDong, 511430",https://www.source-fashion.com/exhibitors/guangzhou-shengyi-clothes-co,True,True,False,3,
"Guangzhou Tailoria Manufactory Co., Ltd.",China,510000,Garment Manufacturer / Apparel,Source Fashion London Jul 7-9 2026,https://www.tailoria.net/,info@tailoria.net,,https://www.linkedin.com/company/tailoria/mycompany/,tailoria,https://www.instagram.com/tailoria.fashion/,tailoria.fashion,https://www.facebook.com/tailoriadesign,tailoriadesign,,Hall: Hall N7-N10 Stand: A73,"Room 6602-6603 CITIC Plaza, No. 233 Tianhebei Road,, Guangzhou, Guangdong, 510000",https://www.source-fashion.com/exhibitors/guangzhou-tailoria-manufactory-co-,True,True,False,4,
Guangzhou Tong Yao Fashion Limited,China,510000,Garment Manufacturer / Apparel,Source Fashion London Jul 7-9 2026,https://www.ecochicswim.com/,info@ecochicswim.com,,,,https://www.instagram.com/elaine_mo_ty_fashion/,elaine_mo_ty_fashion,https://www.facebook.com/recycledswimweargztyfashion,recycledswimweargztyfashion,,Hall: Hall N7-N10 Stand: C41,"Room 2012, No.236, Qiaotou Street, Haizhu District, Guangzhou, Guangdong, 510000",https://www.source-fashion.com/exhibitors/guangzhou-tong-yao-fashion-limited,True,True,False,3,
"Guangzhou Yueluen Trading Co., Ltd.",China,Guangdong,,Source Fashion London Jul 7-9 2026,https://cookiepedia.co.uk/giving-consent-to-cookies,info@cookiepedia.co.uk,,https://www.linkedin.com/company/OneTrust,OneTrust,,,,,,Hall: Hall N7-N10 Stand: B50,"Room 3-103, No. 331 Chigang West Road, Haizhu District, Guangzhou, Guangdong",https://www.source-fashion.com/exhibitors/guangzhou-yueluen-trading-co-,True,True,False,3,
"Guangzhou Zhengxi Trading Co., Ltd.",China,Guangdong,,Source Fashion London Jul 7-9 2026,https://cookiepedia.co.uk/giving-consent-to-cookies,info@cookiepedia.co.uk,,https://www.linkedin.com/company/OneTrust,OneTrust,,,,,,Hall: Hall N1-N5 Stand: C10,"2nd floor,No.12, Chi sha RD, Hai zhu District，, Guangdong",https://www.source-fashion.com/exhibitors/guangzhou-zhengxi-trading-co-,True,True,False,3,
"H. A Manufacturer Co., Ltd",,,Garment Manufacturer / Apparel,Source Fashion London Jul 7-9 2026,https://www.hafashion.com.vn/,info@hafashion.com.vn,+84903295729,,,,,,,,Hall: Hall N1-N5 Stand: A11,,https://www.source-fashion.com/exhibitors/h-manufacturer-co,True,True,True,3,
"Haining Chupu Dress & Accessories Co.,Ltd.",China,314400,,Source Fashion London Jul 7-9 2026,https://cookiepedia.co.uk/giving-consent-to-cookies,info@cookiepedia.co.uk,,https://www.linkedin.com/company/OneTrust,OneTrust,,,,,,Hall: Grand Hall Stand: C51,"Floor 2,Building 10,No.1 Haihua Road, Haining, Zhejiang, 314400",https://www.source-fashion.com/exhibitors/haining-chupu-dress-accessories-co,True,True,False,3,
HAINING DAILY FASHION,China,314400,,Source Fashion London Jul 7-9 2026,https://cookiepedia.co.uk/giving-consent-to-cookies,info@cookiepedia.co.uk,,https://www.linkedin.com/company/OneTrust,OneTrust,,,,,,Hall: Hall N7-N10 Stand: D76,"NO.18 SHUANGHONG, HAINING, ZHEJIANG, 314400",https://www.source-fashion.com/exhibitors/haining-daily-fashion,True,True,False,3,
"HAINING WINNERS TRADING CO.,LTD",China,.,Technology / Services,Source Fashion London Jul 7-9 2026,https://www.winnerssocks.com/,winners@vip.163.com,+8618258378617,,,,,https://www.facebook.com/winnerssocks/,winnerssocks,,Hall: Hall N7-N10 Stand: E53,"Rm1201, Guanglong Fortune Center, Haining, Zhejiang, .",https://www.source-fashion.com/exhibitors/haining-winners-trading-co,True,True,True,3,
"HAIYANG LIQI TEXTILE TECHNOLOGY CO.,LTD",China,,Garment Manufacturer / Apparel,Source Fashion London Jul 7-9 2026,https://cdn.asp.events/CLIENT_Ascentia_4E961A52_5056_B739_54289B84DF34E888/sites/source-fashion-2024/media/libraries/exhibitor-brochures/440983-.pdf,,,,,,,,,,Hall: Hall N7-N10 Stand: F22,,https://www.source-fashion.com/exhibitors/haiyang-liqi-textile-technology-co,False,True,False,1,
"HANG ZHOU YIRUISI GARMENTS CO.,LTD",China,310022,,Source Fashion London Jul 7-9 2026,https://cookiepedia.co.uk/giving-consent-to-cookies,info@cookiepedia.co.uk,,https://www.linkedin.com/company/OneTrust,OneTrust,,,,,,Hall: Hall N7-N10 Stand: A41,"16th floor, taoyuan Era building, No. 1 building, Hangzhou, Zhejiang, 310022",https://www.source-fashion.com/exhibitors/hang-zhou-yiruisi-garments-co,True,True,False,3,
"HANGZHOU LIUJIU TEXTILE CO.,LTD.",China,310000,,Source Fashion London Jul 7-9 2026,https://cookiepedia.co.uk/giving-consent-to-cookies,info@cookiepedia.co.uk,,https://www.linkedin.com/company/OneTrust,OneTrust,,,,,,Hall: Hall N7-N10 Stand: F63,"DINGQIAO ROAD,SHANGCHENG DISTRICT, HANGZHOU, ZHEJIANG, 310000",https://www.source-fashion.com/exhibitors/hangzhou-liujiu-textile-co,True,True,False,3,
"HANGZHOU ME FINE IMPORT & EXPORT TRADING CO., LTD",China,311201,,Source Fashion London Jul 7-9 2026,https://cookiepedia.co.uk/giving-consent-to-cookies,info@cookiepedia.co.uk,,https://www.linkedin.com/company/OneTrust,OneTrust,,,,,,Hall: Hall N7-N10 Stand: D70,"Room 1201,Building 1,Kunyuanzhongxin,Shushan Street, Hangzhou, Zhejiang, 311201",https://www.source-fashion.com/exhibitors/hangzhou-fine-import-export-trading-co,True,True,False,3,
"HANGZHOU SOFTVOGUE INVESTMENT CO., LTD",China,310019,,Source Fashion London Jul 7-9 2026,https://cookiepedia.co.uk/giving-consent-to-cookies,info@cookiepedia.co.uk,,https://www.linkedin.com/company/OneTrust,OneTrust,,,,,,Hall: Grand Hall Stand: H60,"2F, Building 25B, No.9, Jiu Sheng Road,Shang Cheng District, Hangzhou, Zhejiang, 310019",https://www.source-fashion.com/exhibitors/hangzhou-softvogue-investment-co,True,True,False,3,
Herbal Fab,India,380026,Garment Manufacturer / Apparel,Source Fashion London Jul 7-9 2026,https://herbalfab.com/,info@herbalfab.com,+918141477309,,,https://www.instagram.com/herbalfab/,herbalfab,https://www.facebook.com/herbalfab,herbalfab,,Hall: Hall N7-N10 Stand: E15,"5,6 Mansi Apparel Park,, Amraiwadi, Ahmedabad –, Gujarat,, 380026",https://www.source-fashion.com/exhibitors/herbal-fab,True,True,True,4,
"Hoang Phat Fashion Garment Co., Ltd",,,,Source Fashion London Jul 7-9 2026,https://cookiepedia.co.uk/giving-consent-to-cookies,info@cookiepedia.co.uk,,https://www.linkedin.com/company/OneTrust,OneTrust,,,,,,Hall: Hall N1-N5 Stand: B14,,https://www.source-fashion.com/exhibitors/hoang-phat-fashion-garment-co,True,True,False,3,
Ideteks,Türkiye,,,Source Fashion London Jul 7-9 2026,https://cookiepedia.co.uk/giving-consent-to-cookies,info@cookiepedia.co.uk,,https://www.linkedin.com/company/OneTrust,OneTrust,,,,,,Hall: Hall N1-N5 Stand: C30,,https://www.source-fashion.com/exhibitors/ideteks,True,True,False,3,
J.V. PLASTIC INDUSTRIES INDIA PVT LTD,India,110064,,Source Fashion London Jul 7-9 2026,https://cookiepedia.co.uk/giving-consent-to-cookies,,,,,,,,,,Hall: Hall N1-N5 Stand: J12,"B-50 , PHASE 1, MAYAPURI INDUSTRIAL AREA,, NEW DELHI, 110064",https://www.source-fashion.com/exhibitors/jv-plastic-industries-india-pvt,False,True,False,1,
Jakira Exports,India,302022,,Source Fashion London Jul 7-9 2026,https://cookiepedia.co.uk/giving-consent-to-cookies,,,,,,,,,,Hall: Grand Hall Stand: H21,"A-165, basement, Mahal Road,, JAIPUR, RAJASTHAN, 302022",https://www.source-fashion.com/exhibitors/jakira-exports,False,True,False,1,
"Jiangsu Global International Convention & Exhibition Co.,Ltd",China,210002,,Source Fashion London Jul 7-9 2026,https://cookiepedia.co.uk/giving-consent-to-cookies,info@cookiepedia.co.uk,,https://www.linkedin.com/company/OneTrust,OneTrust,,,,,,Hall: Hall N1-N5 Stand: Jiangsu Global Int.18m,"Room 1702, bldg 3, Ocean International Center, Nanjing, Jiangsu, 210002",https://www.source-fashion.com/exhibitors/jiangsu-global-international-convention-exhibition-co,True,True,False,3,
"Jiangsu Golden Autumn Elastic Fabrics Co.,LTD",China,226000,,Source Fashion London Jul 7-9 2026,https://cookiepedia.co.uk/giving-consent-to-cookies,info@cookiepedia.co.uk,,https://www.linkedin.com/company/OneTrust,OneTrust,,,,,,Hall: Hall N7-N10 Stand: B52,"No.485 Chenggang Road, Nantong, Jiangsu, 226000",https://www.source-fashion.com/exhibitors/jiangsu-golden-autumn-elastic-fabrics-co,True,True,False,3,
"Jiangsu New International Convention & Exhibition (Group) Co., Ltd",China,210000,,Source Fashion London Jul 7-9 2026,https://cookiepedia.co.uk/giving-consent-to-cookies,info@cookiepedia.co.uk,,https://www.linkedin.com/company/OneTrust,OneTrust,,,,,,Hall: National Ground Stand: Jiangsu New Internati,"5th Floor, Sub-Building, Nanjing, Jiangsu, 210000",https://www.source-fashion.com/exhibitors/jiangsu-new-international-convention-exhibition-group-co,True,True,False,3,
"Jiangsu SOHO Foreign Economic-Technical Cooperation Co.,Ltd",China,210012,,Source Fashion London Jul 7-9 2026,https://cookiepedia.co.uk/giving-consent-to-cookies,info@cookiepedia.co.uk,,https://www.linkedin.com/company/OneTrust,OneTrust,,,,,,Hall: Hall N7-N10 Stand: E62,"5th Floor, Building F, Nanjing, Jiangsu, 210012",https://www.source-fashion.com/exhibitors/jiangsu-soho-foreign-economic-technical-cooperation-co,True,True,False,3,
"Jiangsu Trade Promotion International Conference&Exhibition Co., Ltd.",China,210001,,Source Fashion London Jul 7-9 2026,https://cookiepedia.co.uk/giving-consent-to-cookies,info@cookiepedia.co.uk,,https://www.linkedin.com/company/OneTrust,OneTrust,,,,,,Hall: Hall N7-N10 Stand: Jiangsu Trade-36m,"26/F, 50 Zhonghua Road, Qinhuai District, Nanjing, Jiangsu, 210001",https://www.source-fashion.com/exhibitors/jiangsu-trade-promotion-international-conferenceexhibition-co-,True,True,False,3,
"JIANGU GTIG ESEN CO.,LTD",China,215600,,Source Fashion London Jul 7-9 2026,https://cookiepedia.co.uk/giving-consent-to-cookies,info@cookiepedia.co.uk,,https://www.linkedin.com/company/OneTrust,OneTrust,,,,,,Hall: Hall N1-N5 Stand: B73,"8TH FLOOR,TOWER B,GUOTAI FINANCIAL PLAZA,,NO.1,BINHE ROAD, Zhangjiagang, Jiangsu, 215600",https://www.source-fashion.com/exhibitors/jiangu-gtig-esen-co,True,True,False,3,
"Jiangxi Alice Knitting Co., Ltd.",China,334400,,Source Fashion London Jul 7-9 2026,https://cookiepedia.co.uk/giving-consent-to-cookies,info@cookiepedia.co.uk,,https://www.linkedin.com/company/OneTrust,OneTrust,,,,,,Hall: Hall N7-N10 Stand: H13,"3rd Floor, Building 9, Shaoxing, Zhejiang, 334400",https://www.source-fashion.com/exhibitors/jiangxi-alice-knitting-co-,True,True,False,3,
"JIANGXI FASHION FLYING GARMENTS CO.,LTD",China,336600,,Source Fashion London Jul 7-9 2026,https://cookiepedia.co.uk/giving-consent-to-cookies,info@cookiepedia.co.uk,,https://www.linkedin.com/company/OneTrust,OneTrust,,,,,,"Hall: Hall N1-N5 Stand: A81, B80","3rd Floor, Building 10, Small and Micro Incubation Base, Xinyu City, Jianxi, 336600",https://www.source-fashion.com/exhibitors/jiangxi-fashion-flying-garments-co,True,True,False,3,
"Jiangxi Hangsheng Industry and Trade Co.,Ltd.",China,330200,,Source Fashion London Jul 7-9 2026,https://cookiepedia.co.uk/giving-consent-to-cookies,info@cookiepedia.co.uk,,https://www.linkedin.com/company/OneTrust,OneTrust,,,,,,Hall: Hall N7-N10 Stand: F71,"5th Floor, Building 4-2, Knitted Clothing Industrial Park, Nanchang, Jiangxi, 330200",https://www.source-fashion.com/exhibitors/jiangxi-hangsheng-industry-trade-co,True,True,False,3,
"JIANGXI NEW VISION IMPORT AND EXPORT CO.,LTD",China,"Jiangxi, China",,Source Fashion London Jul 7-9 2026,https://cookiepedia.co.uk/giving-consent-to-cookies,info@cookiepedia.co.uk,,https://www.linkedin.com/company/OneTrust,OneTrust,,,,,,Hall: Hall N7-N10 Stand: F73,"3002/B Twintowers, 3399Ziyang Avenue, Nanchang, Jiangxi, China, Nanchang,, Jiangxi, China",https://www.source-fashion.com/exhibitors/jiangxi-new-vision-import-export-co,True,True,False,3,
"Jiangxi Yilile Industry Trade Co.,Ltd.",China,330012,,Source Fashion London Jul 7-9 2026,https://cookiepedia.co.uk/giving-consent-to-cookies,info@cookiepedia.co.uk,,https://www.linkedin.com/company/OneTrust,OneTrust,,,,,,Hall: Hall N7-N10 Stand: J44,"3rd flr, Bld2, Haoyahao E-commerce Industrial Park, Nanchang, Jiangxi, 330012",https://www.source-fashion.com/exhibitors/jiangxi-yilile-industry-trade-co,True,True,False,3,
"Jiangxi Zhaofeng Leather Co., Ltd.",China,Jiangxi Province,,Source Fashion London Jul 7-9 2026,https://cookiepedia.co.uk/giving-consent-to-cookies,info@cookiepedia.co.uk,,https://www.linkedin.com/company/OneTrust,OneTrust,,,,,,Hall: Hall N1-N5 Stand: H62,"Maoping Leather Industrial Park, Yongxin County, Ji'an City, Jiangxi Province",https://www.source-fashion.com/exhibitors/jiangxi-zhaofeng-leather-co-,True,True,False,3,
"JiangYin Yoyoung Apparel Co., Ltd.",China,Jiangsu,,Source Fashion London Jul 7-9 2026,https://cookiepedia.co.uk/giving-consent-to-cookies,info@cookiepedia.co.uk,,https://www.linkedin.com/company/OneTrust,OneTrust,,,,,,Hall: Hall N7-N10 Stand: B60,"RM 6666-6679, No.6 XinYuan Road, Jiangyin, Jiangsu",https://www.source-fashion.com/exhibitors/jiangyin-yoyoung-apparel-co-,True,True,False,3,
"Jiaxing Boyu New Material Co., Ltd",China,314000,,Source Fashion London Jul 7-9 2026,https://cookiepedia.co.uk/giving-consent-to-cookies,info@cookiepedia.co.uk,,https://www.linkedin.com/company/OneTrust,OneTrust,,,,,,Hall: Grand Hall Stand: F45,"Floor1, Unit1, Building 21,No.359, Changping Road, Nanhu, Jiaxing, Zhejiang, 314000",https://www.source-fashion.com/exhibitors/jiaxing-boyu-new-material-co,True,True,False,3,
"JIAXING STRONG GARMENT CO.,LTD",China,314599,Garment Manufacturer / Apparel,Source Fashion London Jul 7-9 2026,https://cookiepedia.co.uk/giving-consent-to-cookies,info@cookiepedia.co.uk,,https://www.linkedin.com/company/OneTrust,OneTrust,,,,,,Hall: Hall N7-N10 Stand: C62,"2nd Floor, Building 2, No. 228 Heping Street, Jiaxing, Zhejiang, 314599",https://www.source-fashion.com/exhibitors/jiaxing-strong-garment-co-,True,True,False,3,
"Jiaxing Zhenye Knitting Co.,Ltd",China,314000,,Source Fashion London Jul 7-9 2026,https://cookiepedia.co.uk/giving-consent-to-cookies,info@cookiepedia.co.uk,,https://www.linkedin.com/company/OneTrust,OneTrust,,,,,,Hall: Hall N1-N5 Stand: F82,"Economic and Technological Development Zone,, JIAXING, ZHEJIANG, 314000",https://www.source-fashion.com/exhibitors/jiaxing-zhenye-knitting-co,True,True,False,3,
"JINJIANG FANNY GARMENT CO.,LTD",China,Fujian,,Source Fashion London Jul 7-9 2026,https://cookiepedia.co.uk/giving-consent-to-cookies,info@cookiepedia.co.uk,,https://www.linkedin.com/company/OneTrust,OneTrust,,,,,,Hall: Hall N7-N10 Stand: H50,"No. 8, Fenghua Road, Yinglin Industrial Zone, Yinglin Town, Jinjiang, Fujian",https://www.source-fashion.com/exhibitors/jinjiang-fanny-garment-co,True,True,False,3,
JLM Linen,China,313009,,Source Fashion London Jul 7-9 2026,https://cookiepedia.co.uk/giving-consent-to-cookies,info@cookiepedia.co.uk,,https://www.linkedin.com/company/OneTrust,OneTrust,,,,,,Hall: Grand Hall Stand: C25,"NO. 158 YANGHUA ROAD, NANXUN, HUZHOU, ZHEJIANG, 313009",https://www.source-fashion.com/exhibitors/jlm-linen,True,True,False,3,
JPR Exports,India,110020,,Source Fashion London Jul 7-9 2026,https://cookiepedia.co.uk/giving-consent-to-cookies,,,,,,,,,,Hall: Hall N1-N5 Stand: J22,"C-154, Okhla Industrial Area Phase-1,, New Delhi,, 110020",https://www.source-fashion.com/exhibitors/jpr-exports,False,True,False,1,
"KAIPING NEW HONG RI GARMENT CO.,LTD",China,GUANGDONG,,Source Fashion London Jul 7-9 2026,https://cookiepedia.co.uk/giving-consent-to-cookies,info@cookiepedia.co.uk,,https://www.linkedin.com/company/OneTrust,OneTrust,,,,,,Hall: Hall N7-N10 Stand: H52,"NO.172-1 QIAOYUAN ROAD, KAIPING, GUANGDONG",https://www.source-fashion.com/exhibitors/kaiping-new-hong-ri-garment-co,True,True,False,3,
"Kaisiya Garments Co.,Ltd Shishi",China,362700,,Source Fashion London Jul 7-9 2026,https://cookiepedia.co.uk/giving-consent-to-cookies,info@cookiepedia.co.uk,,https://www.linkedin.com/company/OneTrust,OneTrust,,,,,,Hall: Hall N1-N5 Stand: C76,"LITONG BUILDING,PENGTIAN INDUSTRIAL ZONE,, SHISHI CITY,, FUJIAN PROVINCE, 362700",https://www.source-fashion.com/exhibitors/kaisiya-garments-co-shishi,True,True,False,3,
KC Manufacturing,United Kingdom,,Garment Manufacturer / Apparel,Source Fashion London Jul 7-9 2026,https://kcmanufacturing.co.uk/,info@kcmanufacturing.co.uk,01312811086,https://www.linkedin.com/company/3123595,3123595,https://www.instagram.com/kcmanufacturing/,kcmanufacturing,,,,Hall: Hall N1-N5 Stand: D14,"26-42 Gardener’s Street, Dunfermline, KY12 0RN",https://www.source-fashion.com/exhibitors/kc-manufacturing,True,True,True,5,
Knitster,United Kingdom,,Garment Manufacturer / Apparel,Source Fashion London Jul 7-9 2026,https://www.knitster-ldn.com/,info@knitster-ldn.com,,,,https://www.instagram.com/knitster_ldn/,knitster_ldn,,,,Hall: Hall N1-N5 Stand: E12,"Unit 5, Leyton Studios, London, E10 7QE",https://www.source-fashion.com/exhibitors/knitster,True,True,False,3,
Kohinoor Ribbon Factory (PVT.) LTD.,India,110064,Garment Manufacturer / Apparel,Source Fashion London Jul 7-9 2026,https://www.kohinoorribbon.com/,info@krfindia.net,,https://www.linkedin.com/company/kohinoor-ribbon-factory-pvt-ltd/posts/?feedView=all,kohinoor-ribbon-factory-pvt-ltd,https://www.instagram.com/kohinoorribbon?igsh=bDY0amo1eW9tYmNw&utm_source=qr,kohinoorribbon,,,,Hall: Grand Hall Stand: J21,"B-7, Phase-2 Industrial Area, Mayapuri,, New Delhi,, Delhi, 110064",https://www.source-fashion.com/exhibitors/kohinoor-ribbon-factory-pvt-,True,True,False,4,
Kreateks,Türkiye,34212,Garment Manufacturer / Apparel,Source Fashion London Jul 7-9 2026,http://www.kreateks.com.tr/en/anasayfa.html,bilgi@astajans.com,,,,,,,,,Hall: Hall N1-N5 Stand: B32,"KİRAZLI MAH.TAVUKÇU, BAĞCILAR, ISTANBUL, 34212",https://www.source-fashion.com/exhibitors/kreateks-tekstil-s,True,True,False,2,
Kunshan Youngshine Textile Co. Ltd.,China,215300,,Source Fashion London Jul 7-9 2026,https://cookiepedia.co.uk/giving-consent-to-cookies,info@cookiepedia.co.uk,,https://www.linkedin.com/company/OneTrust,OneTrust,,,,,,Hall: Hall N1-N5 Stand: G70,"A2018, 18 Weiye RD., Kunshan, Jiangsu, 215300",https://www.source-fashion.com/exhibitors/kunshan-youngshine-textile-co-,True,True,False,3,
Kwan Hoi International Co Limited,Hong Kong,0000,Garment Manufacturer / Apparel,Source Fashion London Jul 7-9 2026,https://www.kwanhoi.co.uk/,nanacomms@gmail.com,2025-01-18,,,https://www.instagram.com/themefusion,themefusion,,,,Hall: Grand Hall Stand: D35,"Flat 03, 7/F, Kwai Wu Industrial Building, No.89 Ta Cheung Ping Street,, Kwai Chung, New Territories, 0000",https://www.source-fashion.com/exhibitors/kwan-hoi-international-co-limited,True,True,True,4,
LaundRE,United Kingdom,,,Source Fashion London Jul 7-9 2026,https://cookiepedia.co.uk/giving-consent-to-cookies,info@cookiepedia.co.uk,,https://www.linkedin.com/company/OneTrust,OneTrust,,,,,,Hall: Hall N1-N5 Stand: D3,"Unit 4, London, E16 4ST",https://www.source-fashion.com/exhibitors/laundre,True,True,False,3,
"Lewave Co., Ltd",,,Garment Manufacturer / Apparel,Source Fashion London Jul 7-9 2026,https://lewave.co.uk/,customer@lewave.co.uk,+84823776668,https://vn.linkedin.com/company/babeeniofficial,babeeniofficial,https://www.instagram.com/babeeni.official/,babeeni.official,https://www.facebook.com/babeeni66,babeeni66,,Hall: Hall N1-N5 Stand: C12,,https://www.source-fashion.com/exhibitors/lewave-co,True,True,True,5,
LLUK,United Kingdom,,Textile / Fabric,Source Fashion London Jul 7-9 2026,https://www.lluk.co/,info@lluk.co,+4401628963107,https://www.linkedin.com/company/lluk/,lluk,https://www.instagram.com/luxurylockstitchuk/,luxurylockstitchuk,,,,Hall: Hall N1-N5 Stand: D15,"Unit 19 Brock Ln, Maidenhead, SL6 1LB",https://www.source-fashion.com/exhibitors/lluk,True,True,True,5,
Lunefe Confecões Lda,Portugal,4805-620,Garment Manufacturer / Apparel,Source Fashion London Jul 7-9 2026,https://www.lunefe.com/,geral@lunefe.com,+351) 253 575 497,https://www.linkedin.com/company/lunefe,lunefe,https://www.instagram.com/lunefe_pt/,lunefe_pt,https://www.facebook.com/Lunefe-101667825193357,Lunefe-101667825193357,,Hall: Hall N7-N10 Stand: D32,"Rua da Indústria, 15, Vila Nova de Sande, 4805-620",https://www.source-fashion.com/exhibitors/lunefe-confecoes-lda,True,True,True,5,
"Lusipant Confecções Têxteis, Unipessoal Lda",Portugal,4100139,,Source Fashion London Jul 7-9 2026,https://cookiepedia.co.uk/giving-consent-to-cookies,info@cookiepedia.co.uk,,https://www.linkedin.com/company/OneTrust,OneTrust,,,,,,Hall: Hall N7-N10 Stand: H15,"CENIT – Centro de Inteligência Têxtil Avenida da Boavista,, Porto, 4100139",https://www.source-fashion.com/exhibitors/lusipant-confeccoes-texteis-unipessoal-lda,True,True,False,3,
"M & L GUANGZHOU TEXTILE AND GARMENT CO.,LTD",China,Guangdong,,Source Fashion London Jul 7-9 2026,https://cookiepedia.co.uk/giving-consent-to-cookies,info@cookiepedia.co.uk,,https://www.linkedin.com/company/OneTrust,OneTrust,,,,,,Hall: Hall N7-N10 Stand: B70,"2nd floor, building E, No.1 West Minying Road, GuangZhou, Guangdong",https://www.source-fashion.com/exhibitors/m-l-guangzhou-textile-garment-co,True,True,False,3,
Marcos Exports Pvt. Ltd,India,131028,,Source Fashion London Jul 7-9 2026,https://cookiepedia.co.uk/giving-consent-to-cookies,,,,,,,,,,Hall: Hall N7-N10 Stand: F13,"#503, Sector -53, EPIP, HSIIDC Industrial Estate,, Kundli,, Haryana,, 131028",https://www.source-fashion.com/exhibitors/marcos-exports-pvt,False,True,False,1,
Maria Madalena da Rocha Azevedo & Filhos Lda (M.M.R.A.),Portugal,4765-689,Garment Manufacturer / Apparel,Source Fashion London Jul 7-9 2026,https://mmra.pt/,geral@mmra.pt,+351252900430,,,https://www.instagram.com/mmra_textiles?igsh=MWc3OGF6ZWtpaW02YQ==,mmra_textiles,,,,Hall: Hall N7-N10 Stand: H24,"562 Avenida Joaquim Leite, Bairro, 4765-689",https://www.source-fashion.com/exhibitors/maria-madalena-da-rocha-azevedo-filhos-lda-mmr,True,True,True,4,
Mayabay Garments Export Private Limited,India,302039,Garment Manufacturer / Apparel,Source Fashion London Jul 7-9 2026,https://mayabaye.com/,,,,,https://www.instagram.com/mayabay.exports/,mayabay.exports,,,,Hall: Hall N1-N5 Stand: C13,"Plot No-64,1-st Floor, Malhotra Nagar,, Jaipur,, Rajasthan,, 302039",https://www.source-fashion.com/exhibitors/mayabay-garments-export-private-limited,False,True,False,2,
MD Textiles,Portugal,17 4750-,,Source Fashion London Jul 7-9 2026,https://cookiepedia.co.uk/giving-consent-to-cookies,info@cookiepedia.co.uk,,https://www.linkedin.com/company/OneTrust,OneTrust,,,,,,Hall: Grand Hall Stand: G24,"Zona Industrial de S. Veríssimo, Pavilhão, 17 4750-",https://www.source-fashion.com/exhibitors/magic-determination-textiles,True,True,False,3,
Modern Star Silk,United Kingdom,,Garment Manufacturer / Apparel,Source Fashion London Jul 7-9 2026,https://www.modernstarsilk.co.uk/,aaron@modernstarsilk.co.uk,+8613057524204,https://www.linkedin.com/company/modern-star-silk/,modern-star-silk,https://www.instagram.com/modernstarsilk/,modernstarsilk,https://www.facebook.com/modernstarsilk/,modernstarsilk,,Hall: Grand Hall Stand: D31,"Studio 8A, Leyton Green Studios, London, E10 6AE",https://www.source-fashion.com/exhibitors/modern-star-silk,True,True,True,5,
"Nanchang Chuangsou International Exhibition Co.,Ltd.",China,330299,,Source Fashion London Jul 7-9 2026,https://cookiepedia.co.uk/giving-consent-to-cookies,info@cookiepedia.co.uk,,https://www.linkedin.com/company/OneTrust,OneTrust,,,,,,"Hall: Hall N7-N10 Stand: Wuhu27, Nanchang Chuangso","No.1677,Yingbin South Avenue,, Nanchang, Jiangxi, 330299",https://www.source-fashion.com/exhibitors/nanchang-chuangsou-international-exhibition-co,True,True,False,3,
"Nanjing Aurora Apparel Trade Co., Ltd.",China,Nanjing,Garment Manufacturer / Apparel,Source Fashion London Jul 7-9 2026,https://cookiepedia.co.uk/giving-consent-to-cookies,info@cookiepedia.co.uk,,https://www.linkedin.com/company/OneTrust,OneTrust,,,,,,Stand: E76,"Room 719, Building 02, Nanjing",https://www.source-fashion.com/exhibitors/nanjing-aurora-apparel-trade-co-,True,True,False,3,
"NANJING HENGRUN HONGSU IMP.& EXP. CO.,LTD.",China,210001,,Source Fashion London Jul 7-9 2026,https://cookiepedia.co.uk/giving-consent-to-cookies,info@cookiepedia.co.uk,,https://www.linkedin.com/company/OneTrust,OneTrust,,,,,,Hall: Hall N1-N5 Stand: F77,"Room 2305, Longsheng Building, Nanjing, 210001",https://www.source-fashion.com/exhibitors/nanjing-hengrun-hongsu-imp-exp-co,True,True,False,3,
"Nanjing Hengyuan Apparel Co., Ltd",China,210019,,Source Fashion London Jul 7-9 2026,https://cookiepedia.co.uk/giving-consent-to-cookies,info@cookiepedia.co.uk,,https://www.linkedin.com/company/OneTrust,OneTrust,,,,,,Hall: Hall N7-N10 Stand: B62,"R510, Building 5, No. 98, Shuangzha Road, Jianye District, Nanjing, 210019",https://www.source-fashion.com/exhibitors/nanjing-hengyuan-apparel-co,True,True,False,3,
"NANTONG WANG AND SHENG TEXTILES CO.,LTD",China,226301,Garment Manufacturer / Apparel,Source Fashion London Jul 7-9 2026,https://cookiepedia.co.uk/giving-consent-to-cookies,info@cookiepedia.co.uk,,https://www.linkedin.com/company/OneTrust,OneTrust,,,,,,Hall: Hall N7-N10 Stand: A51,"No.39, Xiting Industrial Zone, Nantong, Jiangsu, 226301",https://www.source-fashion.com/exhibitors/nantong-wang-sheng-textiles-co,True,True,False,3,
"NANTONG Z&Z GARMENT CO.,LTD",China,226301,,Source Fashion London Jul 7-9 2026,https://cookiepedia.co.uk/giving-consent-to-cookies,info@cookiepedia.co.uk,,https://www.linkedin.com/company/OneTrust,OneTrust,,,,,,Hall: Hall N1-N5 Stand: G62,"54-55 Unit, West Chan Temple, West Ting Town, Tonzhou Dist., Nantong, Jiangsu, 226301",https://www.source-fashion.com/exhibitors/nantong-zz-garment-co,True,True,False,3,
National Jute Board,India,700166,,Source Fashion London Jul 7-9 2026,https://cookiepedia.co.uk/giving-consent-to-cookies,,,,,,,,,,Hall: Hall N7-N10 Stand: National Jute Board-36,"5TH & 6TH FLOOR,, KOLKATA, West Bengal, 700166",https://www.source-fashion.com/exhibitors/national-jute-board,False,True,False,1,
Natural Fibre Company,United Kingdom,,Garment Manufacturer / Apparel,Source Fashion London Jul 7-9 2026,https://www.thenaturalfibre.co.uk/,info@thenaturalfibre.co.uk,,https://www.linkedin.com/company/blacker-sheep-limited,blacker-sheep-limited,https://www.instagram.com/natfibreco/,natfibreco,https://www.facebook.com/TheNaturalFibreCompany,TheNaturalFibreCompany,,Hall: Hall N1-N5 Stand: E3,,https://www.source-fashion.com/exhibitors/natural-fibre-company,True,True,False,4,
NET DIGITIZING UK LIMITED,United Kingdom,,Technology / Services,Source Fashion London Jul 7-9 2026,https://www.netdigitizing.co.uk/,support@netdigitizing.co.uk,0800 368 7414,https://uk.linkedin.com/company/embroiderybadgeuk?trk=public_profile_topcard-current-company,embroiderybadgeuk,https://www.google.com/url?sa=t&source=web&rct=j&opi=89978449&url=https://www.instagram.com/embroiderybadgeuk/%3F__d%3D1%252F&ved=2ahUKEwi-7tCr8OqUAxWcaUEAHbLXM1QQFnoECBAQAQ&usg=AOvVaw2CEgZeK1ug_rQrZ0,embroiderybadgeuk,,,,Hall: Hall N7-N10 Stand: E22,"153 High Street, Brentwood, Essex, CM14 4SD",https://www.source-fashion.com/exhibitors/net-digitizing-uk-limited,True,True,True,5,
"New Century Int'l Trade Co.,Ltd",China,313000,,Source Fashion London Jul 7-9 2026,https://cookiepedia.co.uk/giving-consent-to-cookies,info@cookiepedia.co.uk,,https://www.linkedin.com/company/OneTrust,OneTrust,,,,,,Hall: Hall N7-N10 Stand: C42,"2nd Floor, Building 1, No.666 Caifeng Road, Huzhou, Zhejiang, 313000",https://www.source-fashion.com/exhibitors/new-century-intl-trade-co,True,True,False,3,
"NINGBO BAINA FASHION CO.,LTD.",China,315111,,Source Fashion London Jul 7-9 2026,https://cookiepedia.co.uk/giving-consent-to-cookies,info@cookiepedia.co.uk,,https://www.linkedin.com/company/OneTrust,OneTrust,,,,,,Hall: Hall N1-N5 Stand: A20,"No.246, Wuxiang West Road, Wuxiang,, Ningbo, 315111",https://www.source-fashion.com/exhibitors/ningbo-baina-fashion-co,True,True,False,3,
"NINGBO DREAM F CO.,LTD",China,315121,,Source Fashion London Jul 7-9 2026,https://cookiepedia.co.uk/giving-consent-to-cookies,info@cookiepedia.co.uk,,https://www.linkedin.com/company/OneTrust,OneTrust,,,,,,Hall: Hall N7-N10 Stand: H45,"Room 118, Building D, Yunshanggu Technology Park, Ningbo, Zhejiang, 315121",https://www.source-fashion.com/exhibitors/ningbo-dream-f-co,True,True,False,3,
"NINGBO HUAZHONG JIANYE INTERNATIONAL TRADE CO., LTD.",China,315700,,Source Fashion London Jul 7-9 2026,https://cookiepedia.co.uk/giving-consent-to-cookies,info@cookiepedia.co.uk,,https://www.linkedin.com/company/OneTrust,OneTrust,,,,,,Hall: Hall N7-N10 Stand: F61,"NO.2 JIANYE ROAD XIANGSHAN, NINGBO, ZHEJIANG, 315700",https://www.source-fashion.com/exhibitors/ningbo-huazhong-jianye-international-trade-co-,True,True,False,3,
"Ningbo Jinhao Imp.&Exp., Co.,Ltd",China,315105,,Source Fashion London Jul 7-9 2026,https://cookiepedia.co.uk/giving-consent-to-cookies,info@cookiepedia.co.uk,,https://www.linkedin.com/company/OneTrust,OneTrust,,,,,,Hall: Hall N7-N10 Stand: A58,"Room 601, No.1 Building, No.818 Jinyuan Road, Ningbo, Zhejiang, 315105",https://www.source-fashion.com/exhibitors/ningbo-jinhao-impexp-co,True,True,False,3,
"NINGBO MAKE TEXTILE CO.,LTD.",China,315012,,Source Fashion London Jul 7-9 2026,https://cookiepedia.co.uk/giving-consent-to-cookies,info@cookiepedia.co.uk,,https://www.linkedin.com/company/OneTrust,OneTrust,,,,,,Hall: Hall N7-N10 Stand: E71,"Unit 1008,Building B,Century Plaza,118 DALIANG STREET, NINGBO, ZHEJIANG, 315012",https://www.source-fashion.com/exhibitors/ningbo-make-textile-co,True,True,False,3,
"NINGBO ORDER INTERNATIONAL BUSINESS CONSULTATIVE SERVICE CO.,LTD.",China,266309,,Source Fashion London Jul 7-9 2026,http://www.qianfengcapart.com/,qian.xu@qianfengcapart.com,+86 131 6298 3662,,,,,,,,Hall: National Ground Stand: NINGBO ORDER -18m,"5/F,BLOCK A, NINGBO,, YINZHOU DISTRICT, 266309",https://www.source-fashion.com/exhibitors/ningbo-order-international-business-consultative-service-co-1,True,True,True,3,
"Ningbo Rouse Garment R.C. Co, Ltd.",China,315100,,Source Fashion London Jul 7-9 2026,https://cookiepedia.co.uk/giving-consent-to-cookies,info@cookiepedia.co.uk,,https://www.linkedin.com/company/OneTrust,OneTrust,,,,,,Hall: Hall N7-N10 Stand: H61,"Block A, 2F, Rouse Office Building, Shiqi Town, Ningbo, Zhejiang, 315100",https://www.source-fashion.com/exhibitors/ningbo-rouse-garment-rc-co-,True,True,False,3,
NINGBO V.K. INDUSTRY & TRADING COMPANY,China,315010,,Source Fashion London Jul 7-9 2026,https://cookiepedia.co.uk/giving-consent-to-cookies,info@cookiepedia.co.uk,,https://www.linkedin.com/company/OneTrust,OneTrust,,,,,,Hall: Hall N7-N10 Stand: G45,"18th Floor,Yuehu Jinhui Tower,No. 225 Liuting Street, Ningbo, 315010",https://www.source-fashion.com/exhibitors/ningbo-vk-industry-trading-company,True,True,False,3,
"NINGBO YONGNAN KNITTING CO.,LTD",China,315708,,Source Fashion London Jul 7-9 2026,https://cookiepedia.co.uk/giving-consent-to-cookies,info@cookiepedia.co.uk,,https://www.linkedin.com/company/OneTrust,OneTrust,,,,,,Hall: Hall N7-N10 Stand: F20,"Xiangshangang East Road, Ningbo, 315708",https://www.source-fashion.com/exhibitors/ningbo-yongnan-knitting-co,True,True,False,3,
Nod Trend,Türkiye,,,Source Fashion London Jul 7-9 2026,https://nodtrend.com/,nodtrend@mail.ru,+902125169230,,,https://www.instagram.com/nodtrend_obuv/,nodtrend_obuv,https://www.facebook.com/nod.trend.1/,nod.trend.1,,Hall: Hall N1-N5 Stand: B25,,https://www.source-fashion.com/exhibitors/nod-trend,True,True,True,4,
OLETTA LIMITED,Hong Kong,.,Garment Manufacturer / Apparel,Source Fashion London Jul 7-9 2026,https://www.oletta.com/,andrew@oletta.com,+61 418 444 843,,,,,,,,Hall: Grand Hall Stand: G23,"Unit 513. 5/F. Fabrico Industrial Building., Kwai Chung. New Territories, .",https://www.source-fashion.com/exhibitors/oletta-limited,True,True,True,3,
Phuong Dong Garment JSC,,,Garment Manufacturer / Apparel,Source Fashion London Jul 7-9 2026,https://www.pdg.com.vn/,oanh.ta@pdg.com.vn,028.38945729,,,,,https://www.facebook.com/mayphuongdong,mayphuongdong,,Hall: Hall N1-N5 Stand: B15,,https://www.source-fashion.com/exhibitors/phuong-dong-garment-jsc,True,True,True,3,
Prints By Indkraft,India,250001,,Source Fashion London Jul 7-9 2026,https://cookiepedia.co.uk/giving-consent-to-cookies,,,,,,,,,,Hall: Hall N7-N10 Stand: D30,"E-44 Udyog Puram,, Meerut,, Uttar Pradesh, 250001",https://www.source-fashion.com/exhibitors/prints-indkraft,False,True,False,1,
PROSPEROUS GLORY ASIA LIMITED,Hong Kong,.,Garment Manufacturer / Apparel,Source Fashion London Jul 7-9 2026,https://prosperousglory.com/,,,,,,,,,,Hall: Hall N7-N10 Stand: J10,"D1, 14th floor, Lucky Factory Building,, Kowloon, .",https://www.source-fashion.com/exhibitors/prosperous-glory-asia-limited,False,True,False,1,
"Puxing Technology Co.,Ltd.",China,314502,,Source Fashion London Jul 7-9 2026,https://cookiepedia.co.uk/giving-consent-to-cookies,info@cookiepedia.co.uk,,https://www.linkedin.com/company/OneTrust,OneTrust,,,,,,Hall: Hall N7-N10 Stand: G65,"Room 201, Building3-2, Tongxiang, Zhejiang, 314502",https://www.source-fashion.com/exhibitors/puxing-technology-co,True,True,False,3,
"QINGDAO IMEI FASHION INTERNATIONAL TRADE CO.,LTD.",China,266000,,Source Fashion London Jul 7-9 2026,https://cookiepedia.co.uk/giving-consent-to-cookies,info@cookiepedia.co.uk,,https://www.linkedin.com/company/OneTrust,OneTrust,,,,,,Hall: Hall N7-N10 Stand: F64,"17th Floor, Zhidi Building No.101 Shenzhen Road, Qingdao, Shandong, 266000",https://www.source-fashion.com/exhibitors/qingdao-imei-fashion-international-trade-co,True,True,False,3,
"QINGDAO WELLTEX INT'L CO.,LTD",China,266071,Garment Manufacturer / Apparel,Source Fashion London Jul 7-9 2026,http://www.welltexco.com/,hf1996@126.com,+86053266600336,,,,,,,,Hall: Hall N7-N10 Stand: D63,"ROOM 910, NO.17 SHANDONG ROAD, QINGDAO, SHANDONG, 266071",https://www.source-fashion.com/exhibitors/qingdao-welltex-intl-co,True,True,True,3,
"Quanzhou Desheng Fashion & Weaving Co.,Ltd",China,FUJIAN,,Source Fashion London Jul 7-9 2026,https://cookiepedia.co.uk/giving-consent-to-cookies,info@cookiepedia.co.uk,,https://www.linkedin.com/company/OneTrust,OneTrust,,,,,,Hall: Hall N1-N5 Stand: C70,"HUI NAN INDUSTRIAL ZONE, QUANZHOU, FUJIAN",https://www.source-fashion.com/exhibitors/quanzhou-desheng-fashion-weaving-co,True,True,False,3,
"Quanzhou Fuxing Garments Co.,Ltd",China,362000,,Source Fashion London Jul 7-9 2026,https://cookiepedia.co.uk/giving-consent-to-cookies,info@cookiepedia.co.uk,,https://www.linkedin.com/company/OneTrust,OneTrust,,,,,,Hall: Hall N1-N5 Stand: C74,"No.32 Meitai Road,Qingmeng ETDA, Quanzhou, Fujian, 362000",https://www.source-fashion.com/exhibitors/quanzhou-fuxing-garments-co,True,True,False,3,
"QUANZHOU XINXIAN TEXTILE TECHNOLOGY CO.,LTD",China,FUJIAN,,Source Fashion London Jul 7-9 2026,https://cookiepedia.co.uk/giving-consent-to-cookies,info@cookiepedia.co.uk,,https://www.linkedin.com/company/OneTrust,OneTrust,,,,,,Hall: Hall N7-N10 Stand: H54,"NO 682,YINGSHAN ROAD,YINGLIN VILLAGE,YINGLIN TOWN, QUANZHOU, FUJIAN",https://www.source-fashion.com/exhibitors/quanzhou-xinxian-textile-technology-co,True,True,False,3,
"Quanzhou Yomai Sports Products Co.,Ltd",China,Fujian,,Source Fashion London Jul 7-9 2026,https://cookiepedia.co.uk/giving-consent-to-cookies,info@cookiepedia.co.uk,,https://www.linkedin.com/company/OneTrust,OneTrust,,,,,,Hall: Hall N7-N10 Stand: C60,"#2 Chongyi Street,Qingmeng District, Quanzhou, Fujian",https://www.source-fashion.com/exhibitors/quanzhou-yomai-sports-products-co,True,True,False,3,
Relaxaa Home Textiles & Green Power Pvt Ltd,India,600040,Garment Manufacturer / Apparel,Source Fashion London Jul 7-9 2026,https://relaxaa.in/,,,,,,,,,,Hall: Hall N1-N5 Stand: B2,"G block old no 1334, new no 19,, Chennai, 600040",https://www.source-fashion.com/exhibitors/relaxaa-home-textiles-green-power-pvt,False,True,False,1,
RISHABDEO CREATIONS PVT LTD,India,201301,Garment Manufacturer / Apparel,Source Fashion London Jul 7-9 2026,https://rishabdeocreations.com/,blueunobeach@gmail.com,+91 9810213018,,,https://www.instagram.com/blueunobeach/#,blueunobeach,,,,Hall: Hall N7-N10 Stand: K20,"G Block, Sector 6,, Noida,, Uttar Pradesh, 201301",https://www.source-fashion.com/exhibitors/rishabdeo-creations-pvt,True,True,True,4,
Sales Lounge,,,,Source Fashion London Jul 7-9 2026,https://www.source-fashion.com/,info@source-fashion.com,,https://www.linkedin.com/showcase/source-fashion,,https://www.instagram.com/sourcefashionshow,sourcefashionshow,https://www.facebook.com/SourceFashionshow,SourceFashionshow,,Stand: Sales Lounge,,https://www.source-fashion.com/exhibitors/sales-lounge-vix0,True,True,False,4,
Samshek Fashion Ltd,United Kingdom,,,Source Fashion London Jul 7-9 2026,https://cookiepedia.co.uk/giving-consent-to-cookies,info@cookiepedia.co.uk,,https://www.linkedin.com/company/OneTrust,OneTrust,,,,,,Hall: Grand Hall Stand: D25,"Crown House, London, WC1N 3AX",https://www.source-fashion.com/exhibitors/samshek-fashion,True,True,False,3,
SANDHERSONS LINGERIE CO LTD TA GRAINLINE APPARELS,United Kingdom,,Garment Manufacturer / Apparel,Source Fashion London Jul 7-9 2026,https://grainlineapparels.com/,info@grainlineapparels.com,01582 722121,,,https://www.instagram.com/tazza_gram,tazza_gram,,,,Hall: Grand Hall Stand: H22,"First Floor, 94-96 Dunstable Road, Luton, LU1 1EH",https://www.source-fashion.com/exhibitors/sandhersons-lingerie-co-ta-grainline-apparels,True,True,True,4,
SG EXPORTS,India,641606,Garment Manufacturer / Apparel,Source Fashion London Jul 7-9 2026,https://sgexports.net/,info@sgexports.net,0421 - 4269736,https://www.linkedin.com/company/107802074/admin/dashboard/,107802074,,,,,,Hall: Hall N1-N5 Stand: C11,"32, SANKAR NAGAR, TIRUPUR, 641606",https://www.source-fashion.com/exhibitors/sg-exports,True,True,True,4,
Shandong Yiwei Apparel Co. Ltd.,China,271000,,Source Fashion London Jul 7-9 2026,https://cookiepedia.co.uk/giving-consent-to-cookies,info@cookiepedia.co.uk,,https://www.linkedin.com/company/OneTrust,OneTrust,,,,,,Hall: Hall N1-N5 Stand: C71,"No.89 Leigushi Street,Taishan East Industrial Zone, Taian, ShanDong, 271000",https://www.source-fashion.com/exhibitors/shandong-yiwei-apparel-co-,True,True,False,3,
"SHANDONG YIWEI APPAREL CO.,LTD",China,271000,Garment Manufacturer / Apparel,Source Fashion London Jul 7-9 2026,http://www.daiyin.com/,office@daiyin.com,0538-6117569,,,,,,,,Hall: Hall N7-N10 Stand: C45,"No.89 Leigushi Street,Taishan East Industrial Zone, Taian, ShanDong, 271000",https://www.source-fashion.com/exhibitors/shandong-yiwei-apparel-co-2,True,True,True,3,
"Shandong Yiwei Apparel Co.,Ltd",China,271000,,Source Fashion London Jul 7-9 2026,https://cookiepedia.co.uk/giving-consent-to-cookies,info@cookiepedia.co.uk,,https://www.linkedin.com/company/OneTrust,OneTrust,,,,,,Hall: Hall N7-N10 Stand: G64,"No.89 Leigushi Street,Taishan East Industrial Zone, Taian, ShanDong, 271000",https://www.source-fashion.com/exhibitors/shandong-yiwei-apparel-co,True,True,False,3,
"Shanghai Wealdone Co., Ltd",China,200051,Garment Manufacturer / Apparel,Source Fashion London Jul 7-9 2026,https://cookiepedia.co.uk/giving-consent-to-cookies,info@cookiepedia.co.uk,,https://www.linkedin.com/company/OneTrust,OneTrust,,,,,,Hall: Hall N7-N10 Stand: G44,"Room 802 ,building # 3, JiaTing Plaza, Shanghai, Shanghai, 200051",https://www.source-fashion.com/exhibitors/shanghai-wealdone-co,True,True,False,3,
"SHANGHAI WONGAS TEXTILES CO.,LTD.",China,SHANGHAI,,Source Fashion London Jul 7-9 2026,https://cookiepedia.co.uk/giving-consent-to-cookies,info@cookiepedia.co.uk,,https://www.linkedin.com/company/OneTrust,OneTrust,,,,,,Hall: Grand Hall Stand: G52,"ROOM 1317,NO 1000 LAIFANG ROAD JIUTING TOWN, SHANGHAI, SHANGHAI",https://www.source-fashion.com/exhibitors/shanghai-wongas-textiles-co,True,True,False,3,
"SHAOXING DEALL TEXTILE CO.,LTD",China,312000,,Source Fashion London Jul 7-9 2026,https://cookiepedia.co.uk/giving-consent-to-cookies,info@cookiepedia.co.uk,,https://www.linkedin.com/company/OneTrust,OneTrust,,,,,,Hall: Hall N7-N10 Stand: F51,"No.572 YueAn North Road, YueCheng District, Shaoxing, Zhejiang, 312000",https://www.source-fashion.com/exhibitors/shaoxing-deall-textile-co,True,True,False,3,
"Shaoxing Muqi Import and Export Co., Ltd",China,312000,,Source Fashion London Jul 7-9 2026,https://cookiepedia.co.uk/giving-consent-to-cookies,info@cookiepedia.co.uk,,https://www.linkedin.com/company/OneTrust,OneTrust,,,,,,Hall: Hall N1-N5 Stand: E51,"1ST FLOOR,BUILDING 1,NO 21, CAOJIANG ROAD, SHAOXING CITY, ZHEJIANG, 312000",https://www.source-fashion.com/exhibitors/shaoxing-muqi-import-export-co,True,True,False,3,
"SHAOXING SHENGDIYA APPAREL CO.,LTD",China,312000,,Source Fashion London Jul 7-9 2026,https://cookiepedia.co.uk/giving-consent-to-cookies,info@cookiepedia.co.uk,,https://www.linkedin.com/company/OneTrust,OneTrust,,,,,,Hall: Hall N7-N10 Stand: C77,"AOZESHAN QIXIAN TOWN KEQIAO, SHAOXING, ZHEJIANG, 312000",https://www.source-fashion.com/exhibitors/shaoxing-shengdiya-apparel-co,True,True,False,3,
"SHAOXING TIANYUN INDUSTRIAL CO.,LTD",China,312000,,Source Fashion London Jul 7-9 2026,https://cookiepedia.co.uk/giving-consent-to-cookies,info@cookiepedia.co.uk,,https://www.linkedin.com/company/OneTrust,OneTrust,,,,,,Hall: Hall N7-N10 Stand: C40,"No. 3 Tianlao Road, Yuecheng District, Shaoxing, Zhejiang, 312000",https://www.source-fashion.com/exhibitors/shaoxing-tianyun-industrial-co,True,True,False,3,
"SHAOXING TONGYI IMP&EXP CO.,LTD",China,ZHEJIANG,,Source Fashion London Jul 7-9 2026,https://cookiepedia.co.uk/giving-consent-to-cookies,info@cookiepedia.co.uk,,https://www.linkedin.com/company/OneTrust,OneTrust,,,,,,Hall: Hall N7-N10 Stand: E45,"ROOM 2-05, 2NDFLOOR, BUILDING 7. NO. 55 HETANG ROAD, SHAOXING, ZHEJIANG",https://www.source-fashion.com/exhibitors/shaoxing-tongyi-impexp-co,True,True,False,3,
"SHAOXING WO ER TE TRADING CO.,LTD",China,312000,,Source Fashion London Jul 7-9 2026,https://cookiepedia.co.uk/giving-consent-to-cookies,info@cookiepedia.co.uk,,https://www.linkedin.com/company/OneTrust,OneTrust,,,,,,Hall: Hall N7-N10 Stand: B53,"ROOM406-1,XINHAI BUILDING,LINZHI STREET,YUECHENG DISTRICT, SHAOXING, ZHEJAING, 312000",https://www.source-fashion.com/exhibitors/shaoxing-wo-er-te-trading-co,True,True,False,3,
"SHENGZHOU YIHONG IMPORT & EXPORT CO.,LTD. 100 PCS",China,312400,Garment Manufacturer / Apparel,Source Fashion London Jul 7-9 2026,https://cookiepedia.co.uk/giving-consent-to-cookies,info@cookiepedia.co.uk,,https://www.linkedin.com/company/OneTrust,OneTrust,,,,,,Hall: Hall N7-N10 Stand: B40,"68 Yuexiang road, A/F5 shengzhou, zhejiang, 312400",https://www.source-fashion.com/exhibitors/shengzhou-yihong-import-export-co-100-pcs,True,True,False,3,
"Shenzhen Yali Clothing Co.,Ltd.",China,518000,,Source Fashion London Jul 7-9 2026,https://cookiepedia.co.uk/giving-consent-to-cookies,info@cookiepedia.co.uk,,https://www.linkedin.com/company/OneTrust,OneTrust,,,,,,Hall: Hall N1-N5 Stand: B72,"10F, Zhongtai Grain Building,, Shenzhen,, Guangdong Province, 518000",https://www.source-fashion.com/exhibitors/shenzhen-yali-clothing-co,True,True,False,3,
"SHISHI CHALLENGE WOLVES SPORTS CO., LTD.",China,Fujian,,Source Fashion London Jul 7-9 2026,https://cookiepedia.co.uk/giving-consent-to-cookies,info@cookiepedia.co.uk,,https://www.linkedin.com/company/OneTrust,OneTrust,,,,,,Hall: Hall N7-N10 Stand: D71,"No.88 district 4 Xipian,Yongning town, Shishi, Fujian",https://www.source-fashion.com/exhibitors/shishi-challenge-wolves-sports-co-,True,True,False,3,
Shopsense Retail Technologies Limited,India,400093,,Source Fashion London Jul 7-9 2026,https://cookiepedia.co.uk/giving-consent-to-cookies,,,,,,,,,,Hall: Hall N1-N5 Stand: E13,"1st Floor, Wework Vijay Diamond, Mumbai, Maharashtra, 400093",https://www.source-fashion.com/exhibitors/shopsense-retail-technologies-limited,False,True,False,1,
Sinnika Vietnam JSC,,,Garment Manufacturer / Apparel,Source Fashion London Jul 7-9 2026,https://www.ppj-international.com/,info@ppj-international.com,848) 7305 6886,,,,,https://www.facebook.com/PpjInternational,PpjInternational,,Hall: Hall N1-N5 Stand: B10,,https://www.source-fashion.com/exhibitors/sinnika-vietnam-jsc,True,True,True,3,
Socksyway,Türkiye,,,Source Fashion London Jul 7-9 2026,https://cookiepedia.co.uk/giving-consent-to-cookies,info@cookiepedia.co.uk,,https://www.linkedin.com/company/OneTrust,OneTrust,,,,,,Hall: Hall N1-N5 Stand: B24,,https://www.source-fashion.com/exhibitors/socksyway,True,True,False,3,
SOFTEX,China,210019,,Source Fashion London Jul 7-9 2026,https://cookiepedia.co.uk/giving-consent-to-cookies,info@cookiepedia.co.uk,,https://www.linkedin.com/company/OneTrust,OneTrust,,,,,,Hall: Hall N1-N5 Stand: D80,"Unit 1706-1708, Tower 2,, Nanjing,, Jiangsu, 210019",https://www.source-fashion.com/exhibitors/softex,True,True,False,3,
"SOHO APPAREL CO., LTD",China,210001,,Source Fashion London Jul 7-9 2026,https://cookiepedia.co.uk/giving-consent-to-cookies,info@cookiepedia.co.uk,,https://www.linkedin.com/company/OneTrust,OneTrust,,,,,,Hall: Hall N1-N5 Stand: F65,"Room 1201, Building B, NJUE Science Park,, Nanjing City, 210001",https://www.source-fashion.com/exhibitors/g9-soho-apparel-co,True,True,False,3,
South Enterprises Limited,Hong Kong,Hong Kong,Garment Manufacturer / Apparel,Source Fashion London Jul 7-9 2026,https://www.southent.com/,info@southent.com,+85227341500,https://www.linkedin.com/company/south-enterprises-limited/,south-enterprises-limited,,,,,,Hall: Grand Hall Stand: E30,"2/F East Ocean Centre, 98 Granville Road, Tsim Sha Tsui East, Kowloon,, Hong Kong",https://www.source-fashion.com/exhibitors/south-enterprises-limited,True,True,True,4,
SP & KO Consultancy,United Kingdom,,Sustainable / Eco,Source Fashion London Jul 7-9 2026,https://www.spko.co.uk/,kathy@spko.co.uk,,,,,,,,,Hall: Hall N1-N5 Stand: H3,"124 South Knighton Road, Leicester, LE2 3LQ",https://www.source-fashion.com/exhibitors/sp-ko-consultancy,True,True,False,2,
"SUMEC TEXTILE & LIGHT INDUSTRY CO.,LTD",China,210019,,Source Fashion London Jul 7-9 2026,https://cookiepedia.co.uk/giving-consent-to-cookies,info@cookiepedia.co.uk,,https://www.linkedin.com/company/OneTrust,OneTrust,,,,,,Hall: Hall N7-N10 Stand: A46,"15F Building 1, Block B, Shuzhicheng, Nanjing, Jiangsu, 210019",https://www.source-fashion.com/exhibitors/sumec-textile-light-industry-co,True,True,False,3,
"SUMEC TEXTILE & LIGHT INDUSTRY CO.,LTD.",China,NANJING,,Source Fashion London Jul 7-9 2026,https://cookiepedia.co.uk/giving-consent-to-cookies,info@cookiepedia.co.uk,,https://www.linkedin.com/company/OneTrust,OneTrust,,,,,,Hall: Hall N7-N10 Stand: H53,"15 FLOOR,DEPARTMENT 8,SUMEC UNIVERSAL PLAZA,NO.68 YUNLONGSHAN ROAD, JIANYE DISTRICT, NANJING",https://www.source-fashion.com/exhibitors/sumec-textile-light-industry-co-1,True,True,False,3,
Super Fabric Agencies Ltd,United Kingdom,,Garment Manufacturer / Apparel,Source Fashion London Jul 7-9 2026,https://www.jinlite.net/about.html,richardwu@jinlite.net,+8618559195869,https://www.linkedin.com/company/fuzhou-lijinte-garments-co-ltd,fuzhou-lijinte-garments-co-ltd,,,,,,Hall: Hall N1-N5 Stand: H23,"Unit 5 Papermill industrial estate, Birmingham, B44 8NY",https://www.source-fashion.com/exhibitors/super-fabric-agencies,True,True,True,4,
"SUZHOU FLYING TEXTILES CO., LTD",China,215228,,Source Fashion London Jul 7-9 2026,https://cookiepedia.co.uk/giving-consent-to-cookies,info@cookiepedia.co.uk,,https://www.linkedin.com/company/OneTrust,OneTrust,,,,,,Hall: Hall N1-N5 Stand: F21,"NO.158 YINHE RD, TANQIU, SUZHOU CITY, JIANGSU PROVINCE, 215228",https://www.source-fashion.com/exhibitors/suzhou-flying-textiles-co,True,True,False,3,
"SUZHOU SAVEBRAVE IMP.AND EXP.CO.,LTD.",China,215400,,Source Fashion London Jul 7-9 2026,https://cookiepedia.co.uk/giving-consent-to-cookies,info@cookiepedia.co.uk,,https://www.linkedin.com/company/OneTrust,OneTrust,,,,,,Hall: Hall N1-N5 Stand: E72,"NO.23, KUNTAI RD, TAICANG, JIANGSU, 215400",https://www.source-fashion.com/exhibitors/suzhou-savebrave-imp-expco,True,True,False,3,
T S KNITWEAR UK LTD,United Kingdom,,,Source Fashion London Jul 7-9 2026,https://cookiepedia.co.uk/giving-consent-to-cookies,info@cookiepedia.co.uk,,https://www.linkedin.com/company/OneTrust,OneTrust,,,,,,Hall: Hall N1-N5 Stand: D2,"80 Burnmoor Street, Leicester, Northern Europe, LE2 7JJ",https://www.source-fashion.com/exhibitors/t-s-knitwear-uk,True,True,False,3,
Tamanho e Tantos Lda.,Portugal,.,Garment Manufacturer / Apparel,Source Fashion London Jul 7-9 2026,https://ttantos.com/,info@ttantos.pt,0053144 23021401,https://www.linkedin.com/company/tamanho-e-tantos-lda/,tamanho-e-tantos-lda,https://www.instagram.com/ttantostextil2015/,ttantostextil2015,https://www.facebook.com/tamanhoetantos/,tamanhoetantos,,Hall: Hall N7-N10 Stand: H11,"R. do Negral nº 753, Paredes, .",https://www.source-fashion.com/exhibitors/tamanho-e-tantos-lda,True,True,True,5,
TEO Garments Corporation Pte Ltd | TGCorp Ltd,Singapore,367953,Garment Manufacturer / Apparel,Source Fashion London Jul 7-9 2026,https://www.teogmts.com/,info@teogmts.com,65) 6282 0545,,,,,,,,Hall: Hall N7-N10 Stand: G15,"15 Shaw Road, #01-01 TEO Industrial Building,, Singapore, 367953",https://www.source-fashion.com/exhibitors/teo-garments-corporation-pte-tgcorp,True,True,True,3,
TEXCOT APPARELS PRIVATE LIMITED,India,638005,Garment Manufacturer / Apparel,Source Fashion London Jul 7-9 2026,https://magnumtex.in/,magnum@magnumtex.in,91-9677369581,,,,,,,,Hall: Hall N1-N5 Stand: G3,"11-1A, PICHANKADU, ERODE, 638005",https://www.source-fashion.com/exhibitors/texcot-apparels-private-limited,True,True,True,3,
"Thai Son S. P Co., Ltd",,,,Source Fashion London Jul 7-9 2026,https://cookiepedia.co.uk/giving-consent-to-cookies,info@cookiepedia.co.uk,,https://www.linkedin.com/company/OneTrust,OneTrust,,,,,,Stand: A15,,https://www.source-fashion.com/exhibitors/thai-son-s-p-co,True,True,False,3,
The T-Shirt Factory Europe Ltd,United Kingdom,,Garment Manufacturer / Apparel,Source Fashion London Jul 7-9 2026,https://www.thetshirt-factory.co.uk/,info@thetshirt-factory.co.uk,0116 262 0786,https://www.linkedin.com/company/3244648/admin/dashboard/,3244648,,,,,,Hall: Hall N1-N5 Stand: D11,"Unit 1A,, Leicester, LE4 9LF",https://www.source-fashion.com/exhibitors/t-shirt-factory-europe,True,True,True,4,
"TIANJIN GRANDTEX TEXTILE CO.,LTD",China,Tianjin,,Source Fashion London Jul 7-9 2026,https://cookiepedia.co.uk/giving-consent-to-cookies,info@cookiepedia.co.uk,,https://www.linkedin.com/company/OneTrust,OneTrust,,,,,,Hall: Hall N7-N10 Stand: A54,"Room 3001, Building A, Fuli Center, Hexi District, Tianjin, Tianjin",https://www.source-fashion.com/exhibitors/tianjin-grandtex-textile-co,True,True,False,3,
"Tonglu County Siyu Textile Co., Ltd",China,Zhejiang,,Source Fashion London Jul 7-9 2026,https://cookiepedia.co.uk/giving-consent-to-cookies,info@cookiepedia.co.uk,,https://www.linkedin.com/company/OneTrust,OneTrust,,,,,,Hall: Hall N7-N10 Stand: F50,"No. 1066, Tongqian Road, Shuanghu Village, Hengcun Town, Hangzhou, Zhejiang",https://www.source-fashion.com/exhibitors/tonglu-county-siyu-textile-co,True,True,False,3,
"TOPWAY HEADWEAR (HK) CO., LIMITED",China,Hong Kong,Garment Manufacturer / Apparel,Source Fashion London Jul 7-9 2026,https://topwayheadwear.com/,info@topwaysportswear.com,+86 13926871566,,,https://www.instagram.com/topway_robinson/,topway_robinson,https://www.facebook.com/cap.hat.headwear,cap.hat.headwear,,Hall: Hall N1-N5 Stand: A75,"Room B28 , 7/F , King Yip Factory Building, Kowloon, Hong Kong",https://www.source-fashion.com/exhibitors/topway-headwear-hk-co-limited,True,True,True,4,
TRIMARE,Türkiye,,Garment Manufacturer / Apparel,Source Fashion London Jul 7-9 2026,https://www.trimaretextile.com/,info@trimaretextile.com,,https://www.linkedin.com/company/trimare-textile/about,trimare-textile,https://www.instagram.com/trimare.eco/,trimare.eco,,,,Hall: Hall N1-N5 Stand: B33,,https://www.source-fashion.com/exhibitors/trimare,True,True,False,4,
TRUE-VISION(DongGuan)COMPANY LIMITED,China,523560,,Source Fashion London Jul 7-9 2026,https://cookiepedia.co.uk/giving-consent-to-cookies,info@cookiepedia.co.uk,,https://www.linkedin.com/company/OneTrust,OneTrust,,,,,,Hall: Hall N7-N10 Stand: E61,"Room 107,Building 2, No. 16, Chuangye 2nd Road, Mulun, Dongguan, Guangdong, 523560",https://www.source-fashion.com/exhibitors/true-visiondongguancompany-limited,True,True,False,3,
V-Aspire SB Enterprises,India,122000,,Source Fashion London Jul 7-9 2026,https://cookiepedia.co.uk/giving-consent-to-cookies,,,,,,,,,,Hall: Hall N7-N10 Stand: G14,"M-18, Old DLF Colony,, Gurgaon, Haryana, 122000",https://www.source-fashion.com/exhibitors/v-aspire-sb-enterprises,False,True,False,1,
Vaneesha Impex Private Limited,India,221005,Garment Manufacturer / Apparel,Source Fashion London Jul 7-9 2026,https://cookiepedia.co.uk/giving-consent-to-cookies,,,,,,,,,,Hall: Hall N7-N10 Stand: A14,"B 27/87, DURGA KUND ROAD, VARANASI, UTTAR PRADESH, 221005",https://www.source-fashion.com/exhibitors/vaneesha-impex-private-limited,False,True,False,1,
Vietnam Textile & Apparel Association (VITAS),,,Garment Manufacturer / Apparel,Source Fashion London Jul 7-9 2026,http://www.vietnamtextile.org.vn/,info@vietnamtextile.org.vn,84-24-39349608,,,,,https://www.facebook.com/VITASVietNam,VITASVietNam,,Hall: Hall N1-N5 Stand: B11,,https://www.source-fashion.com/exhibitors/vietnam-textile-apparel-association-vitas,True,True,True,3,
Vigiant Industrial Limited,China,210012,,Source Fashion London Jul 7-9 2026,https://cookiepedia.co.uk/giving-consent-to-cookies,info@cookiepedia.co.uk,,https://www.linkedin.com/company/OneTrust,OneTrust,,,,,,Hall: Hall N7-N10 Stand: C61,"210012,48# Renmin Road,Maji Town,L.itahe District, Nanjing, Jiangsu, 210012",https://www.source-fashion.com/exhibitors/vigiant-industrial-limited,True,True,False,3,
VNL EXPORTS,India,302022,Garment Manufacturer / Apparel,Source Fashion London Jul 7-9 2026,https://cookiepedia.co.uk/giving-consent-to-cookies,,,,,,,,,,Hall: Grand Hall Stand: D33,"G-1 126/127 Garment Zone,, Jaipur,, 302022",https://www.source-fashion.com/exhibitors/vnl-exports,False,True,False,1,
WeBest,Hong Kong,.,Garment Manufacturer / Apparel,Source Fashion London Jul 7-9 2026,http://www.we-best.com/en/Index,info@we-best.com,16040813,,,,,,,,Hall: Grand Hall Stand: K24,"Rm 1701 17/F, Hong Kong, Hong Kong, .",https://www.source-fashion.com/exhibitors/webest,True,True,True,3,
"WELFULL GROUP CO.,LTD",China,310015,,Source Fashion London Jul 7-9 2026,https://cookiepedia.co.uk/giving-consent-to-cookies,info@cookiepedia.co.uk,,https://www.linkedin.com/company/OneTrust,OneTrust,,,,,,Hall: Hall N7-N10 Stand: J31,"D TOWER OCEAN INTERNATIONAL CENTER, NO.333 YUANJIAN ROAD, HANGZHOU, ZHEJIANG, 310015",https://www.source-fashion.com/exhibitors/welfull-group-co,True,True,False,3,
Welliam Trade Ltd (Bonvor),United Kingdom,,,Source Fashion London Jul 7-9 2026,https://cookiepedia.co.uk/giving-consent-to-cookies,info@cookiepedia.co.uk,,https://www.linkedin.com/company/OneTrust,OneTrust,,,,,,Hall: Grand Hall Stand: H25,"1 Tavistock Chambers, London, WC1A 2SE",https://www.source-fashion.com/exhibitors/welliam-trade-bonvor,True,True,False,3,
WovenTex LTD,United Kingdom,,Garment Manufacturer / Apparel,Source Fashion London Jul 7-9 2026,https://www.woventex.co/,contact@woventex.co,,https://www.linkedin.com/company/woventex-limited/?viewAsMember=true,woventex-limited,https://www.instagram.com/woventexltd?igsh=MXFwYmllY284OXgwYw%3D%3D&utm_source=qr,woventexltd,https://www.facebook.com/profile.php?id=61585467571567,profile.php,,Hall: Hall N7-N10 Stand: J24,"167–169 Great Portland Street, London, W1W 5PF",https://www.source-fashion.com/exhibitors/woventex,True,True,False,4,
"Wuxi Cindy International Trade Co.,Ltd",China,214000,Garment Manufacturer / Apparel,Source Fashion London Jul 7-9 2026,https://cookiepedia.co.uk/giving-consent-to-cookies,info@cookiepedia.co.uk,,https://www.linkedin.com/company/OneTrust,OneTrust,,,,,,Hall: Hall N7-N10 Stand: C44,"No.2 Fengwei Road, Xishan District,, Wuxi, Jiangsu, 214000",https://www.source-fashion.com/exhibitors/wuxi-cindy-international-trade-co,True,True,False,3,
"WUXI PACIFIC KNITTING CO., LTD",China,jiangsu,,Source Fashion London Jul 7-9 2026,https://cookiepedia.co.uk/giving-consent-to-cookies,info@cookiepedia.co.uk,,https://www.linkedin.com/company/OneTrust,OneTrust,,,,,,Hall: Hall N7-N10 Stand: B46,"No.4 jins+H3:P3han branch road, jinshanbei industry park, wuxi, jiangsu",https://www.source-fashion.com/exhibitors/wuxi-pacific-knitting-co,True,True,False,3,
"Xiamen C&D Enterprise Co.,Ltd",China,"361008,",,Source Fashion London Jul 7-9 2026,https://cookiepedia.co.uk/giving-consent-to-cookies,info@cookiepedia.co.uk,,https://www.linkedin.com/company/OneTrust,OneTrust,,,,,,Hall: Hall N1-N5 Stand: J61,"18th Floor of C&D International Building,, Xiamen City,, Fujian Province,, 361008,",https://www.source-fashion.com/exhibitors/xiamen-cd-enterprise-co,True,True,False,3,
Xiamen Chamber of International Commerce,China,361000,,Source Fashion London Jul 7-9 2026,https://cookiepedia.co.uk/giving-consent-to-cookies,info@cookiepedia.co.uk,,https://www.linkedin.com/company/OneTrust,OneTrust,,,,,,Hall: Grand Hall Stand: XiamenChamer,"NO.9-1 Factory Building 2/F , 3F ,Yongfeng Road,, Xiamen,, Fujain, 361000",https://www.source-fashion.com/exhibitors/xiamen-chamber-international-commerce,True,True,False,3,
"XIAMEN CIS INDUSTRIAL. CO., LTD.",China,361008,,Source Fashion London Jul 7-9 2026,https://cookiepedia.co.uk/giving-consent-to-cookies,info@cookiepedia.co.uk,,https://www.linkedin.com/company/OneTrust,OneTrust,,,,,,Hall: Hall N1-N5 Stand: A80,"Area B, Room 1504, No. 167 East Tapu Road,, Xiamen,, Fujian,, 361008",https://www.source-fashion.com/exhibitors/xiamen-cis-industrial-co-,True,True,False,3,
"XIAMEN LEANDA GARMENTS CO.,LTD.",China,361023,,Source Fashion London Jul 7-9 2026,https://cookiepedia.co.uk/giving-consent-to-cookies,info@cookiepedia.co.uk,,https://www.linkedin.com/company/OneTrust,OneTrust,,,,,,Hall: Hall N1-N5 Stand: E34,"2nd floor,No.9 Building,J6# factory，, JiMei, Xiamen, 361023",https://www.source-fashion.com/exhibitors/xiamen-leanda-garments-co,True,True,False,3,
"XUZHOU DONGCHENG TEXTILE CO., LTD.",China,221006,,Source Fashion London Jul 7-9 2026,https://cookiepedia.co.uk/giving-consent-to-cookies,info@cookiepedia.co.uk,,https://www.linkedin.com/company/OneTrust,OneTrust,,,,,,Hall: Hall N1-N5 Stand: E73,"NO 2 JIANKANG ROAD, Xuzhou, 221006",https://www.source-fashion.com/exhibitors/xuzhou-dongcheng-textile-co-,True,True,False,3,
YANTAI HERO STATE CO LTD,China,266600,,Source Fashion London Jul 7-9 2026,https://cookiepedia.co.uk/giving-consent-to-cookies,info@cookiepedia.co.uk,,https://www.linkedin.com/company/OneTrust,OneTrust,,,,,,Hall: Hall N1-N5 Stand: B61,"Room 613-616, Building A, 6/F, Wanda Financial Center, Yantai, Shandong, 266600",https://www.source-fashion.com/exhibitors/yantai-hero-state-co,True,True,False,3,
"YAOBANG Clothing (Cambodia) Co.,Ltd",China,315000,,Source Fashion London Jul 7-9 2026,https://cookiepedia.co.uk/giving-consent-to-cookies,info@cookiepedia.co.uk,,https://www.linkedin.com/company/OneTrust,OneTrust,,,,,,Hall: Hall N7-N10 Stand: G60,"No. 377, Yayuan South Road, Shili, Ningbo, Zhejiang, 315000",https://www.source-fashion.com/exhibitors/yaobang-clothing-cambodia-co,True,True,False,3,
"Yichun Pluscool Sports Co., Ltd.",China,Jiangxi Province,,Source Fashion London Jul 7-9 2026,https://cookiepedia.co.uk/giving-consent-to-cookies,info@cookiepedia.co.uk,,https://www.linkedin.com/company/OneTrust,OneTrust,,,,,,Hall: Hall N7-N10 Stand: G61,"No.10 Chunyu road,Yichun Economic Development Zone, Yichun City, Jiangxi Province",https://www.source-fashion.com/exhibitors/yichun-pluscool-sports-co-,True,True,False,3,
"YIWU SURE IMPORT AND EXPORT CO.,LTD.",China,322000,,Source Fashion London Jul 7-9 2026,https://cookiepedia.co.uk/giving-consent-to-cookies,info@cookiepedia.co.uk,,https://www.linkedin.com/company/OneTrust,OneTrust,,,,,,Hall: Hall N1-N5 Stand: D76,"Room 1211, Block A,  NO.272 West Xuefeng Road,, Yiwu,, Jinhua,, 322000",https://www.source-fashion.com/exhibitors/yiwu-sure-import-export-co,True,True,False,3,
"YIWU WANYI TECHNOLOGY DEVELOPMENT CO.,LTD",China,0,Garment Manufacturer / Apparel,Source Fashion London Jul 7-9 2026,http://www.cnwanyu.com/,info@cnwanyu.com,86-579-85089112,,,,,,,,Hall: Hall N1-N5 Stand: C73,"NO.100,EAST CHAOYANG ROAD, FOTANG TOWN,, YIWU CITY,, ZHEJIANG PROVINCE, 0",https://www.source-fashion.com/exhibitors/yiwu-wanyi-technology-development-co,True,True,True,3,
"Ystar wear (Quanzhou)Co., Ltd",China,362000,Garment Manufacturer / Apparel,Source Fashion London Jul 7-9 2026,https://ystarwear.com/,info@ystarwear.com,+86 15606924212,https://www.linkedin.com/company/ystar-wear/,ystar-wear,https://www.instagram.com/ystarwear/,ystarwear,https://www.facebook.com/ystarwear,ystarwear,,Hall: Hall N7-N10 Stand: C53,"No.77 TAIKANG ROAD, XIANTANG COMMUNITY, CHANGTAI STREET, QUANZHOU, FUJIAN, 362000",https://www.source-fashion.com/exhibitors/ystar-wear-quanzhouco,True,True,True,5,
"Zhejiang Guomai Advertising & Exhibition Co., Ltd",China,310003,,Source Fashion London Jul 7-9 2026,https://cookiepedia.co.uk/giving-consent-to-cookies,info@cookiepedia.co.uk,,https://www.linkedin.com/company/OneTrust,OneTrust,,,,,,Hall: National Ground Stand: Zhejiang Guomai Adver,"Room 1918, Fengqi Business Building, No.181 Fengqi Road, Hangzhou, 310003",https://www.source-fashion.com/exhibitors/zhejiang-guomai-advertising-exhibition-co,True,True,False,3,
"ZHEJIANG KAITE KNITTING CO.,LTD",China,311800,,Source Fashion London Jul 7-9 2026,https://cookiepedia.co.uk/giving-consent-to-cookies,info@cookiepedia.co.uk,,https://www.linkedin.com/company/OneTrust,OneTrust,,,,,,Hall: Hall N7-N10 Stand: B71,"1605,16F,HUAYANG BUILDING,TAOZHU STREET, ZHUJI, ZHEJIANG, 311800",https://www.source-fashion.com/exhibitors/zhejiang-kaite-knitting-co,True,True,False,3,
"ZHEJIANG LUJIN TEXTILE TECHNOLOGY CO.,LTD.",China,312000,,Source Fashion London Jul 7-9 2026,https://cookiepedia.co.uk/giving-consent-to-cookies,info@cookiepedia.co.uk,,https://www.linkedin.com/company/OneTrust,OneTrust,,,,,,Hall: Hall N7-N10 Stand: F70,"Room 7018, 7/F,Block A, Building 8, East Area of Creative Pa, Shaoxing, Zhejiang, 312000",https://www.source-fashion.com/exhibitors/zhejiang-lujin-textile-technology-co,True,True,False,3,
"ZHEJIANG NEEDLES&STITCHES CLOTHING CO.,LTD",China,310051,,Source Fashion London Jul 7-9 2026,https://cookiepedia.co.uk/giving-consent-to-cookies,info@cookiepedia.co.uk,,https://www.linkedin.com/company/OneTrust,OneTrust,,,,,,Hall: Hall N7-N10 Stand: F52,"15fl,5th bldg. 188 Binkang road, Hangzhou, Zhejiang, 310051",https://www.source-fashion.com/exhibitors/zhejiang-needlesstitches-clothing-co,True,True,False,3,
"ZHEJIANG TIANPAI KNITTING CO.,LTD",China,322000,,Source Fashion London Jul 7-9 2026,https://cookiepedia.co.uk/giving-consent-to-cookies,info@cookiepedia.co.uk,,https://www.linkedin.com/company/OneTrust,OneTrust,,,,,,Hall: Hall N7-N10 Stand: D72,"1858 Wuzhou Avenue, Fotang Town, Yiwu City, Zhejiang Province, 322000",https://www.source-fashion.com/exhibitors/zhejiang-tianpai-knitting-co,True,True,False,3,
"Zhuhai Wiseman Co., Ltd.",China,519060,,Source Fashion London Jul 7-9 2026,https://cookiepedia.co.uk/giving-consent-to-cookies,info@cookiepedia.co.uk,,https://www.linkedin.com/company/OneTrust,OneTrust,,,,,,Hall: Hall N1-N5 Stand: C82,"#1, South Zhenwei Road,, Zhuhai,, 519060",https://www.source-fashion.com/exhibitors/zhuhai-wiseman-co-,True,True,False,3,
"Zhuji Dechao Knitting Co., Ltd",China,311800,,Source Fashion London Jul 7-9 2026,https://cookiepedia.co.uk/giving-consent-to-cookies,info@cookiepedia.co.uk,,https://www.linkedin.com/company/OneTrust,OneTrust,,,,,,Hall: Hall N7-N10 Stand: D42,"No.227 Longtan Road, Datang Street, Zhuji, Zhejiang, 311800",https://www.source-fashion.com/exhibitors/zhuji-dechao-knitting-co,True,True,False,3,
"ZHUJI JINYIYU TEXTILE TECHNOLOGY CO.,LTD.",China,HANGJINQI VILLAGE,,Source Fashion London Jul 7-9 2026,https://cookiepedia.co.uk/giving-consent-to-cookies,info@cookiepedia.co.uk,,https://www.linkedin.com/company/OneTrust,OneTrust,,,,,,Hall: Hall N1-N5 Stand: A12,"NO.1258-1,, HANGJINQI VILLAGE",https://www.source-fashion.com/exhibitors/zhuji-jinyiyu-textile-technology-co,True,True,False,3,
Zirve Sapka,Türkiye,,,Source Fashion London Jul 7-9 2026,https://cookiepedia.co.uk/giving-consent-to-cookies,info@cookiepedia.co.uk,,https://www.linkedin.com/company/OneTrust,OneTrust,,,,,,Hall: Hall N1-N5 Stand: A30,,https://www.source-fashion.com/exhibitors/zirve-sapka,True,True,False,3,
