Company,Country,City,Category,Fair,Website,Email,Phone_WhatsApp,LinkedIn,Instagram,Stand_Booth,Detail_URL,Notes,Facebook
030,ITALY,,,Pitti Uomo 110,,,,,,PADIGLIONE CENTRALE / PIANO ATTICO / H/15,,,
04651/ A TRIP IN A BAG,GERMANY,,Lifestyle; Sustainable; Special Co-Lab/Limited Edition; Essentials; Nordic Style; New Formal; Globetrotter; Premium Streetwear; Urban; Contemporary,Pitti Uomo 110,http://www.04651.com,info@04651.com,+49 (0)40.2383189.10,,https://www.instagram.com/04651atripinabag,PADIGLIONE CENTRALE / PIANO INFERIORE / U/2-4,https://uomo.pittimmagine.com/en/pittimmagine/fairs/uomo/exhibitors/0-9/04651--a-trip-in-a-bag,,https://www.facebook.com/04651Sylt/
070 STUDIO,ITALY,,,Pitti Uomo 110,http://www.zerosettantastudio.com,,+03500620483,,https://www.instagram.com/zerosettanta_studio,PADIGLIONE CENTRALE / PIANO INFERIORE / Q/14,https://uomo.pittimmagine.com/en/pittimmagine/fairs/uomo/exhibitors/0-9/070-studio,,https://www.facebook.com/Zerosettanta-studio-287347191299112/
24BOTTLES,ITALY,,,Pitti Uomo 110,http://www.24bottles.com,,+03874391208,https://www.linkedin.com/company/24bottles/,https://www.instagram.com/24bottles_official,PADIGLIONE CAVANIGLIA / 38,https://uomo.pittimmagine.com/en/pittimmagine/fairs/uomo/exhibitors/0-9/24bottles,,https://www.facebook.com/24Bottles
40 WEFT,ITALY,,Globetrotter; Premium Streetwear; Informal; Urban; Contemporary,Pitti Uomo 110,http://www.40weft.com,info@40weft.com,+39 055 8826929,,https://www.instagram.com/40weft,PADIGLIONE CAVANIGLIA / 13-14,https://uomo.pittimmagine.com/en/pittimmagine/fairs/uomo/exhibitors/0-9/40-weft,,https://www.facebook.com/40weft.OfficialPage/
4US,ITALY,,,Pitti Uomo 110,,,,,,ARMERIA / 26-28,,,
A. LEYVA,SPAIN,,Essentials; British Style; Classic; Denimwear; Sportswear; Premium Streetwear; Urban; Luxury; Contemporary; Collection,Pitti Uomo 110,http://www.aleyva.com,,,,https://www.instagram.com/leyvabelts,PADIGLIONE CENTRALE / PIANO TERRA / D/14,https://uomo.pittimmagine.com/en/pittimmagine/fairs/uomo/exhibitors/A/a--leyva,,
ABARCA,SPAIN,,,Pitti Uomo 110,http://www.abarcashoes.com,info@abarcashoes.com,663839409,,https://www.instagram.com/abarcashoes,PADIGLIONE CAVANIGLIA / 57,https://uomo.pittimmagine.com/en/pittimmagine/fairs/uomo/exhibitors/A/abarca,,https://www.facebook.com/abarcashoes/
AERONAUTICA MILITARE,ITALY,,Lifestyle; Sportswear; Informal; Urban; Craftsmanship; Contemporary; Collection,Pitti Uomo 110,http://www.cristianodithiene.com,,+39 0445.380330,https://www.linkedin.com/company/cristiano-di-thiene-spa/,https://www.instagram.com/aeronautica_officialstore,CORTILE CAVANIGLIA / 1,https://uomo.pittimmagine.com/en/pittimmagine/fairs/uomo/exhibitors/A/aeronautica-militare,,
AESSE EQP,ITALY,,Lifestyle; Sustainable; High Performance; Urban; Collection,Pitti Uomo 110,http://www.aesseeqp.it,,+01761270238,,https://www.instagram.com/aesseeqp,PADIGLIONE CENTRALE / PIANO TERRA / K/7 L/8,https://uomo.pittimmagine.com/en/pittimmagine/fairs/uomo/exhibitors/A/aesse-eqp,,
AGF MAROSTICA,ITALY,,Classic; Sportswear; Contemporary,Pitti Uomo 110,http://www.agfmarostica.com,commerciale@modamarostica.eu,+39 0424 1700109,,https://www.instagram.com/agf_marostica,PADIGLIONE CENTRALE / PIANO TERRA / D/12,https://uomo.pittimmagine.com/en/pittimmagine/fairs/uomo/exhibitors/A/agf-marostica,,https://www.facebook.com/AGFmarostica
AIKON,ITALY,,Lifestyle; Essentials; Cutting-Edge; Japan Style; Denimwear; Premium Streetwear; Urban; Luxury; Craftsmanship; Contemporary,Pitti Uomo 110,http://www.weareaikon.com,,,,,SALA DELLE NAZIONI / A/23,https://uomo.pittimmagine.com/en/pittimmagine/fairs/uomo/exhibitors/A/aikon,,
AJOBYAJO - CODE KOREA,KOREA (SOUTH),,Agender; Japan Style; Workwear; Premium Streetwear; Informal; Urban; Youth Culture; Craftsmanship; Contemporary; Collection,Pitti Uomo 110,https://www.ajo-studio.com,ajo@ajo-studio.com,+82222699066,,https://www.instagram.com/ajo_ajobyajo_official,POLVERIERA / 1,https://uomo.pittimmagine.com/en/pittimmagine/fairs/uomo/exhibitors/A/ajobyajo---code-korea,,https://www.facebook.com/ajoajoajoajo
ALBERTO,GERMANY,,Lifestyle; Sustainable; Essentials; Classic; Denimwear,Pitti Uomo 110,https://www.alberto-pants.com/en,hello@alberto-pants.com,+49 2161 8192-0,,https://www.instagram.com/albertopants,PADIGLIONE CENTRALE / S. ALFA P.INFERIORE / 2,https://uomo.pittimmagine.com/en/pittimmagine/fairs/uomo/exhibitors/A/alberto,,
ALBERTO FASCIANI,ITALY,,Classic; Luxury; Craftsmanship; Contemporary,Pitti Uomo 110,http://www.albertofasciani.it,Customercare@albertofasciani.it,+39 0734628530,,https://instagram.com/albertofasciani_official,PADIGLIONE CENTRALE / PIANO ATTICO / H/6,https://uomo.pittimmagine.com/en/pittimmagine/fairs/uomo/exhibitors/A/alberto-fasciani,,https://www.facebook.com/albertofasciani
ALBERTO LUTI,ITALY,,,Pitti Uomo 110,http://www.albertoluti.it,info@albertoluti.it,+39 081 359 00 55,,https://www.instagram.com/albertolutiofficial,PADIGLIONE CENTRALE / PIANO TERRA / D/4,https://uomo.pittimmagine.com/en/pittimmagine/fairs/uomo/exhibitors/A/alberto-luti,,https://www.facebook.com/albertolutinapoli/
ALDEN NEW ENGLAND,U.S.A.,,Lifestyle; Classic; Premium Streetwear; Luxury; Craftsmanship; Collection,Pitti Uomo 110,http://www.aldenshoe.com,online@aldenshoe.com,+023465089473926,,https://www.instagram.com/aldenshoeco,PADIGLIONE CENTRALE / PIANO ATTICO / E/8,https://uomo.pittimmagine.com/en/pittimmagine/fairs/uomo/exhibitors/A/alden-new-england,,
ALESSANDRO GHERARDESCHI,ITALY,,,Pitti Uomo 110,,,,,,,,,
ALESSANDRO GHERARDI,ITALY,,Sustainable; Cutting-Edge; Classic; New Formal; Denimwear; High Performance; Activewear; Informal; Luxury; Contemporary,Pitti Uomo 110,http://www.alessandrogherardi.com,info@alessandrogherardi.com,390575797501,,https://www.instagram.com/alessandrogherardi_official,PADIGLIONE CENTRALE / PIANO INFERIORE / P/2-6,https://uomo.pittimmagine.com/en/pittimmagine/fairs/uomo/exhibitors/A/alessandro-gherardi,,https://www.facebook.com/alessandrogherardiofficial/
ALESSANDRO GILLES,ITALY,,,Pitti Uomo 110,https://www.alessandrogilles.it,info@alessandrogilles.it,+39089882429,,https://www.instagram.com/alessandrogilles_official,RONDINO / 1,https://uomo.pittimmagine.com/en/pittimmagine/fairs/uomo/exhibitors/A/alessandro-gilles,,
ALESSANDRO GILLES,ITALY,,,Pitti Uomo 110,https://www.alessandrogilles.it,info@alessandrogilles.it,+39089882429,,https://www.instagram.com/alessandrogilles_official,RONDINO / 1,https://uomo.pittimmagine.com/en/pittimmagine/fairs/uomo/exhibitors/A/alessandro-gilles,,
ALEXANDER HOTTO,ITALY,,Classic; New Formal; Luxury; Craftsmanship; Contemporary,Pitti Uomo 110,http://www.alexanderhotto.com,admin@alexanderhotto.com,+39 0734 892013,,https://www.instagram.com/alexanderhotto,PADIGLIONE CENTRALE / PIANO ATTICO / B/15,https://uomo.pittimmagine.com/en/pittimmagine/fairs/uomo/exhibitors/A/alexander-hotto,,https://www.facebook.com/AlexanderHottoShoes
ALFONSO D'ESTE,ITALY,,Nordic Style; British Style; Classic; Urban; Luxury; Craftsmanship; Collection,Pitti Uomo 110,https://alfonsodeste.it/.alfonsodeste.it,,,,https://www.instagram.com/alfonsodeste_official,PADIGLIONE CENTRALE / SALONE M P.INFERIORE / 49,https://uomo.pittimmagine.com/en/pittimmagine/fairs/uomo/exhibitors/A/alfonso-d-este,,
ALFRONCE,CHINA,,New Formal; Outdoor; Informal; Urban; Youth Culture; Luxury; Collection,Pitti Uomo 110,http://www.alfronce.com,al@jx-universal.com,https://wa.me,,,SALA DELLE NAZIONI / A/40-42,https://uomo.pittimmagine.com/en/pittimmagine/fairs/uomo/exhibitors/A/alfronce,,
ALGORI BRAND,PORTUGAL,,Lifestyle; Sportswear; Premium Streetwear; Informal; Urban; Contemporary,Pitti Uomo 110,https://algoribrand.com,hi@algoribrand.com,4490405,,https://www.instagram.com/algoribrand,ARMERIA / 11,https://uomo.pittimmagine.com/en/pittimmagine/fairs/uomo/exhibitors/A/algori-brand,,https://www.facebook.com/algoribrand
ALLBIRDS,U.S.A.,,Lifestyle; Sustainable; Activewear; Urban,Pitti Uomo 110,https://www.allbirds.eu,service@allbirds.eu,+43 5522-72303,,https://www.instagram.com/allbirds,PADIGLIONE CAVANIGLIA / 23,https://uomo.pittimmagine.com/en/pittimmagine/fairs/uomo/exhibitors/A/allbirds,,https://www.facebook.com/weareallbirds
ALLEY DOCKS 963,ITALY,,Lifestyle; Classic; Sportswear; Informal; Urban; Contemporary,Pitti Uomo 110,http://www.alleydocks.com,info@alleydocks.com,+39) 030 348451,,https://www.instagram.com/alley_docks,PADIGLIONE CENTRALE / PIANO TERRA / E/9,https://uomo.pittimmagine.com/en/pittimmagine/fairs/uomo/exhibitors/A/alley-docks-963,,https://www.facebook.com/Alleydocks/
ALPENHAUS,CANADA,,,Pitti Uomo 110,http://www.alpenhaus.com,info@alpenhaus.com,,https://www.linkedin.com/company/alpenhaus%C2%AE-outerwear/,https://www.instagram.com/alpenhaus,SALA DELLA RONDA / 35-36,https://uomo.pittimmagine.com/en/pittimmagine/fairs/uomo/exhibitors/A/alpenhaus,,
ALPHA STUDIO,ITALY,,Sustainable; Essentials; Classic; New Formal; Informal; Urban; Luxury; Craftsmanship; Contemporary; Collection,Pitti Uomo 110,http://www.alpha-studio.com,,+3905587443,,https://www.instagram.com/alphastudioofficial,PADIGLIONE CENTRALE / PIANO ATTICO / J/6-8,https://uomo.pittimmagine.com/en/pittimmagine/fairs/uomo/exhibitors/A/alpha-studio,,https://www.facebook.com/AlphaStudioOfficial/
AMA-BRAND,ITALY,,Lifestyle; Outdoor; Activewear; Informal; Urban; Luxury; Contemporary,Pitti Uomo 110,http://www.ama-brand.com,,+00223440504,,https://www.instagram.com/amabrand,PADIGLIONE CAVANIGLIA / 17,https://uomo.pittimmagine.com/en/pittimmagine/fairs/uomo/exhibitors/A/ama-brand,,
AMANDA CHRISTENSEN,SWEDEN,,,Pitti Uomo 110,https://www.houseofamandachristensen.com,order@houseofamandachristensen.com,+460321687050,https://www.linkedin.com/company/18203634/,https://www.instagram.com/houseofamandachristensen,PADIGLIONE CENTRALE / PIANO INFERIORE / O/19,https://uomo.pittimmagine.com/en/pittimmagine/fairs/uomo/exhibitors/A/amanda-christensen,,https://www.facebook.com/Amanda-Christensen-AB-541110402592755/
AMBITIOUS,PORTUGAL,,Lifestyle; Sustainable; Essentials; Cutting-Edge; Classic; New Formal; Informal; Urban; Craftsmanship; Contemporary,Pitti Uomo 110,http://www.ambitious-brand.com,customer.service@ambitious-brand.com,+351 253 559 043,https://www.linkedin.com/company/ambitious-brand/,https://www.instagram.com/ambitiousbrand,PADIGLIONE CENTRALE / PIANO TERRA / J/5,https://uomo.pittimmagine.com/en/pittimmagine/fairs/uomo/exhibitors/A/ambitious,,https://www.facebook.com/ambitiousbrands
AMERICAN VINTAGE,FRANCE,,,Pitti Uomo 110,http://www.americanvintage-store.com,contact@americanvintage-store.com,20252026,,https://www.instagram.com/americanvintage_officiel,ARSENALE / PIANO TERRA / 1-5,https://uomo.pittimmagine.com/en/pittimmagine/fairs/uomo/exhibitors/A/american-vintage,,
AMERIGO VESPUCCI COLLECTION BY MARINA MILITARE,ITALY,,Lifestyle; Essentials; Nordic Style; Classic; New Formal; Outdoor; Globetrotter; High Performance; Sportswear; Informal,Pitti Uomo 110,https://www.marinamilitare-sportswear.com,,0617666,,https://www.instagram.com/marinamilitaresportswear,PADIGLIONE CENTRALE / PIANO TERRA / K/12,https://uomo.pittimmagine.com/en/pittimmagine/fairs/uomo/exhibitors/A/amerigo-vespucci-collection-by-marina-militare,,
AMUNDSEN,NORWAY,,,Pitti Uomo 110,,,,,,SALA DELLA RONDA / 22,,,
ANCIENT GREEK SANDALS,GREECE,,Craftsmanship,Pitti Uomo 110,http://www.ancient-greek-sandals.com,nai@rainbowwave.com,+16467220380,,https://www.instagram.com/ancientgreeksandals,SALA DELLE NAZIONI / B/5-7,https://uomo.pittimmagine.com/en/pittimmagine/fairs/uomo/exhibitors/A/ancient-greek-sandals,,https://www.facebook.com/ancientgreeksandals
AND1,UNITED KINGDOM,,Lifestyle; Cutting-Edge; Denimwear; Activewear; Premium Streetwear; Urban; Youth Culture; Contemporary; Collection,Pitti Uomo 110,,,,,,ARMERIA / 25-29,,,
ANDREA GRECO,ITALY,,Lifestyle; Special Co-Lab/Limited Edition; Nordic Style; Japan Style; British Style; Classic; Urban; Luxury; Craftsmanship; Collection,Pitti Uomo 110,,,,,,PADIGLIONE CENTRALE / PIANO INFERIORE / S/22,https://uomo.pittimmagine.com/en/pittimmagine/fairs/uomo/exhibitors/A/andrea-greco,,
ANDREU,SPAIN,,Sustainable; Essentials; Nordic Style; Classic; New Formal; Workwear; Globetrotter; Urban; Contemporary,Pitti Uomo 110,http://www.sebastianandreu.com,info@sebastianandreu.com,+34) 93 3 179 031,https://www.linkedin.com/company/sebastian-andreu,https://www.instagram.com/sebastianandreu_barcelona,PADIGLIONE CENTRALE / PIANO TERRA / C/10,https://uomo.pittimmagine.com/en/pittimmagine/fairs/uomo/exhibitors/A/andreu,,
ANERKJENDT,DENMARK,,Nordic Style; Japan Style; Denimwear; Outdoor; Urban; Craftsmanship; Contemporary; Collection,Pitti Uomo 110,http://www.anerkjendt.com,shop@anerkjendt.com,29518343,https://dk.linkedin.com/company/anerkjendt,https://www.instagram.com/anerkjendt_official,PADIGLIONE CAVANIGLIA / 21,https://uomo.pittimmagine.com/en/pittimmagine/fairs/uomo/exhibitors/A/anerkjendt,,https://www.facebook.com/Anerkjendt/
ANGELO JAKOB SWITZERLAND,SWITZERLAND,,Lifestyle; Sustainable; Cutting-Edge; British Style; Classic; High Performance; Luxury; Craftsmanship; Contemporary; Collection,Pitti Uomo 110,https://angelojakob.com,hello@angelojakob.com,1178152,,https://www.instagram.com/angelojakob,PADIGLIONE CENTRALE / SALONE M P.INFERIORE / 37,https://uomo.pittimmagine.com/en/pittimmagine/fairs/uomo/exhibitors/A/angelo-jakob-switzerland,,https://www.facebook.com/savio.sousa
ANGELO ROMA,ITALY,,Lifestyle; Classic; Informal,Pitti Uomo 110,http://www.angeloroma.it,,0617662,,https://www.instagram.com/angeloroma_official,COSTRUZIONI LORENESI / PIANO PRIMO / 8,https://uomo.pittimmagine.com/en/pittimmagine/fairs/uomo/exhibitors/A/angelo-roma,,
ANT45,ITALY,,Sustainable; Sportswear; Premium Streetwear; Urban; Youth Culture,Pitti Uomo 110,http://www.ant45.com,,https://api.whatsapp.com/send/?phone=393342403997&text&type=phone_number&app_absent=0,,https://www.instagram.com/ant45_official,PADIGLIONE CENTRALE / PIANO ATTICO / G/13,https://uomo.pittimmagine.com/en/pittimmagine/fairs/uomo/exhibitors/A/ant45,,
ANTICA CUOIERIA,ITALY,,,Pitti Uomo 110,http://www.anticacuoieria.it,SUPPORT@ANTICACUOIERIA.IT,https://wa.me,,https://www.instagram.com/anticacuoieria,PADIGLIONE CENTRALE / PIANO TERRA / B/16,https://uomo.pittimmagine.com/en/pittimmagine/fairs/uomo/exhibitors/A/antica-cuoieria,,https://www.facebook.com/anticacuoieria/
ANTIK BATIK,FRANCE,,Lifestyle; Essentials; Denimwear; Globetrotter; Informal; Urban; Craftsmanship; Contemporary,Pitti Uomo 110,http://www.antikbatik.com,,0617664,,https://www.instagram.com/antikbatik_paris,SALA DELLE NAZIONI / A/30,https://uomo.pittimmagine.com/en/pittimmagine/fairs/uomo/exhibitors/A/antik-batik,,
ANTONIO BARBUTO,ITALY,,Lifestyle; New Formal; Denimwear; Outdoor; Luxury,Pitti Uomo 110,http://www.antoniobarbuto.it,,+39096791092,,,PADIGLIONE CENTRALE / PIANO INFERIORE / Q/5,https://uomo.pittimmagine.com/en/pittimmagine/fairs/uomo/exhibitors/B/antonio-barbuto,,http://www.facebook.com/pages/Antonio-Barbuto-Co-Srl/599518753407460
AQUA ALTA,ITALY,,Lifestyle; Essentials; Urban; Craftsmanship; Contemporary,Pitti Uomo 110,http://www.aqua-alta.com,online@aqua-alta.com,+404142434445,,https://www.instagram.com/aquaalta.venezia,PADIGLIONE CENTRALE / PIANO ATTICO / B/9,https://uomo.pittimmagine.com/en/pittimmagine/fairs/uomo/exhibitors/A/aqua-alta,,
AQUASCUTUM ACTIVE,ITALY,,Lifestyle; Sustainable; British Style; Outdoor; High Performance; Activewear; Sportswear; Urban; Contemporary; Collection,Pitti Uomo 110,,,,,https://www.instagram.com/aquascutumactive,COSTRUZIONI LORENESI / PIANO TERRA / 4,https://uomo.pittimmagine.com/en/pittimmagine/fairs/uomo/exhibitors/A/aquascutum-active,,
ARCHIVIUM,ITALY,,,Pitti Uomo 110,http://www.archiviumbeupdated.com,cottoncompanysrl@gmail.com,+39 030 348451,,https://www.instagram.com/archivium_beupdated,PADIGLIONE CENTRALE / PIANO ATTICO / E/4,https://uomo.pittimmagine.com/en/pittimmagine/fairs/uomo/exhibitors/A/archivium,,
ARCURI,ITALY,,,Pitti Uomo 110,http://www.arcuricravatte.it,info@arcuricravatte.it,+39 3 47 382 3799,,https://www.instagram.com/arcuri_cravatte,PADIGLIONE CENTRALE / PIANO TERRA / C/8,https://uomo.pittimmagine.com/en/pittimmagine/fairs/uomo/exhibitors/A/arcuri,,https://www.facebook.com/arcuricravatte/
ARMOR LUX,FRANCE,,Sustainable; Essentials; Workwear; Sportswear; Urban; Contemporary,Pitti Uomo 110,http://www.armorlux.com,,+79469773133,,https://www.instagram.com/armorluxofficiel,SALA DELLE NAZIONI / B/26-28,https://uomo.pittimmagine.com/en/pittimmagine/fairs/uomo/exhibitors/A/armor-lux,,https://www.facebook.com/armorlux
ARMOR LUX,FRANCE,,Sustainable; Essentials; Workwear; Sportswear; Urban; Contemporary,Pitti Uomo 110,http://www.armorlux.com,,+79469773133,,https://www.instagram.com/armorluxofficiel,SALA DELLE NAZIONI / B/26-28,https://uomo.pittimmagine.com/en/pittimmagine/fairs/uomo/exhibitors/A/armor-lux,,https://www.facebook.com/armorlux
ARO,SPAIN,,,Pitti Uomo 110,https://aroshoes.com,service@aroshoes.com,WA: +34620243821,,https://www.instagram.com/aroshoes___,PADIGLIONE CAVANIGLIA / 118,https://uomo.pittimmagine.com/en/pittimmagine/fairs/uomo/exhibitors/A/aro,,https://www.facebook.com/sneakersaro
ARTICO,ITALY,,Lifestyle; Sustainable; Classic; Outdoor; Luxury; Craftsmanship; Contemporary,Pitti Uomo 110,http://www.articofashion.com,,+39 051 828266,https://www.linkedin.com/company/artico-sas,https://www.instagram.com/artico_official_,PADIGLIONE CENTRALE / PIANO INFERIORE / S/11,https://uomo.pittimmagine.com/en/pittimmagine/fairs/uomo/exhibitors/A/artico,,https://www.facebook.com/articosnc
ASICS WALKING,JAPAN,,Lifestyle; New Formal; Informal; Urban; Contemporary,Pitti Uomo 110,https://walking.asics.com,,,,https://www.instagram.com/asics_walking,PADIGLIONE CENTRALE / PIANO ATTICO / H/13,https://uomo.pittimmagine.com/en/pittimmagine/fairs/uomo/exhibitors/A/asics-walking,,
ASTORFLEX,ITALY,,Outdoor; Activewear; Informal; Urban; Craftsmanship; Contemporary,Pitti Uomo 110,http://www.astorflex.it,info@astorflex.it,+39 0376 660170,,https://www.instagram.com/astorflex_official,SALA DELLE NAZIONI / B/18,https://uomo.pittimmagine.com/en/pittimmagine/fairs/uomo/exhibitors/A/astorflex,,https://www.facebook.com/calzaturificioastorflex/
AT.P.CO,ITALY,,Lifestyle; Essentials; New Formal; Denimwear; Outdoor; Informal; Urban; Contemporary; Collection,Pitti Uomo 110,http://www.atpco.it,,0617663,,https://www.instagram.com/atpco.it,PADIGLIONE CENTRALE / PIANO TERRA / H/6-8,https://uomo.pittimmagine.com/en/pittimmagine/fairs/uomo/exhibitors/A/at-p-co,,
ATALASPORT,ITALY,,Lifestyle; Sustainable; Premium Streetwear; Urban; Craftsmanship; Contemporary,Pitti Uomo 110,http://www.atalasport.it,,https://wa.me,,https://www.instagram.com/atalasport,SALA DELLE NAZIONI / B/3,https://uomo.pittimmagine.com/en/pittimmagine/fairs/uomo/exhibitors/A/atalasport,,https://www.facebook.com/atalasport
ATELIER DI FALCO,TURKEY,,Essentials; Classic; New Formal; Denimwear; High Performance; Activewear; Sportswear; Informal; Luxury; Contemporary,Pitti Uomo 110,http://www.atelierdifalco.com,,,,https://www.instagram.com/atelierdifalco.official,COSTRUZIONI LORENESI / PIANO PRIMO / 5,https://uomo.pittimmagine.com/en/pittimmagine/fairs/uomo/exhibitors/A/atelier-di-falco,,https://www.facebook.com/atelierdifalco
ATHISON,ITALY,,Lifestyle; Sustainable; Nordic Style; Japan Style; British Style; Classic; New Formal; Urban; Luxury; Craftsmanship,Pitti Uomo 110,http://www.athison.com,athison@manifatturadomodossola.it,+39 0324 225080 | https://wa.me,,https://www.instagram.com/athison1913,PADIGLIONE CENTRALE / PIANO TERRA / C/6,https://uomo.pittimmagine.com/en/pittimmagine/fairs/uomo/exhibitors/A/athison,,https://www.facebook.com/athison1913
ATLANTIC STARS,ITALY,,Lifestyle; Sportswear; Urban,Pitti Uomo 110,http://atlanticstars.it,shop@atlanticstars.it,+05678120287,,https://www.instagram.com/atlanticstars,CORTILE LORENESI / 3,https://uomo.pittimmagine.com/en/pittimmagine/fairs/uomo/exhibitors/A/atlantic-stars,,https://www.facebook.com/atlanticstarsofficial/
AURELIEN,NETHERLANDS,,Lifestyle; Essentials; Classic; New Formal; Luxury; Craftsmanship; Contemporary; Collection,Pitti Uomo 110,http://www.aurelien.com,,,,https://www.instagram.com/aurelien_official,PADIGLIONE CENTRALE / PIANO INFERIORE / S/10,https://uomo.pittimmagine.com/en/pittimmagine/fairs/uomo/exhibitors/A/aurelien,,https://www.facebook.com/Aurelien.Online
AVANT TOI,ITALY,,Lifestyle; Essentials; Contemporary,Pitti Uomo 110,http://www.avant-toi.it,showroom.milano@liapull.it,+39 02 89 07 71 12,,https://www.instagram.com/avant_toi.it,PADIGLIONE CENTRALE / PIANO ATTICO / B/2-4,https://uomo.pittimmagine.com/en/pittimmagine/fairs/uomo/exhibitors/A/avant-toi,,https://it-it.facebook.com/avanttoi1994
AVIREX,ITALY,,,Pitti Uomo 110,,,,,,PADIGLIONE CENTRALE / PIANO TERRA / H/17,,,
AZMAN,UNITED ARAB EMIRATES,,,Pitti Uomo 110,,,,,,PADIGLIONE CENTRALE / PIANO ATTICO / G/4,,,
B.D. BAGGIES,U.S.A.,,,Pitti Uomo 110,http://www.bdbaggies.com,customerservice@bdbaggies.com,+02370420370,,https://www.instagram.com/bdbaggies,AREA MONUMENTALE / SALA DELLA VOLTA E CORRIDOIO DELL'ARCO / 1,https://uomo.pittimmagine.com/en/pittimmagine/fairs/uomo/exhibitors/B/b-d--baggies,,https://www.facebook.com/B-D-Baggies-1052706384758469
BABETTE WASSERMAN LONDON,UNITED KINGDOM,,Lifestyle; Japan Style; British Style; Classic; New Formal; Workwear; Premium Streetwear; Luxury; Contemporary; Collection,Pitti Uomo 110,http://www.babette-wasserman.com,info@babette-wasserman.com,+44 (0)20 89649777,,https://www.instagram.com/babettewasserman,PADIGLIONE CENTRALE / PIANO INFERIORE / P/23,https://uomo.pittimmagine.com/en/pittimmagine/fairs/uomo/exhibitors/B/babette-wasserman-london,,https://www.facebook.com/babettewassermanjewellery
BAINDEMER,FRANCE,,,Pitti Uomo 110,,,,,,PADIGLIONE CENTRALE / PIANO ATTICO / J/10,,,
BALDININI,ITALY,,,Pitti Uomo 110,https://www.baldinini-shop.com/it,,+39 0541 932898,,https://www.instagram.com/baldininiofficial,PADIGLIONE CENTRALE / PIANO INFERIORE / V/9 Z/8,https://uomo.pittimmagine.com/en/pittimmagine/fairs/uomo/exhibitors/B/baldinini,,https://www.facebook.com/Baldinini
BARACUTA,UNITED KINGDOM,,,Pitti Uomo 110,http://www.baracuta.com,,+02370420370,,https://www.instagram.com/baracuta,AREA MONUMENTALE / SALA DELLA VOLTA E CORRIDOIO DELL'ARCO / 1,https://uomo.pittimmagine.com/en/pittimmagine/fairs/uomo/exhibitors/B/baracuta,,https://www.facebook.com/baracuta.england
BARBARULO NAPOLI 1894,ITALY,,Luxury; Craftsmanship,Pitti Uomo 110,http://www.barbarulonapoli.it,,+07165211215,,https://www.instagram.com/barbarulo_napoli,PADIGLIONE CENTRALE / PIANO INFERIORE / O/23,https://uomo.pittimmagine.com/en/pittimmagine/fairs/uomo/exhibitors/B/barbarulo-napoli-1894,,https://www.facebook.com/barbarulo1894
BARBOUR,UNITED KINGDOM,,,Pitti Uomo 110,http://www.barbour.com,customer.care@barbour.com,0800 917 3000,,https://www.instagram.com/barbour,AREA MONUMENTALE / SALA DELLA VOLTA E CORRIDOIO DELL'ARCO / 1,https://uomo.pittimmagine.com/en/pittimmagine/fairs/uomo/exhibitors/B/barbour,,https://www.facebook.com/OfficialBarbour
BARMAS,ITALY,,Classic; New Formal; Denimwear; Luxury; Craftsmanship; Contemporary,Pitti Uomo 110,https://www.barmas.net,,,,https://www.instagram.com/barmas_venezia,PADIGLIONE CENTRALE / PIANO INFERIORE / U/10,https://uomo.pittimmagine.com/en/pittimmagine/fairs/uomo/exhibitors/B/barmas,,
BARNA CASHMERE,ITALY,,,Pitti Uomo 110,https://www.barnacashmere.it,,,,https://www.instagram.com/barnacashmere,SALA DELLE NAZIONI / A/41,https://uomo.pittimmagine.com/en/pittimmagine/fairs/uomo/exhibitors/B/barna-cashmere,,
BARRACUDA,ITALY,,,Pitti Uomo 110,http://www.barracudashoes.it,,,,https://www.instagram.com/barracudashoes,PADIGLIONE CENTRALE / PIANO TERRA / I/13,https://uomo.pittimmagine.com/en/pittimmagine/fairs/uomo/exhibitors/B/barracuda,,
BARRETT,ITALY,,British Style; Classic; New Formal; Luxury; Craftsmanship; Contemporary,Pitti Uomo 110,http://www.barrett.it,,,,https://www.instagram.com/barrettofficial,PADIGLIONE CENTRALE / PIANO ATTICO / C/6-10,https://uomo.pittimmagine.com/en/pittimmagine/fairs/uomo/exhibitors/B/barrett,,
BE ABLE,ITALY,,,Pitti Uomo 110,http://www.beableconcept.it,info@beableconcept.it,+03833350618,,https://www.instagram.com/beable.official,PADIGLIONE CENTRALE / PIANO ATTICO / G/10-12,https://uomo.pittimmagine.com/en/pittimmagine/fairs/uomo/exhibitors/B/be-able,,https://www.facebook.com/beable.official/
BELL SURF,ITALY,,,Pitti Uomo 110,,,,,,PADIGLIONE CAVANIGLIA / 22,,,
BELLWOOD,ITALY,,Lifestyle; Essentials; Classic; New Formal; Informal; Urban; Luxury; Craftsmanship; Contemporary; Collection,Pitti Uomo 110,http://www.bellwood.it,,,,https://www.instagram.com/bellwood_knitwear,PADIGLIONE CENTRALE / PIANO TERRA / E/15,https://uomo.pittimmagine.com/en/pittimmagine/fairs/uomo/exhibitors/B/bellwood,,
BELOWTEN,SWEDEN,,Lifestyle; Sustainable; Essentials; Nordic Style; Outdoor; High Performance; Sportswear; Premium Streetwear; Craftsmanship; Contemporary,Pitti Uomo 110,http://www.belowten.se,,,,https://www.instagram.com/belowten_official,PADIGLIONE CENTRALE / PIANO ATTICO / A/4-6,https://uomo.pittimmagine.com/en/pittimmagine/fairs/uomo/exhibitors/B/belowten,,
BELTS DI PIAZZA STEFANO,ITALY,,,Pitti Uomo 110,http://www.belts-parma.it,info@belts-parma.it,+39 0521.804421,,https://www.instagram.com/beltscinture,PADIGLIONE CENTRALE / PIANO INFERIORE / P/10,https://uomo.pittimmagine.com/en/pittimmagine/fairs/uomo/exhibitors/B/belts-di-piazza-stefano,,https://www.facebook.com/beltscinture/
BELVEST,ITALY,,,Pitti Uomo 110,http://www.belvest.com,belvestspa@legalmail.it,+39 049 9699111,,https://www.instagram.com/belvest,PADIGLIONE CENTRALE / PIANO INFERIORE / N/9 O/11,https://uomo.pittimmagine.com/en/pittimmagine/fairs/uomo/exhibitors/B/belvest,,
BENCI BROTHERS,SWITZERLAND,,Lifestyle; Japan Style; Urban,Pitti Uomo 110,https://www.bencibrothers.com,,,,https://www.instagram.com/bencibrothers,SALA DELLE NAZIONI / B/48,https://uomo.pittimmagine.com/en/pittimmagine/fairs/uomo/exhibitors/B/benci-brothers,,
BEORMA,UNITED KINGDOM,,,Pitti Uomo 110,https://www.beorma.co.uk,,,,https://www.instagram.com/beormaleather,PADIGLIONE CENTRALE / PIANO ATTICO / H/8,https://uomo.pittimmagine.com/en/pittimmagine/fairs/uomo/exhibitors/B/beorma,,
BEPOSITIVE,ITALY,,,Pitti Uomo 110,http://www.bepositive.it,,,,,PADIGLIONE CENTRALE / PIANO ATTICO / B/6-8,https://uomo.pittimmagine.com/en/pittimmagine/fairs/uomo/exhibitors/B/bepositive,,
BERNA,ITALY,,Lifestyle; New Formal; Denimwear; Outdoor; Activewear; Sportswear; Urban; Youth Culture; Contemporary; Collection,Pitti Uomo 110,http://www.bernaitalia.it,customercare@bernaitalia.it,+39 366 875 9626,,https://www.instagram.com/bernaitalia,ARSENALE / PIANO TERRA / 23-25,https://uomo.pittimmagine.com/en/pittimmagine/fairs/uomo/exhibitors/B/berna,,https://www.facebook.com/bernaitalia
BERWICH,ITALY,,,Pitti Uomo 110,http://www.berwich.com,estero@berwich.com,+39 080 485 8305,,https://www.instagram.com/berwich_pants,PADIGLIONE CENTRALE / PIANO INFERIORE / V/26,https://uomo.pittimmagine.com/en/pittimmagine/fairs/uomo/exhibitors/B/berwich,,https://www.facebook.com/berwich.pants/
BEVERLY HILLS POLO CLUB,U.S.A.,,Lifestyle; Classic; Denimwear; Sportswear; Collection,Pitti Uomo 110,http://www.bhpoloclub.com,,,,https://www.instagram.com/bhpoloclub,COSTRUZIONI LORENESI / PIANO PRIMO / 7,https://uomo.pittimmagine.com/en/pittimmagine/fairs/uomo/exhibitors/B/beverly-hills-polo-club,,
BHARNABA,ITALY,,Sustainable; Classic; Urban; Luxury; Craftsmanship,Pitti Uomo 110,http://www.bharnaba.it,,+07485951219,,https://www.instagram.com/bharnaba_philosophy,PADIGLIONE CENTRALE / S. ALFA P.INFERIORE / 4,https://uomo.pittimmagine.com/en/pittimmagine/fairs/uomo/exhibitors/B/bharnaba,,
BIAGINI,ITALY,,Special Co-Lab/Limited Edition; Japan Style; Classic; Luxury; Craftsmanship,Pitti Uomo 110,http://www.biagini1968.com,,,,https://www.instagram.com/biagini_1968,PADIGLIONE CENTRALE / PIANO INFERIORE / O/15,https://uomo.pittimmagine.com/en/pittimmagine/fairs/uomo/exhibitors/B/biagini,,
BIANCO,DENMARK,,Nordic Style; Classic; Craftsmanship; Contemporary,Pitti Uomo 110,https://www.bianco.com,mba@bianco.com,,,https://www.instagram.com/biancoman_footwear,PADIGLIONE CAVANIGLIA / 103,https://uomo.pittimmagine.com/en/pittimmagine/fairs/uomo/exhibitors/B/bianco,,https://www.facebook.com/BiancoFootwear
BIGI CRAVATTE MILANO,ITALY,,,Pitti Uomo 110,http://www.bigicravatte.it,info@bigicravatte.it,+39) 02.89.40.95.03,,https://www.instagram.com/bigi.milano,PADIGLIONE CENTRALE / SALONE M P.INFERIORE / 12,https://uomo.pittimmagine.com/en/pittimmagine/fairs/uomo/exhibitors/B/bigi-cravatte-milano,,https://www.facebook.com/bigi.milano/
BL'KER VINTAGE,ITALY,,,Pitti Uomo 110,http://www.blkervintage.com,,,,https://www.instagram.com/blkervintage,SALA DELLE NAZIONI / A/27-29,https://uomo.pittimmagine.com/en/pittimmagine/fairs/uomo/exhibitors/B/bl-ker-vintage,,
BLACK ISLAND,TURKEY,,Lifestyle; Essentials; Denimwear; Outdoor; Activewear; Sportswear; Premium Streetwear; Urban; Luxury; Collection,Pitti Uomo 110,http://www.blackislandfashion.com,,https://wa.me,,https://www.instagram.com/blackislandfashion,ARMERIA / 30-31,https://uomo.pittimmagine.com/en/pittimmagine/fairs/uomo/exhibitors/B/black-island,,https://www.facebook.com/blackislandfashion
BLICK.,GERMANY,,Cutting-Edge; Japan Style; Classic; Luxury,Pitti Uomo 110,http://www.blick.it,,,,https://www.instagram.com/blick.ties,PADIGLIONE CENTRALE / S. ALFA P.INFERIORE / 9,https://uomo.pittimmagine.com/en/pittimmagine/fairs/uomo/exhibitors/B/blick-,,
BLKVIS,GERMANY,,,Pitti Uomo 110,,,,,,,,,
BLUE INDUSTRY,NETHERLANDS,,,Pitti Uomo 110,https://www.blue-industry.com,info@blue-industry.com,2025010925,https://www.linkedin.com/company/blue-industry/,https://www.instagram.com/blueindustry,RONDINO / 3-4,https://uomo.pittimmagine.com/en/pittimmagine/fairs/uomo/exhibitors/B/blue-industry,,https://www.facebook.com/blueindustryofficial
BLUEMINT,UNITED KINGDOM,,Lifestyle; Sustainable; Essentials; New Formal; Workwear; Outdoor; Luxury; Contemporary,Pitti Uomo 110,http://www.bluemint.com,,,,https://www.instagram.com/bluemint,PADIGLIONE CENTRALE / PIANO TERRA / E/1-3,https://uomo.pittimmagine.com/en/pittimmagine/fairs/uomo/exhibitors/B/bluemint,,
BLUNDSTONE,AUSTRALIA,,,Pitti Uomo 110,http://www.blundstone.it,,,,https://www.instagram.com/blundstone_italia,AREA MONUMENTALE / SALA DELLA VOLTA E CORRIDOIO DELL'ARCO / 1,https://uomo.pittimmagine.com/en/pittimmagine/fairs/uomo/exhibitors/B/blundstone,,
BOB,ITALY,,,Pitti Uomo 110,http://www.bobcompany.it,customercare@bobcompany.it,+0574 818643,,https://www.instagram.com/bobcompanytheoriginal,PADIGLIONE CENTRALE / PIANO TERRA / J/2-4,https://uomo.pittimmagine.com/en/pittimmagine/fairs/uomo/exhibitors/B/bob,,
BOEMOS,ITALY,,Lifestyle; Sustainable; High Performance; Urban; Collection,Pitti Uomo 110,http://www.boemos.it,boemos@boemos.it,+39 0571 261 687,,,PADIGLIONE CENTRALE / PIANO TERRA / D/1-3,https://uomo.pittimmagine.com/en/pittimmagine/fairs/uomo/exhibitors/B/boemos,,
BOLDRINI SELLERIA DAL 1955,ITALY,,Lifestyle; Essentials; Classic; New Formal; Globetrotter; Informal; Urban; Luxury; Craftsmanship; Contemporary,Pitti Uomo 110,http://www.boldriniselleria.com,,,,https://www.instagram.com/boldrini_selleria,PADIGLIONE CENTRALE / PIANO TERRA / D/5,https://uomo.pittimmagine.com/en/pittimmagine/fairs/uomo/exhibitors/B/boldrini-selleria-dal-1955,,
BOMBERS ORIGINAL,FRANCE,,Lifestyle; Essentials; Sportswear,Pitti Uomo 110,http://www.bombers-original.com,,,,https://www.instagram.com/bombers_original,PADIGLIONE CAVANIGLIA / 37,https://uomo.pittimmagine.com/en/pittimmagine/fairs/uomo/exhibitors/B/bombers-original,,
BOMBOOGIE,ITALY,,,Pitti Uomo 110,http://www.bomboogie.com,,,,https://www.instagram.com/bomboogie,PADIGLIONE CENTRALE / PIANO TERRA / E/6,https://uomo.pittimmagine.com/en/pittimmagine/fairs/uomo/exhibitors/B/bomboogie,,
BONASTRE,FRANCE,,Sustainable; Special Co-Lab/Limited Edition; Agender; Urban; Luxury; Craftsmanship; Contemporary,Pitti Uomo 110,http://www.bonastre.net,,,,https://www.instagram.com/bonastreparis,PADIGLIONE CENTRALE / PIANO ATTICO / F/9,https://uomo.pittimmagine.com/en/pittimmagine/fairs/uomo/exhibitors/B/bonastre,,
BONFANTI,ITALY,,Lifestyle; Sustainable; Japan Style; Informal; Urban; Craftsmanship; Contemporary,Pitti Uomo 110,http://www.bonfantiborse.it,,+39 0331 600366,,https://www.instagram.com/bonfantiborse,PADIGLIONE CENTRALE / PIANO TERRA / J/6,https://uomo.pittimmagine.com/en/pittimmagine/fairs/uomo/exhibitors/B/bonfanti,,https://www.facebook.com/bonfantiborse
BONHEUR,ITALY,,,Pitti Uomo 110,http://www.bonheurjeans.com,,,,https://www.instagram.com/bonheurjeans,ARSENALE / PIANO TERRA / 26,https://uomo.pittimmagine.com/en/pittimmagine/fairs/uomo/exhibitors/B/bonheur,,
BOOT BLACK,JAPAN,,Essentials; Japan Style; Classic; Craftsmanship,Pitti Uomo 110,http://bootblack.jp,,,,https://www.instagram.com/bootblack_official,PADIGLIONE CENTRALE / PIANO ATTICO / D/14,https://uomo.pittimmagine.com/en/pittimmagine/fairs/uomo/exhibitors/B/boot-black,,https://www.facebook.com/columbuspr/
BORBONICI,ITALY,,,Pitti Uomo 110,http://www.borbonici.it,amministrazione@borbonici.it,+09375021210,,https://www.instagram.com/borbonici_napoli,PADIGLIONE CENTRALE / SALONE M P.INFERIORE / 33,https://uomo.pittimmagine.com/en/pittimmagine/fairs/uomo/exhibitors/B/borbonici,,
BORN OUTSIDE,UNITED ARAB EMIRATES,,Luxury; Craftsmanship; Contemporary,Pitti Uomo 110,http://www.bornoutside.it,,,,https://www.instagram.com/bornoutside.it,PADIGLIONE CENTRALE / PIANO ATTICO / I/9,https://uomo.pittimmagine.com/en/pittimmagine/fairs/uomo/exhibitors/B/born-outside,,
BORRIELLO,ITALY,,Lifestyle; Classic; New Formal; Denimwear; Luxury; Craftsmanship,Pitti Uomo 110,http://www.borriellonapoli.it,,,,https://www.instagram.com/borriellonapoli,PADIGLIONE CENTRALE / PIANO INFERIORE / U/7,https://uomo.pittimmagine.com/en/pittimmagine/fairs/uomo/exhibitors/B/borriello,,
BOXEUR DES RUES®,ITALY,,Lifestyle; Sustainable; Denimwear; High Performance; Activewear; Sportswear; Premium Streetwear; Urban; Youth Culture; Collection,Pitti Uomo 110,https://www.boxeurdesrues.com/it,,+07871890963,,https://www.instagram.com/boxeurdesruesofficial,ARMERIA / 14,https://uomo.pittimmagine.com/en/pittimmagine/fairs/uomo/exhibitors/B/boxeur-des-rues-,,https://www.facebook.com/boxeurdesruesofficial/
BOYAN,INDIA,,,Pitti Uomo 110,,,,,,SALA DELLE NAZIONI / B/31,,,
BRADOR,ITALY,,Essentials; Informal; Urban; Craftsmanship; Contemporary,Pitti Uomo 110,http://www.brador.it,,,,https://www.instagram.com/bradorshoes,ARSENALE / PIANO TERRA / 35,https://uomo.pittimmagine.com/en/pittimmagine/fairs/uomo/exhibitors/B/brador,,
BRAMANI CASHMERE,ITALY,,Lifestyle; Sustainable; Sportswear; Informal; Luxury; Craftsmanship; Contemporary,Pitti Uomo 110,http://www.bramanicashmere.com,info@bramanicashmere.com,20262027,https://www.linkedin.com/company/bramanicashmere/,https://www.instagram.com/bramani_cashmere,PADIGLIONE CENTRALE / SALONE M P.INFERIORE / 2-4,https://uomo.pittimmagine.com/en/pittimmagine/fairs/uomo/exhibitors/B/bramani-cashmere,,https://www.facebook.com/bramanicashmere
BRAMANTE,ITALY,,Lifestyle; Essentials; Classic; New Formal; Workwear; Informal; Luxury; Contemporary,Pitti Uomo 110,http://www.bramante.it,,,,https://www.instagram.com/bramante1986,PADIGLIONE CENTRALE / PIANO TERRA / E/5-7,https://uomo.pittimmagine.com/en/pittimmagine/fairs/uomo/exhibitors/B/bramante,,
BRERAS,ITALY,,Lifestyle; Classic; Activewear; Craftsmanship; Contemporary,Pitti Uomo 110,http://www.brerasmilano.it,,,,https://www.instagram.com/brerasmilano,PADIGLIONE CENTRALE / PIANO TERRA / A/10 B/9,https://uomo.pittimmagine.com/en/pittimmagine/fairs/uomo/exhibitors/B/breras,,
BRESCIANI,ITALY,,Sustainable; Classic; New Formal; Urban; Luxury; Craftsmanship,Pitti Uomo 110,http://www.bresciani.it,,,,https://www.instagram.com/bresciani1970,PADIGLIONE CENTRALE / PIANO TERRA / I/11,https://uomo.pittimmagine.com/en/pittimmagine/fairs/uomo/exhibitors/B/bresciani,,
BRETELLE & BRACES,ITALY,,,Pitti Uomo 110,http://www.bretelleandbraces.com,info@bretelleitaliane.com,2545524554,,https://www.instagram.com/bretelleandbraces,PADIGLIONE CENTRALE / PIANO INFERIORE / R/27,https://uomo.pittimmagine.com/en/pittimmagine/fairs/uomo/exhibitors/B/bretelle---braces,,
BRETT JOHNSON,U.S.A.,,Lifestyle; Denimwear; Outdoor; Sportswear; Informal; Luxury; Craftsmanship; Collection,Pitti Uomo 110,http://www.brettjohnson.co,,,,https://www.instagram.com/brettjohnsonofficial,PADIGLIONE CENTRALE / PIANO INFERIORE / V/5 Z/4,https://uomo.pittimmagine.com/en/pittimmagine/fairs/uomo/exhibitors/B/brett-johnson,,
BRIGLIA  1949,ITALY,,,Pitti Uomo 110,http://www.briglia1949.com,,,,https://www.instagram.com/briglia1949,PADIGLIONE CENTRALE / PIANO INFERIORE / R/13,https://uomo.pittimmagine.com/en/pittimmagine/fairs/uomo/exhibitors/B/briglia--1949,,
BRIXIA,ITALY,,Lifestyle; Cutting-Edge; Outdoor; Sportswear; Premium Streetwear; Urban; Contemporary; Collection,Pitti Uomo 110,http://www.brixia.shoes,,,,https://www.instagram.com/brixiashoes,SALA DELLE NAZIONI / A/1-5,https://uomo.pittimmagine.com/en/pittimmagine/fairs/uomo/exhibitors/B/brixia,,
BRUNELLO CUCINELLI,ITALY,,,Pitti Uomo 110,http://www.brunellocucinelli.com,press@brunellocucinelli.com,+39075697071,https://www.linkedin.com/company/brunello-cucinelli-s-p-a-/,https://www.instagram.com/brunellocucinelli_brand,PADIGLIONE CENTRALE / PIANO INFERIORE / R/2-12,https://uomo.pittimmagine.com/en/pittimmagine/fairs/uomo/exhibitors/B/brunello-cucinelli,,https://www.facebook.com/BrunelloCucinelli/
BRUNOS,ITALY,,Lifestyle; Sustainable; Essentials; New Formal; Denimwear; Informal; Craftsmanship; Contemporary,Pitti Uomo 110,http://www.brunosfirenze.it,brunos@brunosfirenze.it,+39 055 721090,,https://www.instagram.com/brunos_firenze,ARSENALE / PIANO TERRA / 30,https://uomo.pittimmagine.com/en/pittimmagine/fairs/uomo/exhibitors/B/brunos,,https://www.facebook.com/Brunos-original-907919802642736/
BRÜHL FINE TROUSERS - SINCE 1923,GERMANY,,Lifestyle; Essentials; Classic; New Formal; Denimwear; High Performance; Activewear; Contemporary; Collection,Pitti Uomo 110,,,,,,RONDINO / 8,https://uomo.pittimmagine.com/en/pittimmagine/fairs/uomo/exhibitors/B/br-hl-fine-trousers---since-1923,,
BUGATTI,GERMANY,,,Pitti Uomo 110,http://www.bugatti-fashion.com,,,,https://www.instagram.com/bugatti_fashion_official,PADIGLIONE CENTRALE / PIANO INFERIORE / N/3-5 O/5-7,https://uomo.pittimmagine.com/en/pittimmagine/fairs/uomo/exhibitors/B/bugatti,,
CACHÍ,FRANCE,,Luxury; Craftsmanship; Contemporary,Pitti Uomo 110,https://cachiofficielle.com,,,,https://www.instagram.com/cachiofficielle,PADIGLIONE CENTRALE / PIANO ATTICO / E/20,https://uomo.pittimmagine.com/en/pittimmagine/fairs/uomo/exhibitors/C/cach-,,
CADINI,ITALY,,Lifestyle; Sustainable; Classic; New Formal; Outdoor; High Performance; Informal; Luxury; Craftsmanship; Contemporary,Pitti Uomo 110,http://www.cadini.com,info@cadini.com,+39 055 0944846,,https://www.instagram.com/cadini.official.italy,PADIGLIONE CENTRALE / PIANO TERRA / D/9,https://uomo.pittimmagine.com/en/pittimmagine/fairs/uomo/exhibitors/C/cadini,,https://www.facebook.com/Cadini.Italy/
CALA 1789,MONACO,,Essentials; Activewear; Contemporary,Pitti Uomo 110,,,,,https://www.instagram.com/cala1789,PADIGLIONE CENTRALE / PIANO TERRA / H/9,https://uomo.pittimmagine.com/en/pittimmagine/fairs/uomo/exhibitors/C/cala-1789,,
CALABRESE DAL 1924,ITALY,,Lifestyle; Classic; Luxury; Craftsmanship,Pitti Uomo 110,http://www.calabrese1924.com,info@calabrese1924.com,+07160270638,,https://www.instagram.com/calabrese1924,PADIGLIONE CENTRALE / PIANO INFERIORE / V/20,https://uomo.pittimmagine.com/en/pittimmagine/fairs/uomo/exhibitors/C/calabrese-dal-1924,,
CALAJ PERFUME,ROMANIA,,,Pitti Uomo 110,,,,,,,,,
CALCE,SPAIN,,,Pitti Uomo 110,http://www.calce.es,info-calce@calce.es,+34 967 341 300 | https://wa.me,,https://www.instagram.com/calceshoes,PADIGLIONE CENTRALE / SALONE M P.INFERIORE / 45,https://uomo.pittimmagine.com/en/pittimmagine/fairs/uomo/exhibitors/C/calce,,https://www.facebook.com/calceshoes
CALEB PARIS,FRANCE,,,Pitti Uomo 110,,,,,https://www.instagram.com/calebparisofficial,ARSENALE / PIANO TERRA / 13,https://uomo.pittimmagine.com/en/pittimmagine/fairs/uomo/exhibitors/C/caleb-paris,,
CAMOUFLAGE AR AND J.,ITALY,,Lifestyle; Sustainable; Classic; Denimwear; Luxury; Craftsmanship; Contemporary; Collection,Pitti Uomo 110,http://www.camouflage-jeans.com,info@camouflage-jeans.com,+39 085 8071357,,https://www.instagram.com/camouflagearandj_official,PADIGLIONE CENTRALE / PIANO TERRA / K/15 L/16,https://uomo.pittimmagine.com/en/pittimmagine/fairs/uomo/exhibitors/C/camouflage-ar-and-j-,,https://it-it.facebook.com/CamouflageArAndJ
CAMPOBELLO,PORTUGAL,,Lifestyle; Essentials; Classic; New Formal; Luxury; Craftsmanship; Contemporary,Pitti Uomo 110,https://b2b.campobelloshoes.com,,,,,RONDINO / 11,https://uomo.pittimmagine.com/en/pittimmagine/fairs/uomo/exhibitors/C/campobello,,
CANADIAN,ITALY,,,Pitti Uomo 110,http://www.canadianclassics.it,canadian.support@ecommerceonline.it,+39 0422 1440019,,https://www.instagram.com/canadianclassics_official,PADIGLIONE CAVANIGLIA / 41-45,https://uomo.pittimmagine.com/en/pittimmagine/fairs/uomo/exhibitors/C/canadian,,https://www.facebook.com/canadianclassicsofficial
CANADIENS,ITALY,,Lifestyle; High Performance; Urban; Contemporary,Pitti Uomo 110,http://www.canadiens.it,customer@canadiens.it,,,https://www.instagram.com/canadiensclothingofficial,PADIGLIONE CENTRALE / PIANO TERRA / K/7 L/8,https://uomo.pittimmagine.com/en/pittimmagine/fairs/uomo/exhibitors/C/canadiens,,https://www.facebook.com/canadiensclothing/
CANDICE COOPER,ITALY,,,Pitti Uomo 110,http://www.candicecooper.com,info@candicecooper.com,+39 073379091,,https://www.instagram.com/candicecooper__official/,PADIGLIONE CAVANIGLIA / 28-29,https://uomo.pittimmagine.com/en/pittimmagine/fairs/uomo/exhibitors/C/candice-cooper,,https://www.facebook.com/CandiceCooperOfficial/
CAPALBIO,ITALY,,,Pitti Uomo 110,,,,,https://www.instagram.com/capalbio_abbigliamento,PADIGLIONE CENTRALE / PIANO INFERIORE / Q/14,https://uomo.pittimmagine.com/en/pittimmagine/fairs/uomo/exhibitors/C/capalbio,,
CARL FRIEDRIK,UNITED KINGDOM,,Nordic Style; British Style; Classic; Globetrotter; Luxury; Craftsmanship; Contemporary,Pitti Uomo 110,https://www.carlfriedrik.com,,,,https://www.instagram.com/carlfriedrik,PADIGLIONE CENTRALE / PIANO ATTICO / B/10,https://uomo.pittimmagine.com/en/pittimmagine/fairs/uomo/exhibitors/C/carl-friedrik,,
CARL GROSS,GERMANY,,Lifestyle; Sustainable; Essentials; Classic; New Formal; Informal; Luxury; Craftsmanship; Contemporary; Collection,Pitti Uomo 110,http://www.carlgross.de,service@carlgross.de,4909151736199,,https://www.instagram.com/carlgross,AREA MONUMENTALE / SALA DELLE COLONNE / 1,https://uomo.pittimmagine.com/en/pittimmagine/fairs/uomo/exhibitors/C/carl-gross,,
CARLO COLUCCI,GERMANY,,,Pitti Uomo 110,https://www.carlocolucci.com,,,,https://www.instagram.com/carlocolucciofficial/,COSTRUZIONI LORENESI / PIANO PRIMO / 9-10,https://uomo.pittimmagine.com/en/pittimmagine/fairs/uomo/exhibitors/C/carlo-colucci,,https://facebook.com/ShopCarloColucci
CARUSO,ITALY,,Lifestyle; Essentials; Cutting-Edge; Classic; New Formal; Luxury; Craftsmanship; Contemporary; Collection,Pitti Uomo 110,http://www.carusomenswear.com,,,,https://www.instagram.com/carusomenswear,PADIGLIONE CENTRALE / PIANO INFERIORE / Q/1,https://uomo.pittimmagine.com/en/pittimmagine/fairs/uomo/exhibitors/C/caruso,,
CASA ISAAC,ITALY,,,Pitti Uomo 110,,,,,,PADIGLIONE CENTRALE / PIANO ATTICO / I/11,https://uomo.pittimmagine.com/en/pittimmagine/fairs/uomo/exhibitors/C/casa-isaac,,
CASHEART MADE IN ITALY,ITALY,,,Pitti Uomo 110,http://www.beby.it,,+00441770476,,https://www.instagram.com/casheart_it,PADIGLIONE CENTRALE / PIANO ATTICO / A/16,https://uomo.pittimmagine.com/en/pittimmagine/fairs/uomo/exhibitors/C/casheart-made-in-italy,,https://www.facebook.com/beby.maglificio
CASTAÑER,SPAIN,,Lifestyle; Urban; Craftsmanship,Pitti Uomo 110,http://www.castaner.com,,,,https://www.instagram.com/castanerofficial,PADIGLIONE CENTRALE / PIANO ATTICO / C/9,https://uomo.pittimmagine.com/en/pittimmagine/fairs/uomo/exhibitors/C/casta-er,,
CENT.PM,CHINA,,Lifestyle; New Formal; Craftsmanship; Contemporary,Pitti Uomo 110,http://www.centpm.com,centpm.studio@gmail.com,,,https://www.instagram.com/cent.pm,,https://uomo.pittimmagine.com/en/pittimmagine/fairs/uomo/exhibitors/C/cent-pm,,
CG - CLUB OF GENTS,GERMANY,,Lifestyle; Sustainable; Essentials; British Style; Classic; New Formal; Informal; Urban; Contemporary; Collection,Pitti Uomo 110,http://www.cgclubofgents.com,service@cg.fashion,4909151736123,,https://www.instagram.com/cgclubofgents,AREA MONUMENTALE / SALA DELLE COLONNE / 1,https://uomo.pittimmagine.com/en/pittimmagine/fairs/uomo/exhibitors/C/cg---club-of-gents,,
CHAPAL,FRANCE,,Lifestyle; Essentials; Classic; Outdoor; Luxury; Craftsmanship; Contemporary,Pitti Uomo 110,http://www.chapal.fr,boutique@chapal.fr,+33 6 16 11 56 60,https://www.linkedin.com/company/maison-chapal/mycompany/,https://www.instagram.com/chapal1832,PADIGLIONE CENTRALE / PIANO ATTICO / I/12,https://uomo.pittimmagine.com/en/pittimmagine/fairs/uomo/exhibitors/C/chapal,,https://www.facebook.com/chapal1832
CHARLES TYRWHITT,UNITED KINGDOM,,Lifestyle; Sustainable; Essentials; British Style; Classic; New Formal; Workwear; Informal; Craftsmanship; Contemporary,Pitti Uomo 110,http://www.charlestyrwhitt.com,fornickwheeleronly@ctshirts.co.uk,1079675,,http://instagram.com/charlestyrwhitt,PADIGLIONE CENTRALE / SALONE M P.INFERIORE / 55,https://uomo.pittimmagine.com/en/pittimmagine/fairs/uomo/exhibitors/C/charles-tyrwhitt,,http://en-gb.facebook.com/CharlesTyrwhitt
CHPO BRAND,SWEDEN,,Lifestyle; Sustainable; Nordic Style; Outdoor; Globetrotter; Activewear; Sportswear; Premium Streetwear; Urban; Youth Culture,Pitti Uomo 110,http://www.chpobrand.com,customerservice@chpobrand.com,+556418620201,,https://www.instagram.com/chpobrand,PADIGLIONE CAVANIGLIA / 47,https://uomo.pittimmagine.com/en/pittimmagine/fairs/uomo/exhibitors/C/chpo-brand,,https://www.facebook.com/chpobrand/
CLABRY,RUSSIAN FEDERATION,,,Pitti Uomo 110,,,,,https://www.instagram.com/clabry_,PADIGLIONE CENTRALE / PIANO ATTICO / J/5,https://uomo.pittimmagine.com/en/pittimmagine/fairs/uomo/exhibitors/C/clabry,,
CLAQ,ITALY,,Lifestyle; Essentials; Outdoor; Craftsmanship; Contemporary,Pitti Uomo 110,http://www.claq.it,commerciale@claq.it,+39 0883 820297,,https://www.instagram.com/claqknitwear,PADIGLIONE CENTRALE / PIANO TERRA / J/1 K/4-6,https://uomo.pittimmagine.com/en/pittimmagine/fairs/uomo/exhibitors/C/claq,,https://www.facebook.com/claqknitwear
CLASSIC LEGEND MOTORS,FRANCE,,Lifestyle; Special Co-Lab/Limited Edition; Essentials; Classic; Globetrotter; Informal,Pitti Uomo 110,https://www.classiclegendmotors.com/en-eu,,,,,,https://uomo.pittimmagine.com/en/pittimmagine/fairs/uomo/exhibitors/C/classic-legend-motors,,
CLUB OF COMFORT,GERMANY,,Essentials; New Formal; Denimwear; High Performance; Informal; Contemporary; Collection,Pitti Uomo 110,http://www.club-of-comfort.de,,,,https://www.instagram.com/clubofcomfort.trousers,RONDINO / 10,https://uomo.pittimmagine.com/en/pittimmagine/fairs/uomo/exhibitors/C/club-of-comfort,,
CMA,ITALY,,,Pitti Uomo 110,https://www.cmagroup.net,INFO@CMAGROUP.NET,+39 0815296886,https://www.linkedin.com/in/cma-hangers-and-packaging-26bb79311/,https://www.instagram.com/cma_group_,PADIGLIONE CENTRALE / PIANO TERRA / G/11,https://uomo.pittimmagine.com/en/pittimmagine/fairs/uomo/exhibitors/C/cma,,https://www.facebook.com/people/CMA-Hangers-Packaging/61560024686331/
CMF COMFY OUTDOOR GARMENTS - OUTOPIA BY VANISH,JAPAN,,,Pitti Uomo 110,,,,,,SALA DELLA RONDA / 24-25,,,
COLONY CLOTHING,JAPAN,,,Pitti Uomo 110,https://colonyclothing.net,,,,https://www.instagram.com/colonyclothing_official,PADIGLIONE CENTRALE / PIANO ATTICO / D/11,https://uomo.pittimmagine.com/en/pittimmagine/fairs/uomo/exhibitors/C/colony-clothing,,
COLORS OF CALIFORNIA,ITALY,,,Pitti Uomo 110,http://www.colorsofcalifornia.it,,+04221440012,,https://www.instagram.com/colorsofcalifornia,PADIGLIONE CAVANIGLIA / 41-45,https://uomo.pittimmagine.com/en/pittimmagine/fairs/uomo/exhibitors/C/colors-of-california,,https://www.facebook.com/ColorsOfCalifornia
CONSINEE,HONG KONG,,,Pitti Uomo 110,,,,,https://www.instagram.com/consineegroup,PADIGLIONE CENTRALE / PIANO INFERIORE / W/1,https://uomo.pittimmagine.com/en/pittimmagine/fairs/uomo/exhibitors/C/consinee,,
COOLWAY,SPAIN,,,Pitti Uomo 110,,,,,https://www.instagram.com/coolwaybrand,PADIGLIONE CAVANIGLIA / 11,https://uomo.pittimmagine.com/en/pittimmagine/fairs/uomo/exhibitors/C/coolway,,
COOPETTEBROS,U.S.A.,,Agender; Cutting-Edge,Pitti Uomo 110,https://www.coopettebros.com,contact@coopettebros.com,,,,SALA DELLE NAZIONI / A/11,https://uomo.pittimmagine.com/en/pittimmagine/fairs/uomo/exhibitors/C/coopettebros,,
COPENHAGEN STUDIOS,GERMANY,,Lifestyle; Sustainable; Essentials; Nordic Style; Premium Streetwear; Urban; Youth Culture; Craftsmanship; Contemporary,Pitti Uomo 110,http://www.copenhagenstudios.com,customercare@copenhagenstudios.com,3448143,,https://www.instagram.com/copenhagen_studios,PADIGLIONE CAVANIGLIA / 50-51,https://uomo.pittimmagine.com/en/pittimmagine/fairs/uomo/exhibitors/C/copenhagen-studios,,
CORSO MILLE,ITALY,,Lifestyle; Sustainable; Essentials; Classic; New Formal; High Performance; Urban; Luxury; Contemporary,Pitti Uomo 110,http://www.corso-mille.com,contact@corso-mille.com,,,https://www.instagram.com/corsomille,PADIGLIONE CENTRALE / SALONE M P.INFERIORE / 38,https://uomo.pittimmagine.com/en/pittimmagine/fairs/uomo/exhibitors/C/corso-mille,,https://www.facebook.com/CorsoMille/
COTOPAXI,U.S.A.,,,Pitti Uomo 110,http://www.artcrafts.it,,,,https://www.instagram.com/cotopaxi_italia,PADIGLIONE CAVANIGLIA / 41-45,https://uomo.pittimmagine.com/en/pittimmagine/fairs/uomo/exhibitors/C/cotopaxi,,
CRIMAGNO EARTH,SWITZERLAND,,Sustainable; Special Co-Lab/Limited Edition; Essentials; Agender; Cutting-Edge; Japan Style; Premium Streetwear; Urban; Collection; Upcycling,Pitti Uomo 110,https://crimagno.com,,,,https://www.instagram.com/crimagno_earth,PADIGLIONE CENTRALE / PIANO ATTICO / J/3,https://uomo.pittimmagine.com/en/pittimmagine/fairs/uomo/exhibitors/C/crimagno-earth,,
CRIME LONDON,ITALY,,,Pitti Uomo 110,http://www.crimelondon.com,,,,https://www.instagram.com/crimelondon,PADIGLIONE CAVANIGLIA / 112,https://uomo.pittimmagine.com/en/pittimmagine/fairs/uomo/exhibitors/C/crime-london,,
CRISPI,ITALY,,Lifestyle; Outdoor; High Performance; Activewear; Urban; Craftsmanship; Collection,Pitti Uomo 110,https://www.crispi.it,,+01760300267,,https://www.instagram.com/crispiurbanoutdoor,SALA DELLA RONDA / 34,https://uomo.pittimmagine.com/en/pittimmagine/fairs/uomo/exhibitors/C/crispi,,https://www.facebook.com/crispi.sport
CROCKETT & JONES,UNITED KINGDOM,,British Style; Classic; Luxury; Craftsmanship,Pitti Uomo 110,,,,,,PADIGLIONE CENTRALE / SALONE M P.INFERIORE / 23,,,
CROCS,U.S.A.,,,Pitti Uomo 110,http://www.crocsitalia.it,,+39 0422 1440018,,https://www.instagram.com/crocsitaly,PADIGLIONE CAVANIGLIA / 41-45,https://uomo.pittimmagine.com/en/pittimmagine/fairs/uomo/exhibitors/C/crocs,,https://www.facebook.com/CrocsItaly
CROOTS ENGLAND,UNITED KINGDOM,,,Pitti Uomo 110,http://www.crootsengland.co.uk,retail@crootsengland.co.uk,+44 (0)1653 698 668,,https://www.instagram.com/crootsengland,PADIGLIONE CENTRALE / PIANO ATTICO / E/12,https://uomo.pittimmagine.com/en/pittimmagine/fairs/uomo/exhibitors/C/croots-england,,https://www.facebook.com/p/Croots-England-100057241008831/
CRUCIANI,ITALY,,,Pitti Uomo 110,,,,,,PADIGLIONE CENTRALE / PIANO TERRA / D/10,,,
CRUNA,ITALY,,Lifestyle; Essentials; High Performance; Informal,Pitti Uomo 110,http://www.cruna.com,,,,https://www.instagram.com/crunaofficial,PADIGLIONE CENTRALE / PIANO INFERIORE / V/7 Z/6,https://uomo.pittimmagine.com/en/pittimmagine/fairs/uomo/exhibitors/C/cruna,,
CYCLEUR DE LUXE,BELGIUM,,Sustainable; Essentials; Outdoor; Activewear; Sportswear; Premium Streetwear; Urban; Youth Culture; Craftsmanship; Contemporary,Pitti Uomo 110,https://www.cycleurdeluxe.com,,,,https://www.instagram.com/cycleurdeluxe,PADIGLIONE CAVANIGLIA / 117,https://uomo.pittimmagine.com/en/pittimmagine/fairs/uomo/exhibitors/C/cycleur-de-luxe,,
D.A.T.E.,ITALY,,Lifestyle; Contemporary,Pitti Uomo 110,http://www.date-sneakers.com,,+39 055 3951102,,https://www.instagram.com/date_sneakers,SALA DELLE NAZIONI / A/10,https://uomo.pittimmagine.com/en/pittimmagine/fairs/uomo/exhibitors/D/d-a-t-e-,,http://www.facebook.com/date.sneakers
DA.D ITALIAN LUXURY LEATHER GOODS,ITALY,,,Pitti Uomo 110,,,,,,ARSENALE / PIANO TERRA / 40,,,
DAMAT TWEEN,TURKEY,,Essentials; Classic; New Formal; Luxury; Contemporary,Pitti Uomo 110,https://www.damattween.com,,+20260313832,,https://www.instagram.com/damattween,PADIGLIONE CENTRALE / PIANO TERRA / E/10,https://uomo.pittimmagine.com/en/pittimmagine/fairs/uomo/exhibitors/D/damat-tween,,https://www.facebook.com/DamatOfficial/
DANIELE ALESSANDRINI,ITALY,,,Pitti Uomo 110,https://danielealessandrini.com,,,,https://www.instagram.com/danielealessandrini.official,PADIGLIONE CENTRALE / PIANO TERRA / B/14,https://uomo.pittimmagine.com/en/pittimmagine/fairs/uomo/exhibitors/D/daniele-alessandrini,,
DANIELE FIESOLI,ITALY,,,Pitti Uomo 110,http://www.woolgroup.it,info@woolgroup.it,3450058,,https://www.instagram.com/danielefiesoliitalia,CORTILE DEL TEATRINO / 1,https://uomo.pittimmagine.com/en/pittimmagine/fairs/uomo/exhibitors/D/daniele-fiesoli,,
DANWARD,ITALY,,,Pitti Uomo 110,https://danwardwear.com,,,,https://www.instagram.com/danwardwear,PADIGLIONE CENTRALE / PIANO ATTICO / I/8-10,https://uomo.pittimmagine.com/en/pittimmagine/fairs/uomo/exhibitors/D/danward,,
DAVIDOFF,SWITZERLAND,,Lifestyle; Craftsmanship; Contemporary,Pitti Uomo 110,,,,,https://www.instagram.com/zinodavidoff,PADIGLIONE CENTRALE / PIANO TERRA / C/13,https://uomo.pittimmagine.com/en/pittimmagine/fairs/uomo/exhibitors/D/davidoff,,
DEKKER,ITALY,,,Pitti Uomo 110,http://www.dekkeroriginal.com,,+02263200467,,https://www.instagram.com/dekkeroriginal,PADIGLIONE CENTRALE / PIANO TERRA / K/8,https://uomo.pittimmagine.com/en/pittimmagine/fairs/uomo/exhibitors/D/dekker,,
DELLA CIANA,ITALY,,,Pitti Uomo 110,,,,,,PADIGLIONE CENTRALE / PIANO TERRA / D/6,,,
DEMON,ITALY,,,Pitti Uomo 110,https://demonfootwear.com,,,,,SALA DELLA RONDA / 37,https://uomo.pittimmagine.com/en/pittimmagine/fairs/uomo/exhibitors/D/demon,,
DENOBLE,ITALY,,,Pitti Uomo 110,,,,,,PADIGLIONE CENTRALE / PIANO ATTICO / A/12-14,https://uomo.pittimmagine.com/en/pittimmagine/fairs/uomo/exhibitors/D/denoble,,
DEPERLU,ITALY,,Lifestyle; Essentials; Globetrotter; Informal; Urban; Contemporary,Pitti Uomo 110,http://www.deperlu.it,,,,https://www.instagram.com/deperlu,SALA DELLE NAZIONI / B/19,https://uomo.pittimmagine.com/en/pittimmagine/fairs/uomo/exhibitors/D/deperlu,,
DESOTO - THE ORIGINAL JERSEY FEELING,GERMANY,,Lifestyle; Sustainable; Essentials; Classic; Urban; Luxury,Pitti Uomo 110,https://www.desoto-shirts.de,service@desoto-shirts.de,+49 9191 83 458,,https://www.instagram.com/desotoshirts,PADIGLIONE CENTRALE / PIANO TERRA / E/14,https://uomo.pittimmagine.com/en/pittimmagine/fairs/uomo/exhibitors/D/desoto---the-original-jersey-feeling,,https://www.facebook.com/desotoshirts/
DEVORE INCIPIT,ITALY,,,Pitti Uomo 110,http://devoreincipit.com,,+39 081 522 7631,,https://www.instagram.com/devore_incipit,PADIGLIONE CENTRALE / PIANO INFERIORE / U/11 V/12,https://uomo.pittimmagine.com/en/pittimmagine/fairs/uomo/exhibitors/D/devore-incipit,,https://www.facebook.com/devoreincipit
DFOUR,ITALY,,Lifestyle; Sustainable; Japan Style; Classic; Outdoor; Sportswear; Premium Streetwear; Luxury; Craftsmanship; Contemporary,Pitti Uomo 110,https://www.d-four.it,,+39 081 6550233,,https://www.instagram.com/dfourleatherproject,PADIGLIONE CENTRALE / PIANO ATTICO / B/11,https://uomo.pittimmagine.com/en/pittimmagine/fairs/uomo/exhibitors/D/dfour,,https://www.facebook.com/official.dfour/
DICKIES,SWITZERLAND,,,Pitti Uomo 110,,,,,https://www.instagram.com/dickies_europe,AREA MONUMENTALE / SALA OTTAGONALE / 1,https://uomo.pittimmagine.com/en/pittimmagine/fairs/uomo/exhibitors/D/dickies,,
DIGEL,GERMANY,,Lifestyle; New Formal; Urban; Contemporary; Collection,Pitti Uomo 110,http://www.digel.de,,,,https://www.instagram.com/digel.official,PADIGLIONE CENTRALE / PIANO TERRA / E/16-18,https://uomo.pittimmagine.com/en/pittimmagine/fairs/uomo/exhibitors/D/digel,,
DIKTAT,ITALY,,,Pitti Uomo 110,http://www.diktat-italia.com,commerciale@almates.it,+39 0883 1716688,,https://www.instagram.com/diktatitalia_official,PADIGLIONE CENTRALE / PIANO TERRA / I/1-3,https://uomo.pittimmagine.com/en/pittimmagine/fairs/uomo/exhibitors/D/diktat,,https://www.facebook.com/diktatitalia
DISCOTHÈQUE,UNITED KINGDOM,,,Pitti Uomo 110,https://discothequefragrances.com,,,,https://www.instagram.com/discothequefragrances,PADIGLIONE CENTRALE / PIANO ATTICO / G/4,https://uomo.pittimmagine.com/en/pittimmagine/fairs/uomo/exhibitors/D/discoth-que,,
DISTRETTO12,ITALY,,Lifestyle; Sustainable; Nordic Style; Japan Style; New Formal; Outdoor; High Performance; Activewear; Urban; Contemporary,Pitti Uomo 110,http://www.distretto12.com,,,,https://www.instagram.com/distretto12official,PADIGLIONE CENTRALE / PIANO TERRA / A/18 B/17,https://uomo.pittimmagine.com/en/pittimmagine/fairs/uomo/exhibitors/D/distretto12,,
DNM BRIGLIA,ITALY,,,Pitti Uomo 110,http://www.briglia1949.com,,,,,PADIGLIONE CENTRALE / PIANO INFERIORE / R/11,https://uomo.pittimmagine.com/en/pittimmagine/fairs/uomo/exhibitors/D/dnm-briglia,,
DOMOZERO,ITALY,,Lifestyle; Sustainable; Agender; Outdoor; Activewear; Urban; Craftsmanship; Contemporary; Collection; Upcycling,Pitti Uomo 110,https://www.domozero.it,support@domozero.it,+01904640602,,https://www.instagram.com/domozero,FURERIA / 2,https://uomo.pittimmagine.com/en/pittimmagine/fairs/uomo/exhibitors/D/domozero,,
DORIA 1905,ITALY,,Agender; Classic; New Formal; Informal; Luxury; Craftsmanship; Contemporary,Pitti Uomo 110,http://www.doria1905.com,,0617660,,https://www.instagram.com/doria1905,PADIGLIONE CENTRALE / SALONE M P.INFERIORE / 30,https://uomo.pittimmagine.com/en/pittimmagine/fairs/uomo/exhibitors/D/doria-1905,,
DORIANI CASHMERE,ITALY,,Lifestyle; Luxury; Craftsmanship; Contemporary,Pitti Uomo 110,http://www.globalcashmere.it,info@globalcashmere.it,,,,PADIGLIONE CENTRALE / PIANO TERRA / C/14 D/13,https://uomo.pittimmagine.com/en/pittimmagine/fairs/uomo/exhibitors/D/doriani-cashmere,,
DOUCAL'S,ITALY,,Lifestyle; Sustainable; Essentials; British Style; Classic; New Formal; Outdoor; Luxury; Craftsmanship; Contemporary,Pitti Uomo 110,http://www.doucals.com,,,,,PADIGLIONE CENTRALE / PIANO INFERIORE / R/1,https://uomo.pittimmagine.com/en/pittimmagine/fairs/uomo/exhibitors/D/doucal-s,,
DOUGLAS HAYWARD,UNITED KINGDOM,,,Pitti Uomo 110,,,,,,PADIGLIONE CENTRALE / SALONE M P.INFERIORE / 28-34,,,
DOUUOD,ITALY,,,Pitti Uomo 110,,,,,,SALA DELLE NAZIONI / A/2,,,
DRESSLER,GERMANY,,Lifestyle; Classic; New Formal; Outdoor; Luxury; Collection,Pitti Uomo 110,https://dressler1929.com,info@dressler1929.com,+49 (0)6026- 50 20,https://www.linkedin.com/company/dressler-bekleidungswerke-brinkmann-gmbh-,https://www.instagram.com/dressler_official,PADIGLIONE CENTRALE / PIANO INFERIORE / S/8,https://uomo.pittimmagine.com/en/pittimmagine/fairs/uomo/exhibitors/D/dressler,,https://www.facebook.com/dressler.official
DRYKORN,GERMANY,,Lifestyle; Essentials; Classic; New Formal; Denimwear; Urban; Contemporary; Collection,Pitti Uomo 110,http://www.drykorn.com,,+49 388 742 49002,https://de.linkedin.com/company/drykorn-modevertriebs-gmbh-,https://www.instagram.com/drykorn_forbeautifulpeople,PADIGLIONE DELLE GHIAIA / 4,https://uomo.pittimmagine.com/en/pittimmagine/fairs/uomo/exhibitors/D/drykorn,,https://www.facebook.com/drykorn/
DSTREZZED,NETHERLANDS,,Lifestyle; Essentials; British Style; Denimwear; Craftsmanship; Collection,Pitti Uomo 110,http://www.dstrezzed.com,,,,,COSTRUZIONI LORENESI / PIANO TERRA / 2,https://uomo.pittimmagine.com/en/pittimmagine/fairs/uomo/exhibitors/D/dstrezzed,,
DUBLO,ITALY,,Sustainable; Japan Style; British Style; Classic; Luxury; Craftsmanship; Collection,Pitti Uomo 110,https://dublo.it,info@dublo.it,+39 0773 40821,https://www.linkedin.com/company/dublo-srl/,https://www.instagram.com/dublo1937,PADIGLIONE CENTRALE / PIANO TERRA / G/5,https://uomo.pittimmagine.com/en/pittimmagine/fairs/uomo/exhibitors/D/dublo,,https://www.facebook.com/dublocalze1937/
DUCANERO,ITALY,,Lifestyle; Premium Streetwear; Urban; Craftsmanship; Contemporary,Pitti Uomo 110,http://www.ducanero.it,,,,https://www.instagram.com/ducanero_official,SALA DELLE NAZIONI / A/36,https://uomo.pittimmagine.com/en/pittimmagine/fairs/uomo/exhibitors/D/ducanero,,
DUNO,ITALY,,,Pitti Uomo 110,http://www.d-duno.it,,,,,PADIGLIONE DELLE GHIAIA / 3,https://uomo.pittimmagine.com/en/pittimmagine/fairs/uomo/exhibitors/D/duno,,
ECCO,ITALY,,Lifestyle; Special Co-Lab/Limited Edition; Nordic Style; Outdoor; Activewear; Premium Streetwear; Informal; Urban; Contemporary; Collection,Pitti Uomo 110,https://it.ecco.com,legal@ecco.com,+45 7491 1625,http://linkedin.com/company/ecco-sko-as,https://www.instagram.com/ecco,FURERIA / 11,https://uomo.pittimmagine.com/en/pittimmagine/fairs/uomo/exhibitors/E/ecco,,https://www.facebook.com/help/accessibility
ECO-SHOPPER,ITALY,,Lifestyle; Sustainable; Essentials; Sportswear; Urban; Contemporary; Collection; Upcycling,Pitti Uomo 110,http://www.eco-shopper.it,info@eco-shopper.it,+39 051 0218732,https://www.linkedin.com/company/eco-shopper,https://www.instagram.com/ecoshopper,PADIGLIONE CENTRALE / PIANO TERRA / G/14,https://uomo.pittimmagine.com/en/pittimmagine/fairs/uomo/exhibitors/E/eco-shopper,,https://www.facebook.com/ecoshopper
ED HARDY,UNITED KINGDOM,,Lifestyle; British Style; Denimwear; Outdoor; Premium Streetwear; Urban; Youth Culture; Contemporary,Pitti Uomo 110,,,,,,ARMERIA / 25-29,,,
EDO CAMICERIA SARTORIALE,ITALY,,Lifestyle; Sustainable; Classic; Outdoor; Premium Streetwear; Luxury; Craftsmanship; Collection,Pitti Uomo 110,http://www.edocamicie.it,,,,https://www.instagram.com/edocamicie,PADIGLIONE CENTRALE / SALONE M P.INFERIORE / 11,https://uomo.pittimmagine.com/en/pittimmagine/fairs/uomo/exhibitors/E/edo-camiceria-sartoriale,,
EDWARD GREEN,UNITED KINGDOM,,British Style; Classic; New Formal; Luxury; Craftsmanship,Pitti Uomo 110,http://www.edwardgreen.com,,,,https://www.instagram.com/edwardgreen1890,PADIGLIONE CENTRALE / SALONE M P.INFERIORE / 24-26,https://uomo.pittimmagine.com/en/pittimmagine/fairs/uomo/exhibitors/G/edward-green,,
EGNARTS - CODE KOREA,KOREA (SOUTH),,Classic; New Formal; Premium Streetwear; Informal; Urban; Youth Culture; Contemporary; Collection,Pitti Uomo 110,https://easynarts.com,,20260322,,https://instagram.com/dewi11official,POLVERIERA / 1,https://uomo.pittimmagine.com/en/pittimmagine/fairs/uomo/exhibitors/E/egnarts---code-korea,,https://facebook.com/dewi11official
ELIA MAURIZI,ITALY,,,Pitti Uomo 110,http://www.eliamaurizi.eu,,,,,ARSENALE / PIANO TERRA / 27,https://uomo.pittimmagine.com/en/pittimmagine/fairs/uomo/exhibitors/E/elia-maurizi,,
ELLESSE,ITALY,,,Pitti Uomo 110,http://www.ellesse.com,,,,https://www.instagram.com/ellesse,CORTILE POLVERIERA / 2,https://uomo.pittimmagine.com/en/pittimmagine/fairs/uomo/exhibitors/E/ellesse,,https://www.facebook.com/ellesse/
EMANUELE MAFFEIS DAL 1958,ITALY,,,Pitti Uomo 110,http://www.emanuelemaffeis.it,info@emanuelemaffeis.it,+39 035 244592,https://www.linkedin.com/company/emanuele-maffeis---italian-tailor,https://www.instagram.com/emanuelemaffeis_tailor,PADIGLIONE CENTRALE / PIANO INFERIORE / V/10,https://uomo.pittimmagine.com/en/pittimmagine/fairs/uomo/exhibitors/E/emanuele-maffeis-dal-1958,,https://www.facebook.com/EmanueleMaffeis.TailoredShirts/
EMENTA,PORTUGAL,,,Pitti Uomo 110,,,,,,ARMERIA / 21-23,,,
EMILE GARÇON,FRANCE,,Lifestyle; Sustainable; Classic; Luxury; Collection; Upcycling,Pitti Uomo 110,https://www.emilegarcon.com,info@mysite.com,1234567890,,https://www.instagram.com/emile_garcon,ARSENALE / PIANO TERRA / 47,https://uomo.pittimmagine.com/en/pittimmagine/fairs/uomo/exhibitors/E/emile-gar-on,,https://www.facebook.com/wix
EMU AUSTRALIA,AUSTRALIA,,Lifestyle; Sustainable; Essentials; Classic; Outdoor; Craftsmanship,Pitti Uomo 110,https://emu-australia.it,,,,https://www.instagram.com/emuaustralia_italia,FURERIA / 5,https://uomo.pittimmagine.com/en/pittimmagine/fairs/uomo/exhibitors/E/emu-australia,,
EN DOFT,SWEDEN,,Luxury; Craftsmanship; Contemporary,Pitti Uomo 110,https://endoft.com,,,,https://www.instagram.com/endoftav,,https://uomo.pittimmagine.com/en/pittimmagine/fairs/uomo/exhibitors/E/en-doft,,
ENZO PISANO NAPOLI,ITALY,,,Pitti Uomo 110,http://www.enzopisano.it,info@enzopisano.it,+39 081 922 5088,,https://www.instagram.com/enzopisanonapoli,PADIGLIONE CENTRALE / PIANO INFERIORE / Q/6,https://uomo.pittimmagine.com/en/pittimmagine/fairs/uomo/exhibitors/E/enzo-pisano-napoli,,
EP13,ITALY,,Lifestyle; Outdoor; Premium Streetwear; Urban; Contemporary,Pitti Uomo 110,,,,,https://www.instagram.com/ep13_shoes,PADIGLIONE CAVANIGLIA / 115,https://uomo.pittimmagine.com/en/pittimmagine/fairs/uomo/exhibitors/E/ep13,,
EPHEMERAL DYADIC,TURKEY,,,Pitti Uomo 110,https://www.ephemeraldyadic.com/ed,info@EPHEMERALDYADIC.COM,,,https://www.instagram.com/ephemeraldyadic,PADIGLIONE CENTRALE / PIANO ATTICO / G/4,https://uomo.pittimmagine.com/en/pittimmagine/fairs/uomo/exhibitors/E/ephemeral-dyadic,,
EQUIPEMENT DE VIE,UNITED KINGDOM,,Lifestyle; Sustainable; Cutting-Edge; Outdoor; Globetrotter; High Performance; Activewear; Sportswear; Luxury; Contemporary,Pitti Uomo 110,http://www.equipementdevie.com,,,,https://www.instagram.com/equipementdevie,SALA DELLE NAZIONI / B/38,https://uomo.pittimmagine.com/en/pittimmagine/fairs/uomo/exhibitors/E/equipement-de-vie,,
ERRICO FORMICOLA,ITALY,,,Pitti Uomo 110,http://www.erricoformicola.com,info@erricoformicola.com,+39 081 17760171,,https://www.instagram.com/erricoformicola,PADIGLIONE CENTRALE / PIANO INFERIORE / V/22,https://uomo.pittimmagine.com/en/pittimmagine/fairs/uomo/exhibitors/E/errico-formicola,,https://www.facebook.com/erricoformicolaofficial
ESERCITO,ITALY,,Lifestyle; Sustainable; Special Co-Lab/Limited Edition; Activewear; Sportswear; Urban; Craftsmanship,Pitti Uomo 110,http://www.esercitosportswear.it,,,,https://www.instagram.com/esercitosportswear,PADIGLIONE CENTRALE / PIANO TERRA / J/9 K/14,https://uomo.pittimmagine.com/en/pittimmagine/fairs/uomo/exhibitors/E/esercito,,
ETIAM,JAPAN,,,Pitti Uomo 110,https://etiam.shop,,1110051,,https://www.instagram.com/etiam.2020,PADIGLIONE CENTRALE / PIANO ATTICO / E/6,https://uomo.pittimmagine.com/en/pittimmagine/fairs/uomo/exhibitors/E/etiam,,https://www.facebook.com/etiam.2020/
EUROPANN,FRANCE,,,Pitti Uomo 110,https://www.europann.com,,04 91 48 82 82,https://www.linkedin.com/company/europann-official,https://www.instagram.com/europann_officiel,PADIGLIONE CENTRALE / S. ALFA P.INFERIORE / 11,https://uomo.pittimmagine.com/en/pittimmagine/fairs/uomo/exhibitors/E/europann,,https://www.facebook.com/europann.brand
EXTR4,ITALY,,Lifestyle; High Performance; Activewear; Sportswear; Premium Streetwear; Urban; Youth Culture; Contemporary; Collection,Pitti Uomo 110,https://www.extr4.it,assistenza.shoponline@primigi.it,+39 075 50 28 466,,https://www.instagram.com/extr4_sneakers,FURERIA / 9,https://uomo.pittimmagine.com/en/pittimmagine/fairs/uomo/exhibitors/E/extr4,,https://www.facebook.com/primigistoreofficial
EXTRA VIRGO,ITALY,,,Pitti Uomo 110,,,,,,PADIGLIONE CENTRALE / PIANO ATTICO / G/4,,,
F. HAMMANN,GERMANY,,Lifestyle; Sustainable; Classic; Luxury,Pitti Uomo 110,http://fhammann.com,,+0049069814695,,https://www.instagram.com/hammann.leather,PADIGLIONE CENTRALE / PIANO INFERIORE / R/28,https://uomo.pittimmagine.com/en/pittimmagine/fairs/uomo/exhibitors/F/f--hammann,,https://www.facebook.com/pages/category/Product-Service/F-HAMMANN-Finest-Leathergoods-112160517108132/
F.H - ITALIA,ITALY,,Lifestyle; Special Co-Lab/Limited Edition; High Performance; Sportswear; Premium Streetwear; Urban; Luxury; Craftsmanship; Contemporary; Collection,Pitti Uomo 110,http://www.fhstore.it,,,,https://www.instagram.com/fhstoremilano,PADIGLIONE CAVANIGLIA / 56,https://uomo.pittimmagine.com/en/pittimmagine/fairs/uomo/exhibitors/F/f-h---italia,,
FABI,ITALY,,,Pitti Uomo 110,http://www.fabishoes.it,,,,https://www.instagram.com/fabishoes,PADIGLIONE CENTRALE / PIANO INFERIORE / V/1 Z/1,https://uomo.pittimmagine.com/en/pittimmagine/fairs/uomo/exhibitors/F/fabi,,
FABRIZIO DEL CARLO,ITALY,,,Pitti Uomo 110,,,,,,,,,
FABRIZIO LESI,ITALY,,,Pitti Uomo 110,https://www.fabriziolesi.it,info@fabriziolesi.it,+39 0521 482466,https://www.linkedin.com/company/fabrizio-lesi,,PADIGLIONE CENTRALE / SALONE M P.INFERIORE / 44,https://uomo.pittimmagine.com/en/pittimmagine/fairs/uomo/exhibitors/F/fabrizio-lesi,,
FAHERTY,U.S.A.,,,Pitti Uomo 110,,,,,,ARSENALE / PIANO TERRA / 17-19,,,
FALIERO SARTI,ITALY,,Sustainable; Luxury; Craftsmanship,Pitti Uomo 110,http://www.falierosarti.com,,+01582410971,,https://www.instagram.com/falierosarti,PADIGLIONE CENTRALE / PIANO ATTICO / G/6-8,https://uomo.pittimmagine.com/en/pittimmagine/fairs/uomo/exhibitors/F/faliero-sarti,,https://www.facebook.com/falierosartiofficial/
FARFALLA,ITALY,,,Pitti Uomo 110,http://www.farfalla.it,farfalla@farfalla.it,+39 071 946027,https://www.linkedin.com/company/farfalla-calzature/,https://www.instagram.com/farfalla_slippers,PADIGLIONE CENTRALE / SALONE M P.INFERIORE / 54,https://uomo.pittimmagine.com/en/pittimmagine/fairs/uomo/exhibitors/F/farfalla,,
FEFE' NAPOLI,ITALY,,Lifestyle; Essentials; Japan Style; Classic; New Formal; Workwear; Informal; Urban; Luxury; Contemporary,Pitti Uomo 110,http://www.fefenapoli.com,info@fefeglamour.it,+390810607050 | https://wa.me,,https://www.instagram.com/fefe.napoli,PADIGLIONE CENTRALE / PIANO INFERIORE / O/10,https://uomo.pittimmagine.com/en/pittimmagine/fairs/uomo/exhibitors/F/fefe--napoli,,https://it-it.facebook.com/fefeglamour
FELISI,ITALY,,Lifestyle; Essentials; Classic; New Formal; Workwear; Outdoor; Urban; Luxury; Craftsmanship; Contemporary,Pitti Uomo 110,http://www.felisibagsandbelts.com,,,,https://www.instagram.com/felisi_bagsandbelts,PADIGLIONE CENTRALE / PIANO ATTICO / I/4-6,https://uomo.pittimmagine.com/en/pittimmagine/fairs/uomo/exhibitors/F/felisi,,
FELIX CULPA,ITALY,,,Pitti Uomo 110,,,,,,SALA DELLE NAZIONI / A/46,,,
FEMALE FOUNDED,TURKEY,,,Pitti Uomo 110,,,,,,,,,
FERRANTE,ITALY,,,Pitti Uomo 110,http://www.ferrante.it,e-store@ferrante.it,+01080370685,,https://www.instagram.com/ferrante_official,PADIGLIONE CENTRALE / PIANO INFERIORE / R/16,https://uomo.pittimmagine.com/en/pittimmagine/fairs/uomo/exhibitors/F/ferrante,,https://www.facebook.com/Ferrante.it
FERRANTE ROYAL RED,ITALY,,,Pitti Uomo 110,,,,,https://www.instagram.com/ferrante_official,PADIGLIONE CENTRALE / PIANO INFERIORE / R/16,https://uomo.pittimmagine.com/en/pittimmagine/fairs/uomo/exhibitors/F/ferrante-royal-red,,
FF-PACKAGING,NETHERLANDS,,,Pitti Uomo 110,https://www.ff-packaging.com,info@ff-packaging.com,+31 (0)341 430 413,https://www.linkedin.com/company/ff-packaging,https://www.instagram.com/ffpackaging,PADIGLIONE CENTRALE / PIANO TERRA / G/12,https://uomo.pittimmagine.com/en/pittimmagine/fairs/uomo/exhibitors/F/ff-packaging,,https://www.facebook.com/ffpackaging
FILA,ITALY,,,Pitti Uomo 110,,,,,https://www.instagram.com/filaeurope,PADIGLIONE CAVANIGLIA / 6,https://uomo.pittimmagine.com/en/pittimmagine/fairs/uomo/exhibitors/F/fila,,
FILSON,U.S.A.,,Lifestyle; Outdoor,Pitti Uomo 110,http://www.filson.eu,,,,https://www.instagram.com/filson1897_europe,AREA MONUMENTALE / SALA DELLA VOLTA E CORRIDOIO DELL'ARCO / 1,https://uomo.pittimmagine.com/en/pittimmagine/fairs/uomo/exhibitors/F/filson,,
FINAL DRAFT,GERMANY,,,Pitti Uomo 110,http://www.finaldraftclo.com,,,,https://www.instagram.com/finaldraftclo,SALA DELLE NAZIONI / A/16-18,https://uomo.pittimmagine.com/en/pittimmagine/fairs/uomo/exhibitors/F/final-draft,,
FINOACINQUE - CODE KOREA,KOREA (SOUTH),,,Pitti Uomo 110,,,,,https://www.instagram.com/finoacinque_official,POLVERIERA / 1,https://uomo.pittimmagine.com/en/pittimmagine/fairs/uomo/exhibitors/F/finoacinque---code-korea,,
FIORE 19.57,ITALY,,Lifestyle; Classic; High Performance; Informal; Luxury; Craftsmanship; Collection,Pitti Uomo 110,https://www.fiore1957.it,,,,,PADIGLIONE CENTRALE / SALONE M P.INFERIORE / 53,https://uomo.pittimmagine.com/en/pittimmagine/fairs/uomo/exhibitors/F/fiore-19-57,,
FLORENCE STYLE,ITALY,,British Style; Classic; Luxury; Craftsmanship,Pitti Uomo 110,http://www.florencestyle.com,info@florencestyle.com,+03665890483,,https://www.instagram.com/florencestyle1953,PADIGLIONE CENTRALE / PIANO TERRA / G/2,https://uomo.pittimmagine.com/en/pittimmagine/fairs/uomo/exhibitors/F/florence-style,,http://www.florencestyle.com/www.facebook.com/florencestyle53
FLOWER MOUNTAIN,JAPAN,,,Pitti Uomo 110,http://www.flowermountain.com,,+00347770430,,https://www.instagram.com/flowermountain_official,PADIGLIONE CAVANIGLIA / 40,https://uomo.pittimmagine.com/en/pittimmagine/fairs/uomo/exhibitors/F/flower-mountain,,https://www.facebook.com/FlowerMountainOfficial/
FLOWER MOUNTAIN,JAPAN,,,Pitti Uomo 110,http://www.flowermountain.com,,+00347770430,,https://www.instagram.com/flowermountain_official,PADIGLIONE CAVANIGLIA / 40,https://uomo.pittimmagine.com/en/pittimmagine/fairs/uomo/exhibitors/F/flower-mountain,,https://www.facebook.com/FlowerMountainOfficial/
FLY3,ITALY,,Sustainable; Essentials; Informal; Craftsmanship; Contemporary,Pitti Uomo 110,http://www.fly3.it,,,,https://www.instagram.com/fly3_official,COSTRUZIONI LORENESI / PIANO PRIMO / 6,https://uomo.pittimmagine.com/en/pittimmagine/fairs/uomo/exhibitors/F/fly3,,
FORM BAGS,ITALY,,Sustainable; Luxury,Pitti Uomo 110,http://www.formbags.com,sales@formbags.it,+39 059 44 86,https://www.linkedin.com/company/form-bags-spa/,https://www.instagram.com/formbagsmoveyourbrand,PADIGLIONE CENTRALE / PIANO TERRA / G/9,https://uomo.pittimmagine.com/en/pittimmagine/fairs/uomo/exhibitors/F/form-bags,,
FORNARI,ITALY,,Lifestyle; Sustainable; Japan Style; Classic; New Formal; Outdoor; Urban; Craftsmanship; Contemporary; Upcycling,Pitti Uomo 110,http://umbertofornari.it,info@umbertofornari.it,+39071912575,,https://www.instagram.com/fornariofficial,PADIGLIONE CENTRALE / SALONE M P.INFERIORE / 36,https://uomo.pittimmagine.com/en/pittimmagine/fairs/uomo/exhibitors/F/fornari,,https://facebook.com/fornariofficial/
FOULON,ITALY,,Classic; Premium Streetwear; Craftsmanship; Contemporary,Pitti Uomo 110,https://foulon.it,,,,https://www.instagram.com/foulon.it,SALA DELLE NAZIONI / A/9,https://uomo.pittimmagine.com/en/pittimmagine/fairs/uomo/exhibitors/F/foulon,,
FOX UMBRELLAS,UNITED KINGDOM,,,Pitti Uomo 110,http://www.foxumbrellas.com,,,,https://www.instagram.com/foxumbrellas,PADIGLIONE CENTRALE / SALONE M P.INFERIORE / 58,https://uomo.pittimmagine.com/en/pittimmagine/fairs/uomo/exhibitors/F/fox-umbrellas,,
FRACAP,ITALY,,Lifestyle; Outdoor; Sportswear; Urban; Craftsmanship; Contemporary,Pitti Uomo 110,http://www.fracap.it,info@fracap.it,+39 0832 321996,,https://www.instagram.com/fracap1908,PADIGLIONE CAVANIGLIA / 35,https://uomo.pittimmagine.com/en/pittimmagine/fairs/uomo/exhibitors/F/fracap,,https://www.facebook.com/fracap1908
FRANCESCHETTI,ITALY,,Classic; New Formal; Premium Streetwear; Luxury; Craftsmanship; Contemporary; Collection,Pitti Uomo 110,http://www.franceschetti.it,,,,https://www.instagram.com/franceschettishoes,PADIGLIONE CENTRALE / PIANO TERRA / J/15,https://uomo.pittimmagine.com/en/pittimmagine/fairs/uomo/exhibitors/F/franceschetti,,
FRANCESCO BENIGNO,ITALY,,,Pitti Uomo 110,http://www.francescobenigno.it,,,,https://www.instagram.com/francescobenigno1926,PADIGLIONE CENTRALE / SALONE M P.INFERIORE / 35,https://uomo.pittimmagine.com/en/pittimmagine/fairs/uomo/exhibitors/F/francesco-benigno,,
FRANCESCO SMALTO,FRANCE,,,Pitti Uomo 110,https://www.smalto.com,,,,https://www.instagram.com/smaltoparis,PADIGLIONE CENTRALE / SALONE M P.INFERIORE / 43,https://uomo.pittimmagine.com/en/pittimmagine/fairs/uomo/exhibitors/S/francesco-smalto,,
FRANKS,AUSTRALIA,,Lifestyle; Essentials; Classic; Outdoor; Activewear; Contemporary,Pitti Uomo 110,http://franksaustralia.com,,,,https://www.instagram.com/franksaustralia,PADIGLIONE CAVANIGLIA / 55,https://uomo.pittimmagine.com/en/pittimmagine/fairs/uomo/exhibitors/F/franks,,
FRAY CAMICERIA,ITALY,,Special Co-Lab/Limited Edition; Classic; Luxury; Craftsmanship; Contemporary; Collection,Pitti Uomo 110,http://www.frayitaly.com,info@frayitaly.com,+39 051 57 10 36,https://www.linkedin.com/company/fray-italy-luxury-shirts/,https://www.instagram.com/frayitaly,PADIGLIONE CENTRALE / PIANO INFERIORE / R/5,https://uomo.pittimmagine.com/en/pittimmagine/fairs/uomo/exhibitors/F/fray-camiceria,,
FRESCOBOL CARIOCA X LA MARZOCCO,ITALY,,,Pitti Uomo 110,http://www.lamarzocco.com,,+04040140487,,https://www.instagram.com/lamarzoccohome,PADIGLIONE CENTRALE / TERRAZZA / 1,https://uomo.pittimmagine.com/en/pittimmagine/fairs/uomo/exhibitors/F/frescobol-carioca-x-la-marzocco,,
FTC,SWITZERLAND,,Lifestyle; Sustainable; Essentials; Classic; New Formal; Globetrotter; Luxury; Craftsmanship; Contemporary,Pitti Uomo 110,http://www.ftc-cashmere.com,,06176906,,https://www.instagram.com/ftc_cashmere,PADIGLIONE CENTRALE / PIANO INFERIORE / P/16,https://uomo.pittimmagine.com/en/pittimmagine/fairs/uomo/exhibitors/F/ftc,,
FUGÀTO,ITALY,,Sustainable; Special Co-Lab/Limited Edition; Classic; New Formal; Informal; Luxury; Craftsmanship,Pitti Uomo 110,http://www.fugato.it,,+390802198102,https://linkedin.com/company/fug,https://www.instagram.com/fugato_official,PADIGLIONE CENTRALE / SALONE M P.INFERIORE / 13,https://uomo.pittimmagine.com/en/pittimmagine/fairs/uomo/exhibitors/F/fug-to,,https://facebook.com/fugato.official
FUGÀTO,ITALY,,Sustainable; Special Co-Lab/Limited Edition; Classic; New Formal; Informal; Luxury; Craftsmanship,Pitti Uomo 110,http://www.fugato.it,,+390802198102,https://linkedin.com/company/fug,https://www.instagram.com/fugato_official,PADIGLIONE CENTRALE / SALONE M P.INFERIORE / 13,https://uomo.pittimmagine.com/en/pittimmagine/fairs/uomo/exhibitors/F/fug-to,,https://facebook.com/fugato.official
FUMEO CARLO,ITALY,,Lifestyle; Essentials; Agender; Nordic Style; Japan Style; British Style; Classic; New Formal; Informal; Craftsmanship,Pitti Uomo 110,https://www.fumeocarlo.com,fumeo@fumeocarlo.it,+39 0362 563292,https://www.linkedin.com/company/fumeo-carlo,https://www.instagram.com/ fumeo_carlo,ARSENALE / PIANO TERRA / 31,https://uomo.pittimmagine.com/en/pittimmagine/fairs/uomo/exhibitors/F/fumeo-carlo,,https://www.facebook.com/fumeocarlo
G.R.P.,ITALY,,,Pitti Uomo 110,,,,,,PADIGLIONE CENTRALE / PIANO ATTICO / I/11,https://uomo.pittimmagine.com/en/pittimmagine/fairs/uomo/exhibitors/G/g-r-p-,,
G.R.P.,ITALY,,,Pitti Uomo 110,,,,,,PADIGLIONE CENTRALE / PIANO ATTICO / I/11,https://uomo.pittimmagine.com/en/pittimmagine/fairs/uomo/exhibitors/G/g-r-p-,,
G1920 - GARDEUR,GERMANY,,Lifestyle; Sustainable; Essentials; Classic; Premium Streetwear; Urban; Luxury; Contemporary,Pitti Uomo 110,http://www.g1920.com,,+49 (0)2161 816 250,https://www.linkedin.com/company/gardeur,https://www.instagram.com/gardeur.de,PADIGLIONE CENTRALE / PIANO TERRA / H/20,https://uomo.pittimmagine.com/en/pittimmagine/fairs/uomo/exhibitors/G/g1920---gardeur,,https://www.facebook.com/gardeur.de
GABBA,DENMARK,,Lifestyle; Essentials; Nordic Style; Denimwear; Urban; Craftsmanship; Contemporary; Collection,Pitti Uomo 110,https://www.gabba.com,,,,https://www.instagram.com/gabba.original,PADIGLIONE CAVANIGLIA / 16,https://uomo.pittimmagine.com/en/pittimmagine/fairs/uomo/exhibitors/G/gabba,,
GABRIEL STUNZ,GERMANY,,Sustainable; Outdoor; Globetrotter; High Performance; Activewear; Luxury; Craftsmanship; Contemporary; Upcycling,Pitti Uomo 110,http://www.gabrielstunz.com,,,,https://www.instagram.com/gabrielstunz,PADIGLIONE CENTRALE / PIANO ATTICO / B/7,https://uomo.pittimmagine.com/en/pittimmagine/fairs/uomo/exhibitors/G/gabriel-stunz,,
GABRIELE PASINI,ITALY,,,Pitti Uomo 110,https://www.gabrielepasini.com,,2600111,,https://www.instagram.com/gabrielepasini,PADIGLIONE CENTRALE / PIANO INFERIORE / T/21,https://uomo.pittimmagine.com/en/pittimmagine/fairs/uomo/exhibitors/G/gabriele-pasini,,https://www.facebook.com/gabriele.pasini.16
GAIMO,SPAIN,,,Pitti Uomo 110,,,,,,,,,
GALA GLOVES,ITALY,,British Style; Classic; Urban; Luxury; Craftsmanship; Contemporary; Collection,Pitti Uomo 110,http://www.galagloves.it,,,,https://www.instagram.com/galagloves,PADIGLIONE CENTRALE / PIANO INFERIORE / S/21,https://uomo.pittimmagine.com/en/pittimmagine/fairs/uomo/exhibitors/G/gala-gloves,,
GALLIA KNIT PROJECT,ITALY,,,Pitti Uomo 110,https://almalia.it,info@almalia.it,+39 030 6480 737,https://www.linkedin.com/company/almalia-hub/,https://www.instagram.com/galliaknit_,SALA DELLE NAZIONI / B/9,https://uomo.pittimmagine.com/en/pittimmagine/fairs/uomo/exhibitors/G/gallia-knit-project,,https://www.facebook.com/galliaconfezioni
GALLUCCI,ITALY,,Classic; New Formal; Luxury; Craftsmanship; Contemporary,Pitti Uomo 110,http://www.galluccishoes.it,,,,https://www.instagram.com/galluccishoes,PADIGLIONE CENTRALE / PIANO INFERIORE / U/9,https://uomo.pittimmagine.com/en/pittimmagine/fairs/uomo/exhibitors/G/gallucci,,
GARDEN OF GOD,ITALY,,,Pitti Uomo 110,http://www.gardenofgod.it,,,,https://www.instagram.com/gardenofgod_italy,PADIGLIONE CAVANIGLIA / 64,https://uomo.pittimmagine.com/en/pittimmagine/fairs/uomo/exhibitors/G/garden-of-god,,
GARRETT,ITALY,,,Pitti Uomo 110,http://www.garrett-grt.com,info@garrett-grt.it,+393312964659,,https://www.instagram.com/garrettgrt,PADIGLIONE CENTRALE / PIANO ATTICO / A/13,https://uomo.pittimmagine.com/en/pittimmagine/fairs/uomo/exhibitors/G/garrett,,
GASSA D'AMANTE,ITALY,,Lifestyle; Sustainable; Classic; Outdoor; Sportswear; Informal; Urban; Luxury; Craftsmanship; Upcycling,Pitti Uomo 110,https://gassadamante.com,,,,https://www.instagram.com/gassadamanteswimwear,PADIGLIONE CAVANIGLIA / 100,https://uomo.pittimmagine.com/en/pittimmagine/fairs/uomo/exhibitors/G/gassa-d-amante,,
GAUDÍ UOMO,ITALY,,Lifestyle; New Formal; Denimwear; Urban; Contemporary,Pitti Uomo 110,https://gaudi-fashion.com/it_it/uomo.html,,+02292170368,,https://www.instagram.com/gaudiofficial,CORTILE LORENESI / 1,https://uomo.pittimmagine.com/en/pittimmagine/fairs/uomo/exhibitors/G/gaud--uomo,,https://www.facebook.com/GAUDI.it/
GERRY ST. TROPEZ,SPAIN,,Outdoor; Activewear; Sportswear; Informal,Pitti Uomo 110,https://www.gerrysttropez.com,,+34) 937 120 555,,https://www.instagram.com/gerrysttropez,PADIGLIONE CAVANIGLIA / 108,https://uomo.pittimmagine.com/en/pittimmagine/fairs/uomo/exhibitors/G/gerry-st--tropez,,https://www.facebook.com/gerrysttropez
GHIRARDELLI NEXT,ITALY,,,Pitti Uomo 110,,,,,,PADIGLIONE CENTRALE / PIANO INFERIORE / V/13-15 Z/12-14,,,
GIABSARCHIVIO,ITALY,,,Pitti Uomo 110,,,,,,PADIGLIONE CENTRALE / PIANO ATTICO / F/3-5,https://uomo.pittimmagine.com/en/pittimmagine/fairs/uomo/exhibitors/G/giabsarchivio,,
GIANGI NAPOLI,ITALY,,Lifestyle; Classic; New Formal; Denimwear; High Performance; Urban; Luxury; Craftsmanship; Contemporary; Collection,Pitti Uomo 110,http://www.gianginapoli.it,info@gianginapoli.it,+39 081 842 34 69,,https://www.instagram.com/giangicamiceria,PADIGLIONE CENTRALE / SALONE M P.INFERIORE / 39,https://uomo.pittimmagine.com/en/pittimmagine/fairs/uomo/exhibitors/G/giangi-napoli,,
GIANNETTO PORTOFINO,ITALY,,Lifestyle; Sustainable; New Formal; Denimwear; Globetrotter; Informal; Luxury; Craftsmanship; Contemporary,Pitti Uomo 110,http://www.giannettoportofino.it,,,,https://www.instagram.com/giannettoportofino,PADIGLIONE CENTRALE / PIANO INFERIORE / T/9 U/8,https://uomo.pittimmagine.com/en/pittimmagine/fairs/uomo/exhibitors/G/giannetto-portofino,,
GIANNI LUPO,ITALY,,Lifestyle; Sustainable; Denimwear; Urban; Contemporary,Pitti Uomo 110,http://www.giannilupo.com,,,,https://www.instagram.com/giannilupo_man,CORTILE LORENESI / 2,https://uomo.pittimmagine.com/en/pittimmagine/fairs/uomo/exhibitors/G/gianni-lupo,,https://www.facebook.com/giannilupoman
GIANO,ITALY,,Lifestyle; Essentials; Classic; New Formal; Urban; Luxury; Craftsmanship; Contemporary; Collection,Pitti Uomo 110,http://www.giano.eu,,,,,PADIGLIONE CENTRALE / SALONE M P.INFERIORE / 17,https://uomo.pittimmagine.com/en/pittimmagine/fairs/uomo/exhibitors/G/giano,,
GICAPRI,ITALY,,,Pitti Uomo 110,http://www.gicapri.com,dpo@epssrl.com,+39 081 8026575,,https://www.instagram.com/gicapri_official/,PADIGLIONE CENTRALE / SALONE M P.INFERIORE / 7,https://uomo.pittimmagine.com/en/pittimmagine/fairs/uomo/exhibitors/G/gicapri,,https://www.facebook.com/GiCapri-a-giacchett-e-Capri-755121697888151
GIERRE MILANO,ITALY,,Special Co-Lab/Limited Edition; Classic; New Formal; Luxury,Pitti Uomo 110,http://www.gierremilano.com,,+06259350152,,https://www.instagram.com/gierremilano,PADIGLIONE CENTRALE / PIANO TERRA / E/17,https://uomo.pittimmagine.com/en/pittimmagine/fairs/uomo/exhibitors/G/gierre-milano,,https://www.facebook.com/Gierremilano-660359204086606/
GIMMI JEANS,ITALY,,,Pitti Uomo 110,https://www.gimmijeans.com,,,,https://www.instagram.com/gimmijeans,SALA DELLE NAZIONI / B/24,https://uomo.pittimmagine.com/en/pittimmagine/fairs/uomo/exhibitors/G/gimmi-jeans,,
GIMO'S ITALIANA,ITALY,,Sustainable; New Formal; Outdoor; Informal; Urban; Luxury; Craftsmanship,Pitti Uomo 110,http://www.gimos.com,,+00403830284,,https://www.instagram.com/gimos_official,PADIGLIONE CENTRALE / PIANO INFERIORE / S/12,https://uomo.pittimmagine.com/en/pittimmagine/fairs/uomo/exhibitors/G/gimo-s-italiana,,https://www.facebook.com/GimosOfficial/
GIOSA  MILANO,ITALY,,,Pitti Uomo 110,http://www.giosamilano.com,info@giosamilano.com,+39 02 8699 7441,,https://www.instagram.com/giosamilano,PADIGLIONE CENTRALE / PIANO INFERIORE / S/20,https://uomo.pittimmagine.com/en/pittimmagine/fairs/uomo/exhibitors/G/giosa--milano,,https://www.facebook.com/giosamilano
GMS75,ITALY,,Lifestyle; Sustainable; Outdoor; Premium Streetwear; Informal; Urban; Craftsmanship; Contemporary,Pitti Uomo 110,http://www.gimos.com,,+00403830284,,https://www.instagram.com/gimos_official,PADIGLIONE CENTRALE / PIANO INFERIORE / S/12,https://uomo.pittimmagine.com/en/pittimmagine/fairs/uomo/exhibitors/G/gms75,,https://www.facebook.com/GimosOfficial/
GNL FOOTWEAR,SWITZERLAND,,Lifestyle; Nordic Style; High Performance; Activewear; Sportswear; Premium Streetwear; Informal; Urban; Collection,Pitti Uomo 110,http://www.gnlfootwear.com,,,,https://www.instagram.com/gnlfootwear,PADIGLIONE CAVANIGLIA / 48,https://uomo.pittimmagine.com/en/pittimmagine/fairs/uomo/exhibitors/G/gnl-footwear,,
GOGUTSA,GEORGIA,,Lifestyle; Agender; Cutting-Edge; Japan Style; Globetrotter; Premium Streetwear; Urban; Youth Culture; Craftsmanship; Contemporary,Pitti Uomo 110,https://gogutsa.com,,,,https://www.instagram.com/gogutsaofficial,PADIGLIONE CENTRALE / PIANO ATTICO / I/13,https://uomo.pittimmagine.com/en/pittimmagine/fairs/uomo/exhibitors/G/gogutsa,,
GOLDWIN,JAPAN,,Lifestyle; Japan Style; Outdoor; High Performance; Activewear; Sportswear; Urban,Pitti Uomo 110,http://www.goldwin-global.com,info@goldwineurope.com,023629442,,https://www.instagram.com/goldwin_global,SALA DELLE NAZIONI / B/12-14,https://uomo.pittimmagine.com/en/pittimmagine/fairs/uomo/exhibitors/G/goldwin,,https://www.facebook.com/goldwin.global/
GOOD PEOPLE GOOD STITCHING GOOD PRODUCT,JAPAN,,,Pitti Uomo 110,https://www.marucho.net,,+1650336263900,,https://www.instagram.com/ggg_tokyo_official,PADIGLIONE CENTRALE / PIANO ATTICO / B/13,https://uomo.pittimmagine.com/en/pittimmagine/fairs/uomo/exhibitors/G/good-people-good-stitching-good-product,,
GOORIN BROS.,U.S.A.,,Lifestyle; Agender; Cutting-Edge; Denimwear; Outdoor; Sportswear; Premium Streetwear; Urban; Youth Culture; Collection,Pitti Uomo 110,http://www.goorin.com,,,,https://www.instagram.com/goorinbros,PADIGLIONE CAVANIGLIA / 33,https://uomo.pittimmagine.com/en/pittimmagine/fairs/uomo/exhibitors/G/goorin-bros-,,
GOT BAG,GERMANY,,Lifestyle; Sustainable; Nordic Style; Outdoor; Urban; Upcycling,Pitti Uomo 110,https://got-bag.com,,,,https://www.instagram.com/gotbag,PADIGLIONE CAVANIGLIA / 111,https://uomo.pittimmagine.com/en/pittimmagine/fairs/uomo/exhibitors/G/got-bag,,
GRAMMATIK DRAMMATIK,ROMANIA,,,Pitti Uomo 110,https://releasedistribution.it/grammatik-drammatik,,+03779401201,,https://www.instagram.com/grammatikdrammatik,PADIGLIONE CENTRALE / PIANO ATTICO / G/4,https://uomo.pittimmagine.com/en/pittimmagine/fairs/uomo/exhibitors/G/grammatik-drammatik,,https://www.facebook.com/ReleaseDistribution/
GRAN SASSO,ITALY,,,Pitti Uomo 110,http://www.gransasso.it,,+39 02 794847,https://www.linkedin.com/company/maglificio-gran-sasso/,https://www.instagram.com/gransasso_official,PADIGLIONE CENTRALE / PIANO INFERIORE / V/23-25,https://uomo.pittimmagine.com/en/pittimmagine/fairs/uomo/exhibitors/G/gran-sasso,,https://www.facebook.com/maglificiogransasso
GREEN GEORGE,ITALY,,British Style; Classic; Informal; Urban; Craftsmanship; Contemporary,Pitti Uomo 110,http://www.greengeorge.it,info@greengeorge.it,+02170130443,,https://www.instagram.com/greengeorge1971,PADIGLIONE CENTRALE / PIANO INFERIORE / U/5,https://uomo.pittimmagine.com/en/pittimmagine/fairs/uomo/exhibitors/G/green-george,,
GREENTEX - WATERVILLE,ITALY,,Outdoor; Sportswear; Informal; Luxury; Craftsmanship,Pitti Uomo 110,http://www.greentex.it,,+39) 0427 939095,,https://www.instagram.com/waterville_italy,PADIGLIONE CENTRALE / PIANO INFERIORE / Q/10,https://uomo.pittimmagine.com/en/pittimmagine/fairs/uomo/exhibitors/W/greentex---waterville,,https://www.facebook.com/watervilleIT/
GRIFFIN,UNITED KINGDOM,,,Pitti Uomo 110,,,,,,SALA DELLA RONDA / 7,,,
GUANABANA HANDMADE,SPAIN,,Lifestyle; Sustainable; Special Co-Lab/Limited Edition; Classic; Craftsmanship; Contemporary; Collection,Pitti Uomo 110,http://www.guanabana.es,administracion@guanabana.es,,,https://www.instagram.com/guanabanahandmade,SALA DELLE NAZIONI / B/13,https://uomo.pittimmagine.com/en/pittimmagine/fairs/uomo/exhibitors/G/guanabana-handmade,,https://es-es.facebook.com/pages/Guanabana/116679688367719
GUARDIANI,ITALY,,,Pitti Uomo 110,https://www.albertoguardiani.it,,,,,COSTRUZIONI LORENESI / PIANO PRIMO / 4,https://uomo.pittimmagine.com/en/pittimmagine/fairs/uomo/exhibitors/G/guardiani,,
GUESS JEANS,U.S.A.,,Sustainable; Denimwear; Urban; Youth Culture,Pitti Uomo 110,https://www.guess.eu/-/guess-jeans,,+0048482424120,,https://www.instagram.com/guessjeans,PADIGLIONE DELLE GHIAIA / 1-2,https://uomo.pittimmagine.com/en/pittimmagine/fairs/uomo/exhibitors/G/guess-jeans,,https://www.facebook.com/GUESS
GUESS MAN,SWITZERLAND,,,Pitti Uomo 110,https://www.guess.eu/it-it/guess/uomo,,+0048482424120,,https://www.instagram.com/guess,PADIGLIONE CENTRALE / PIANO TERRA / H/2-4,https://uomo.pittimmagine.com/en/pittimmagine/fairs/uomo/exhibitors/G/guess-man,,https://www.facebook.com/GUESS
H2O,DENMARK,,,Pitti Uomo 110,https://h2o-sportswear.com,,,,https://www.instagram.com/h2osportswear,PADIGLIONE CAVANIGLIA / 9,https://uomo.pittimmagine.com/en/pittimmagine/fairs/uomo/exhibitors/H/h2o,,
HALO,DENMARK,,,Pitti Uomo 110,,,,,https://www.instagram.com/newline.halo,SALA DELLA RONDA / 4,https://uomo.pittimmagine.com/en/pittimmagine/fairs/uomo/exhibitors/H/halo,,
HANNES ROETHER,GERMANY,,Sustainable; Essentials; New Formal; Informal; Urban; Luxury; Craftsmanship,Pitti Uomo 110,http://www.hannesroether.de,,,,https://www.instagram.com/hannesroether,PADIGLIONE CENTRALE / PIANO ATTICO / I/3-5,https://uomo.pittimmagine.com/en/pittimmagine/fairs/uomo/exhibitors/H/hannes-roether,,
HARBER LONDON,UNITED KINGDOM,,Lifestyle; Sustainable; Essentials; British Style; Classic; New Formal; High Performance; Luxury; Craftsmanship; Contemporary,Pitti Uomo 110,https://www.harberlondon.com,,,,https://www.instagram.com/harberlondon,PADIGLIONE CENTRALE / SALONE M P.INFERIORE / 16,https://uomo.pittimmagine.com/en/pittimmagine/fairs/uomo/exhibitors/H/harber-london,,
HARDY & PARSONS,UNITED KINGDOM,,Sustainable; Special Co-Lab/Limited Edition; British Style; Classic; Craftsmanship,Pitti Uomo 110,http://www.hardyandparsons.co.uk,hardyandparsons@aol.com,+44 (0) 207 35 11 124,,https://www.instagram.com/hardyparsons,PADIGLIONE CENTRALE / PIANO INFERIORE / P/24,https://uomo.pittimmagine.com/en/pittimmagine/fairs/uomo/exhibitors/H/hardy---parsons,,https://www.facebook.com/hardyandparsons
HARRIS FIRENZE,ITALY,,Classic; Luxury; Craftsmanship,Pitti Uomo 110,http://www.harrisshoes.it,,,,https://www.instagram.com/harrisshoes,PADIGLIONE CENTRALE / SALONE M P.INFERIORE / 3,https://uomo.pittimmagine.com/en/pittimmagine/fairs/uomo/exhibitors/H/harris-firenze,,
HARRIS WHARF LONDON,UNITED KINGDOM,,Sustainable; British Style; Outdoor,Pitti Uomo 110,http://www.harriswharflondon.co.uk,,,,https://www.instagram.com/harriswharflondon,SALA DELLE NAZIONI / A/6-8,https://uomo.pittimmagine.com/en/pittimmagine/fairs/uomo/exhibitors/H/harris-wharf-london,,
HEINRICH DINKELACKER,GERMANY,,,Pitti Uomo 110,https://www.heinrich-dinkelacker.com,,,,https://www.instagram.com/heinrichdinkelacker,PADIGLIONE CENTRALE / SALONE M P.INFERIORE / 27,https://uomo.pittimmagine.com/en/pittimmagine/fairs/uomo/exhibitors/H/heinrich-dinkelacker,,
HEINRICH DINKELACKER,GERMANY,,,Pitti Uomo 110,https://www.heinrich-dinkelacker.com,,,,https://www.instagram.com/heinrichdinkelacker,PADIGLIONE CENTRALE / SALONE M P.INFERIORE / 27,https://uomo.pittimmagine.com/en/pittimmagine/fairs/uomo/exhibitors/H/heinrich-dinkelacker,,
HELLY HANSEN,NORWAY,,Lifestyle; Sustainable; Cutting-Edge; Nordic Style; Outdoor; High Performance; Activewear; Sportswear; Urban; Collection,Pitti Uomo 110,http://www.hellyhansen.com,,+34) 930 180 889,,https://www.instagram.com/hellyhansen,PADIGLIONE CAVANIGLIA / 39,https://uomo.pittimmagine.com/en/pittimmagine/fairs/uomo/exhibitors/H/helly-hansen,,https://www.facebook.com/HellyHansen1877
HENDERSON,ITALY,,Essentials; British Style; Classic; New Formal; High Performance; Urban; Luxury; Craftsmanship; Contemporary; Collection,Pitti Uomo 110,http://www.hendersonbaracco.com,shop@hendersonbaracco.com,+39 049 502652,,https://www.instagram.com/hendersonbaracco_official,PADIGLIONE CENTRALE / PIANO ATTICO / D/13,https://uomo.pittimmagine.com/en/pittimmagine/fairs/uomo/exhibitors/H/henderson,,https://www.facebook.com/HendersonBaracco
HENRIK VIBSKOV,DENMARK,,,Pitti Uomo 110,,,,,,,,,
HENRY BEGUELIN,ITALY,,Classic; Luxury; Craftsmanship; Collection,Pitti Uomo 110,https://shop.henrybeguelin.it,,,,https://www.instagram.com/henrybeguelin_official,PADIGLIONE CENTRALE / PIANO ATTICO / H/11,https://uomo.pittimmagine.com/en/pittimmagine/fairs/uomo/exhibitors/H/henry-beguelin,,
HENRY COTTON'S,ITALY,,,Pitti Uomo 110,https://henrycottons.com,,+44 7884 116559,,https://www.instagram.com/qodeinteractive/,PADIGLIONE CENTRALE / S. ALFA P.INFERIORE / 5,https://uomo.pittimmagine.com/en/pittimmagine/fairs/uomo/exhibitors/H/henry-cotton-s,,https://www.facebook.com/QodeInteractive/
HERITAGE,ITALY,,,Pitti Uomo 110,,,,,,PADIGLIONE CENTRALE / PIANO TERRA / J/13,,,
HERNO,ITALY,,Lifestyle; Luxury; Craftsmanship; Contemporary,Pitti Uomo 110,http://www.herno.it,privacy@herno.it,+384042444648,,https://www.instagram.com/herno,TEATRINO LORENESE / 1,https://uomo.pittimmagine.com/en/pittimmagine/fairs/uomo/exhibitors/H/herno,,https://www.facebook.com/HernoSpa/
HESTERN,ITALY,,Lifestyle; Essentials; Informal; Luxury; Contemporary; Collection,Pitti Uomo 110,,,,,https://www.instagram.com/hesternmilano,SALA DELLE NAZIONI / B/34,https://uomo.pittimmagine.com/en/pittimmagine/fairs/uomo/exhibitors/H/hestern,,
HETTABRETZ,ITALY,,Lifestyle; Sustainable; Special Co-Lab/Limited Edition; Essentials; Globetrotter; High Performance; Luxury; Craftsmanship; Contemporary; Collection,Pitti Uomo 110,http://www.hettabretz.com,showroom@hettabretz.it,+03801891205,,https://www.instagram.com/hettabretz,PADIGLIONE CENTRALE / SALONE M P.INFERIORE / 5,https://uomo.pittimmagine.com/en/pittimmagine/fairs/uomo/exhibitors/H/hettabretz,,https://www.facebook.com/Hettabretz-350138965341733/
HEYDUDE,ITALY,,,Pitti Uomo 110,http://www.artcraftsinternational.it,,,,https://www.instagram.com/heydudeitaly,PADIGLIONE CAVANIGLIA / 27,https://uomo.pittimmagine.com/en/pittimmagine/fairs/uomo/exhibitors/H/heydude,,
HOMEWARD,ITALY,,Lifestyle; Outdoor; High Performance; Activewear; Premium Streetwear; Informal; Urban,Pitti Uomo 110,http://www.homeward.eu,,,,https://www.instagram.com/homeward_clothes,PADIGLIONE CENTRALE / PIANO TERRA / H/12,https://uomo.pittimmagine.com/en/pittimmagine/fairs/uomo/exhibitors/H/homeward,,
HOSIO,ITALY,,Contemporary,Pitti Uomo 110,http://www.hosio.it,info@hosio.it,,,https://www.instagram.com/hosioofficial,PADIGLIONE CENTRALE / PIANO ATTICO / G/11,https://uomo.pittimmagine.com/en/pittimmagine/fairs/uomo/exhibitors/H/hosio,,https://www.facebook.com/hosiofashion/
HèSKIMO,ITALY,,Sustainable; Outdoor; High Performance; Activewear; Sportswear; Collection,Pitti Uomo 110,http://www.heskimo.it,commerciale@heskimo.it,+39 0883 820297,,https://www.instagram.com/heskimo_official,PADIGLIONE CENTRALE / PIANO TERRA / J/1 K/4-6,https://uomo.pittimmagine.com/en/pittimmagine/fairs/uomo/exhibitors/H/h-skimo,,https://www.facebook.com/heskimoofficial
HÖBEPERGH,ITALY,,,Pitti Uomo 110,http://www.hobepergh.com,info@hobepergh.com,+02700200245 | WA: +393452450247,,https://www.instagram.com/hobepergh,,https://uomo.pittimmagine.com/en/pittimmagine/fairs/uomo/exhibitors/H/h-bepergh,,https://www.facebook.com/HobePergh
I'M BRIAN,ITALY,,,Pitti Uomo 110,https://www.imbrian.it,commercialeimb@gmail.com,+06841341214 | WA: +393341568676,,https://www.instagram.com/imbrian.it,RONDINO / 2,https://uomo.pittimmagine.com/en/pittimmagine/fairs/uomo/exhibitors/I/i-m-brian,,https://www.facebook.com/imbrianfranchising
IBELIV,FRANCE,,Lifestyle; Sustainable; Essentials; Classic; Luxury; Craftsmanship; Contemporary,Pitti Uomo 110,http://www.ibeliv.fr,contact@ibeliv.fr,+33785555071,,https://www.instagram.com/ibeliv_official,PADIGLIONE CENTRALE / PIANO ATTICO / I/1,https://uomo.pittimmagine.com/en/pittimmagine/fairs/uomo/exhibitors/I/ibeliv,,https://www.facebook.com/ibelivofficial
ICHENDORF MILANO,ITALY,,,Pitti Uomo 110,,,,,,PADIGLIONE CENTRALE / PIANO INFERIORE / V/27,,,
ID.EIGHT,ITALY,,Lifestyle; Sustainable; Agender; Outdoor; Globetrotter; Sportswear; Informal; Urban; Contemporary,Pitti Uomo 110,,,,,https://www.instagram.com/id.eight,SALA DELLE NAZIONI / A/39,https://uomo.pittimmagine.com/en/pittimmagine/fairs/uomo/exhibitors/I/id-eight,,
IL BUSSETTO,ITALY,,,Pitti Uomo 110,http://www.ilbussetto.it,,+05520650960,,https://www.instagram.com/ilbussetto,PADIGLIONE CENTRALE / PIANO INFERIORE / S/23,https://uomo.pittimmagine.com/en/pittimmagine/fairs/uomo/exhibitors/B/il-bussetto,,https://www.facebook.com/ilbussetto
ILIOSMERALDO,ITALY,,Craftsmanship,Pitti Uomo 110,https://www.iliosmeraldo.it,info@iliosmeraldo.it,,,https://www.instagram.com/ilio_smeraldo,PADIGLIONE CENTRALE / PIANO ATTICO / H/3,https://uomo.pittimmagine.com/en/pittimmagine/fairs/uomo/exhibitors/I/iliosmeraldo,,
ILSE JACOBSEN HORNBÆK,DENMARK,,,Pitti Uomo 110,,,,,https://www.instagram.com/ilsejacobsen,PADIGLIONE CAVANIGLIA / 41-45,https://uomo.pittimmagine.com/en/pittimmagine/fairs/uomo/exhibitors/I/ilse-jacobsen-hornb-k,,
IMPULSO,ITALY,,Lifestyle; High Performance; Activewear; Sportswear,Pitti Uomo 110,http://www.impulso-store.com,,,,https://www.instagram.com/impulso_official,PADIGLIONE CENTRALE / PIANO TERRA / A/20 B/19,https://uomo.pittimmagine.com/en/pittimmagine/fairs/uomo/exhibitors/I/impulso,,
IMPURE,ITALY,,,Pitti Uomo 110,https://www.impure.it,link2east@gmail.com,+11975861003,,https://www.instagram.com/impure.alternative.basic,FURERIA / 10,https://uomo.pittimmagine.com/en/pittimmagine/fairs/uomo/exhibitors/I/impure,,https://www.facebook.com/impurealternativebasic
INDICODE,DENMARK,,,Pitti Uomo 110,https://www.indicodejeans.dk,info@indicodejeans.dk,+4552715751,,https://www.instagram.com/indicode.official,FURERIA / 8,https://uomo.pittimmagine.com/en/pittimmagine/fairs/uomo/exhibitors/I/indicode,,
INTRECCI & BELTS,ITALY,,,Pitti Uomo 110,,,,,,PADIGLIONE CENTRALE / PIANO INFERIORE / T/20,,,
INVERTERE,UNITED KINGDOM,,,Pitti Uomo 110,,,,,,PADIGLIONE CENTRALE / PIANO INFERIORE / Q/9,,,
INVICTA,ITALY,,,Pitti Uomo 110,https://www.invicta.it,info@invicta.it,+09322230013,,https://www.instagram.com/invicta_official,PADIGLIONE CAVANIGLIA / 31,https://uomo.pittimmagine.com/en/pittimmagine/fairs/uomo/exhibitors/I/invicta,,https://www.facebook.com/InvictaOfficial
IRON AND RESIN,FRANCE,,,Pitti Uomo 110,https://ironandresin.com,alan@ironandresin.com,+18055153353,,https://www.instagram.com/ironandresin,ARSENALE / PIANO TERRA / 15,https://uomo.pittimmagine.com/en/pittimmagine/fairs/uomo/exhibitors/I/iron-and-resin,,https://www.facebook.com/IronandResin
IS-NESS - OUTOPIA BY VANISH,JAPAN,,,Pitti Uomo 110,,,,,,SALA DELLA RONDA / 24-25,,,
ISAORA,U.S.A.,,Lifestyle; Sustainable; Cutting-Edge; New Formal; Outdoor; High Performance; Activewear; Sportswear; Urban; Contemporary,Pitti Uomo 110,http://www.isaora.com,,20092025,https://www.linkedin.com/company/isaora,https://www.instagram.com/isaora,PADIGLIONE CENTRALE / PIANO TERRA / H/14,https://uomo.pittimmagine.com/en/pittimmagine/fairs/uomo/exhibitors/I/isaora,,https://www.facebook.com/people/Isaoracom/100092889782715
J8QUALITY,JAPAN,,,Pitti Uomo 110,http://www.jquality.jp,,,,,PADIGLIONE CENTRALE / PIANO ATTICO / A/1,https://uomo.pittimmagine.com/en/pittimmagine/fairs/uomo/exhibitors/J/j8quality,,
JACQUES SOLOVIÈRE PARIS,FRANCE,,Classic,Pitti Uomo 110,https://www.jacquessoloviere.com,info@soloparis.com,,,https://www.instagram.com/jacquessoloviereparis,PADIGLIONE CENTRALE / PIANO ATTICO / H/12,https://uomo.pittimmagine.com/en/pittimmagine/fairs/uomo/exhibitors/J/jacques-solovi-re-paris,,https://www.facebook.com/jacquessoloviereparis
JAGGY,ITALY,,Lifestyle; Essentials; Classic; Denimwear; Sportswear; Informal; Urban; Contemporary,Pitti Uomo 110,http://www.jaggy.it,,+02933330421,,https://www.instagram.com/jaggy.it,PADIGLIONE CENTRALE / PIANO TERRA / K/9 L/10,https://uomo.pittimmagine.com/en/pittimmagine/fairs/uomo/exhibitors/J/jaggy,,https://www.facebook.com/jaggy.it
JAGVI. RIVE GAUCHE,FRANCE,,Sustainable; Luxury; Contemporary; Upcycling,Pitti Uomo 110,https://jagvi.eu,contact@jagvi.eu,0145541363,,https://www.instagram.com/jagvi_,SALA DELLE NAZIONI / B/17,https://uomo.pittimmagine.com/en/pittimmagine/fairs/uomo/exhibitors/J/jagvi--rive-gauche,,https://www.facebook.com/jagvi.eu
JAMIESON'S OF SHETLAND,UNITED KINGDOM,,,Pitti Uomo 110,,,,,,PADIGLIONE CENTRALE / SALONE M P.INFERIORE / 14,,,
JEORDIE'S,ITALY,,,Pitti Uomo 110,http://www.jeordies.it,jeordies@jeordies.it,+39 0733 966413,,https://www.instagram.com/jeordies_official,PADIGLIONE CENTRALE / PIANO TERRA / H/11,https://uomo.pittimmagine.com/en/pittimmagine/fairs/uomo/exhibitors/J/jeordie-s,,
JERRY KEY,ITALY,,,Pitti Uomo 110,http://www.jerrykey.it,info@jerrykey.it,+39 089 863927 | https://wa.me,,https://www.instagram.com/jerrykey.jackets/,PADIGLIONE CENTRALE / PIANO TERRA / H/13,https://uomo.pittimmagine.com/en/pittimmagine/fairs/uomo/exhibitors/J/jerry-key,,https://www.facebook.com/jerrykey.jackets
JIWYA,INDIA,,Lifestyle; Sustainable; Classic; New Formal; Urban; Luxury; Craftsmanship; Contemporary,Pitti Uomo 110,,,,,https://www.instagram.com/jiwya_official,SALA DELLE NAZIONI / B/27,https://uomo.pittimmagine.com/en/pittimmagine/fairs/uomo/exhibitors/J/jiwya,,
JIYONGKIM,KOREA (SOUTH),,Sustainable; Special Co-Lab/Limited Edition; Essentials; Cutting-Edge; Premium Streetwear; Luxury; Craftsmanship; Collection,Pitti Uomo 110,https://jiyongkim.net,cs@jiyongkim.net,0222712021,,https://www.instagram.com/jiyongkim_official,MAGAZZINO 07 / 1,https://uomo.pittimmagine.com/en/pittimmagine/fairs/uomo/exhibitors/J/jiyongkim,,
JJ HATS NEW YORK,U.S.A.,,,Pitti Uomo 110,http://www.jjhats.com,,,,,SALA DELLE NAZIONI / B/44-46,https://uomo.pittimmagine.com/en/pittimmagine/fairs/uomo/exhibitors/J/jj-hats-new-york,,
JOHN SMEDLEY,UNITED KINGDOM,,,Pitti Uomo 110,http://www.johnsmedley.com,customercare@johnsmedley.co.uk,+44 (0)800 6523498,,https://www.instagram.com/johnsmedleyknitwear,PADIGLIONE CENTRALE / PIANO ATTICO / C/12,https://uomo.pittimmagine.com/en/pittimmagine/fairs/uomo/exhibitors/J/john-smedley,,https://www.facebook.com/JohnSmedleyKnitwear
JOHNNY LAMBS,ITALY,,,Pitti Uomo 110,,,,,,PADIGLIONE CENTRALE / PIANO TERRA / I/14,,,
JOSEPH CHEANEY & SONS,UNITED KINGDOM,,Lifestyle; Sustainable; Essentials; British Style; Classic; New Formal; Luxury; Craftsmanship,Pitti Uomo 110,http://www.cheaney.co.uk,,,,https://www.instagram.com/josephcheaney,PADIGLIONE CENTRALE / SALONE M P.INFERIORE / 9,https://uomo.pittimmagine.com/en/pittimmagine/fairs/uomo/exhibitors/C/joseph-cheaney---sons,,
JP5 CONCEPT,ITALY,,Lifestyle; Sustainable; Special Co-Lab/Limited Edition; Cutting-Edge; Japan Style; Luxury; Craftsmanship; Contemporary; Collection; Upcycling,Pitti Uomo 110,https://jp5concept.com,info@jp5concept.com,+34 664 75 92 62,https://www.linkedin.com/in/luca-ciucci-a1585125/,https://www.instagram.com/jp5concept,SALA DELLE NAZIONI / A/19,https://uomo.pittimmagine.com/en/pittimmagine/fairs/uomo/exhibitors/J/jp5-concept,,https://www.facebook.com/KralovaDesign/
KANGOL,UNITED KINGDOM,,Premium Streetwear; Urban; Youth Culture; Contemporary,Pitti Uomo 110,,,,,,PADIGLIONE CAVANIGLIA / 5,,,
KAPPY DESIGN,KOREA (SOUTH),,,Pitti Uomo 110,http://www.kappydesign.com,director@kappydesign.com,+0104597071410,,https://www.instagram.com/kappydesign,SALA DELLE NAZIONI / A/14,https://uomo.pittimmagine.com/en/pittimmagine/fairs/uomo/exhibitors/K/kappy-design,,
KAPTEN&SON,GERMANY,,Lifestyle; Essentials; Nordic Style; Classic; Outdoor; Globetrotter; High Performance; Activewear; Urban; Collection,Pitti Uomo 110,http://www.kapten-son.com,,,,https://www.instagram.com/kaptenandson.de,PADIGLIONE CAVANIGLIA / 53,https://uomo.pittimmagine.com/en/pittimmagine/fairs/uomo/exhibitors/K/kapten-son,,https://www.facebook.com/kaptenandsonde
KAVKI,JAPAN,,Lifestyle; Japan Style; Urban; Luxury; Craftsmanship; Contemporary,Pitti Uomo 110,http://kavki.jp,info@kavki.jp,1070052,,https://www.instagram.com/kavki_official/,PADIGLIONE CENTRALE / PIANO ATTICO / C/5,https://uomo.pittimmagine.com/en/pittimmagine/fairs/uomo/exhibitors/K/kavki,,
KAWASAKI FOOTWEAR,DENMARK,,Lifestyle; Nordic Style; Sportswear; Urban,Pitti Uomo 110,http://kawasakifootwear.com,,,,https://www.instagram.com/kawasakifootwear.official,,https://uomo.pittimmagine.com/en/pittimmagine/fairs/uomo/exhibitors/K/kawasaki-footwear,,
KEELING,UNITED ARAB EMIRATES,,Lifestyle; Sustainable; Sportswear; Luxury,Pitti Uomo 110,https://www.keeling.io,info@sealand-international.com,,,https://www.instagram.com/keeling.io,PADIGLIONE CAVANIGLIA / 7,https://uomo.pittimmagine.com/en/pittimmagine/fairs/uomo/exhibitors/K/keeling,,https://www.facebook.com/keeling.io/
KEEN,U.S.A.,,Lifestyle; Sustainable; Special Co-Lab/Limited Edition; Outdoor; Urban,Pitti Uomo 110,https://www.keenfootwear.it,info@amuvia.com,+01479900217,,https://www.instagram.com/keenitalia,SALA DELLA RONDA / 9-10,https://uomo.pittimmagine.com/en/pittimmagine/fairs/uomo/exhibitors/K/keen,,https://www.facebook.com/keenitalia
KETROY,TURKEY,,Classic; New Formal; Denimwear; High Performance; Activewear; Sportswear; Informal; Luxury; Contemporary; Collection,Pitti Uomo 110,http://www.ketroy.com,,08502512968,https://www.linkedin.com/company/ketroyofficial,https://www.instagram.com/ketroy,PADIGLIONE CENTRALE / S. ALFA P.INFERIORE / 18-19,https://uomo.pittimmagine.com/en/pittimmagine/fairs/uomo/exhibitors/K/ketroy,,
KETTA,JAPAN,,Lifestyle; Sustainable; Japan Style; New Formal; Workwear; Outdoor; Activewear; Sportswear; Luxury; Upcycling,Pitti Uomo 110,https://www.hirota-ap.com/ketta,,,,,PADIGLIONE CENTRALE / PIANO ATTICO / D/12,https://uomo.pittimmagine.com/en/pittimmagine/fairs/uomo/exhibitors/K/ketta,,
KIEFERMANN,GERMANY,,Sustainable; Essentials; Informal; Urban; Contemporary; Collection,Pitti Uomo 110,https://www.kiefermann.com,,,,https://www.instagram.com/kiefermann,PADIGLIONE CENTRALE / PIANO ATTICO / B/12,https://uomo.pittimmagine.com/en/pittimmagine/fairs/uomo/exhibitors/K/kiefermann,,
KIMUSSO- CHINA WAVE,CHINA,,Agender; Cutting-Edge; Workwear; Premium Streetwear; Urban; Youth Culture; Luxury; Craftsmanship; Contemporary,Pitti Uomo 110,,,,,,COSTRUZIONI LORENESI / PIANO TERRA,https://uomo.pittimmagine.com/en/pittimmagine/fairs/uomo/exhibitors/K/kimusso--china-wave,,
KIRED,ITALY,,Lifestyle; Nordic Style; Outdoor; Globetrotter; High Performance; Activewear; Sportswear; Informal; Luxury; Craftsmanship,Pitti Uomo 110,,,,,,PADIGLIONE CENTRALE / PIANO INFERIORE / T/2-6,,,
KJØRE PROJECT,NORWAY,,,Pitti Uomo 110,,,,,,ARSENALE / PIANO TERRA / 38,,,
KNT KITON NEW TEXTURES,ITALY,,,Pitti Uomo 110,http://www.kiton.com,,+06034520632,,https://www.instagram.com/kiton,PIAZZALE GHIAIA / 4,https://uomo.pittimmagine.com/en/pittimmagine/fairs/uomo/exhibitors/K/knt-kiton-new-textures,,https://www.facebook.com/KitonOfficial
KREIS,GERMANY,,Lifestyle; Sustainable; Classic; New Formal; Premium Streetwear; Urban; Luxury; Craftsmanship,Pitti Uomo 110,,,,,,PADIGLIONE CENTRALE / PIANO INFERIORE / P/21,,,
KRONSTADT,DENMARK,,,Pitti Uomo 110,,,,,,FURERIA / 8,,,
L'IMPERMEABILE,ITALY,,,Pitti Uomo 110,http://www.limpermeabile.it,info@lrlandi.it,+39057173003,,https://www.instagram.com/l_limpermeabile,PADIGLIONE CENTRALE / PIANO INFERIORE / Q/14,https://uomo.pittimmagine.com/en/pittimmagine/fairs/uomo/exhibitors/L/l-impermeabile,,
L. F. LIDFORT,ITALY,,,Pitti Uomo 110,http://www.lidfort.it,lidfort@lidfort.it,+00525910444,https://www.linkedin.com/company/9406122,https://www.instagram.com/lidfort,SALA DELLE NAZIONI / B/11,https://uomo.pittimmagine.com/en/pittimmagine/fairs/uomo/exhibitors/L/l--f--lidfort,,https://www.facebook.com/Lidfort
L.B.M. 1911,ITALY,,,Pitti Uomo 110,http://www.lbm1911.com,,,,https://www.instagram.com/l.b.m.1911_official,PADIGLIONE CENTRALE / PIANO INFERIORE / U/1-3 V/2-4,https://uomo.pittimmagine.com/en/pittimmagine/fairs/uomo/exhibitors/L/l-b-m--1911,,
LA BOUCLE,BELGIUM,,Lifestyle; Sustainable; Agender; British Style; Classic; New Formal; Workwear; High Performance; Activewear; Premium Streetwear,Pitti Uomo 110,http://www.laboucle.com,,,,https://www.instagram.com/labouclebelts,PADIGLIONE CAVANIGLIA / 15,https://uomo.pittimmagine.com/en/pittimmagine/fairs/uomo/exhibitors/L/la-boucle,,
LA MARTINA,ARGENTINA,,Lifestyle; Essentials; British Style; Denimwear; Premium Streetwear; Urban; Contemporary; Collection,Pitti Uomo 110,http://www.lamartina.com,,,,https://www.instagram.com/lamartinapolo,PADIGLIONE DELLE GHIAIA / 6,https://uomo.pittimmagine.com/en/pittimmagine/fairs/uomo/exhibitors/L/la-martina,,
LA PAZ,PORTUGAL,,,Pitti Uomo 110,http://www.lapaz.pt,,,,https://www.instagram.com/lapaz_diary,SALA DELLE NAZIONI / A/21,https://uomo.pittimmagine.com/en/pittimmagine/fairs/uomo/exhibitors/L/la-paz,,
LAMANO ARTISANS,ITALY,,,Pitti Uomo 110,https://lamanoartisans.it,info@lamanoartisans.it,+39 348 256 3631,https://www.linkedin.com/company/lamanoartisans/,https://www.instagram.com/lamanoartisans,PADIGLIONE CENTRALE / PIANO ATTICO / D/10,https://uomo.pittimmagine.com/en/pittimmagine/fairs/uomo/exhibitors/L/lamano-artisans,,https://www.facebook.com/lamanoartisans
LATORRE,ITALY,,,Pitti Uomo 110,http://www.sartorialatorre.it,info@sartorialatorre.it,+39 080 4315291,https://www.linkedin.com/company/sartoria-latorre,https://www.instagram.com/latorre_official,PADIGLIONE CENTRALE / PIANO INFERIORE / V/11 Z/10,https://uomo.pittimmagine.com/en/pittimmagine/fairs/uomo/exhibitors/L/latorre,,https://www.facebook.com/latorreofficial/
LE TEMPS DES CERISES,FRANCE,,,Pitti Uomo 110,http://www.letempsdescerises.com,,,https://www.linkedin.com/company/le-temps-des-cerises---japan-rags/mycompany,https://www.instagram.com/letempsdescerisesjeans,FURERIA / 13,https://uomo.pittimmagine.com/en/pittimmagine/fairs/uomo/exhibitors/L/le-temps-des-cerises,,https://www.facebook.com/letempsdescerisesjeans/
LEBOLE,ITALY,,Lifestyle; Sustainable; Classic; New Formal; Urban; Luxury; Contemporary,Pitti Uomo 110,http://www.leboleuomo.it,,,,https://www.instagram.com/leboleuomo,PADIGLIONE CENTRALE / S. ALFA P.INFERIORE / 20,https://uomo.pittimmagine.com/en/pittimmagine/fairs/uomo/exhibitors/L/lebole,,
LEMARGO,ITALY,,,Pitti Uomo 110,http://www.lemargo.it,,,,https://www.instagram.com/lemargo_official,PADIGLIONE CENTRALE / PIANO ATTICO / I/14,https://uomo.pittimmagine.com/en/pittimmagine/fairs/uomo/exhibitors/L/lemargo,,
LES DEUX,DENMARK,,Lifestyle; Essentials; Classic; Premium Streetwear; Craftsmanship; Contemporary,Pitti Uomo 110,https://lesdeux.dk,customercare@lesdeux.com,+45 78 74 53 35,https://www.linkedin.com/company/les-deux,https://www.instagram.com/lesdeux,ARSENALE / PIANO TERRA / 2-6,https://uomo.pittimmagine.com/en/pittimmagine/fairs/uomo/exhibitors/L/les-deux,,https://www.facebook.com/lesdeuxcopenhague
LES HOMMES WHITE LABEL,ITALY,,,Pitti Uomo 110,https://www.leshommes.com,,,,https://www.instagram.com/leshommes_real_whitelabel,PADIGLIONE CENTRALE / PIANO TERRA / I/6,https://uomo.pittimmagine.com/en/pittimmagine/fairs/uomo/exhibitors/L/les-hommes-white-label,,
LF LINEA FASHION,ITALY,,,Pitti Uomo 110,http://www.lineafashion.it,info@lineafashion.it,+39 0445 641961,,https://www.instagram.com/lineafashion.it,PADIGLIONE CENTRALE / PIANO TERRA / E/30,https://uomo.pittimmagine.com/en/pittimmagine/fairs/uomo/exhibitors/L/lf-linea-fashion,,https://www.facebook.com/LFLineaFashion
LOAKE,UNITED KINGDOM,,Lifestyle; British Style; Classic; New Formal; Luxury; Craftsmanship; Contemporary,Pitti Uomo 110,http://www.loake.co.uk,enquiries@loake.co.uk,+44 (0) 1536 415 411,,https://www.instagram.com/loakeshoemakers,PADIGLIONE CENTRALE / SALONE M P.INFERIORE / 8-10,https://uomo.pittimmagine.com/en/pittimmagine/fairs/uomo/exhibitors/L/loake,,https://www.facebook.com/LoakeShoemakers
LOCK & CO. HATTERS,UNITED KINGDOM,,Lifestyle; British Style; Classic; Luxury; Craftsmanship,Pitti Uomo 110,http://www.lockhatters.co.uk,,,,https://www.instagram.com/lockhatters,PADIGLIONE CENTRALE / SALONE M P.INFERIORE / 56,https://uomo.pittimmagine.com/en/pittimmagine/fairs/uomo/exhibitors/L/lock---co--hatters,,
LODENFREY,GERMANY,,Lifestyle; Sustainable; Nordic Style; Classic; New Formal; Outdoor; Informal; Urban; Craftsmanship; Contemporary,Pitti Uomo 110,http://www.lodenfrey.eu,info@lodenfrey.de,2585748,,https://www.instagram.com/lodenfrey_1842,SALA DELLE NAZIONI / B/42,https://uomo.pittimmagine.com/en/pittimmagine/fairs/uomo/exhibitors/L/lodenfrey,,https://de-de.facebook.com/Lodenfrey.DasOriginal
LONDINESE,ITALY,,,Pitti Uomo 110,http://www.londinese.it,info@londinese.it,+39 0587.274506,,https://www.instagram.com/londinese_official,FURERIA / 7,https://uomo.pittimmagine.com/en/pittimmagine/fairs/uomo/exhibitors/L/londinese,,https://facebook.com/londineseita
LORDS OF HARLECH,U.S.A.,,Lifestyle; Sustainable; Special Co-Lab/Limited Edition; Essentials; Globetrotter; High Performance; Sportswear; Luxury; Craftsmanship; Contemporary,Pitti Uomo 110,http://www.lordsofharlech.com,,,,https://www.instagram.com/lordsofharlech,SALA DELLE NAZIONI / B/52-54,https://uomo.pittimmagine.com/en/pittimmagine/fairs/uomo/exhibitors/L/lords-of-harlech,,
LORENZO MANCINI,ITALY,,,Pitti Uomo 110,http://www.lorenzomancini.eu,,,,https://www.instagram.com/lorenzomanciniofficial,SALA DELLE NAZIONI / B/50,https://uomo.pittimmagine.com/en/pittimmagine/fairs/uomo/exhibitors/L/lorenzo-mancini,,
LORENZONI,ITALY,,Lifestyle; Sustainable; Luxury; Craftsmanship; Contemporary; Collection,Pitti Uomo 110,http://www.lorenzoni-store.com,,,,https://www.instagram.com/lorenzoni_official,PADIGLIONE CENTRALE / PIANO TERRA / B/10-12 C/7-9,https://uomo.pittimmagine.com/en/pittimmagine/fairs/uomo/exhibitors/L/lorenzoni,,
LOTTO LEGGENDA,ITALY,,Lifestyle; Essentials; Urban; Youth Culture; Contemporary; Collection,Pitti Uomo 110,http://www.lotto.it,,,,https://www.instagram.com/lottosport,PADIGLIONE CAVANIGLIA / 10,https://uomo.pittimmagine.com/en/pittimmagine/fairs/uomo/exhibitors/L/lotto-leggenda,,
LUCA FALONI,ITALY,,Essentials; Classic; Denimwear; Luxury; Craftsmanship; Collection,Pitti Uomo 110,https://lucafaloni.com,care@lucafaloni.com,+39 035 092 0012 | https://wa.me,https://www.linkedin.com/company/luca-faloni/jobs/,https://www.instagram.com/lucafaloni,PADIGLIONE CENTRALE / PIANO INFERIORE / O/13,https://uomo.pittimmagine.com/en/pittimmagine/fairs/uomo/exhibitors/L/luca-faloni,,https://www.facebook.com/lucafaloni
LUCIANO BARBERA,ITALY,,,Pitti Uomo 110,https://www.lucianobarbera.com,,,,https://www.instagram.com/lucianobarberaofficial,PADIGLIONE CENTRALE / PIANO INFERIORE / R/14,https://uomo.pittimmagine.com/en/pittimmagine/fairs/uomo/exhibitors/L/luciano-barbera,,
LUIGI BIANCHI,ITALY,,,Pitti Uomo 110,http://www.luigi-bianchi.com,,+39.03763091,,https://www.instagram.com/luigibianchi_official,PADIGLIONE CENTRALE / PIANO INFERIORE / U/1-3 V/2-4,https://uomo.pittimmagine.com/en/pittimmagine/fairs/uomo/exhibitors/L/luigi-bianchi,,http://facebook.com/luigibianchiofficial
LUIGI GENTILE,ITALY,,Essentials; New Formal; Craftsmanship,Pitti Uomo 110,https://luigigentile.eu,,,,https://www.instagram.com/luigigentile_official,PADIGLIONE CENTRALE / SALONE M P.INFERIORE / 31,https://uomo.pittimmagine.com/en/pittimmagine/fairs/uomo/exhibitors/L/luigi-gentile,,
LYLE & SCOTT,UNITED KINGDOM,,,Pitti Uomo 110,http://www.lyleandscott.com,customersupport@lyleandscott.com,+03300570817,,https://www.instagram.com/lyle_and_scott,AREA MONUMENTALE / SALA DELL'ARCO / 1,https://uomo.pittimmagine.com/en/pittimmagine/fairs/uomo/exhibitors/L/lyle---scott,,https://www.facebook.com/lyleandscott/
M.C.U. MARCO CASSESE UNION,ITALY,,Lifestyle; Special Co-Lab/Limited Edition; Sportswear; Premium Streetwear; Urban; Youth Culture; Luxury; Contemporary; Collection,Pitti Uomo 110,http://www.mcu-mcu.com,,,,https://www.instagram.com/m.c.u.wear,,https://uomo.pittimmagine.com/en/pittimmagine/fairs/uomo/exhibitors/M/m-c-u--marco-cassese-union,,https://www.facebook.com/sharer/sharer.php
M5,GERMANY,,Lifestyle; Sustainable; New Formal; Denimwear; Outdoor; Informal; Urban; Youth Culture; Contemporary,Pitti Uomo 110,http://www.meyer-hosen.com,,,,https://www.instagram.com/meyerhosen,PADIGLIONE CENTRALE / S. ALFA P.INFERIORE / 12-15,https://uomo.pittimmagine.com/en/pittimmagine/fairs/uomo/exhibitors/M/m5,,
MA' RY' YA,ITALY,,Lifestyle; Sustainable; Essentials; Cutting-Edge; Japan Style; New Formal; Denimwear; Youth Culture; Luxury; Contemporary,Pitti Uomo 110,http://www.maryya.it,maryyamaglia@gmail.com,+07061830969,,https://www.instagram.com/maryyaofficial,PADIGLIONE CENTRALE / PIANO ATTICO / I/18,https://uomo.pittimmagine.com/en/pittimmagine/fairs/uomo/exhibitors/M/ma--ry--ya,,
MACKINTOSH,UNITED KINGDOM,,,Pitti Uomo 110,http://www.mackintosh.com,,,,https://www.instagram.com/mackintoshofficial_uk,PADIGLIONE CENTRALE / PIANO INFERIORE / P/20,https://uomo.pittimmagine.com/en/pittimmagine/fairs/uomo/exhibitors/M/mackintosh,,
MAERZ MUENCHEN,GERMANY,,Classic; New Formal; Luxury; Craftsmanship,Pitti Uomo 110,https://www.maerz.de,service@maerz-onlineshop.de,+49 (0) 89 143 6715 227,https://de.linkedin.com/company/maerz-muenchen-kg,https://www.instagram.com/maerzmuenchen,PADIGLIONE CENTRALE / S. ALFA P.INFERIORE / 8,https://uomo.pittimmagine.com/en/pittimmagine/fairs/uomo/exhibitors/M/maerz-muenchen,,https://www.facebook.com/maerz.muenchen
MAESTRAMI,ITALY,,,Pitti Uomo 110,http://www.maestrami.com,,+39 051 8654711,,https://www.instagram.com/maestrami_uomo,PADIGLIONE CENTRALE / PIANO TERRA / E/22,https://uomo.pittimmagine.com/en/pittimmagine/fairs/uomo/exhibitors/M/maestrami,,https://www.facebook.com/MaestramiAbbigliamento/
MAGAZZINO RICAMBI,ITALY,,,Pitti Uomo 110,,,,,https://www.instagram.com/magazzino_ricambi,PADIGLIONE CENTRALE / PIANO ATTICO / D/5,https://uomo.pittimmagine.com/en/pittimmagine/fairs/uomo/exhibitors/M/magazzino-ricambi,,
MAISON BOINET,FRANCE,,,Pitti Uomo 110,,,,,,PADIGLIONE CENTRALE / PIANO TERRA / C/11,,,
MAISON HIDEOUT,FRANCE,,Lifestyle; Special Co-Lab/Limited Edition; Essentials; Denimwear; Activewear; Sportswear; Premium Streetwear; Urban; Youth Culture; Contemporary,Pitti Uomo 110,http://www.maisonhideout.com,,,,https://www.instagram.com/maisonhideout,ARMERIA / 18,https://uomo.pittimmagine.com/en/pittimmagine/fairs/uomo/exhibitors/M/maison-hideout,,
MAISON MONTAGUT,FRANCE,,,Pitti Uomo 110,https://montagut.com/fr,dpo@montagut.com,+334 75 41 79 51,https://www.linkedin.com/company/maisonmontagut/posts/,https://www.instagram.com/maisonmontagut,PADIGLIONE CENTRALE / PIANO TERRA / J/7,https://uomo.pittimmagine.com/en/pittimmagine/fairs/uomo/exhibitors/M/maison-montagut,,https://www.facebook.com/maisonmontagut/
MALLET,UNITED KINGDOM,,Lifestyle; Essentials; British Style; New Formal; High Performance; Premium Streetwear; Urban; Youth Culture; Luxury; Contemporary,Pitti Uomo 110,https://mallet.com,,,,,PADIGLIONE CENTRALE / PIANO ATTICO / A/7,https://uomo.pittimmagine.com/en/pittimmagine/fairs/uomo/exhibitors/M/mallet,,
MANCINO,ITALY,,Lifestyle; Essentials; Urban; Craftsmanship,Pitti Uomo 110,http://www.mancinoaccessori.com,,0617691,,https://www.instagram.com/mancinoaccessori,PADIGLIONE CAVANIGLIA / 63,https://uomo.pittimmagine.com/en/pittimmagine/fairs/uomo/exhibitors/M/mancino,,
MANI DEL SUD,ITALY,,,Pitti Uomo 110,http://www.manidelsud.it,info@manidelsud.it,+39 055 9863365,,https://www.instagram.com/manidelsud_official,PADIGLIONE CENTRALE / PIANO INFERIORE / P/26,https://uomo.pittimmagine.com/en/pittimmagine/fairs/uomo/exhibitors/M/mani-del-sud,,https://it-it.facebook.com/manidelsudofficial
MANIFATTURA CECCARELLI,ITALY,,,Pitti Uomo 110,http://www.manifatturaceccarelli.com,,,,https://www.instagram.com/manifatturaceccarelli,SALA DELLE NAZIONI / A/20-24 B/21-25,https://uomo.pittimmagine.com/en/pittimmagine/fairs/uomo/exhibitors/M/manifattura-ceccarelli,,
MANIKOMIO DSGN,ITALY,,,Pitti Uomo 110,http://manikomiodsgn.com,,,,https://www.instagram.com/manikomio_dsgn,SALA DELLE NAZIONI / A/34,https://uomo.pittimmagine.com/en/pittimmagine/fairs/uomo/exhibitors/M/manikomio-dsgn,,
MANOVIE TOSCANE,ITALY,,Lifestyle; Sustainable; Essentials; Japan Style; Classic; New Formal; Urban; Luxury; Craftsmanship; Contemporary,Pitti Uomo 110,http://www.manovietoscane.it,,,,https://www.instagram.com/manovietoscane,PADIGLIONE CENTRALE / PIANO INFERIORE / O/25,https://uomo.pittimmagine.com/en/pittimmagine/fairs/uomo/exhibitors/M/manovie-toscane,,
MANTO,ITALY,,Essentials; Craftsmanship; Contemporary,Pitti Uomo 110,http://www.mantoitalia.com,,,,https://www.instagram.com/manto_italia,PADIGLIONE CENTRALE / PIANO INFERIORE / V/3 Z/2,https://uomo.pittimmagine.com/en/pittimmagine/fairs/uomo/exhibitors/M/manto,,
MANUEL RITZ,ITALY,,Lifestyle; Essentials; British Style; New Formal; Contemporary,Pitti Uomo 110,http://www.manuelritz.com,,,,https://www.instagram.com/manuelritzofficial,PADIGLIONE CENTRALE / PIANO INFERIORE / V/17-19 Z/16-18,https://uomo.pittimmagine.com/en/pittimmagine/fairs/uomo/exhibitors/M/manuel-ritz,,
MANZONI24,ITALY,,,Pitti Uomo 110,https://www.manzoni24.it,,,,https://www.instagram.com/manzoni24official,PADIGLIONE CENTRALE / PIANO INFERIORE / R/20,https://uomo.pittimmagine.com/en/pittimmagine/fairs/uomo/exhibitors/M/manzoni24,,
MAPPINA MILANO,ITALY,,Special Co-Lab/Limited Edition; Classic,Pitti Uomo 110,https://www.mappina-milano.com,,+13425380964,,,PADIGLIONE CENTRALE / SALONE M P.INFERIORE / 6,https://uomo.pittimmagine.com/en/pittimmagine/fairs/uomo/exhibitors/M/mappina-milano,,
MARC POINT VENEZIA,ITALY,,,Pitti Uomo 110,http://www.marcpointvenezia.it,trademanager@vulpinarisrl.it,+39 0541 732732,,https://www.instagram.com/marcpointvenezia_official,PADIGLIONE CENTRALE / PIANO ATTICO / E/16,https://uomo.pittimmagine.com/en/pittimmagine/fairs/uomo/exhibitors/M/marc-point-venezia,,https://www.facebook.com/MarcPointVenezia/
MARCO PESCAROLO NAPOLI,ITALY,,Lifestyle; High Performance; Activewear; Sportswear; Luxury; Contemporary,Pitti Uomo 110,http://www.marcopescarolo.it,,+39 0236736051,,https://www.instagram.com/marcopescarolo_official,PADIGLIONE CENTRALE / PIANO INFERIORE / P/7-9,https://uomo.pittimmagine.com/en/pittimmagine/fairs/uomo/exhibitors/P/marco-pescarolo-napoli,,https://www.facebook.com/marcopescaroloo
MARIA SANTANGELO,ITALY,,,Pitti Uomo 110,,,,,https://www.instagram.com/mariasantangelo,PADIGLIONE CENTRALE / PIANO TERRA / C/12,https://uomo.pittimmagine.com/en/pittimmagine/fairs/uomo/exhibitors/M/maria-santangelo,,
MARIO PORTOLANO,ITALY,,Lifestyle; Sustainable; Classic; Luxury; Craftsmanship; Collection,Pitti Uomo 110,http://www.marioportolano.it,,,,https://www.instagram.com/marioportolano,PADIGLIONE CENTRALE / PIANO INFERIORE / S/9,https://uomo.pittimmagine.com/en/pittimmagine/fairs/uomo/exhibitors/P/mario-portolano,,
MARKUP,ITALY,,Lifestyle; Sustainable; Denimwear; Activewear; Sportswear; Craftsmanship; Contemporary,Pitti Uomo 110,http://www.markupitalia.com,,,,https://www.instagram.com/markupitalia,PADIGLIONE CENTRALE / PIANO TERRA / K/17-19 L/18-20,https://uomo.pittimmagine.com/en/pittimmagine/fairs/uomo/exhibitors/M/markup,,https://www.facebook.com/markupitalia/
MASQ,ITALY,,Lifestyle; Urban; Luxury; Craftsmanship; Contemporary,Pitti Uomo 110,,,,,,PADIGLIONE CENTRALE / PIANO INFERIORE / N/7 O/9,,,
MAUNA-KEA,ITALY,,,Pitti Uomo 110,,,,,,PADIGLIONE CAVANIGLIA / 20,,,
MAURIZIO MASSIMINO,ITALY,,Special Co-Lab/Limited Edition; Cutting-Edge; Denimwear; Informal; Luxury; Craftsmanship; Contemporary; Collection,Pitti Uomo 110,http://mauriziomassimino.it,info@mauriziomassimino.it,+03210630046,,https://www.instagram.com/maurizio_massimino,PADIGLIONE CENTRALE / PIANO ATTICO / G/16,https://uomo.pittimmagine.com/en/pittimmagine/fairs/uomo/exhibitors/M/maurizio-massimino,,https://www.facebook.com/mauriziomassimino.it
MAURO BLASI,ITALY,,,Pitti Uomo 110,http://www.mauroblasi.it,info@mauroblasi.it,+39 081 976 6441,,https://www.instagram.com/mauroblasinapoli,,https://uomo.pittimmagine.com/en/pittimmagine/fairs/uomo/exhibitors/M/mauro-blasi,,
MAX ROHR,ITALY,,,Pitti Uomo 110,,,,,,PADIGLIONE CENTRALE / PIANO ATTICO / I/11,https://uomo.pittimmagine.com/en/pittimmagine/fairs/uomo/exhibitors/M/max-rohr,,
MAX'N CHESTER,U.S.A.,,,Pitti Uomo 110,http://www.maxnchester.com,,,,https://www.instagram.com/maxnchesterknits,PADIGLIONE CENTRALE / PIANO ATTICO / F/8,https://uomo.pittimmagine.com/en/pittimmagine/fairs/uomo/exhibitors/M/max-n-chester,,
MAYSER,GERMANY,,,Pitti Uomo 110,https://mayserhats.com,,,,https://www.instagram.com/mayserhats,PADIGLIONE CENTRALE / PIANO ATTICO / J/12,https://uomo.pittimmagine.com/en/pittimmagine/fairs/uomo/exhibitors/M/mayser,,
MAZZARELLI,ITALY,,,Pitti Uomo 110,http://www.camiceriamazzarelli.com,info@camiceriamazzarelli.it,+39 080 4968 624,https://www.linkedin.com/company/camiceria-mazzarelli,https://www.instagram.com/camiceriamazzarelli,PADIGLIONE CENTRALE / PIANO INFERIORE / S/13,https://uomo.pittimmagine.com/en/pittimmagine/fairs/uomo/exhibitors/M/mazzarelli,,https://www.facebook.com/camiceriamazzarelli
MAZZOLENI GLOVES,ITALY,,,Pitti Uomo 110,http://www.mazzolenigloves.com,,,,https://www.instagram.com/mazzolenigloves,PADIGLIONE CENTRALE / SALONE M P.INFERIORE / 48,https://uomo.pittimmagine.com/en/pittimmagine/fairs/uomo/exhibitors/M/mazzoleni-gloves,,
MC2 SAINT BARTH,ITALY,,Lifestyle; Special Co-Lab/Limited Edition; Essentials; Outdoor; Activewear; Sportswear; Urban; Luxury; Contemporary; Collection,Pitti Uomo 110,http://www.mc2saintbarth.com,,,,https://www.instagram.com/mc2saintbarth,PIAZZALE GHIAIA / 1,https://uomo.pittimmagine.com/en/pittimmagine/fairs/uomo/exhibitors/M/mc2-saint-barth,,
MCALSON,BELGIUM,,Lifestyle; Essentials; British Style; Classic; Sportswear; Urban; Youth Culture; Luxury; Contemporary,Pitti Uomo 110,http://www.mcalson.com,,,,https://www.instagram.com/mcalson,PADIGLIONE CENTRALE / S. ALFA P.INFERIORE / 10,https://uomo.pittimmagine.com/en/pittimmagine/fairs/uomo/exhibitors/M/mcalson,,
MCGREGOR NEW YORK 1921,NETHERLANDS,,Essentials; Classic; Activewear; Sportswear; Informal; Craftsmanship,Pitti Uomo 110,http://mcgregornewyork.com,,,,,PADIGLIONE CENTRALE / S. ALFA P.INFERIORE / 16-17,https://uomo.pittimmagine.com/en/pittimmagine/fairs/uomo/exhibitors/M/mcgregor-new-york-1921,,
MEPHISTO,FRANCE,,Lifestyle; Globetrotter; Premium Streetwear; Urban; Craftsmanship; Contemporary,Pitti Uomo 110,https://www.mephisto.com,,,,https://www.instagram.com/mephisto_1965,PADIGLIONE CENTRALE / PIANO TERRA / I/9,https://uomo.pittimmagine.com/en/pittimmagine/fairs/uomo/exhibitors/M/mephisto,,
MEXICANA,FRANCE,,,Pitti Uomo 110,,,,,,SALA DELLE NAZIONI / A/4,,,
MEYER,GERMANY,,Sustainable; Essentials; Classic; New Formal; Denimwear; Outdoor; High Performance; Activewear; Informal; Contemporary,Pitti Uomo 110,http://www.meyer-hosen.com,,,,https://www.instagram.com/meyerhosen,PADIGLIONE CENTRALE / S. ALFA P.INFERIORE / 12-15,https://uomo.pittimmagine.com/en/pittimmagine/fairs/uomo/exhibitors/M/meyer,,
MICHAEL COAL,ITALY,,,Pitti Uomo 110,http://www.michaelcoal.com,shopmichaelcoal@germin.it,+39 081 824.22.94,,https://www.instagram.com/michaelcoal,PADIGLIONE CENTRALE / PIANO INFERIORE / S/14,https://uomo.pittimmagine.com/en/pittimmagine/fairs/uomo/exhibitors/M/michael-coal,,https://www.facebook.com/michaelcoalbrand
MICHELE MARIN ESSENZA,ITALY,,,Pitti Uomo 110,http://www.michelemarinessenza.it,info@michelemarinessenza.it,+06226760483,,https://www.instagram.com/michelemarinessenza,PADIGLIONE CENTRALE / PIANO ATTICO / G/4,https://uomo.pittimmagine.com/en/pittimmagine/fairs/uomo/exhibitors/M/michele-marin-essenza,,https://www.facebook.com/help
MIEZ,ITALY,,Special Co-Lab/Limited Edition; Classic; Luxury; Craftsmanship; Contemporary,Pitti Uomo 110,http://www.miez.it,,,,https://www.instagram.com/miez_lefriulane,PADIGLIONE CENTRALE / PIANO ATTICO / C/3,https://uomo.pittimmagine.com/en/pittimmagine/fairs/uomo/exhibitors/M/miez,,
MILESTONE,GERMANY,,Lifestyle; Outdoor; Activewear; Sportswear; Urban; Contemporary,Pitti Uomo 110,http://www.milestone.style,info@milestone-jackets.com,,,https://www.instagram.com/milestone.jackets,PADIGLIONE CENTRALE / PIANO TERRA / H/24,https://uomo.pittimmagine.com/en/pittimmagine/fairs/uomo/exhibitors/M/milestone,,https://www.facebook.com/jacketlovers/
MIMIR,ITALY,,,Pitti Uomo 110,,,,,,ARSENALE / PIANO TERRA / 8-10,,,
MINORONZONI 1953,ITALY,,,Pitti Uomo 110,http://www.minoronzoni1953.it,1953@minoronzoni.it,+39 035467111,,https://www.instagram.com/p/DS2SvzYjHkK/,PADIGLIONE CENTRALE / PIANO TERRA / K/5 L/6,https://uomo.pittimmagine.com/en/pittimmagine/fairs/uomo/exhibitors/M/minoronzoni-1953,,
MIRKO BUFFINI FIRENZE,ITALY,,Luxury; Craftsmanship; Collection,Pitti Uomo 110,http://www.mirkobuffinifirenze.com,,,,https://www.instagram.com/mirkobuffinifirenze,PADIGLIONE CENTRALE / PIANO ATTICO / G/1,https://uomo.pittimmagine.com/en/pittimmagine/fairs/uomo/exhibitors/M/mirko-buffini-firenze,,
MISMO,DENMARK,,Lifestyle; Essentials; Nordic Style; Classic; New Formal; Globetrotter; Informal; Urban; Craftsmanship; Contemporary,Pitti Uomo 110,http://www.mismo.dk,,,,https://www.instagram.com/official_mismo,PADIGLIONE CENTRALE / PIANO ATTICO / F/12,https://uomo.pittimmagine.com/en/pittimmagine/fairs/uomo/exhibitors/M/mismo,,
MMX GERMANY 2010,GERMANY,,Lifestyle; Sustainable; Essentials; Classic; New Formal; Denimwear; High Performance; Informal; Luxury; Contemporary,Pitti Uomo 110,http://www.mmxgermany.com,,,,https://www.instagram.com/mmxgermany,PADIGLIONE CENTRALE / S. ALFA P.INFERIORE / 12-15,https://uomo.pittimmagine.com/en/pittimmagine/fairs/uomo/exhibitors/M/mmx-germany-2010,,
MON ART FIRENZE,ITALY,,Classic; Luxury; Contemporary,Pitti Uomo 110,http://www.monartfirenze.com,info@monartfirenze.com,+39 055 831 4424,,https://www.instagram.com/monart_firenze,PADIGLIONE CENTRALE / PIANO TERRA / D/11,https://uomo.pittimmagine.com/en/pittimmagine/fairs/uomo/exhibitors/M/mon-art-firenze,,https://www.facebook.com/monart.italy/
MONOFOO,NORWAY,,Outdoor; Urban; Craftsmanship,Pitti Uomo 110,http://www.monofoo.com,,,,https://www.instagram.com/monofoo,SALA DELLA RONDA / 13-14,https://uomo.pittimmagine.com/en/pittimmagine/fairs/uomo/exhibitors/M/monofoo,,
MONTECHIARO,ITALY,,Lifestyle; Classic; Craftsmanship; Contemporary,Pitti Uomo 110,http://www.montechiaro.cloud,,+01788840989,,,PADIGLIONE CENTRALE / PIANO TERRA / A/20 B/19,https://uomo.pittimmagine.com/en/pittimmagine/fairs/uomo/exhibitors/M/montechiaro,,https://www.facebook.com/MAGLIFICIOLILIANA
MORE,ITALY,,Essentials; Outdoor; High Performance; Activewear; Sportswear; Contemporary; Collection,Pitti Uomo 110,https://www.italianmore.com,info@italianmore.com,+39 06 6922 1765,,https://www.instagram.com/italianmoreofficial,ARMERIA / 9,https://uomo.pittimmagine.com/en/pittimmagine/fairs/uomo/exhibitors/M/more,,https://www.facebook.com/italianmoreofficial
MORGANO,ITALY,,Lifestyle; Sustainable; Classic,Pitti Uomo 110,http://www.morgano.com,,,,https://www.instagram.com/morgano_official,PADIGLIONE CENTRALE / PIANO INFERIORE / V/8,https://uomo.pittimmagine.com/en/pittimmagine/fairs/uomo/exhibitors/M/morgano,,
MORREZ,TURKEY,,Lifestyle; Essentials; Japan Style; Premium Streetwear; Urban; Youth Culture; Luxury; Craftsmanship; Contemporary; Collection,Pitti Uomo 110,https://morrez.com,,+90 ( 533) 095 65 59,,https://www.instagram.com/morrez1959,ARMERIA / 15-17,https://uomo.pittimmagine.com/en/pittimmagine/fairs/uomo/exhibitors/M/morrez,,
MOS MOSH GALLERY,DENMARK,,,Pitti Uomo 110,,,,,https://www.instagram.com/mosmosh_gallery,ARSENALE / PIANO TERRA / 12-14,https://uomo.pittimmagine.com/en/pittimmagine/fairs/uomo/exhibitors/M/mos-mosh-gallery,,
MOSSO SUNWEAR,ITALY,,Lifestyle; Sustainable; High Performance; Luxury,Pitti Uomo 110,http://www.mossosunwear.com,,,,https://www.instagram.com/mosso.sunwear,PADIGLIONE CENTRALE / PIANO ATTICO / C/7,https://uomo.pittimmagine.com/en/pittimmagine/fairs/uomo/exhibitors/M/mosso-sunwear,,
MOTH AND RABBIT,GERMANY,,Lifestyle; Informal; Urban; Youth Culture; Contemporary; Collection,Pitti Uomo 110,https://www.moth-rabbit.com,,,,https://www.instagram.com/mothandrabbit_official,PADIGLIONE CENTRALE / PIANO ATTICO / G/4,https://uomo.pittimmagine.com/en/pittimmagine/fairs/uomo/exhibitors/M/moth-and-rabbit,,
MOU,UNITED KINGDOM,,,Pitti Uomo 110,http://www.mou-online.com,,+39 0422 1440013,,https://www.instagram.com/moufootwear,PADIGLIONE CAVANIGLIA / 49,https://uomo.pittimmagine.com/en/pittimmagine/fairs/uomo/exhibitors/M/mou,,https://www.facebook.com/moufootwear
MRMOOD,PORTUGAL,,,Pitti Uomo 110,https://mrmood.pt,,,,https://www.instagram.com/mrmood_official,PADIGLIONE CENTRALE / S. ALFA P.INFERIORE / 6,https://uomo.pittimmagine.com/en/pittimmagine/fairs/uomo/exhibitors/M/mrmood-,,
MULISH,ITALY,,,Pitti Uomo 110,http://www.mulish.it,info@mulish.it,,,https://www.instagram.com/mulish_italia/,RONDINO / 7,https://uomo.pittimmagine.com/en/pittimmagine/fairs/uomo/exhibitors/M/mulish,,https://www.facebook.com/mulishitalia
MUNGAI - FATTO A MANO,ITALY,,Special Co-Lab/Limited Edition; Nordic Style; Japan Style; British Style; Classic; New Formal; Luxury; Craftsmanship,Pitti Uomo 110,https://www.mungai.it,info@mungai.it,+39 339 3137284,,https://www.instagram.com/mungaifattoamano,PADIGLIONE CENTRALE / PIANO INFERIORE / O/21,https://uomo.pittimmagine.com/en/pittimmagine/fairs/uomo/exhibitors/M/mungai---fatto-a-mano,,https://www.facebook.com/pages/WebWeavers/1572465226376233
MUNICH X,SPAIN,,Lifestyle; New Formal; Sportswear; Premium Streetwear; Urban; Youth Culture; Craftsmanship,Pitti Uomo 110,http://www.munichsports.com,ventas@munichshop.net,+34 935 953 265 | https://wa.me,,https://www.instagram.com/munichsports,PADIGLIONE CAVANIGLIA / 3,https://uomo.pittimmagine.com/en/pittimmagine/fairs/uomo/exhibitors/M/munich-x,,https://www.facebook.com/MUNICHSports
MUNRO TAILORING,NETHERLANDS,,Sustainable; Essentials; Classic; New Formal; Informal; Luxury; Craftsmanship; Contemporary,Pitti Uomo 110,http://www.munro-tailoring.com,info@munro-tailoring.com,+31 (0)20 4 085 008,,https://www.instagram.com/ateliermunro,PADIGLIONE CENTRALE / SALONE M P.INFERIORE / 19,https://uomo.pittimmagine.com/en/pittimmagine/fairs/uomo/exhibitors/M/munro-tailoring,,
MURPHY&NYE,ITALY,,,Pitti Uomo 110,http://murphynye.com,,,,https://www.instagram.com/murphynye1933,AREA MONUMENTALE / GROTTE / 1,https://uomo.pittimmagine.com/en/pittimmagine/fairs/uomo/exhibitors/M/murphy-nye,,
MUSEUM GARMENTS,FRANCE,,Sustainable; Essentials; Classic; New Formal; Workwear; Urban; Craftsmanship; Contemporary,Pitti Uomo 110,http://www.museumgarments.com,,,,https://www.instagram.com/museumgarments,PADIGLIONE CENTRALE / PIANO ATTICO / E/18,https://uomo.pittimmagine.com/en/pittimmagine/fairs/uomo/exhibitors/M/museum-garments,,
MUSTANG,GERMANY,,,Pitti Uomo 110,https://company.mustang-jeans.com/en/company,people.culture@mustang.de,+49 (0) 791 93740-0,,https://www.instagram.com/mustangjeans_official,ARMERIA / 1,https://uomo.pittimmagine.com/en/pittimmagine/fairs/uomo/exhibitors/M/mustang,,
MUTIS NUEVA GRANADA,COLOMBIA,,,Pitti Uomo 110,,,,,,PADIGLIONE CENTRALE / PIANO ATTICO / G/4,,,
MWM MOD WAVE MOVEMENT,SPAIN,,,Pitti Uomo 110,http://www.modwavemovement.com,contact@modwavemovement.com,+34) 665 29 08 00,,https://www.instagram.com/mwm.brand/,PADIGLIONE CAVANIGLIA / 58,https://uomo.pittimmagine.com/en/pittimmagine/fairs/uomo/exhibitors/M/mwm-mod-wave-movement,,https://www.facebook.com/modwavemovement/
MYSTIKUM,GERMANY,,,Pitti Uomo 110,https://mystikumfragrances.com,,,,https://www.instagram.com/mystikum_fragrances,PADIGLIONE CENTRALE / PIANO ATTICO / G/4,https://uomo.pittimmagine.com/en/pittimmagine/fairs/uomo/exhibitors/M/mystikum,,
NAKED WOLFE,HONG KONG,,,Pitti Uomo 110,http://nakedwolfe.com,,,,https://www.instagram.com/nakedwolfe,PADIGLIONE CAVANIGLIA / 8,https://uomo.pittimmagine.com/en/pittimmagine/fairs/uomo/exhibitors/N/naked-wolfe,,
NANAMICA,JAPAN,,Lifestyle; Japan Style; Denimwear; Outdoor; High Performance; Activewear; Sportswear; Urban; Contemporary,Pitti Uomo 110,http://www.nanamica.com,info@nanamica.com,20260303,,https://www.instagram.com/nanamica,SALA DELLE NAZIONI / B/6-8,https://uomo.pittimmagine.com/en/pittimmagine/fairs/uomo/exhibitors/N/nanamica,,https://www.facebook.com/nanamica
NASO DI RAZA PARFUM,ITALY,,,Pitti Uomo 110,http://www.nasodiraza.com,,,,https://www.instagram.com/nasodiraza_parfum,PADIGLIONE CENTRALE / PIANO INFERIORE / S/19,https://uomo.pittimmagine.com/en/pittimmagine/fairs/uomo/exhibitors/N/naso-di-raza-parfum,,http://www.facebook.com/sharer.php
NAT'S,CHINA,,Lifestyle; Agender; Outdoor; Globetrotter; High Performance; Sportswear; Urban; Craftsmanship; Contemporary; Collection,Pitti Uomo 110,http://www.natsfootwear.com,,,,https://www.instagram.com/natsfootwear,SALA DELLA RONDA / 17,https://uomo.pittimmagine.com/en/pittimmagine/fairs/uomo/exhibitors/N/nat-s,,
NATAL DESIGN - OUTOPIA BY VANISH,JAPAN,,,Pitti Uomo 110,,,,,,SALA DELLA RONDA / 24-25,,,
NATURAL WORLD,SPAIN,,Sustainable,Pitti Uomo 110,http://www.naturalworldeco.com,info@naturalworldeco-shop.com,+34) 941 380 537,,https://www.instagram.com/naturalworldeco,PADIGLIONE CAVANIGLIA / 116,https://uomo.pittimmagine.com/en/pittimmagine/fairs/uomo/exhibitors/N/natural-world,,https://es-es.facebook.com/pages/Natural-World-Eco/195933470449045
NAVIGARE,ITALY,,Lifestyle; Classic; Outdoor; Activewear; Informal; Urban; Contemporary,Pitti Uomo 110,http://www.navigare.com,,,,https://www.instagram.com/navigare_official,PADIGLIONE CENTRALE / PIANO TERRA / H/16,https://uomo.pittimmagine.com/en/pittimmagine/fairs/uomo/exhibitors/N/navigare,,
NEANDERTAL,UNITED KINGDOM,,,Pitti Uomo 110,,,,,,PADIGLIONE CENTRALE / PIANO ATTICO / G/4,,,
NEUDE,U.S.A.,,Lifestyle; Essentials; High Performance; Luxury; Craftsmanship; Contemporary,Pitti Uomo 110,http://www.neude.com,,,,,ARSENALE / PIANO TERRA / 37,https://uomo.pittimmagine.com/en/pittimmagine/fairs/uomo/exhibitors/N/neude,,
NEVER ENOUGH,ITALY,,Lifestyle; Sustainable; Luxury; Craftsmanship; Contemporary,Pitti Uomo 110,,,,,,,,,
NICK BRONSON,ITALY,,Lifestyle; Classic; Informal; Craftsmanship,Pitti Uomo 110,http://www.nickbronson.com,info@nickbronson.com,+39) 02 2894827,,https://www.instagram.com/nickbronson.italia,PADIGLIONE CENTRALE / PIANO TERRA / D/7,https://uomo.pittimmagine.com/en/pittimmagine/fairs/uomo/exhibitors/N/nick-bronson,,
NNT LAB,COLOMBIA,,Lifestyle; Craftsmanship,Pitti Uomo 110,http://www.nntlab.fr,,,,https://www.instagram.com/nntlab,PADIGLIONE CENTRALE / PIANO ATTICO / E/1,https://uomo.pittimmagine.com/en/pittimmagine/fairs/uomo/exhibitors/N/nnt-lab,,
NO MAP SOCIETY,ITALY,,Lifestyle; Sustainable; Agender; Craftsmanship; Contemporary,Pitti Uomo 110,http://www.nomapsociety.com,info@nomapsociety.com,+04914370756,,https://www.instagram.com/nomapsociety_official,PADIGLIONE CENTRALE / PIANO ATTICO / G/9,https://uomo.pittimmagine.com/en/pittimmagine/fairs/uomo/exhibitors/N/no-map-society,,
NO NAME,FRANCE,,Lifestyle; Classic; Outdoor; Sportswear; Urban; Contemporary; Collection; Upcycling,Pitti Uomo 110,http://www.no-name.fr,,,,https://www.instagram.com/nonameshoes,FURERIA / 6,https://uomo.pittimmagine.com/en/pittimmagine/fairs/uomo/exhibitors/N/no-name,,
NOIR 'N' BLEU,ITALY,,Lifestyle; Nordic Style; Denimwear; Workwear; Outdoor; Urban; Contemporary; Collection,Pitti Uomo 110,https://www.noirandbleu.com,,+02994481212,,https://www.instagram.com/noirandbleu_official,ARSENALE / PIANO TERRA / 21,https://uomo.pittimmagine.com/en/pittimmagine/fairs/uomo/exhibitors/N/noir--n--bleu,,https://www.facebook.com/Noir-n-Bleu-2084419601788562/
NOKWOL,HONG KONG,,,Pitti Uomo 110,,,,,,PADIGLIONE CAVANIGLIA / 8,,,
NOM,ITALY,,Lifestyle; Special Co-Lab/Limited Edition; Essentials; Globetrotter; Luxury; Craftsmanship; Contemporary; Collection,Pitti Uomo 110,,,,,,PADIGLIONE CENTRALE / PIANO ATTICO / C/1,,,
NORDA,CANADA,,,Pitti Uomo 110,https://nordarun.com,,,,https://www.instagram.com/nordarun,SALA DELLA RONDA / 3,https://uomo.pittimmagine.com/en/pittimmagine/fairs/uomo/exhibitors/N/norda,,
OBAYATY,SWEDEN,,,Pitti Uomo 110,,,,,,,,,
OFF GRID - EVERYTHING IS CONNECTED,ITALY,,,Pitti Uomo 110,https://offgrid.bio,,,,https://www.instagram.com/__offgrid,SALA DELLE NAZIONI / A/43,https://uomo.pittimmagine.com/en/pittimmagine/fairs/uomo/exhibitors/O/off-grid---everything-is-connected,,
OFFICINA36,ITALY,,Lifestyle; Essentials; Cutting-Edge; Nordic Style; Denimwear; Workwear; Outdoor; Informal; Contemporary; Collection,Pitti Uomo 110,https://officina36.com,,+39 3205649623 | https://wa.me,,https://www.instagram.com/officina36,ARSENALE / PIANO TERRA / 9,https://uomo.pittimmagine.com/en/pittimmagine/fairs/uomo/exhibitors/O/officina36,,https://facebook.com/officina36
OLYMP,GERMANY,,,Pitti Uomo 110,http://www.olymp.com,,,,https://www.instagram.com/olympmen,PADIGLIONE CENTRALE / PIANO TERRA / A/6-8 B/5-7,https://uomo.pittimmagine.com/en/pittimmagine/fairs/uomo/exhibitors/O/olymp,,
OLYMP SIGNATURE,GERMANY,,Classic; New Formal,Pitti Uomo 110,http://www.olymp.com,,,,https://www.instagram.com/olympmen,PADIGLIONE CENTRALE / PIANO TERRA / A/6-8 B/5-7,https://uomo.pittimmagine.com/en/pittimmagine/fairs/uomo/exhibitors/O/olymp-signature,,
ONE NODE,NORWAY,,Nordic Style; Outdoor; Contemporary,Pitti Uomo 110,https://onenode.no/en,,,,https://www.instagram.com/onenode_no,SALA DELLA RONDA / 16,https://uomo.pittimmagine.com/en/pittimmagine/fairs/uomo/exhibitors/O/one-node,,
ONTHEBUND,ITALY,,Sustainable; Nordic Style; New Formal; Sportswear; Urban; Luxury,Pitti Uomo 110,https://www.onthebundbrand.com,,,,https://www.instagram.com/onthebundbrand,SALA DELLE NAZIONI / B/20,https://uomo.pittimmagine.com/en/pittimmagine/fairs/uomo/exhibitors/O/onthebund,,
ORIGINAL PENGUIN,UNITED KINGDOM,,,Pitti Uomo 110,https://www.originalpenguin.co.uk,,,,https://www.instagram.com/originalpenguineu,PADIGLIONE DELLE GHIAIA / 7,https://uomo.pittimmagine.com/en/pittimmagine/fairs/uomo/exhibitors/O/original-penguin,,
ORIGINAL VINTAGE STYLE,ITALY,,,Pitti Uomo 110,,,,,,PADIGLIONE CENTRALE / PIANO ATTICO / D/9,,,
ORLEBAR BROWN,UNITED KINGDOM,,,Pitti Uomo 110,http://www.orlebarbrown.com,,,,,PADIGLIONE CENTRALE / PIANO INFERIORE / Q/4 R/3,https://uomo.pittimmagine.com/en/pittimmagine/fairs/uomo/exhibitors/O/orlebar-brown,,
ORTIGNI 1930,ITALY,,,Pitti Uomo 110,http://www.ortigni.it,info@sutoris.it,+39 0573 803088,,https://www.instagram.com/ortignishoes,PADIGLIONE CENTRALE / SALONE M P.INFERIORE / 1,https://uomo.pittimmagine.com/en/pittimmagine/fairs/uomo/exhibitors/O/ortigni-1930,,https://www.facebook.com/ortigni1930/
OSCAR DEEN,UNITED KINGDOM,,,Pitti Uomo 110,https://www.oscardeen.com,,,,https://www.instagram.com/oscardeeneyewear,SALA DELLE NAZIONI / B/10,https://uomo.pittimmagine.com/en/pittimmagine/fairs/uomo/exhibitors/O/oscar-deen,,
OUDER,ITALY,,,Pitti Uomo 110,https://www.ouder.it,,,,https://www.instagram.com/ouder_parfums,,https://uomo.pittimmagine.com/en/pittimmagine/fairs/uomo/exhibitors/O/ouder,,
OUTFIT ITALY,ITALY,,Lifestyle; Nordic Style; Japan Style; Denimwear; Workwear; Outdoor; Premium Streetwear; Urban; Youth Culture; Contemporary,Pitti Uomo 110,http://www.outfititaly.com,,,,https://www.instagram.com/outfititaly1978,PADIGLIONE CENTRALE / PIANO TERRA / I/12,https://uomo.pittimmagine.com/en/pittimmagine/fairs/uomo/exhibitors/O/outfit-italy,,
OUTHERE,ITALY,,,Pitti Uomo 110,http://outhereofficial.com,,,,https://www.instagram.com/outhere_official,PADIGLIONE CENTRALE / PIANO TERRA / H/15,https://uomo.pittimmagine.com/en/pittimmagine/fairs/uomo/exhibitors/O/outhere,,
OUTRAILS,ITALY,,Lifestyle; Sustainable; Outdoor; Activewear; Sportswear; Urban,Pitti Uomo 110,https://outrails.life,,,,https://www.instagram.com/outrails_,SALA DELLA RONDA / 15,https://uomo.pittimmagine.com/en/pittimmagine/fairs/uomo/exhibitors/O/outrails,,
OVER/D,ITALY,,,Pitti Uomo 110,https://overd.it,,,,,COSTRUZIONI LORENESI / PIANO TERRA / 5,https://uomo.pittimmagine.com/en/pittimmagine/fairs/uomo/exhibitors/O/over-d,,
OWN OFF WITH NATURE,ITALY,,,Pitti Uomo 110,http://www.offwithnature.com,,,,https://www.instagram.com/own_offwithnature,PADIGLIONE CAVANIGLIA / 107,https://uomo.pittimmagine.com/en/pittimmagine/fairs/uomo/exhibitors/O/own-off-with-nature,,
PAIGE,U.S.A.,,Lifestyle; Essentials; Classic; Denimwear; High Performance; Informal; Contemporary; Collection,Pitti Uomo 110,,,,,,PADIGLIONE CENTRALE / PIANO ATTICO / I/7,,,
PAJAR,CANADA,,,Pitti Uomo 110,http://www.pajar.com,,,,https://www.instagram.com/pajarcanada,PADIGLIONE CAVANIGLIA / 26,https://uomo.pittimmagine.com/en/pittimmagine/fairs/uomo/exhibitors/P/pajar,,
PALLADIUM,FRANCE,,,Pitti Uomo 110,https://palladiumboots.eu,,,,https://www.instagram.com/palladium,PADIGLIONE CAVANIGLIA / 34,https://uomo.pittimmagine.com/en/pittimmagine/fairs/uomo/exhibitors/P/palladium,,
PAMPEANO,UNITED KINGDOM,,Lifestyle; Classic; Luxury; Craftsmanship,Pitti Uomo 110,https://www.pampeano.com,,,,https://www.instagram.com/pampeanolife,PADIGLIONE CENTRALE / SALONE M P.INFERIORE / 29,https://uomo.pittimmagine.com/en/pittimmagine/fairs/uomo/exhibitors/P/pampeano,,
PANCHIC,ITALY,,,Pitti Uomo 110,http://www.panchic.com,,,,https://www.instagram.com/panchic_official,PADIGLIONE CENTRALE / PIANO TERRA / I/5,https://uomo.pittimmagine.com/en/pittimmagine/fairs/uomo/exhibitors/P/panchic,,
PANDAPRANK - OUTOPIA BY VANISH,CHINA,,,Pitti Uomo 110,,,,,,SALA DELLA RONDA / 24-25,,,
PANTOFOLA D'ORO,ITALY,,,Pitti Uomo 110,,,,,,,,,
PAOLO ALBIZZATI,ITALY,,Sustainable; Essentials; Japan Style; British Style; Classic; New Formal; Luxury; Craftsmanship; Contemporary; Collection,Pitti Uomo 110,http://www.paoloalbizzati.com,,,,https://www.instagram.com/paoloalbizzati,PADIGLIONE CENTRALE / PIANO INFERIORE / R/7,https://uomo.pittimmagine.com/en/pittimmagine/fairs/uomo/exhibitors/P/paolo-albizzati,,
PAOLO SCAFORA NAPOLI,ITALY,,,Pitti Uomo 110,http://www.paoloscaforanapoli.it,,,,https://www.instagram.com/paoloscafora,PADIGLIONE CENTRALE / PIANO INFERIORE / O/20,https://uomo.pittimmagine.com/en/pittimmagine/fairs/uomo/exhibitors/P/paolo-scafora-napoli,,
PAOLONI,ITALY,,Essentials; Classic; Urban; Luxury; Contemporary,Pitti Uomo 110,http://www.paoloni.it,,,,https://www.instagram.com/paoloniofficial,PADIGLIONE CENTRALE / PIANO TERRA / A/2-4 B/1-3,https://uomo.pittimmagine.com/en/pittimmagine/fairs/uomo/exhibitors/P/paoloni,,
PARABOOT,FRANCE,,Lifestyle; Sustainable; Outdoor; Sportswear; Informal; Urban,Pitti Uomo 110,http://www.paraboot.com,,,,https://www.instagram.com/paraboot_official,PADIGLIONE CENTRALE / PIANO ATTICO / F/7,https://uomo.pittimmagine.com/en/pittimmagine/fairs/uomo/exhibitors/P/paraboot,,https://www.facebook.com/Paraboot/
PASHMERE,ITALY,,Lifestyle; Classic; Sportswear; Informal; Luxury; Craftsmanship,Pitti Uomo 110,http://www.pashmere.it,galassia@pashmere.it,+39 075 5996932,,https://www.instagram.com/pashmere_it,PADIGLIONE CENTRALE / PIANO TERRA / C/2-4,https://uomo.pittimmagine.com/en/pittimmagine/fairs/uomo/exhibitors/P/pashmere,,https://www.facebook.com/Pashmere-244009765650816
PASOTTI,ITALY,,,Pitti Uomo 110,http://www.pasottiombrelli.com,,+39 0376 438791,,https://www.instagram.com/pasottisince1956,PADIGLIONE CENTRALE / PIANO INFERIORE / S/18,https://uomo.pittimmagine.com/en/pittimmagine/fairs/uomo/exhibitors/P/pasotti,,https://www.facebook.com/PasottiSince1956
PASOTTI,ITALY,,,Pitti Uomo 110,http://www.pasottiombrelli.com,,+39 0376 438791,,https://www.instagram.com/pasottisince1956,PADIGLIONE CENTRALE / PIANO INFERIORE / S/18,https://uomo.pittimmagine.com/en/pittimmagine/fairs/uomo/exhibitors/P/pasotti,,https://www.facebook.com/PasottiSince1956
PATCHOULI BY CLAUDIO CUTULI,ITALY,,,Pitti Uomo 110,,,,,,,,,
PAUL & SHARK,ITALY,,Lifestyle; Sustainable; Outdoor; High Performance; Sportswear; Urban; Contemporary,Pitti Uomo 110,http://www.paulandshark.com,,+01910560125,https://www.linkedin.com/company/paulandshark,https://www.instagram.com/paulandshark,PADIGLIONE CENTRALE / PIANO INFERIORE / O/2-4 P/1-3,https://uomo.pittimmagine.com/en/pittimmagine/fairs/uomo/exhibitors/P/paul---shark,,https://www.facebook.com/paulandshark
PEOPLE OF SHIBUYA,ITALY,,Lifestyle; Denimwear; Outdoor; High Performance; Luxury; Contemporary,Pitti Uomo 110,http://www.peopleofshibuya.com,,+39 351 766 7085,,https://www.instagram.com/peopleofshibuya,PADIGLIONE CENTRALE / PIANO TERRA / H/5-7 I/2-4,https://uomo.pittimmagine.com/en/pittimmagine/fairs/uomo/exhibitors/P/people-of-shibuya,,https://www.facebook.com/PeopleofShibuya
PERONI - FIRENZE,ITALY,,Lifestyle; Sustainable; Classic; Luxury; Craftsmanship,Pitti Uomo 110,http://www.peronifirenze.com,,,,https://www.instagram.com/peronifirenze56,PADIGLIONE CENTRALE / PIANO TERRA / G/3,https://uomo.pittimmagine.com/en/pittimmagine/fairs/uomo/exhibitors/P/peroni---firenze,,
PETRONIUS 1926,ITALY,,Lifestyle; Sustainable; Special Co-Lab/Limited Edition; British Style; Classic; Workwear; Luxury; Craftsmanship; Collection; Upcycling,Pitti Uomo 110,http://www.petronius1926.com,,,,https://www.instagram.com/petronius1926,PADIGLIONE CENTRALE / SALONE M P.INFERIORE / 52,https://uomo.pittimmagine.com/en/pittimmagine/fairs/uomo/exhibitors/P/petronius-1926,,
PHILEO,FRANCE,,Sustainable; Cutting-Edge; New Formal; Craftsmanship; Contemporary; Collection,Pitti Uomo 110,,,,,,,,,
PHILIPPE MODEL PARIS,ITALY,,,Pitti Uomo 110,https://www.philippemodel.com/it-it,,+04364240277,https://linkedin.com/company/philippe-model-paris,https://www.instagram.com/philippemodelparis,PIAZZALE GHIAIA / 5,https://uomo.pittimmagine.com/en/pittimmagine/fairs/uomo/exhibitors/P/philippe-model-paris,,https://www.facebook.com/PhilippeModelParis
PHO FIRENZE,ITALY,,,Pitti Uomo 110,,,,,,ARSENALE / PIANO TERRA / 42,,,
PIER SICILIA,ITALY,,Sustainable; Luxury; Craftsmanship,Pitti Uomo 110,http://www.piersicilia.com,,,,https://www.instagram.com/pier_sicilia,PADIGLIONE CENTRALE / PIANO ATTICO / E/5,https://uomo.pittimmagine.com/en/pittimmagine/fairs/uomo/exhibitors/P/pier-sicilia,,
PIERO GUIDI,ITALY,,Lifestyle; New Formal; High Performance; Sportswear; Premium Streetwear; Urban; Luxury; Craftsmanship; Contemporary; Collection,Pitti Uomo 110,http://www.pieroguidi.com,eshop@pieroguidi.it,+39 0722 59086,,https://www.instagram.com/pieroguidi/,PADIGLIONE CENTRALE / PIANO TERRA / E/11,https://uomo.pittimmagine.com/en/pittimmagine/fairs/uomo/exhibitors/P/piero-guidi,,https://www.facebook.com/pieroguidi.italy/
PIETRA SALATA NAPOLI,ITALY,,Lifestyle; Contemporary,Pitti Uomo 110,http://www.pietrasalatanapoli.com,,,,https://www.instagram.com/pietrasalatanapoli,PADIGLIONE CENTRALE / PIANO INFERIORE / V/20,https://uomo.pittimmagine.com/en/pittimmagine/fairs/uomo/exhibitors/P/pietra-salata-napoli,,
PIQUADRO,ITALY,,Lifestyle; Sustainable; Cutting-Edge; Globetrotter; High Performance; Activewear; Informal; Urban; Luxury; Contemporary,Pitti Uomo 110,http://www.piquadro.com,,,,https://www.instagram.com/piquadrofficial,PADIGLIONE CENTRALE / PIANO TERRA / C/1-5,https://uomo.pittimmagine.com/en/pittimmagine/fairs/uomo/exhibitors/P/piquadro,,
PIUMHA STUDIO,ITALY,,,Pitti Uomo 110,https://www.piumhastudio.com,info@piumhastudio.it,+39 0883 531030,,https://www.instagram.com/piumhastudiofficial,SALA DELLE NAZIONI / B/32,https://uomo.pittimmagine.com/en/pittimmagine/fairs/uomo/exhibitors/P/piumha-studio,,
POGGIANTI 1958,ITALY,,,Pitti Uomo 110,http://www.poggianti1958.com,poggianti@poggianti.it,+39 0587629277,,https://www.instagram.com/poggianti_1958,PADIGLIONE CENTRALE / SALONE M P.INFERIORE / 50,https://uomo.pittimmagine.com/en/pittimmagine/fairs/uomo/exhibitors/P/poggianti-1958,,https://www.facebook.com/Poggianti-1958-459160190827890/
POST & CO,ITALY,,Lifestyle; Workwear; Craftsmanship; Contemporary,Pitti Uomo 110,http://www.postandcoshop.com,,,,https://www.instagram.com/postandco.it,SALA DELLE NAZIONI / A/31,https://uomo.pittimmagine.com/en/pittimmagine/fairs/uomo/exhibitors/P/post---co,,
PREMIATA,ITALY,,,Pitti Uomo 110,http://premiata.com,,,,https://www.instagram.com/premiataofficial,PADIGLIONE CENTRALE / PIANO ATTICO / D/4-8,https://uomo.pittimmagine.com/en/pittimmagine/fairs/uomo/exhibitors/P/premiata,,
PRIVATE WHITE V.C.,UNITED KINGDOM,,Cutting-Edge; British Style; Classic; Denimwear; Outdoor; Craftsmanship,Pitti Uomo 110,http://www.privatewhitevc.com,,,,https://www.instagram.com/privatewhitevc,PADIGLIONE CENTRALE / PIANO ATTICO / C/16,https://uomo.pittimmagine.com/en/pittimmagine/fairs/uomo/exhibitors/P/private-white-v-c-,,
PRIVATI FIRENZE,ITALY,,Lifestyle; Sustainable; Essentials; Nordic Style; Classic; Urban; Youth Culture; Craftsmanship; Contemporary,Pitti Uomo 110,http://www.privatifirenze.it,,,,https://www.instagram.com/privatifirenze,PADIGLIONE CENTRALE / PIANO TERRA / I/8,https://uomo.pittimmagine.com/en/pittimmagine/fairs/uomo/exhibitors/P/privati-firenze,,
PRO-KEDS 1949,ITALY,,Lifestyle; New Formal; Outdoor; Globetrotter; Sportswear; Premium Streetwear; Informal; Urban; Youth Culture; Contemporary,Pitti Uomo 110,https://www.prokeds1949.com,,,,https://www.instagram.com/prokeds,COSTRUZIONI LORENESI / SPRONE / 3,https://uomo.pittimmagine.com/en/pittimmagine/fairs/uomo/exhibitors/P/pro-keds-1949,,
PROHIBITED,GERMANY,,Lifestyle; Essentials; British Style; Premium Streetwear; Urban; Youth Culture; Contemporary; Collection,Pitti Uomo 110,https://www.prohibited.shop,,,,https://www.instagram.com/prohibitedclo,ARMERIA / 2-4,https://uomo.pittimmagine.com/en/pittimmagine/fairs/uomo/exhibitors/P/prohibited,,
PSIDE,ITALY,,Sustainable; Japan Style; Denimwear; Urban; Luxury; Contemporary,Pitti Uomo 110,https://www.pside.it,,,,https://www.instagram.com/pside_official,ARSENALE / PIANO TERRA / 34,https://uomo.pittimmagine.com/en/pittimmagine/fairs/uomo/exhibitors/P/pside,,https://www.facebook.com/pside_official/
PSYCHO BUNNY,CANADA,,,Pitti Uomo 110,http://www.psychobunny.com,,10420247,,https://www.instagram.com/psychobunny,PADIGLIONE CAVANIGLIA / 1,https://uomo.pittimmagine.com/en/pittimmagine/fairs/uomo/exhibitors/P/psycho-bunny,,https://facebook.com/psychobunny
QOT (QUESTION OF TIME),SWEDEN,,,Pitti Uomo 110,https://qotofficial.com,,,,,ARSENALE / PIANO TERRA / 43,https://uomo.pittimmagine.com/en/pittimmagine/fairs/uomo/exhibitors/Q/qot--question-of-time-,,
RAG & BONE,U.S.A.,,British Style; Classic; Denimwear; Workwear; Urban; Luxury; Contemporary,Pitti Uomo 110,http://www.rag-bone.com,,+1-844-RAG-BONE (724-2663),,https://www.instagram.com/ragandbone,PADIGLIONE DELLE GHIAIA / 5,https://uomo.pittimmagine.com/en/pittimmagine/fairs/uomo/exhibitors/R/rag---bone,,https://www.facebook.com/ragandbonenewyork
RAG & BONE,U.S.A.,,British Style; Classic; Denimwear; Workwear; Urban; Luxury; Contemporary,Pitti Uomo 110,http://www.rag-bone.com,,+1-844-RAG-BONE (724-2663),,https://www.instagram.com/ragandbone,PADIGLIONE DELLE GHIAIA / 5,https://uomo.pittimmagine.com/en/pittimmagine/fairs/uomo/exhibitors/R/rag---bone,,https://www.facebook.com/ragandbonenewyork
RAIDY BOER,ITALY,,Lifestyle; Classic; Activewear; Contemporary,Pitti Uomo 110,,,,,,PADIGLIONE CENTRALE / PIANO TERRA / A/12 B/11,https://uomo.pittimmagine.com/en/pittimmagine/fairs/uomo/exhibitors/R/raidy-boer,,
RAJESH PRATAP SINGH,INDIA,,,Pitti Uomo 110,,,,,,PADIGLIONE CENTRALE / PIANO ATTICO / E/10,,,
RED,ITALY,,Lifestyle; Sustainable; Classic; New Formal; Workwear; High Performance; Urban; Luxury; Craftsmanship,Pitti Uomo 110,http://www.red-sox.it,,,,https://www.instagram.com/redsoxappeal,PADIGLIONE CENTRALE / PIANO TERRA / E/12,https://uomo.pittimmagine.com/en/pittimmagine/fairs/uomo/exhibitors/R/red,,
REFRIGIWEAR,ITALY,,,Pitti Uomo 110,,,,,https://www.instagram.com/refrigiwear1954,AREA MONUMENTALE / GROTTE / 1,https://uomo.pittimmagine.com/en/pittimmagine/fairs/uomo/exhibitors/R/refrigiwear,,
REGAL,JAPAN,,,Pitti Uomo 110,https://www.regal.co.jp,,0300000000,,https://www.instagram.com/regalonlineshop_official,SALA DELLE NAZIONI / B/29,https://uomo.pittimmagine.com/en/pittimmagine/fairs/uomo/exhibitors/R/regal,,
REIGN,ITALY,,Lifestyle; Essentials; Cutting-Edge; Denimwear; Workwear; Globetrotter; Sportswear; Urban; Craftsmanship; Contemporary,Pitti Uomo 110,http://www.reign.it,info@reign.it,+39 0736 498001,https://www.linkedin.com/company/reign-madeinitaly/,https://www.instagram.com/reign_madeinitaly,ARMERIA / 8,https://uomo.pittimmagine.com/en/pittimmagine/fairs/uomo/exhibitors/R/reign,,https://www.facebook.com/reignitalia
REMI VAN DÈRE,ITALY,,,Pitti Uomo 110,https://remivandere.com,sales@remivandere.com,,,https://www.instagram.com/remivandere,PADIGLIONE CENTRALE / PIANO ATTICO / H/2-4,https://uomo.pittimmagine.com/en/pittimmagine/fairs/uomo/exhibitors/R/remi-van-d-re,,
RESOLUTE,JAPAN,,Lifestyle; Japan Style; Classic; Denimwear; Workwear; Craftsmanship,Pitti Uomo 110,http://www.resolute.jp,,+20260107109,,https://www.instagram.com/resolute_japan,SALA DELLE NAZIONI / A/25,https://uomo.pittimmagine.com/en/pittimmagine/fairs/uomo/exhibitors/R/resolute,,
RESTELLI GUANTI,ITALY,,Cutting-Edge; Nordic Style; Classic; High Performance; Sportswear; Urban; Luxury; Craftsmanship; Contemporary; Collection,Pitti Uomo 110,http://www.restelliguanti.it,info@restelliguanti.it,+39 023 427 13,,https://www.instagram.com/restelliguanti,PADIGLIONE CENTRALE / PIANO INFERIORE / T/22,https://uomo.pittimmagine.com/en/pittimmagine/fairs/uomo/exhibitors/R/restelli-guanti,,https://www.facebook.com/restelliguanti
REVERES 1949,ITALY,,,Pitti Uomo 110,http://www.reveres1949.com,info@maestrami.com,+39 051 8654711,,https://www.instagram.com/reveres_1949,PADIGLIONE CENTRALE / PIANO TERRA / E/22,https://uomo.pittimmagine.com/en/pittimmagine/fairs/uomo/exhibitors/R/reveres-1949,,https://www.facebook.com/reveres1949
REVOLUTION,DENMARK,,Sustainable; Essentials; Nordic Style; Classic; Premium Streetwear; Urban; Contemporary,Pitti Uomo 110,http://www.revolution.eu,,,,https://www.instagram.com/revolutionof1995,PADIGLIONE CAVANIGLIA / 60-62,https://uomo.pittimmagine.com/en/pittimmagine/fairs/uomo/exhibitors/R/revolution,,
RICHARD J. BROWN ITALIAN LUXURY DENIM,ITALY,,New Formal; Denimwear; High Performance; Informal; Luxury; Contemporary,Pitti Uomo 110,http://www.richardjbrown.it,,,,https://www.instagram.com/richardjbrownmilano,PADIGLIONE CENTRALE / PIANO INFERIORE / P/8 Q/7,https://uomo.pittimmagine.com/en/pittimmagine/fairs/uomo/exhibitors/R/richard-j--brown-italian-luxury-denim,,
RIFUGIO,ITALY,,Sustainable; Classic; Luxury; Craftsmanship; Contemporary,Pitti Uomo 110,http://www.alfredorifugio.com,,,,https://www.instagram.com/rifugio_napoli,PADIGLIONE CENTRALE / PIANO INFERIORE / O/6 P/5,https://uomo.pittimmagine.com/en/pittimmagine/fairs/uomo/exhibitors/R/rifugio,,
RING JACKET,JAPAN,,Japan Style; Classic; Luxury; Craftsmanship; Contemporary,Pitti Uomo 110,http://www.ringjacket.com,,,,https://www.instagram.com/ring_jacket,PADIGLIONE CENTRALE / PIANO ATTICO / H/10,https://uomo.pittimmagine.com/en/pittimmagine/fairs/uomo/exhibitors/R/ring-jacket,,
RIVEA,SWITZERLAND,,,Pitti Uomo 110,,,,,,PADIGLIONE CENTRALE / PIANO TERRA / G/1,,,
ROBERTA PIERI,ITALY,,,Pitti Uomo 110,http://www.robertapieri.com,,,,https://www.instagram.com/roberta_pieri,PADIGLIONE CENTRALE / PIANO INFERIORE / R/26,https://uomo.pittimmagine.com/en/pittimmagine/fairs/uomo/exhibitors/R/roberta-pieri,,
ROBERTO COLLINA,ITALY,,Lifestyle; Essentials; Classic; New Formal; Contemporary,Pitti Uomo 110,http://www.robertocollina.com,,,,https://www.instagram.com/robertocollina,PADIGLIONE CENTRALE / PIANO ATTICO / H/7-9,https://uomo.pittimmagine.com/en/pittimmagine/fairs/uomo/exhibitors/R/roberto-collina,,
ROGERS PEET COMPANY,U.S.A.,,Sustainable; British Style; New Formal; Globetrotter; Informal; Contemporary,Pitti Uomo 110,http://www.rogerspeetcompany.com,,,,,,https://uomo.pittimmagine.com/en/pittimmagine/fairs/uomo/exhibitors/R/rogers-peet-company,,
ROOP,JAPAN,,Sustainable; Agender; Japan Style; Denimwear; High Performance; Contemporary,Pitti Uomo 110,,,,,https://www.instagram.com/eminento1949go,PADIGLIONE CENTRALE / PIANO ATTICO / C/14,https://uomo.pittimmagine.com/en/pittimmagine/fairs/uomo/exhibitors/R/roop,,
ROSI COLLECTION,ITALY,,Classic; New Formal; Luxury; Craftsmanship; Contemporary,Pitti Uomo 110,http://www.rosicollection.it,info@rosicollection.it,+39 0575 250962,,https://www.instagram.com/rosicollectionaccessories,PADIGLIONE CENTRALE / PIANO INFERIORE / P/25,https://uomo.pittimmagine.com/en/pittimmagine/fairs/uomo/exhibitors/R/rosi-collection,,https://www.facebook.com/rosicollection
ROY ROBSON,GERMANY,,Lifestyle; Essentials; Classic; New Formal; Outdoor; Collection,Pitti Uomo 110,http://www.royrobson.com,,,https://www.linkedin.com/company/royyrobson-fashion/,https://www.instagram.com/royrobsonfashion,PADIGLIONE CENTRALE / PIANO TERRA / A/14-16 B/13-15,https://uomo.pittimmagine.com/en/pittimmagine/fairs/uomo/exhibitors/R/roy-robson,,
ROY ROGER'S,ITALY,,Lifestyle; Denimwear; Workwear; Outdoor; Premium Streetwear; Urban; Contemporary,Pitti Uomo 110,http://www.royrogers.it,,+02196080978,,https://www.instagram.com/royrogers_official,PADIGLIONE CENTRALE / PIANO TERRA / K/1-3 L/2-4,https://uomo.pittimmagine.com/en/pittimmagine/fairs/uomo/exhibitors/R/roy-roger-s,,https://www.facebook.com/royrogersofficial
RP,GERMANY,,Sustainable; Classic; Outdoor; Sportswear; Urban,Pitti Uomo 110,http://www.redpoint-sportswear.com,info@redpoint-sportswear.com,+49 421 84 01 164,,https://www.instagram.com/redpoint_outerwear/,PADIGLIONE CENTRALE / PIANO TERRA / K/18,https://uomo.pittimmagine.com/en/pittimmagine/fairs/uomo/exhibitors/R/rp,,
RPL,ITALY,,Lifestyle; Classic; New Formal; Luxury; Craftsmanship; Contemporary,Pitti Uomo 110,,,,,https://www.instagram.com/rpl_ufficiale,PADIGLIONE CENTRALE / S. ALFA P.INFERIORE / 22,https://uomo.pittimmagine.com/en/pittimmagine/fairs/uomo/exhibitors/R/rpl,,
RULES OF FAITH,UNITED KINGDOM,,Lifestyle; Sustainable; Essentials; British Style; Denimwear; Premium Streetwear; Luxury; Craftsmanship; Contemporary; Collection,Pitti Uomo 110,https://rulesoffaith.com,,,,https://www.instagram.com/rulesoffaith,SALA DELLE NAZIONI / A/15-17,https://uomo.pittimmagine.com/en/pittimmagine/fairs/uomo/exhibitors/R/rules-of-faith,,
RUN OF RUNARCHY ATTITUDE,ITALY,,Lifestyle; Sustainable; Outdoor; High Performance; Urban; Contemporary; Collection,Pitti Uomo 110,http://www.run-of.com,,,,,PADIGLIONE CAVANIGLIA / 46,https://uomo.pittimmagine.com/en/pittimmagine/fairs/uomo/exhibitors/R/run-of-runarchy-attitude,,
RUST MOOD,ITALY,,Lifestyle; Denimwear; Workwear; Youth Culture; Luxury; Craftsmanship,Pitti Uomo 110,http://rustmood.com,postmaster@rustmood.com,+04919890287,,https://www.instagram.com/rust_mood,SALA DELLE NAZIONI / B/41,https://uomo.pittimmagine.com/en/pittimmagine/fairs/uomo/exhibitors/R/rust-mood,,https://www.facebook.com/rustmood
S.PIERPAOLI,ITALY,,Classic; Luxury; Craftsmanship; Contemporary; Collection,Pitti Uomo 110,,,,,,PADIGLIONE CENTRALE / PIANO INFERIORE / P/22,https://uomo.pittimmagine.com/en/pittimmagine/fairs/uomo/exhibitors/S/s-pierpaoli,,
S001,ITALY,,Nordic Style; Activewear; Informal; Contemporary,Pitti Uomo 110,http://S001.world,,,,https://www.instagram.com/s001.world,ARSENALE / PIANO TERRA / 18,https://uomo.pittimmagine.com/en/pittimmagine/fairs/uomo/exhibitors/S/s001,,
SAND MENSWEAR,DENMARK,,,Pitti Uomo 110,http://www.sandcopenhagen.com,,,,https://www.instagram.com/sandcopenhagen,PADIGLIONE CENTRALE / PIANO INFERIORE / P/15,https://uomo.pittimmagine.com/en/pittimmagine/fairs/uomo/exhibitors/S/sand-menswear,,
SANDERS,UNITED KINGDOM,,,Pitti Uomo 110,http://www.sanders-uk.com,,,,https://www.instagram.com/sandersshoes,PADIGLIONE CENTRALE / PIANO ATTICO / E/14,https://uomo.pittimmagine.com/en/pittimmagine/fairs/uomo/exhibitors/S/sanders,,
SANJO,PORTUGAL,,,Pitti Uomo 110,,,,,,ARMERIA / 24,,,
SANTHA,ITALY,,,Pitti Uomo 110,https://www.santhanotforskate.com/it,,+02196080978,,https://www.instagram.com/santhanotforskate,SALA DELLE NAZIONI / A/12,https://uomo.pittimmagine.com/en/pittimmagine/fairs/uomo/exhibitors/S/santha,,
SAPAF 1954,ITALY,,Lifestyle; Sustainable; Special Co-Lab/Limited Edition; Essentials; Classic; New Formal; Luxury; Craftsmanship; Contemporary; Collection,Pitti Uomo 110,http://www.sapaf54.it,,1140213,https://www.linkedin.com/company/sapaf-atelier-1954/,https://www.instagram.com/sapaf1954,PADIGLIONE CENTRALE / PIANO TERRA / G/8,https://uomo.pittimmagine.com/en/pittimmagine/fairs/uomo/exhibitors/S/sapaf-1954,,https://www.facebook.com/SapafAtelier1954/
SARANGHAEYO,KOREA (SOUTH),,Lifestyle; Luxury; Craftsmanship,Pitti Uomo 110,http://www.srhy.co.kr,info@saranghaeyo.co.kr,+822 6369 8886,,https://www.instagram.com/srhy_pf,,https://uomo.pittimmagine.com/en/pittimmagine/fairs/uomo/exhibitors/S/saranghaeyo,,
SARTORIA MASSACRI,ITALY,,Lifestyle; Classic; New Formal; Luxury; Craftsmanship; Contemporary,Pitti Uomo 110,https://www.sartoriamassacri.it,info@sartoriamassacri.it,+39 080 430 2508,,https://www.instagram.com/sartoria_massacri,PADIGLIONE CENTRALE / SALONE M P.INFERIORE / 51,https://uomo.pittimmagine.com/en/pittimmagine/fairs/uomo/exhibitors/S/sartoria-massacri,,https://www.facebook.com/sartoriamassacri/
SARTORIA MELINA NAPOLI,ITALY,,,Pitti Uomo 110,http://www.sartoriamelina.com,info@sartoriamelina.com,+39 333 1796673,,https://www.instagram.com/sartoriamelinanapoli,PADIGLIONE CENTRALE / SALONE M P.INFERIORE / 25,https://uomo.pittimmagine.com/en/pittimmagine/fairs/uomo/exhibitors/S/sartoria-melina-napoli,,https://facebook.com/154154214991837
SARTORIA PARTENOPEA,ITALY,,,Pitti Uomo 110,http://www.mauroblasi.com,info@mauroblasi.it,+08163991212,,https://www.instagram.com/mauroblasinapoli,,https://uomo.pittimmagine.com/en/pittimmagine/fairs/uomo/exhibitors/S/sartoria-partenopea,,
SARTORIA TRINCHESE,ITALY,,,Pitti Uomo 110,https://www.sartoriatrinchese.com,infosartoriatrinchese@gmail.com,+39 377 3990641,,https://www.instagram.com/sartoriatrinchese,PADIGLIONE CENTRALE / PIANO INFERIORE / Q/6,https://uomo.pittimmagine.com/en/pittimmagine/fairs/uomo/exhibitors/S/sartoria-trinchese,,https://www.facebook.com/sumisura.it
SARTORIO,ITALY,,,Pitti Uomo 110,,,,,,PADIGLIONE CENTRALE / PIANO INFERIORE / S/1-5,,,
SATORISAN,SPAIN,,Lifestyle; Sustainable; Cutting-Edge; New Formal; Premium Streetwear; Informal; Urban; Youth Culture; Craftsmanship; Contemporary,Pitti Uomo 110,http://www.satorisan.com,,,,https://www.instagram.com/satorisan.brand,PADIGLIONE CAVANIGLIA / 30,https://uomo.pittimmagine.com/en/pittimmagine/fairs/uomo/exhibitors/S/satorisan,,
SAVE MY BAG,ITALY,,Contemporary,Pitti Uomo 110,https://savemybag.it,,,,https://www.instagram.com/savemybag,CORTILE DELL'ARMERIA / 1,https://uomo.pittimmagine.com/en/pittimmagine/fairs/uomo/exhibitors/S/save-my-bag,,
SAVE THE DUCK,ITALY,,,Pitti Uomo 110,http://www.savetheduck.com,,,,https://www.instagram.com/save_the_duck,GIARDINO DEL GLICINE / 1,https://uomo.pittimmagine.com/en/pittimmagine/fairs/uomo/exhibitors/S/save-the-duck,,
SCAGLIONE,ITALY,,,Pitti Uomo 110,http://www.scaglione.it,,,,https://www.instagram.com/scaglione_official,PADIGLIONE CENTRALE / PIANO ATTICO / F/14,https://uomo.pittimmagine.com/en/pittimmagine/fairs/uomo/exhibitors/S/scaglione,,
SCANDINAVIAN EDITION,NORWAY,,Nordic Style; Classic; Outdoor; High Performance; Activewear; Urban; Contemporary; Collection,Pitti Uomo 110,https://scandinavianedition.com,,,,https://www.instagram.com/scandinavianedition,SALA DELLA RONDA / 11-12,https://uomo.pittimmagine.com/en/pittimmagine/fairs/uomo/exhibitors/S/scandinavian-edition,,
SCARTI-LAB,ITALY,,Sustainable; Classic; Workwear; Craftsmanship,Pitti Uomo 110,http://www.scarti-lab.it,info@scarti-lab.com,+39 0510939014,,https://www.instagram.com/scartilab,SALA DELLE NAZIONI / B/47,https://uomo.pittimmagine.com/en/pittimmagine/fairs/uomo/exhibitors/S/scarti-lab,,https://www.facebook.com/scartilab/
SCHMOOVE,FRANCE,,,Pitti Uomo 110,http://www.schmoove.fr,dpo@schmoove.fr,+33 (0)251663679,,https://www.instagram.com/schmooveshoes,ARMERIA / 19,https://uomo.pittimmagine.com/en/pittimmagine/fairs/uomo/exhibitors/S/schmoove,,https://www.facebook.com/SchmooveShoes
SCHNEIDERS,ITALY,,Lifestyle; Classic; Luxury; Contemporary,Pitti Uomo 110,http://www.schneiders.com,info@cashmeresrl.it,+39 0248010299,,https://www.instagram.com/schneiderssalzburg_official/,PADIGLIONE CENTRALE / PIANO INFERIORE / V/6,https://uomo.pittimmagine.com/en/pittimmagine/fairs/uomo/exhibitors/S/schneiders,,
SCUDERI,ITALY,,,Pitti Uomo 110,,,,,,PADIGLIONE CENTRALE / PIANO INFERIORE / T/7 U/6,,,
SECRID,NETHERLANDS,,,Pitti Uomo 110,https://www.secrid.com,hoogstraat@secrid.com,+31 (0)70 799 0600,,https://www.instagram.com/secrid,PADIGLIONE CENTRALE / PIANO TERRA / J/12,https://uomo.pittimmagine.com/en/pittimmagine/fairs/uomo/exhibitors/S/secrid,,
SEEINGRED - OUTOPIA BY VANISH,UNITED KINGDOM,,,Pitti Uomo 110,,,,,,SALA DELLA RONDA / 24-25,,,
SEIDENSTICKER,GERMANY,,Sustainable; Essentials; Classic; Collection,Pitti Uomo 110,https://www.seidensticker.com/de/de/herren,,8002000,,https://www.instagram.com/seidensticker_com,PADIGLIONE CENTRALE / PIANO TERRA / E/8,https://uomo.pittimmagine.com/en/pittimmagine/fairs/uomo/exhibitors/S/seidensticker,,https://www.facebook.com/seidensticker.de
SEINSE,ITALY,,Lifestyle; Special Co-Lab/Limited Edition; Essentials; Classic; Denimwear; Activewear; Sportswear; Informal; Luxury; Contemporary,Pitti Uomo 110,http://www.seinse.it,,20260219,,https://www.instagram.com/seinse.it,COSTRUZIONI LORENESI / PIANO TERRA / 1,https://uomo.pittimmagine.com/en/pittimmagine/fairs/uomo/exhibitors/S/seinse,,https://www.facebook.com/seinsemenswear/
SEPTWOLVES - CHINA WAVE,CHINA,,,Pitti Uomo 110,,,,,,COSTRUZIONI LORENESI / PIANO TERRA,https://uomo.pittimmagine.com/en/pittimmagine/fairs/uomo/exhibitors/S/septwolves---china-wave,,
SERA' FINE SILK,ITALY,,Classic; New Formal; Luxury; Craftsmanship,Pitti Uomo 110,https://www.serafinesilk.com,,,,https://www.instagram.com/serafinesilk,PADIGLIONE CENTRALE / PIANO INFERIORE / R/25,https://uomo.pittimmagine.com/en/pittimmagine/fairs/uomo/exhibitors/S/sera--fine-silk,,
SERINA,JAPAN,,,Pitti Uomo 110,http://serina.world,info@serina.world,+17153111715311,,https://www.instagram.com/serina_co,COSTRUZIONI LORENESI / PIANO PRIMO / 2,https://uomo.pittimmagine.com/en/pittimmagine/fairs/uomo/exhibitors/S/serina,,
SES PALMA,SPAIN,,,Pitti Uomo 110,https://www.sespalma.com,,,,https://www.instagram.com/ses.palma,PADIGLIONE CENTRALE / PIANO ATTICO / G/14,https://uomo.pittimmagine.com/en/pittimmagine/fairs/uomo/exhibitors/S/ses-palma,,
SETTEFILI CASHMERE,ITALY,,Lifestyle; Luxury; Craftsmanship; Contemporary,Pitti Uomo 110,http://www.settefili.it,info@settefili.it,+39 0532 902133,,https://www.instagram.com/settefilicashmere,PADIGLIONE CENTRALE / PIANO INFERIORE / T/10,https://uomo.pittimmagine.com/en/pittimmagine/fairs/uomo/exhibitors/S/settefili-cashmere,,https://www.facebook.com/settefili
SH ZERO,ITALY,,,Pitti Uomo 110,http://shzero.it,,,,https://www.instagram.com/shzero.official,PADIGLIONE CENTRALE / PIANO TERRA / J/10,https://uomo.pittimmagine.com/en/pittimmagine/fairs/uomo/exhibitors/S/sh-zero,,
SHOCKLY,ITALY,,,Pitti Uomo 110,http://www.shockly.it,,,,https://www.instagram.com/shockly.official,PADIGLIONE CENTRALE / PIANO TERRA / J/10,https://uomo.pittimmagine.com/en/pittimmagine/fairs/uomo/exhibitors/S/shockly,,
SHOTO,ITALY,,Lifestyle; Premium Streetwear; Urban; Craftsmanship; Contemporary,Pitti Uomo 110,http://www.shoto.it,,,,https://www.instagram.com/shotoshoes,SALA DELLE NAZIONI / B/45,https://uomo.pittimmagine.com/en/pittimmagine/fairs/uomo/exhibitors/S/shoto,,
SILVANO SASSETTI,ITALY,,,Pitti Uomo 110,http://www.silvanosassetti.it,info@silvanosassetti.it,+39025466612,,https://www.instagram.com/silvano_sassetti,SALA DELLE NAZIONI / A/32,https://uomo.pittimmagine.com/en/pittimmagine/fairs/uomo/exhibitors/S/silvano-sassetti,,https://www.facebook.com/Silvano.Sassetti/
SILVIO FIORELLO,ITALY,,Classic; New Formal; Luxury; Craftsmanship,Pitti Uomo 110,http://www.silviofiorello.com,,,,https://www.instagram.com/silviofiorello,PADIGLIONE CENTRALE / SALONE M P.INFERIORE / 32,https://uomo.pittimmagine.com/en/pittimmagine/fairs/uomo/exhibitors/S/silvio-fiorello,,
SILVIO FIORELLO X MAURITSHUIS MUSEUM,ITALY,,,Pitti Uomo 110,,,,,,PADIGLIONE CENTRALE / SALONE M P.INFERIORE / 32,,,
SING A SONG,FRANCE,,Lifestyle; Essentials; Cutting-Edge; Denimwear; Globetrotter; Premium Streetwear; Urban; Luxury; Craftsmanship; Contemporary,Pitti Uomo 110,http://www.singasong.fr,sav@singasong.fr,0465854226,,https://www.instagram.com/singasongbijoux,PADIGLIONE CENTRALE / PIANO TERRA / G/7,https://uomo.pittimmagine.com/en/pittimmagine/fairs/uomo/exhibitors/S/sing-a-song,,https://fr-fr.facebook.com/singasong.bijoux
SNEE,ITALY,,,Pitti Uomo 110,,,,,,PADIGLIONE CAVANIGLIA / 52,,,
SNOW PEAK,JAPAN,,,Pitti Uomo 110,https://uk.snowpeak.com,,,,https://www.instagram.com/snowpeak_uk,SALA DELLA RONDA / 20-21,https://uomo.pittimmagine.com/en/pittimmagine/fairs/uomo/exhibitors/S/snow-peak,,
SOARIN - CHINA WAVE,CHINA,,Sustainable; Special Co-Lab/Limited Edition; Agender; Cutting-Edge; Craftsmanship; Collection,Pitti Uomo 110,,,,,,COSTRUZIONI LORENESI / PIANO TERRA,https://uomo.pittimmagine.com/en/pittimmagine/fairs/uomo/exhibitors/S/soarin---china-wave,,
SOARIN WORLD - CHINA WAVE,CHINA,,Sustainable; Special Co-Lab/Limited Edition; Agender; Cutting-Edge; Craftsmanship; Collection,Pitti Uomo 110,,,,,,,https://uomo.pittimmagine.com/en/pittimmagine/fairs/uomo/exhibitors/S/soarin-world---china-wave,,
SOCK AFFAIRS,PORTUGAL,,,Pitti Uomo 110,,,,,https://www.instagram.com/sockaffairs,ARMERIA / 22,https://uomo.pittimmagine.com/en/pittimmagine/fairs/uomo/exhibitors/S/sock-affairs,,
SOLDINI80,ITALY,,,Pitti Uomo 110,http://www.soldini80.it,Support@soldini80.com,https://wa.me,,https://www.instagram.com/soldini80official,PADIGLIONE CAVANIGLIA / 24,https://uomo.pittimmagine.com/en/pittimmagine/fairs/uomo/exhibitors/S/soldini80,,https://www.facebook.com/share/18MQMMX5xB/
SOLOIO,COLOMBIA,,Classic; New Formal; Luxury; Collection,Pitti Uomo 110,https://soloio.com,,,,https://www.instagram.com/soloio.oficial,SALA DELLE NAZIONI / A/26,https://uomo.pittimmagine.com/en/pittimmagine/fairs/uomo/exhibitors/S/soloio,,
SOMBRERO LIFE,NETHERLANDS,,,Pitti Uomo 110,http://www.sombrerolife.com,,,,https://www.instagram.com/sombrerolife,ARSENALE / PIANO TERRA / 16,https://uomo.pittimmagine.com/en/pittimmagine/fairs/uomo/exhibitors/S/sombrero-life,,
SOMEWHERE OUTSIDE - OUTOPIA BY VANISH,KOREA (SOUTH),,,Pitti Uomo 110,,,,,,SALA DELLA RONDA / 24-25,,,
SONRISA CAMICERIA UOMO,ITALY,,,Pitti Uomo 110,http://www.sonrisa.it,,,,https://www.instagram.com/sonrisa_shirts,PADIGLIONE CENTRALE / PIANO INFERIORE / V/13-15 Z/12-14,https://uomo.pittimmagine.com/en/pittimmagine/fairs/uomo/exhibitors/S/sonrisa-camiceria-uomo,,
SORRENTINO,ITALY,,,Pitti Uomo 110,http://www.sorrentinoperfumes.com,,,,https://www.instagram.com/sorrentinoperfumes,PADIGLIONE CENTRALE / PIANO ATTICO / G/4,https://uomo.pittimmagine.com/en/pittimmagine/fairs/uomo/exhibitors/S/sorrentino,,
SORYN,ITALY,,,Pitti Uomo 110,,,,,https://www.instagram.com/soryn_project,SALA DELLE NAZIONI / B/22,https://uomo.pittimmagine.com/en/pittimmagine/fairs/uomo/exhibitors/S/soryn,,
SOZZI MILANO,ITALY,,Lifestyle; Japan Style; British Style; Classic; New Formal; Luxury; Craftsmanship,Pitti Uomo 110,http://www.sozzimilano.com,e-shop@sozzicalze.it,+39 030 9925926,,https://www.instagram.com/sozzimilano,PADIGLIONE CENTRALE / PIANO TERRA / J/14,https://uomo.pittimmagine.com/en/pittimmagine/fairs/uomo/exhibitors/S/sozzi-milano,,https://www.facebook.com/SozziCalze
SPACE FRIENDS,POLAND,,Lifestyle; Outdoor; High Performance; Premium Streetwear; Urban; Craftsmanship; Contemporary,Pitti Uomo 110,https://spacefriends.eu,office@spacefriends.eu,+48 786 305 409,,https://www.instagram.com/spacefriends.eu,PADIGLIONE CENTRALE / PIANO TERRA / J/8,https://uomo.pittimmagine.com/en/pittimmagine/fairs/uomo/exhibitors/S/space-friends,,
SPEKTRE EYEWEAR,ITALY,,,Pitti Uomo 110,http://www.spektre.com,,,,https://www.instagram.com/spektresunglasses,PADIGLIONE CENTRALE / PIANO TERRA / G/6,https://uomo.pittimmagine.com/en/pittimmagine/fairs/uomo/exhibitors/S/spektre-eyewear,,https://www.facebook.com/Spektresunglasses
SPERRY,ITALY,,Classic; New Formal; Urban,Pitti Uomo 110,http://www.sperry.com,,,,https://www.instagram.com/asap.showroom,PADIGLIONE CAVANIGLIA / 36,https://uomo.pittimmagine.com/en/pittimmagine/fairs/uomo/exhibitors/S/sperry,,
STEFAN BRANDT,GERMANY,,,Pitti Uomo 110,http://www.stefanbrandt.com,,+66666667686970,,https://www.instagram.com/stefanbrandt_finestjersey/,PADIGLIONE CENTRALE / PIANO ATTICO / A/8-10,https://uomo.pittimmagine.com/en/pittimmagine/fairs/uomo/exhibitors/S/stefan-brandt,,https://www.facebook.com/StefanBrandtFinestJersey/
STEFANO CORSINI,ITALY,,Sustainable; Classic; Sportswear; Informal; Luxury; Craftsmanship; Contemporary,Pitti Uomo 110,http://www.stefanocorsini.it,,80070002,,https://www.instagram.com/stefanocorsini.accessorimoda,PADIGLIONE CENTRALE / PIANO TERRA / E/13,https://uomo.pittimmagine.com/en/pittimmagine/fairs/uomo/exhibitors/S/stefano-corsini,,
STEFANO MUGNAI,ITALY,,Essentials; Luxury; Craftsmanship; Contemporary; Collection,Pitti Uomo 110,http://www.stefanomugnai.com,INFO@STEFANOMUGNAI.COM,80070002,,https://www.instagram.com/stefano_mugnai_official,PADIGLIONE CENTRALE / PIANO ATTICO / E/3,https://uomo.pittimmagine.com/en/pittimmagine/fairs/uomo/exhibitors/S/stefano-mugnai,,
STEFANO RICCI,ITALY,,Lifestyle; Classic; Denimwear; Workwear; Activewear; Sportswear; Informal; Urban; Luxury; Craftsmanship,Pitti Uomo 110,http://www.stefanoricci.com,,+39 02 407 06 875,https://www.linkedin.com/company/stefanoriccigroup,https://www.instagram.com/stefanoricciofficial,PADIGLIONE CENTRALE / PIANO INFERIORE / Q/2,https://uomo.pittimmagine.com/en/pittimmagine/fairs/uomo/exhibitors/S/stefano-ricci,,https://www.facebook.com/StefanoRicciSpA
STEFANOBIGI,ITALY,,,Pitti Uomo 110,http://www.bigicravatte.it,info@bigicravatte.it,+39) 02.89.40.95.03,,https://www.instagram.com/bigi.milano,PADIGLIONE CENTRALE / SALONE M P.INFERIORE / 12,https://uomo.pittimmagine.com/en/pittimmagine/fairs/uomo/exhibitors/S/stefanobigi,,https://www.facebook.com/bigi.milano/
STETSON,U.S.A.,,Sustainable; Classic; Urban; Craftsmanship; Contemporary,Pitti Uomo 110,http://www.stetson-europe.com,,+49 (0) 221 963 558 - 0,,https://www.instagram.com/stetsoneurope,PADIGLIONE CENTRALE / PIANO TERRA / B/2-4,https://uomo.pittimmagine.com/en/pittimmagine/fairs/uomo/exhibitors/S/stetson,,https://www.facebook.com/stetsoneurope
STEWART,ITALY,,,Pitti Uomo 110,http://www.stewart.it,info@stewart.it,+39 055 8667285,,https://www.instagram.com/stewartjackets,PADIGLIONE CENTRALE / PIANO TERRA / D/16,https://uomo.pittimmagine.com/en/pittimmagine/fairs/uomo/exhibitors/S/stewart,,https://www.facebook.com/stewartjackets
STILNOLOGY,ITALY,,,Pitti Uomo 110,http://www.nipal.eu,nipal@nipal.eu,+39 0571 93 00 06,,https://www.instagram.com/stilnology,PADIGLIONE CENTRALE / PIANO TERRA / E/2,https://uomo.pittimmagine.com/en/pittimmagine/fairs/uomo/exhibitors/S/stilnology,,
STUDIO SEIDENSTICKER,GERMANY,,Sustainable; Agender; Urban; Contemporary,Pitti Uomo 110,https://www.seidensticker.com/de/de/studio/collection,,8002000,,https://www.instagram.com/studioseidensticker,PADIGLIONE CENTRALE / PIANO TERRA / E/8,https://uomo.pittimmagine.com/en/pittimmagine/fairs/uomo/exhibitors/S/studio-seidensticker,,https://www.facebook.com/seidensticker.de
SUN68,ITALY,,Lifestyle; Essentials; Workwear; Sportswear; Informal; Urban; Contemporary,Pitti Uomo 110,http://www.sun68.com,shop@sun68.com,+03591110279,,https://www.instagram.com/sun68,PADIGLIONE CAVANIGLIA / 2,https://uomo.pittimmagine.com/en/pittimmagine/fairs/uomo/exhibitors/S/sun68,,https://www.facebook.com/SUN68.official/
SUNDEK,U.S.A.,,,Pitti Uomo 110,http://sundek.it,cs@sundek.it,+00266130970,,https://www.instagram.com/sundek_official,PIAZZALE GHIAIA / 3,https://uomo.pittimmagine.com/en/pittimmagine/fairs/uomo/exhibitors/S/sundek,,https://www.facebook.com/sundek1958
SUNG JU- CODE KOREA,KOREA (SOUTH),,,Pitti Uomo 110,https://sung-ju.net,SALES@SUNG-JU.NET,,,https://www.instagram.com/sung_ju_official,POLVERIERA / 1,https://uomo.pittimmagine.com/en/pittimmagine/fairs/uomo/exhibitors/S/sung-ju--code-korea,,
SUNS BOARDS,ITALY,,Lifestyle; Sustainable; Workwear; Outdoor; Sportswear; Premium Streetwear; Urban; Luxury,Pitti Uomo 110,https://www.sunsboards.com,,+04481830729 | WA: +393899057639,,https://www.instagram.com/suns_boards,PADIGLIONE CENTRALE / PIANO TERRA / E/4,https://uomo.pittimmagine.com/en/pittimmagine/fairs/uomo/exhibitors/S/suns-boards,,https://www.facebook.com/suns.boards
SUPERDRY,UNITED KINGDOM,,,Pitti Uomo 110,http://www.superdry.com,press@superdry.com,68101214,,https://www.instagram.com/superdry,FURERIA / 1-3,https://uomo.pittimmagine.com/en/pittimmagine/fairs/uomo/exhibitors/S/superdry,,https://www.facebook.com/superdry
SVEVO,ITALY,,Lifestyle; Essentials; High Performance; Activewear; Luxury,Pitti Uomo 110,http://www.svevo.com,,+01892440346,,https://www.instagram.com/svevo_official,PADIGLIONE CENTRALE / PIANO INFERIORE / S/7 T/8,https://uomo.pittimmagine.com/en/pittimmagine/fairs/uomo/exhibitors/S/svevo,,https://www.facebook.com/SVEVOofficial
SWOF CARE- CHINA WAVE,CHINA,,Lifestyle; Agender; Cutting-Edge; Classic; Globetrotter; Informal; Craftsmanship; Contemporary; Collection,Pitti Uomo 110,https://www.swofcare.com,info@swofcare.com,+01085911721,,https://www.instagram.com/swofcare,COSTRUZIONI LORENESI / PIANO TERRA,https://uomo.pittimmagine.com/en/pittimmagine/fairs/uomo/exhibitors/S/swof-care--china-wave,,
SYNESTHÉSIE,ITALY,,,Pitti Uomo 110,http://www.synesthesie.it,info@synesthesie.it,+07419980482,,https://www.instagram.com/synesthesieparfum,,https://uomo.pittimmagine.com/en/pittimmagine/fairs/uomo/exhibitors/S/synesth-sie,,
TAKE A WAY,ITALY,,,Pitti Uomo 110,,,,,,ARMERIA / 13,,,
TARDIA,ITALY,,Lifestyle; Classic; Urban,Pitti Uomo 110,http://www.tardia.it,,+39 080 4804211,,https://www.instagram.com/tardia_official,PADIGLIONE CENTRALE / PIANO TERRA / B/8,https://uomo.pittimmagine.com/en/pittimmagine/fairs/uomo/exhibitors/T/tardia,,https://www.facebook.com/Tardiaofficial
TATEOSSIAN FOR LAMBORGHINI,UNITED KINGDOM,,,Pitti Uomo 110,,,,,,PADIGLIONE CENTRALE / PIANO INFERIORE / T/11,https://uomo.pittimmagine.com/en/pittimmagine/fairs/uomo/exhibitors/T/tateossian-for-lamborghini,,
TATEOSSIAN LONDON,UNITED KINGDOM,,Lifestyle; British Style; Classic; New Formal; Workwear; Informal; Luxury; Craftsmanship; Contemporary,Pitti Uomo 110,http://www.tateossian.com,customerservice@tateossian.com,+18559981008,,https://www.instagram.com/tateossianlondon,PADIGLIONE CENTRALE / PIANO INFERIORE / T/11,https://uomo.pittimmagine.com/en/pittimmagine/fairs/uomo/exhibitors/T/tateossian-london,,
TATRAS,ITALY,,Lifestyle; Outdoor; Urban; Collection,Pitti Uomo 110,http://www.tatras-official.com,xxxxxxxxxx@tatras-official.com,,,https://www.instagram.com/tatras_official,PADIGLIONE CENTRALE / PIANO INFERIORE / T/1-3,https://uomo.pittimmagine.com/en/pittimmagine/fairs/uomo/exhibitors/T/tatras,,https://www.facebook.com/TatrasOfficial
TBD EYEWEAR,ITALY,,Lifestyle; Sustainable; Agender; Nordic Style; Japan Style; British Style; Classic; New Formal; Luxury; Craftsmanship,Pitti Uomo 110,http://www.tbdeyewear.com,,+09002050962,https://www.linkedin.com/company/tbd-eyewear,https://www.instagram.com/tbdeyewear,PADIGLIONE CENTRALE / PIANO INFERIORE / O/22,https://uomo.pittimmagine.com/en/pittimmagine/fairs/uomo/exhibitors/T/tbd-eyewear,,https://www.facebook.com/tbdeyewear
TECLOR,JAPAN,,Lifestyle; Japan Style; Classic; New Formal; Workwear; Collection,Pitti Uomo 110,https://www.teclor.jp/en,,+06050403020100,,https://www.instagram.com/teclor_official,PADIGLIONE CENTRALE / PIANO ATTICO / D/7,https://uomo.pittimmagine.com/en/pittimmagine/fairs/uomo/exhibitors/T/teclor,,
TELA GENOVA,ITALY,,,Pitti Uomo 110,https://www.telagenova.it,info@telagenova.it,+290220404233,,https://www.instagram.com/telagenova,PADIGLIONE CENTRALE / PIANO ATTICO / F/4-6,https://uomo.pittimmagine.com/en/pittimmagine/fairs/uomo/exhibitors/T/tela-genova,,https://www.facebook.com/telagenova/
TELACRUDA,ITALY,,Lifestyle; Denimwear; Workwear; Informal; Craftsmanship; Contemporary,Pitti Uomo 110,https://telacruda.com,info@telacruda.com,+08202671213 | WA: +393511699153,,https://www.instagram.com/telacruda,COSTRUZIONI LORENESI / PIANO TERRA / 5,https://uomo.pittimmagine.com/en/pittimmagine/fairs/uomo/exhibitors/T/telacruda,,https://www.facebook.com/Telacruda
TESI,ITALY,,Lifestyle; British Style; New Formal; Urban; Collection,Pitti Uomo 110,http://www.tesihats.com,info@tesihats.com,0558999595,,https://www.instagram.com/tesihats,PADIGLIONE CENTRALE / PIANO TERRA / J/3,https://uomo.pittimmagine.com/en/pittimmagine/fairs/uomo/exhibitors/T/tesi,,https://www.facebook.com/tesihats/
TEVA,U.S.A.,,,Pitti Uomo 110,,,,,,SALA DELLA RONDA / 5,,,
THE CHINO REVIVED,JAPAN,,Sustainable; Japan Style; Denimwear; Urban; Craftsmanship; Contemporary,Pitti Uomo 110,http://www.thechinorevived.com,info@thechinorevived.com,,,https://www.instagram.com/thechinorevived,SALA DELLE NAZIONI / A/13,https://uomo.pittimmagine.com/en/pittimmagine/fairs/uomo/exhibitors/T/the-chino-revived,,
THE JACK LEATHERS,ITALY,,Lifestyle; Classic; Globetrotter; Informal; Craftsmanship; Contemporary,Pitti Uomo 110,,,,,https://www.instagram.com/the_jack_and_jackie_leathers,PADIGLIONE CENTRALE / PIANO TERRA / D/8,https://uomo.pittimmagine.com/en/pittimmagine/fairs/uomo/exhibitors/J/the-jack-leathers,,
THE WHITE BRIEFS,SWEDEN,,,Pitti Uomo 110,http://www.thewhitebriefs.com,customerservice@thewhitebriefs.com,,,https://www.instagram.com/thewhitebriefs_official,PADIGLIONE CENTRALE / PIANO ATTICO / A/4-6,https://uomo.pittimmagine.com/en/pittimmagine/fairs/uomo/exhibitors/T/the-white-briefs,,https://www.facebook.com/thewhitebriefs
THE.NIM,ITALY,,,Pitti Uomo 110,http://www.emmepi-italia.com,info@emmepi-italia.com,+39 045 6090076,,https://www.instagram.com/thenimstandard,ARSENALE / PIANO TERRA / 7,https://uomo.pittimmagine.com/en/pittimmagine/fairs/uomo/exhibitors/T/the-nim,,https://www.facebook.com/EmmepiItaliaShowroom/
THE.NIM,ITALY,,,Pitti Uomo 110,http://www.emmepi-italia.com,info@emmepi-italia.com,+39 045 6090076,,https://www.instagram.com/thenimstandard,ARSENALE / PIANO TERRA / 7,https://uomo.pittimmagine.com/en/pittimmagine/fairs/uomo/exhibitors/T/the-nim,,https://www.facebook.com/EmmepiItaliaShowroom/
THEBALLON-CODE KOREA,KOREA (SOUTH),,,Pitti Uomo 110,https://theballon.co.kr,,,,https://www.instagram.com/theballon_official,POLVERIERA / 1,https://uomo.pittimmagine.com/en/pittimmagine/fairs/uomo/exhibitors/T/theballon-code-korea,,
THERA'S,ITALY,,High Performance; Activewear; Urban; Luxury; Craftsmanship; Contemporary; Collection,Pitti Uomo 110,https://www.theras-sandals.it,info@theras-sandals.it,+39 080 399 1533 | https://wa.me,,https://www.instagram.com/theras_sandals,ARSENALE / PIANO TERRA / 41,https://uomo.pittimmagine.com/en/pittimmagine/fairs/uomo/exhibitors/T/thera-s,,https://www.facebook.com/theras.sandals
THOMAS MAINE,NETHERLANDS,,Lifestyle; Essentials; Classic; Informal; Luxury; Craftsmanship; Contemporary; Collection,Pitti Uomo 110,https://thomasmaine.com,support@thomasmaine.com,+31203460046,https://www.linkedin.com/company/thomasmaine,https://www.instagram.com/thomas_maine,RONDINO / 5-6,https://uomo.pittimmagine.com/en/pittimmagine/fairs/uomo/exhibitors/T/thomas-maine,,
THOMAS PINK,UNITED KINGDOM,,,Pitti Uomo 110,,,,,,PADIGLIONE CENTRALE / PIANO TERRA / B/6,,,
TIGER OF SWEDEN,SWEDEN,,,Pitti Uomo 110,http://www.tigerofsweden.com,,,,https://www.instagram.com/tigerofsweden,PADIGLIONE CENTRALE / PIANO INFERIORE / R/18,https://uomo.pittimmagine.com/en/pittimmagine/fairs/uomo/exhibitors/T/tiger-of-sweden,,https://www.facebook.com/Tigerofsweden/
TIKI,ITALY,,Lifestyle; Essentials; Classic; New Formal; Luxury; Craftsmanship; Contemporary,Pitti Uomo 110,http://www.tiki.it,info@tiki.it,+39 0817879729,,https://www.instagram.com/tikinapoli,PADIGLIONE CENTRALE / PIANO TERRA / I/10,https://uomo.pittimmagine.com/en/pittimmagine/fairs/uomo/exhibitors/T/tiki,,https://www.facebook.com/tikinapoli
TMB,ITALY,,Lifestyle; Sustainable; Essentials; Outdoor; Globetrotter; High Performance; Activewear; Sportswear; Luxury; Contemporary,Pitti Uomo 110,http://www.tmbfashiongroup.com,info@tmbfashiongroup.com,+39 0733 511411,,https://www.instagram.com/tombolini_official,PADIGLIONE CENTRALE / PIANO INFERIORE / S/2-6,https://uomo.pittimmagine.com/en/pittimmagine/fairs/uomo/exhibitors/T/tmb,,https://tmbfashiongroup.com//tmbfashiongroup.com//www.facebook.com/TomboliniOfficial
TOM RIPLEY,GERMANY,,Lifestyle; Sustainable; Essentials; Classic; Urban; Luxury; Craftsmanship,Pitti Uomo 110,https://www.tom-ripley.com,shopservice@tom-ripley.com,+49961600672,,https://www.instagram.com/tomripleyfashion,PADIGLIONE CENTRALE / S. ALFA P.INFERIORE / 21,https://uomo.pittimmagine.com/en/pittimmagine/fairs/uomo/exhibitors/T/tom-ripley,,https://www.facebook.com/TomRipleyFashion
TOMBOLINI,ITALY,,Lifestyle; Sustainable; Essentials; Classic; Globetrotter; High Performance; Activewear; Luxury; Craftsmanship; Contemporary,Pitti Uomo 110,http://www.tombolini.it,info@tmbfashiongroup.com,+39 0733 511411,,https://www.instagram.com/tombolini_official,PADIGLIONE CENTRALE / PIANO INFERIORE / S/2-6,https://uomo.pittimmagine.com/en/pittimmagine/fairs/uomo/exhibitors/T/tombolini,,https://tmbfashiongroup.com//tmbfashiongroup.com//www.facebook.com/TomboliniOfficial
TOOCO,SAN MARINO,,Lifestyle; Outdoor; Globetrotter,Pitti Uomo 110,http://wwwtooco.it,,,,https://www.instagram.com/tooco_official,PADIGLIONE CAVANIGLIA / 54,https://uomo.pittimmagine.com/en/pittimmagine/fairs/uomo/exhibitors/T/tooco,,
TOP GUN,U.S.A.,,,Pitti Uomo 110,http://www.topgunstore.com,promo@topgunstore.com,+17186263303,https://www.linkedin.com/company/top-gun-store,https://www.instagram.com/topgunofficialstore,PADIGLIONE CENTRALE / PIANO TERRA / K/10,https://uomo.pittimmagine.com/en/pittimmagine/fairs/uomo/exhibitors/T/top-gun,,https://www.facebook.com/topgunofficialstoreus
TORRAS,SPAIN,,Lifestyle; Essentials; Premium Streetwear; Informal; Urban; Luxury; Craftsmanship; Contemporary,Pitti Uomo 110,http://www.torras.com,,WA: +34691905402,,https://www.instagram.com/torrasofficial,COSTRUZIONI LORENESI / PIANO PRIMO / 3,https://uomo.pittimmagine.com/en/pittimmagine/fairs/uomo/exhibitors/T/torras,,
TRAMAROSSA,ITALY,,,Pitti Uomo 110,http://www.tramarossa.com,,,,,PADIGLIONE CENTRALE / PIANO INFERIORE / P/14,https://uomo.pittimmagine.com/en/pittimmagine/fairs/uomo/exhibitors/T/tramarossa,,
TRANSIT,ITALY,,Lifestyle; Cutting-Edge; Nordic Style; Globetrotter; Informal; Craftsmanship; Contemporary,Pitti Uomo 110,http://www.transit.it,shoponline@transit.it,+01839530241,,https://www.instagram.com/transit_officialpage,PADIGLIONE CENTRALE / PIANO ATTICO / F/11,https://uomo.pittimmagine.com/en/pittimmagine/fairs/uomo/exhibitors/T/transit,,https://www.facebook.com/transitofficialpage
TRE CIME,ITALY,,Sustainable; Essentials; Outdoor; Sportswear; Craftsmanship,Pitti Uomo 110,https://www.trecimeshoes.com,web@trecimeshoes.com,+05326410262,,https://www.instagram.com/trecimeshoes,SALA DELLE NAZIONI / B/39,https://uomo.pittimmagine.com/en/pittimmagine/fairs/uomo/exhibitors/T/tre-cime,,https://www.facebook.com/trecimeshoes
TREZ,ITALY,,,Pitti Uomo 110,http://www.trez.it,simone.cappa@trez.it,+00390587274511,,https://www.instagram.com/trez_official,FURERIA / 7,https://uomo.pittimmagine.com/en/pittimmagine/fairs/uomo/exhibitors/T/trez,,https://www.facebook.com/trez.urbanwear
TSUCHIYA KABAN,JAPAN,,,Pitti Uomo 110,https://tsuchiya-kaban.com,,,,https://www.instagram.com/tsuchiya_kaban,PADIGLIONE CENTRALE / PIANO ATTICO / A/5,https://uomo.pittimmagine.com/en/pittimmagine/fairs/uomo/exhibitors/T/tsuchiya-kaban,,https://www.facebook.com/tsuchiyakaban.global
TUCANO,ITALY,,Lifestyle; Sustainable; Essentials; Agender; Informal; Contemporary; Collection,Pitti Uomo 110,https://tucano.com,info@tucano.it,+07742390151,https://www.linkedin.com/company/tucano-srl/posts/,https://www.instagram.com/tucano_official,PADIGLIONE CAVANIGLIA / 59-61,https://uomo.pittimmagine.com/en/pittimmagine/fairs/uomo/exhibitors/T/tucano,,
TUMI,FRANCE,,,Pitti Uomo 110,,,,,,PADIGLIONE CENTRALE / PIANO TERRA / C/11,,,
U.S. POLO ASSN.,ITALY,,,Pitti Uomo 110,http://www.uspoloassn.it,service@uspoloassn.it,+00286820972,,https://www.instagram.com/uspoloassneur,PADIGLIONE CAVANIGLIA / 32,https://uomo.pittimmagine.com/en/pittimmagine/fairs/uomo/exhibitors/U/u-s--polo-assn-,,https://www.facebook.com/USPoloAssnEUR
UNIMATIC,ITALY,,Special Co-Lab/Limited Edition; Essentials; Classic; High Performance; Luxury; Craftsmanship; Contemporary,Pitti Uomo 110,http://www.unimaticwatches.com,,+10846090966,,https://www.instagram.com/unimaticwatches,PADIGLIONE CENTRALE / PIANO ATTICO / F/10,https://uomo.pittimmagine.com/en/pittimmagine/fairs/uomo/exhibitors/U/unimatic,,https://www.facebook.com/unimaticwatches/
UNITY,ITALY,,Sustainable; Essentials; Outdoor; High Performance; Activewear,Pitti Uomo 110,https://unityoriginal.com,,,,https://www.instagram.com/unityoriginal_,PADIGLIONE CENTRALE / PIANO TERRA / H/22,https://uomo.pittimmagine.com/en/pittimmagine/fairs/uomo/exhibitors/U/unity,,
UNIVERSAL OVERALL,U.S.A.,,,Pitti Uomo 110,,,,,https://www.instagram.com/universaloverall_jp,AREA MONUMENTALE / SALA DELLA VOLTA E CORRIDOIO DELL'ARCO / 1,https://uomo.pittimmagine.com/en/pittimmagine/fairs/uomo/exhibitors/U/universal-overall,,
UNPACKED,ITALY,,,Pitti Uomo 110,,,,,,SALA DELLE NAZIONI / A/46,,,
VANDOMA,PORTUGAL,,Classic,Pitti Uomo 110,http://www.vandomaties.com,hello@vandomaties.com,+351) 225 023 261,,https://www.instagram.com/vandoma_ties,PADIGLIONE CENTRALE / PIANO TERRA / G/4,https://uomo.pittimmagine.com/en/pittimmagine/fairs/uomo/exhibitors/V/vandoma,,https://www.facebook.com/vandoma.ties
VEGAN TIGER - CODE KOREA,KOREA (SOUTH),,Lifestyle; Sustainable; Agender; Cutting-Edge; New Formal; Urban; Craftsmanship; Contemporary; Upcycling,Pitti Uomo 110,https://www.vegantigerkorea.com,vegantiger@naver.com,+07047710888,,,POLVERIERA / 1,https://uomo.pittimmagine.com/en/pittimmagine/fairs/uomo/exhibitors/V/vegan-tiger---code-korea,,
VENETA CINTURE,ITALY,,Essentials; British Style; Classic; New Formal; Denimwear; Workwear; Informal; Urban; Luxury; Craftsmanship,Pitti Uomo 110,http://www.venetacinture.it,,,,https://www.instagram.com/venetacinture,SALA DELLE NAZIONI / B/41,https://uomo.pittimmagine.com/en/pittimmagine/fairs/uomo/exhibitors/V/veneta-cinture,,
VERBENAS,SPAIN,,Lifestyle; Denimwear; Urban; Contemporary,Pitti Uomo 110,https://www.verbenas.com,,,,https://www.instagram.com/verbenas_brand,PADIGLIONE CAVANIGLIA / 101-102,https://uomo.pittimmagine.com/en/pittimmagine/fairs/uomo/exhibitors/V/verbenas,,
VICTORIA,SPAIN,,,Pitti Uomo 110,https://www.calzadosvictoria.com/it_it/home,victoria@calzadosvictoria.com,+34941152910,,https://www.instagram.com/victoria_shoes,PADIGLIONE CAVANIGLIA / 110,https://uomo.pittimmagine.com/en/pittimmagine/fairs/uomo/exhibitors/V/victoria,,https://www.facebook.com/VictoriaShoes
VIGNOLBAGS,ITALY,,Sustainable; Luxury; Craftsmanship,Pitti Uomo 110,http://www.vignolbags.com,info@vignolbags.com,+03793050489,,https://www.instagram.com/vignolbags,PADIGLIONE CENTRALE / PIANO TERRA / G/10,https://uomo.pittimmagine.com/en/pittimmagine/fairs/uomo/exhibitors/V/vignolbags,,
VIGNOLBAGS,ITALY,,Sustainable; Luxury; Craftsmanship,Pitti Uomo 110,http://www.vignolbags.com,info@vignolbags.com,+03793050489,,https://www.instagram.com/vignolbags,PADIGLIONE CENTRALE / PIANO TERRA / G/10,https://uomo.pittimmagine.com/en/pittimmagine/fairs/uomo/exhibitors/V/vignolbags,,
VISION OF SUPER,ITALY,,,Pitti Uomo 110,,,,,,,,,
VOILE BLANCHE,ITALY,,,Pitti Uomo 110,http://www.voileblanche.com,,,,https://www.instagram.com/voile_blanche,PADIGLIONE CAVANIGLIA / 28-29,https://uomo.pittimmagine.com/en/pittimmagine/fairs/uomo/exhibitors/V/voile-blanche,,
VON DUTCH,U.S.A.,,Lifestyle; Premium Streetwear; Urban,Pitti Uomo 110,http://www.vondutch.fr,,+334 75 90 66 97,,https://www.instagram.com/von_dutch_france,CORTILE DEL TEATRINO / 2,https://uomo.pittimmagine.com/en/pittimmagine/fairs/uomo/exhibitors/V/von-dutch,,
VTR,SPAIN,,,Pitti Uomo 110,,,,,,SALA DELLA RONDA / 6,,,
W6YZ,ITALY,,,Pitti Uomo 110,http://www.w6yz.com,support@w6yz.com,+39 0733 790730,,https://www.instagram.com/w6yz_official,PADIGLIONE CAVANIGLIA / 28-29,https://uomo.pittimmagine.com/en/pittimmagine/fairs/uomo/exhibitors/W/w6yz,,https://www.facebook.com/W6YZofficial/
WAHTS,NETHERLANDS,,Lifestyle; Sustainable; Essentials; Nordic Style; Globetrotter; Activewear; Sportswear; Informal; Urban; Contemporary,Pitti Uomo 110,http://www.wahts.com,,,,https://www.instagram.com/wahts_official,PADIGLIONE CENTRALE / PIANO ATTICO / A/9,https://uomo.pittimmagine.com/en/pittimmagine/fairs/uomo/exhibitors/W/wahts,,
WALKER SLATER,UNITED KINGDOM,,British Style; Classic; Contemporary; Collection,Pitti Uomo 110,http://www.walkerslater.com,,+44 131 220 2636,,https://www.instagram.com/walkerslater,PADIGLIONE CENTRALE / SALONE M P.INFERIORE / 18,https://uomo.pittimmagine.com/en/pittimmagine/fairs/uomo/exhibitors/W/walker-slater,,https://en-gb.facebook.com/WalkerSlaterTweed
WALSH,UNITED KINGDOM,,,Pitti Uomo 110,,,,,,PADIGLIONE CAVANIGLIA / 25,,,
WAX LONDON,UNITED KINGDOM,,,Pitti Uomo 110,https://waxlondon.com,,,,https://www.instagram.com/waxlondonclothing,ARSENALE / PIANO TERRA / 22,https://uomo.pittimmagine.com/en/pittimmagine/fairs/uomo/exhibitors/W/wax-london,,
WEEKEND OFFENDER,UNITED KINGDOM,,,Pitti Uomo 110,https://www.weekendoffender.com,,,,https://www.instagram.com/weekendoffender,ARMERIA / 3,https://uomo.pittimmagine.com/en/pittimmagine/fairs/uomo/exhibitors/W/weekend-offender,,
WIGÉNS,SWEDEN,,,Pitti Uomo 110,http://www.houseofamandachristensen.com,,,,https://www.instagram.com/wigenssweden,PADIGLIONE CENTRALE / PIANO INFERIORE / O/19,https://uomo.pittimmagine.com/en/pittimmagine/fairs/uomo/exhibitors/W/wig-ns,,
WILLIAM PALMER,UNITED KINGDOM,,,Pitti Uomo 110,,,,,,SALA DELLE NAZIONI / B/1,,,
WOC,ITALY,,Essentials; Activewear; Premium Streetwear; Informal; Urban; Youth Culture; Contemporary,Pitti Uomo 110,https://wocbrand.com,,,,https://www.instagram.com/woc_brand,ARSENALE / PIANO TERRA / 28-33,https://uomo.pittimmagine.com/en/pittimmagine/fairs/uomo/exhibitors/W/woc,,
WOODBIRD,DENMARK,,,Pitti Uomo 110,https://woodbird.eu,,,,https://www.instagram.com/woodbirdofficial,ARMERIA / 6,https://uomo.pittimmagine.com/en/pittimmagine/fairs/uomo/exhibitors/W/woodbird,,
WOOL & CO,ITALY,,,Pitti Uomo 110,http://www.woolgroup.it,info@woolgroup.it,3450058,,https://www.instagram.com/woolandco,PADIGLIONE CENTRALE / PIANO TERRA / H/10,https://uomo.pittimmagine.com/en/pittimmagine/fairs/uomo/exhibitors/W/wool---co,,
WOOLRICH,U.S.A.,,Workwear; Outdoor; Premium Streetwear; Urban,Pitti Uomo 110,,,,,https://www.instagram.com/woolrich,PIAZZALE GHIAIA / 2,https://uomo.pittimmagine.com/en/pittimmagine/fairs/uomo/exhibitors/W/woolrich,,
WOZ,ITALY,,Sustainable; New Formal,Pitti Uomo 110,http://WWW.WOZ.IT,info@woz.it,+39 055 879 0060,,https://www.instagram.com/wozshoes,PADIGLIONE CAVANIGLIA / 109,https://uomo.pittimmagine.com/en/pittimmagine/fairs/uomo/exhibitors/W/woz,,https://www.facebook.com/wozshoe
WRONG FRIENDS,NETHERLANDS,,Lifestyle; Special Co-Lab/Limited Edition; Essentials; Denimwear; Premium Streetwear; Informal; Urban; Youth Culture; Collection,Pitti Uomo 110,https://wrong-friends.nl,,,,https://www.instagram.com/wrong.friends,ARMERIA / 7,https://uomo.pittimmagine.com/en/pittimmagine/fairs/uomo/exhibitors/W/wrong-friends,,
WYETH,U.S.A.,,Lifestyle; Agender; Classic; Outdoor; Premium Streetwear; Craftsmanship; Contemporary,Pitti Uomo 110,http://www.wyethusa.com,,,,https://www.instagram.com/wyeth_usa,ARSENALE / PIANO TERRA / 45,https://uomo.pittimmagine.com/en/pittimmagine/fairs/uomo/exhibitors/W/wyeth,,
XACUS,ITALY,,Lifestyle; Sustainable; Classic; New Formal; Denimwear; Outdoor; High Performance; Activewear; Sportswear; Contemporary,Pitti Uomo 110,http://www.xacus.com,,,,https://www.instagram.com/xacus,PADIGLIONE CENTRALE / PIANO INFERIORE / N/1-2 O/1-3,https://uomo.pittimmagine.com/en/pittimmagine/fairs/uomo/exhibitors/X/xacus,,
XD MEN,CROATIA,,Essentials; Agender; Cutting-Edge; Urban; Youth Culture; Contemporary; Upcycling,Pitti Uomo 110,http://www.ssyynn.com; www.xenia-design.com,,,,,SALA DELLE NAZIONI / B/36,https://uomo.pittimmagine.com/en/pittimmagine/fairs/uomo/exhibitors/X/xd-men,,
YACHTING SOUL,ITALY,,Lifestyle; Denimwear; Workwear; Globetrotter; Sportswear; Premium Streetwear; Youth Culture,Pitti Uomo 110,,,,,,ARMERIA / 10-12,https://uomo.pittimmagine.com/en/pittimmagine/fairs/uomo/exhibitors/Y/yachting-soul,,
YES ZEE,ITALY,,Lifestyle; Sustainable; Essentials; Denimwear; Informal; Urban,Pitti Uomo 110,http://www.essenza.it,,,,https://www.instagram.com/yeszeeofficial,PADIGLIONE CENTRALE / PIANO TERRA / K/11-13 L/12-14,https://uomo.pittimmagine.com/en/pittimmagine/fairs/uomo/exhibitors/Y/yes-zee,,
YUNLI - OUTOPIA BY VANISH,KOREA (SOUTH),,,Pitti Uomo 110,,,,,,SALA DELLA RONDA / 24-25,,,
ZAMPIERE,SPAIN,,Lifestyle; Classic; New Formal; Premium Streetwear; Informal; Urban; Luxury; Craftsmanship; Contemporary,Pitti Uomo 110,http://WWW.zampiere.com,,,,https://www.instagram.com/zampiereshoes,PADIGLIONE CENTRALE / SALONE M P.INFERIORE / 15,https://uomo.pittimmagine.com/en/pittimmagine/fairs/uomo/exhibitors/Z/zampiere,,
ZARDUS,PORTUGAL,,Lifestyle; Sustainable; Nordic Style; Japan Style; British Style; Premium Streetwear; Urban; Youth Culture; Craftsmanship; Contemporary,Pitti Uomo 110,http://www.zardus.com,global@zardus.pt,+351919686387,,https://www.instagram.com/zardus_shoes,SALA DELLE NAZIONI / A/45,https://uomo.pittimmagine.com/en/pittimmagine/fairs/uomo/exhibitors/Z/zardus,,https://www.facebook.com/zardusshoes
ZEYBRA,ITALY,,Lifestyle; Sustainable; Essentials; Activewear; Luxury; Contemporary; Collection,Pitti Uomo 110,https://zeybra.com,store@clan.it,+01653360204,,https://www.instagram.com/zeybra_portofino,PADIGLIONE CENTRALE / PIANO TERRA / K/20,https://uomo.pittimmagine.com/en/pittimmagine/fairs/uomo/exhibitors/Z/zeybra,,https://www.facebook.com/zeybra.portofino
ZIFEI WANG - CHINA WAVE,CHINA,,,Pitti Uomo 110,,,,,,COSTRUZIONI LORENESI / PIANO TERRA,,,
ZUITABLE,GERMANY,,Lifestyle; Essentials; New Formal; High Performance; Activewear; Urban; Contemporary; Collection,Pitti Uomo 110,https://zuitable.com,,,,https://www.instagram.com/zuitablefashion,RONDINO / 9,https://uomo.pittimmagine.com/en/pittimmagine/fairs/uomo/exhibitors/Z/zuitable,,
ZYPHOR,UNITED KINGDOM,,,Pitti Uomo 110,https://zyphor.io,,,,https://www.instagram.com/zyphor.io,SALA DELLA RONDA / 18,https://uomo.pittimmagine.com/en/pittimmagine/fairs/uomo/exhibitors/Z/zyphor,,
