Company,Category,Country,Stand,IFE Profile,Relevant,Sales Navigator Search,LinkedIn People Search,Apollo Search,Apollo People Search,Contact Name,Contact Title,Contact Email,Website,Description,AI Message,Status,Interest Level,Notes,company_name_scraped,description,phone_scraped,address,linkedin_company_url,industry,enrichment_status,score,Email,Title,Fair,Phone,email_is_business,website_ok,title_valid,tier1_passes,tier2_points,outreach_category,company_name,phone,linkedin_url
Acme Organics LLC,Stand: N1410f,,Stand: N1410f,https://www.ife.co.ukexhibitors/acme-organics-llc,YES,https://www.linkedin.com/sales/search/people?keywords=Acme%20Organics%20LLC&titleFreeText=CEO%20OR%20MD%20OR%20Director%20OR%20Buyer%20OR%20Procurement,https://www.linkedin.com/search/results/people/?keywords=Acme%20Organics%20LLC&titleFreeText=CEO%20OR%20MD%20OR%20%22Managing%20Director%22%20OR%20Founder%20OR%20Director%20OR%20Buyer%20OR%20Procurement%20OR%20%22Head%20of%20Sales%22,https://app.apollo.io/#/companies?q_organization_name=Acme%20Organics%20LLC,https://app.apollo.io/#/people?q_organization_name=Acme%20Organics%20LLC&personTitles[]=CEO&personTitles[]=Managing%20Director&personTitles[]=Founder&personTitles[]=Director&personTitles[]=Head%20of%20Procurement&personTitles[]=Buyer&personTitles[]=Commercial%20Director&personTitles[]=Export%20Manager,,,,,,,New,,,,,,,,,partial,0,,,,,False,False,False,0,0,skip,,,
Action Foods,Stand: N4180,,Stand: N4180,https://www.ife.co.ukexhibitors/action-foods-1,YES,https://www.linkedin.com/sales/search/people?keywords=Action%20Foods&titleFreeText=CEO%20OR%20MD%20OR%20Director%20OR%20Buyer%20OR%20Procurement,https://www.linkedin.com/search/results/people/?keywords=Action%20Foods&titleFreeText=CEO%20OR%20MD%20OR%20%22Managing%20Director%22%20OR%20Founder%20OR%20Director%20OR%20Buyer%20OR%20Procurement%20OR%20%22Head%20of%20Sales%22,https://app.apollo.io/#/companies?q_organization_name=Action%20Foods,https://app.apollo.io/#/people?q_organization_name=Action%20Foods&personTitles[]=CEO&personTitles[]=Managing%20Director&personTitles[]=Founder&personTitles[]=Director&personTitles[]=Head%20of%20Procurement&personTitles[]=Buyer&personTitles[]=Commercial%20Director&personTitles[]=Export%20Manager,,,,,,,New,,,,,,,,,partial,0,,,,,False,False,False,0,0,skip,,,
ADF FOODS UK LTD,Stand: N2330,,Stand: N2330,https://www.ife.co.ukexhibitors/adf-foods-uk,YES,https://www.linkedin.com/sales/search/people?keywords=ADF%20FOODS%20UK%20LTD&titleFreeText=CEO%20OR%20MD%20OR%20Director%20OR%20Buyer%20OR%20Procurement,https://www.linkedin.com/search/results/people/?keywords=ADF%20FOODS%20UK%20LTD&titleFreeText=CEO%20OR%20MD%20OR%20%22Managing%20Director%22%20OR%20Founder%20OR%20Director%20OR%20Buyer%20OR%20Procurement%20OR%20%22Head%20of%20Sales%22,https://app.apollo.io/#/companies?q_organization_name=ADF%20FOODS%20UK%20LTD,https://app.apollo.io/#/people?q_organization_name=ADF%20FOODS%20UK%20LTD&personTitles[]=CEO&personTitles[]=Managing%20Director&personTitles[]=Founder&personTitles[]=Director&personTitles[]=Head%20of%20Procurement&personTitles[]=Buyer&personTitles[]=Commercial%20Director&personTitles[]=Export%20Manager,,,,,,,New,,,,,,,,,partial,0,,,,,False,False,False,0,0,skip,,,
ADM Foods International,Stand: N3801,,Stand: N3801,https://www.ife.co.ukexhibitors/adm-foods-international,YES,https://www.linkedin.com/sales/search/people?keywords=ADM%20Foods%20International&titleFreeText=CEO%20OR%20MD%20OR%20Director%20OR%20Buyer%20OR%20Procurement,https://www.linkedin.com/search/results/people/?keywords=ADM%20Foods%20International&titleFreeText=CEO%20OR%20MD%20OR%20%22Managing%20Director%22%20OR%20Founder%20OR%20Director%20OR%20Buyer%20OR%20Procurement%20OR%20%22Head%20of%20Sales%22,https://app.apollo.io/#/companies?q_organization_name=ADM%20Foods%20International,https://app.apollo.io/#/people?q_organization_name=ADM%20Foods%20International&personTitles[]=CEO&personTitles[]=Managing%20Director&personTitles[]=Founder&personTitles[]=Director&personTitles[]=Head%20of%20Procurement&personTitles[]=Buyer&personTitles[]=Commercial%20Director&personTitles[]=Export%20Manager,,,,,,,New,,,,,,,,,partial,0,,,,,False,False,False,0,0,skip,,,
Aghati Sweets,Stand: N4410j,,Stand: N4410j,https://www.ife.co.ukexhibitors/aghati-sweets,YES,https://www.linkedin.com/sales/search/people?keywords=Aghati%20Sweets&titleFreeText=CEO%20OR%20MD%20OR%20Director%20OR%20Buyer%20OR%20Procurement,https://www.linkedin.com/search/results/people/?keywords=Aghati%20Sweets&titleFreeText=CEO%20OR%20MD%20OR%20%22Managing%20Director%22%20OR%20Founder%20OR%20Director%20OR%20Buyer%20OR%20Procurement%20OR%20%22Head%20of%20Sales%22,https://app.apollo.io/#/companies?q_organization_name=Aghati%20Sweets,https://app.apollo.io/#/people?q_organization_name=Aghati%20Sweets&personTitles[]=CEO&personTitles[]=Managing%20Director&personTitles[]=Founder&personTitles[]=Director&personTitles[]=Head%20of%20Procurement&personTitles[]=Buyer&personTitles[]=Commercial%20Director&personTitles[]=Export%20Manager,,,,,,,New,,,,,,,,,partial,0,,,,,False,False,False,0,0,skip,,,
Agricultural and Processed Food Products Export Development Authority (APEDA),"Stand: N1310, N1370, N1350, N1330",,"Stand: N1310, N1370, N1350, N1330",https://www.ife.co.ukexhibitors/agricultural-processed-food-products-export-development-authority-apeda-2,YES,https://www.linkedin.com/sales/search/people?keywords=Agricultural%20and%20Processed%20Food%20Products%20Export%20Development%20Authority%20(APEDA)&titleFreeText=CEO%20OR%20MD%20OR%20Director%20OR%20Buyer%20OR%20Procurement,https://www.linkedin.com/search/results/people/?keywords=Agricultural%20and%20Processed%20Food%20Products%20Export%20Development%20Authority%20(APEDA)&titleFreeText=CEO%20OR%20MD%20OR%20%22Managing%20Director%22%20OR%20Founder%20OR%20Director%20OR%20Buyer%20OR%20Procurement%20OR%20%22Head%20of%20Sales%22,https://app.apollo.io/#/companies?q_organization_name=Agricultural%20and%20Processed%20Food%20Products%20Export%20Development%20Authority%20(APEDA),https://app.apollo.io/#/people?q_organization_name=Agricultural%20and%20Processed%20Food%20Products%20Export%20Development%20Authority%20(APEDA)&personTitles[]=CEO&personTitles[]=Managing%20Director&personTitles[]=Founder&personTitles[]=Director&personTitles[]=Head%20of%20Procurement&personTitles[]=Buyer&personTitles[]=Commercial%20Director&personTitles[]=Export%20Manager,,,,,,,New,,,,,,,,,partial,0,,,,,False,False,False,0,0,skip,,,
AHA GLOBAL ( v7 DRINK ),Stand: N2739,,Stand: N2739,https://www.ife.co.ukexhibitors/aha-global-v7-drink--1,YES,https://www.linkedin.com/sales/search/people?keywords=AHA%20GLOBAL%20(%20v7%20DRINK%20)&titleFreeText=CEO%20OR%20MD%20OR%20Director%20OR%20Buyer%20OR%20Procurement,https://www.linkedin.com/search/results/people/?keywords=AHA%20GLOBAL%20(%20v7%20DRINK%20)&titleFreeText=CEO%20OR%20MD%20OR%20%22Managing%20Director%22%20OR%20Founder%20OR%20Director%20OR%20Buyer%20OR%20Procurement%20OR%20%22Head%20of%20Sales%22,https://app.apollo.io/#/companies?q_organization_name=AHA%20GLOBAL%20(%20v7%20DRINK%20),https://app.apollo.io/#/people?q_organization_name=AHA%20GLOBAL%20(%20v7%20DRINK%20)&personTitles[]=CEO&personTitles[]=Managing%20Director&personTitles[]=Founder&personTitles[]=Director&personTitles[]=Head%20of%20Procurement&personTitles[]=Buyer&personTitles[]=Commercial%20Director&personTitles[]=Export%20Manager,,,,,,,New,,,,,,,,,partial,0,,,,,False,False,False,0,0,skip,,,
AIB Foods Ltd,Stand: N2510,,Stand: N2510,https://www.ife.co.ukexhibitors/aib-foods-1,YES,https://www.linkedin.com/sales/search/people?keywords=AIB%20Foods%20Ltd&titleFreeText=CEO%20OR%20MD%20OR%20Director%20OR%20Buyer%20OR%20Procurement,https://www.linkedin.com/search/results/people/?keywords=AIB%20Foods%20Ltd&titleFreeText=CEO%20OR%20MD%20OR%20%22Managing%20Director%22%20OR%20Founder%20OR%20Director%20OR%20Buyer%20OR%20Procurement%20OR%20%22Head%20of%20Sales%22,https://app.apollo.io/#/companies?q_organization_name=AIB%20Foods%20Ltd,https://app.apollo.io/#/people?q_organization_name=AIB%20Foods%20Ltd&personTitles[]=CEO&personTitles[]=Managing%20Director&personTitles[]=Founder&personTitles[]=Director&personTitles[]=Head%20of%20Procurement&personTitles[]=Buyer&personTitles[]=Commercial%20Director&personTitles[]=Export%20Manager,,,,,,,New,,,,,,,,,partial,0,,,,,False,False,False,0,0,skip,,,
AIDA FOODS,Stand: N4055,,Stand: N4055,https://www.ife.co.ukexhibitors/aida-foods-1,YES,https://www.linkedin.com/sales/search/people?keywords=AIDA%20FOODS&titleFreeText=CEO%20OR%20MD%20OR%20Director%20OR%20Buyer%20OR%20Procurement,https://www.linkedin.com/search/results/people/?keywords=AIDA%20FOODS&titleFreeText=CEO%20OR%20MD%20OR%20%22Managing%20Director%22%20OR%20Founder%20OR%20Director%20OR%20Buyer%20OR%20Procurement%20OR%20%22Head%20of%20Sales%22,https://app.apollo.io/#/companies?q_organization_name=AIDA%20FOODS,https://app.apollo.io/#/people?q_organization_name=AIDA%20FOODS&personTitles[]=CEO&personTitles[]=Managing%20Director&personTitles[]=Founder&personTitles[]=Director&personTitles[]=Head%20of%20Procurement&personTitles[]=Buyer&personTitles[]=Commercial%20Director&personTitles[]=Export%20Manager,,,,,,,New,,,,,,,,,partial,0,,,,,False,False,False,0,0,skip,,,
AKANLAR FOOD CO.,Stand: N3661,,Stand: N3661,https://www.ife.co.ukexhibitors/akanlar-food-co-1,YES,https://www.linkedin.com/sales/search/people?keywords=AKANLAR%20FOOD%20CO.&titleFreeText=CEO%20OR%20MD%20OR%20Director%20OR%20Buyer%20OR%20Procurement,https://www.linkedin.com/search/results/people/?keywords=AKANLAR%20FOOD%20CO.&titleFreeText=CEO%20OR%20MD%20OR%20%22Managing%20Director%22%20OR%20Founder%20OR%20Director%20OR%20Buyer%20OR%20Procurement%20OR%20%22Head%20of%20Sales%22,https://app.apollo.io/#/companies?q_organization_name=AKANLAR%20FOOD%20CO.,https://app.apollo.io/#/people?q_organization_name=AKANLAR%20FOOD%20CO.&personTitles[]=CEO&personTitles[]=Managing%20Director&personTitles[]=Founder&personTitles[]=Director&personTitles[]=Head%20of%20Procurement&personTitles[]=Buyer&personTitles[]=Commercial%20Director&personTitles[]=Export%20Manager,,,,,,,New,,,,,,,,,partial,0,,,,,False,False,False,0,0,skip,,,
Al Saraya Sweets,Stand: N4630,,Stand: N4630,https://www.ife.co.ukexhibitors/al-saraya-sweets,YES,https://www.linkedin.com/sales/search/people?keywords=Al%20Saraya%20Sweets&titleFreeText=CEO%20OR%20MD%20OR%20Director%20OR%20Buyer%20OR%20Procurement,https://www.linkedin.com/search/results/people/?keywords=Al%20Saraya%20Sweets&titleFreeText=CEO%20OR%20MD%20OR%20%22Managing%20Director%22%20OR%20Founder%20OR%20Director%20OR%20Buyer%20OR%20Procurement%20OR%20%22Head%20of%20Sales%22,https://app.apollo.io/#/companies?q_organization_name=Al%20Saraya%20Sweets,https://app.apollo.io/#/people?q_organization_name=Al%20Saraya%20Sweets&personTitles[]=CEO&personTitles[]=Managing%20Director&personTitles[]=Founder&personTitles[]=Director&personTitles[]=Head%20of%20Procurement&personTitles[]=Buyer&personTitles[]=Commercial%20Director&personTitles[]=Export%20Manager,,,,,,,New,,,,,,,,,partial,0,,,,,False,False,False,0,0,skip,,,
Alhussan Food Factory,Stand: N1730c,,Stand: N1730c,https://www.ife.co.ukexhibitors/alhussan-food-factory,YES,https://www.linkedin.com/sales/search/people?keywords=Alhussan%20Food%20Factory&titleFreeText=CEO%20OR%20MD%20OR%20Director%20OR%20Buyer%20OR%20Procurement,https://www.linkedin.com/search/results/people/?keywords=Alhussan%20Food%20Factory&titleFreeText=CEO%20OR%20MD%20OR%20%22Managing%20Director%22%20OR%20Founder%20OR%20Director%20OR%20Buyer%20OR%20Procurement%20OR%20%22Head%20of%20Sales%22,https://app.apollo.io/#/companies?q_organization_name=Alhussan%20Food%20Factory,https://app.apollo.io/#/people?q_organization_name=Alhussan%20Food%20Factory&personTitles[]=CEO&personTitles[]=Managing%20Director&personTitles[]=Founder&personTitles[]=Director&personTitles[]=Head%20of%20Procurement&personTitles[]=Buyer&personTitles[]=Commercial%20Director&personTitles[]=Export%20Manager,,,,,,,New,,,,,,,,,partial,0,,,,,False,False,False,0,0,skip,,,
AMINA'S WONDER SPICE,Stand: N3056,,Stand: N3056,https://www.ife.co.ukexhibitors/aminas-wonder-spice-1,YES,https://www.linkedin.com/sales/search/people?keywords=AMINA'S%20WONDER%20SPICE&titleFreeText=CEO%20OR%20MD%20OR%20Director%20OR%20Buyer%20OR%20Procurement,https://www.linkedin.com/search/results/people/?keywords=AMINA'S%20WONDER%20SPICE&titleFreeText=CEO%20OR%20MD%20OR%20%22Managing%20Director%22%20OR%20Founder%20OR%20Director%20OR%20Buyer%20OR%20Procurement%20OR%20%22Head%20of%20Sales%22,https://app.apollo.io/#/companies?q_organization_name=AMINA'S%20WONDER%20SPICE,https://app.apollo.io/#/people?q_organization_name=AMINA'S%20WONDER%20SPICE&personTitles[]=CEO&personTitles[]=Managing%20Director&personTitles[]=Founder&personTitles[]=Director&personTitles[]=Head%20of%20Procurement&personTitles[]=Buyer&personTitles[]=Commercial%20Director&personTitles[]=Export%20Manager,,,,,,,New,,,,,,,,,partial,0,,,,,False,False,False,0,0,skip,,,
ANDROS UK FOODSERVICE,Stand: N3349,,Stand: N3349,https://www.ife.co.ukexhibitors/andros-uk-foodservice-1,YES,https://www.linkedin.com/sales/search/people?keywords=ANDROS%20UK%20FOODSERVICE&titleFreeText=CEO%20OR%20MD%20OR%20Director%20OR%20Buyer%20OR%20Procurement,https://www.linkedin.com/search/results/people/?keywords=ANDROS%20UK%20FOODSERVICE&titleFreeText=CEO%20OR%20MD%20OR%20%22Managing%20Director%22%20OR%20Founder%20OR%20Director%20OR%20Buyer%20OR%20Procurement%20OR%20%22Head%20of%20Sales%22,https://app.apollo.io/#/companies?q_organization_name=ANDROS%20UK%20FOODSERVICE,https://app.apollo.io/#/people?q_organization_name=ANDROS%20UK%20FOODSERVICE&personTitles[]=CEO&personTitles[]=Managing%20Director&personTitles[]=Founder&personTitles[]=Director&personTitles[]=Head%20of%20Procurement&personTitles[]=Buyer&personTitles[]=Commercial%20Director&personTitles[]=Export%20Manager,,,,,,,New,,,,,,,,,partial,0,,,,,False,False,False,0,0,skip,,,
"AnHui KaiLai Packaging Co.,Ltd",Stand: N1450b,,Stand: N1450b,https://www.ife.co.ukexhibitors/anhui-kailai-packaging-co,YES,"https://www.linkedin.com/sales/search/people?keywords=AnHui%20KaiLai%20Packaging%20Co.,Ltd&titleFreeText=CEO%20OR%20MD%20OR%20Director%20OR%20Buyer%20OR%20Procurement","https://www.linkedin.com/search/results/people/?keywords=AnHui%20KaiLai%20Packaging%20Co.,Ltd&titleFreeText=CEO%20OR%20MD%20OR%20%22Managing%20Director%22%20OR%20Founder%20OR%20Director%20OR%20Buyer%20OR%20Procurement%20OR%20%22Head%20of%20Sales%22","https://app.apollo.io/#/companies?q_organization_name=AnHui%20KaiLai%20Packaging%20Co.,Ltd","https://app.apollo.io/#/people?q_organization_name=AnHui%20KaiLai%20Packaging%20Co.,Ltd&personTitles[]=CEO&personTitles[]=Managing%20Director&personTitles[]=Founder&personTitles[]=Director&personTitles[]=Head%20of%20Procurement&personTitles[]=Buyer&personTitles[]=Commercial%20Director&personTitles[]=Export%20Manager",,,,,,,New,,,,,,,,,partial,0,,,,,False,False,False,0,0,skip,,,
Argo Sweets,Stand: N4350,,Stand: N4350,https://www.ife.co.ukexhibitors/argo-sweets,YES,https://www.linkedin.com/sales/search/people?keywords=Argo%20Sweets&titleFreeText=CEO%20OR%20MD%20OR%20Director%20OR%20Buyer%20OR%20Procurement,https://www.linkedin.com/search/results/people/?keywords=Argo%20Sweets&titleFreeText=CEO%20OR%20MD%20OR%20%22Managing%20Director%22%20OR%20Founder%20OR%20Director%20OR%20Buyer%20OR%20Procurement%20OR%20%22Head%20of%20Sales%22,https://app.apollo.io/#/companies?q_organization_name=Argo%20Sweets,https://app.apollo.io/#/people?q_organization_name=Argo%20Sweets&personTitles[]=CEO&personTitles[]=Managing%20Director&personTitles[]=Founder&personTitles[]=Director&personTitles[]=Head%20of%20Procurement&personTitles[]=Buyer&personTitles[]=Commercial%20Director&personTitles[]=Export%20Manager,,,,,,,New,,,,,,,,,partial,0,,,,,False,False,False,0,0,skip,,,
AROHA CHOCOLATE,Stand: N936,,Stand: N936,https://www.ife.co.ukexhibitors/aroha-chocolate,YES,https://www.linkedin.com/sales/search/people?keywords=AROHA%20CHOCOLATE&titleFreeText=CEO%20OR%20MD%20OR%20Director%20OR%20Buyer%20OR%20Procurement,https://www.linkedin.com/search/results/people/?keywords=AROHA%20CHOCOLATE&titleFreeText=CEO%20OR%20MD%20OR%20%22Managing%20Director%22%20OR%20Founder%20OR%20Director%20OR%20Buyer%20OR%20Procurement%20OR%20%22Head%20of%20Sales%22,https://app.apollo.io/#/companies?q_organization_name=AROHA%20CHOCOLATE,https://app.apollo.io/#/people?q_organization_name=AROHA%20CHOCOLATE&personTitles[]=CEO&personTitles[]=Managing%20Director&personTitles[]=Founder&personTitles[]=Director&personTitles[]=Head%20of%20Procurement&personTitles[]=Buyer&personTitles[]=Commercial%20Director&personTitles[]=Export%20Manager,,,,,,,New,,,,,,,,,partial,0,,,,,False,False,False,0,0,skip,,,
Arrow Juice Factory for Bottling & Production,Stand: N1750a,,Stand: N1750a,https://www.ife.co.ukexhibitors/arrow-juice-factory-bottling-production,YES,https://www.linkedin.com/sales/search/people?keywords=Arrow%20Juice%20Factory%20for%20Bottling%20%26%20Production&titleFreeText=CEO%20OR%20MD%20OR%20Director%20OR%20Buyer%20OR%20Procurement,https://www.linkedin.com/search/results/people/?keywords=Arrow%20Juice%20Factory%20for%20Bottling%20%26%20Production&titleFreeText=CEO%20OR%20MD%20OR%20%22Managing%20Director%22%20OR%20Founder%20OR%20Director%20OR%20Buyer%20OR%20Procurement%20OR%20%22Head%20of%20Sales%22,https://app.apollo.io/#/companies?q_organization_name=Arrow%20Juice%20Factory%20for%20Bottling%20&%20Production,https://app.apollo.io/#/people?q_organization_name=Arrow%20Juice%20Factory%20for%20Bottling%20&%20Production&personTitles[]=CEO&personTitles[]=Managing%20Director&personTitles[]=Founder&personTitles[]=Director&personTitles[]=Head%20of%20Procurement&personTitles[]=Buyer&personTitles[]=Commercial%20Director&personTitles[]=Export%20Manager,,,,,,,New,,,,,,,,,partial,0,,,,,False,False,False,0,0,skip,,,
ASCO Foods,Stand: N2410,,Stand: N2410,https://www.ife.co.ukexhibitors/asco-foods-1,YES,https://www.linkedin.com/sales/search/people?keywords=ASCO%20Foods&titleFreeText=CEO%20OR%20MD%20OR%20Director%20OR%20Buyer%20OR%20Procurement,https://www.linkedin.com/search/results/people/?keywords=ASCO%20Foods&titleFreeText=CEO%20OR%20MD%20OR%20%22Managing%20Director%22%20OR%20Founder%20OR%20Director%20OR%20Buyer%20OR%20Procurement%20OR%20%22Head%20of%20Sales%22,https://app.apollo.io/#/companies?q_organization_name=ASCO%20Foods,https://app.apollo.io/#/people?q_organization_name=ASCO%20Foods&personTitles[]=CEO&personTitles[]=Managing%20Director&personTitles[]=Founder&personTitles[]=Director&personTitles[]=Head%20of%20Procurement&personTitles[]=Buyer&personTitles[]=Commercial%20Director&personTitles[]=Export%20Manager,,,,,,,New,,,,,,,,,partial,0,,,,,False,False,False,0,0,skip,,,
Austin Foods and Beverages Pvt. Ltd.,Stand: N2752,,Stand: N2752,https://www.ife.co.ukexhibitors/austin-foods-beverages-pvt-,YES,https://www.linkedin.com/sales/search/people?keywords=Austin%20Foods%20and%20Beverages%20Pvt.%20Ltd.&titleFreeText=CEO%20OR%20MD%20OR%20Director%20OR%20Buyer%20OR%20Procurement,https://www.linkedin.com/search/results/people/?keywords=Austin%20Foods%20and%20Beverages%20Pvt.%20Ltd.&titleFreeText=CEO%20OR%20MD%20OR%20%22Managing%20Director%22%20OR%20Founder%20OR%20Director%20OR%20Buyer%20OR%20Procurement%20OR%20%22Head%20of%20Sales%22,https://app.apollo.io/#/companies?q_organization_name=Austin%20Foods%20and%20Beverages%20Pvt.%20Ltd.,https://app.apollo.io/#/people?q_organization_name=Austin%20Foods%20and%20Beverages%20Pvt.%20Ltd.&personTitles[]=CEO&personTitles[]=Managing%20Director&personTitles[]=Founder&personTitles[]=Director&personTitles[]=Head%20of%20Procurement&personTitles[]=Buyer&personTitles[]=Commercial%20Director&personTitles[]=Export%20Manager,,,,,,,New,,,,,,,,,partial,0,,,,,False,False,False,0,0,skip,,,
Ausvision Meat Processors,Stand: S1010,,Stand: S1010,https://www.ife.co.ukexhibitors/ausvision-meat-processors,YES,https://www.linkedin.com/sales/search/people?keywords=Ausvision%20Meat%20Processors&titleFreeText=CEO%20OR%20MD%20OR%20Director%20OR%20Buyer%20OR%20Procurement,https://www.linkedin.com/search/results/people/?keywords=Ausvision%20Meat%20Processors&titleFreeText=CEO%20OR%20MD%20OR%20%22Managing%20Director%22%20OR%20Founder%20OR%20Director%20OR%20Buyer%20OR%20Procurement%20OR%20%22Head%20of%20Sales%22,https://app.apollo.io/#/companies?q_organization_name=Ausvision%20Meat%20Processors,https://app.apollo.io/#/people?q_organization_name=Ausvision%20Meat%20Processors&personTitles[]=CEO&personTitles[]=Managing%20Director&personTitles[]=Founder&personTitles[]=Director&personTitles[]=Head%20of%20Procurement&personTitles[]=Buyer&personTitles[]=Commercial%20Director&personTitles[]=Export%20Manager,,,,,,,New,,,,,,,,,partial,0,,,,,False,False,False,0,0,skip,,,
AVA Food And Beverages Ltd,Stand: N4380,,Stand: N4380,https://www.ife.co.ukexhibitors/ava-food-beverages,YES,https://www.linkedin.com/sales/search/people?keywords=AVA%20Food%20And%20Beverages%20Ltd&titleFreeText=CEO%20OR%20MD%20OR%20Director%20OR%20Buyer%20OR%20Procurement,https://www.linkedin.com/search/results/people/?keywords=AVA%20Food%20And%20Beverages%20Ltd&titleFreeText=CEO%20OR%20MD%20OR%20%22Managing%20Director%22%20OR%20Founder%20OR%20Director%20OR%20Buyer%20OR%20Procurement%20OR%20%22Head%20of%20Sales%22,https://app.apollo.io/#/companies?q_organization_name=AVA%20Food%20And%20Beverages%20Ltd,https://app.apollo.io/#/people?q_organization_name=AVA%20Food%20And%20Beverages%20Ltd&personTitles[]=CEO&personTitles[]=Managing%20Director&personTitles[]=Founder&personTitles[]=Director&personTitles[]=Head%20of%20Procurement&personTitles[]=Buyer&personTitles[]=Commercial%20Director&personTitles[]=Export%20Manager,,,,,,,New,,,,,,,,,partial,0,,,,,False,False,False,0,0,skip,,,
B&R Distribution Ltd,Stand: N4914,,Stand: N4914,https://www.ife.co.ukexhibitors/br-distribution,YES,https://www.linkedin.com/sales/search/people?keywords=B%26R%20Distribution%20Ltd&titleFreeText=CEO%20OR%20MD%20OR%20Director%20OR%20Buyer%20OR%20Procurement,https://www.linkedin.com/search/results/people/?keywords=B%26R%20Distribution%20Ltd&titleFreeText=CEO%20OR%20MD%20OR%20%22Managing%20Director%22%20OR%20Founder%20OR%20Director%20OR%20Buyer%20OR%20Procurement%20OR%20%22Head%20of%20Sales%22,https://app.apollo.io/#/companies?q_organization_name=B&R%20Distribution%20Ltd,https://app.apollo.io/#/people?q_organization_name=B&R%20Distribution%20Ltd&personTitles[]=CEO&personTitles[]=Managing%20Director&personTitles[]=Founder&personTitles[]=Director&personTitles[]=Head%20of%20Procurement&personTitles[]=Buyer&personTitles[]=Commercial%20Director&personTitles[]=Export%20Manager,,,,,,,New,,,,,,,,,partial,0,,,,,False,False,False,0,0,skip,,,
Baba Sidi Herbs,Stand: N570,,Stand: N570,https://www.ife.co.ukexhibitors/baba-sidi-herbs,YES,https://www.linkedin.com/sales/search/people?keywords=Baba%20Sidi%20Herbs&titleFreeText=CEO%20OR%20MD%20OR%20Director%20OR%20Buyer%20OR%20Procurement,https://www.linkedin.com/search/results/people/?keywords=Baba%20Sidi%20Herbs&titleFreeText=CEO%20OR%20MD%20OR%20%22Managing%20Director%22%20OR%20Founder%20OR%20Director%20OR%20Buyer%20OR%20Procurement%20OR%20%22Head%20of%20Sales%22,https://app.apollo.io/#/companies?q_organization_name=Baba%20Sidi%20Herbs,https://app.apollo.io/#/people?q_organization_name=Baba%20Sidi%20Herbs&personTitles[]=CEO&personTitles[]=Managing%20Director&personTitles[]=Founder&personTitles[]=Director&personTitles[]=Head%20of%20Procurement&personTitles[]=Buyer&personTitles[]=Commercial%20Director&personTitles[]=Export%20Manager,,,,,,,New,,,,,,,,,partial,0,,,,,False,False,False,0,0,skip,,,
Baltic Foods,Stand: N3754,,Stand: N3754,https://www.ife.co.ukexhibitors/baltic-foods-1,YES,https://www.linkedin.com/sales/search/people?keywords=Baltic%20Foods&titleFreeText=CEO%20OR%20MD%20OR%20Director%20OR%20Buyer%20OR%20Procurement,https://www.linkedin.com/search/results/people/?keywords=Baltic%20Foods&titleFreeText=CEO%20OR%20MD%20OR%20%22Managing%20Director%22%20OR%20Founder%20OR%20Director%20OR%20Buyer%20OR%20Procurement%20OR%20%22Head%20of%20Sales%22,https://app.apollo.io/#/companies?q_organization_name=Baltic%20Foods,https://app.apollo.io/#/people?q_organization_name=Baltic%20Foods&personTitles[]=CEO&personTitles[]=Managing%20Director&personTitles[]=Founder&personTitles[]=Director&personTitles[]=Head%20of%20Procurement&personTitles[]=Buyer&personTitles[]=Commercial%20Director&personTitles[]=Export%20Manager,,,,,,,New,,,,,,,,,partial,0,,,,,False,False,False,0,0,skip,,,
BIKA JI FOODS INTERNATIONAL LTD INDIA,Stand: N2916,,Stand: N2916,https://www.ife.co.ukexhibitors/bika-ji-foods-international-india,YES,https://www.linkedin.com/sales/search/people?keywords=BIKA%20JI%20FOODS%20INTERNATIONAL%20LTD%20INDIA&titleFreeText=CEO%20OR%20MD%20OR%20Director%20OR%20Buyer%20OR%20Procurement,https://www.linkedin.com/search/results/people/?keywords=BIKA%20JI%20FOODS%20INTERNATIONAL%20LTD%20INDIA&titleFreeText=CEO%20OR%20MD%20OR%20%22Managing%20Director%22%20OR%20Founder%20OR%20Director%20OR%20Buyer%20OR%20Procurement%20OR%20%22Head%20of%20Sales%22,https://app.apollo.io/#/companies?q_organization_name=BIKA%20JI%20FOODS%20INTERNATIONAL%20LTD%20INDIA,https://app.apollo.io/#/people?q_organization_name=BIKA%20JI%20FOODS%20INTERNATIONAL%20LTD%20INDIA&personTitles[]=CEO&personTitles[]=Managing%20Director&personTitles[]=Founder&personTitles[]=Director&personTitles[]=Head%20of%20Procurement&personTitles[]=Buyer&personTitles[]=Commercial%20Director&personTitles[]=Export%20Manager,,,,,,,New,,,,,,,,,partial,0,,,,,False,False,False,0,0,skip,,,
Birchall Tea,Stand: S876,,Stand: S876,https://www.ife.co.ukexhibitors/birchall-tea,YES,https://www.linkedin.com/sales/search/people?keywords=Birchall%20Tea&titleFreeText=CEO%20OR%20MD%20OR%20Director%20OR%20Buyer%20OR%20Procurement,https://www.linkedin.com/search/results/people/?keywords=Birchall%20Tea&titleFreeText=CEO%20OR%20MD%20OR%20%22Managing%20Director%22%20OR%20Founder%20OR%20Director%20OR%20Buyer%20OR%20Procurement%20OR%20%22Head%20of%20Sales%22,https://app.apollo.io/#/companies?q_organization_name=Birchall%20Tea,https://app.apollo.io/#/people?q_organization_name=Birchall%20Tea&personTitles[]=CEO&personTitles[]=Managing%20Director&personTitles[]=Founder&personTitles[]=Director&personTitles[]=Head%20of%20Procurement&personTitles[]=Buyer&personTitles[]=Commercial%20Director&personTitles[]=Export%20Manager,,,,,,,New,,,,,,,,,partial,0,,,,,False,False,False,0,0,skip,,,
Blackmore Vale Dairy,Stand: N1060,,Stand: N1060,https://www.ife.co.ukexhibitors/blackmore-vale-dairy,YES,https://www.linkedin.com/sales/search/people?keywords=Blackmore%20Vale%20Dairy&titleFreeText=CEO%20OR%20MD%20OR%20Director%20OR%20Buyer%20OR%20Procurement,https://www.linkedin.com/search/results/people/?keywords=Blackmore%20Vale%20Dairy&titleFreeText=CEO%20OR%20MD%20OR%20%22Managing%20Director%22%20OR%20Founder%20OR%20Director%20OR%20Buyer%20OR%20Procurement%20OR%20%22Head%20of%20Sales%22,https://app.apollo.io/#/companies?q_organization_name=Blackmore%20Vale%20Dairy,https://app.apollo.io/#/people?q_organization_name=Blackmore%20Vale%20Dairy&personTitles[]=CEO&personTitles[]=Managing%20Director&personTitles[]=Founder&personTitles[]=Director&personTitles[]=Head%20of%20Procurement&personTitles[]=Buyer&personTitles[]=Commercial%20Director&personTitles[]=Export%20Manager,,,,,,,New,,,,,,,,,partial,0,,,,,False,False,False,0,0,skip,,,
Borna Foods,Stand: N910,,Stand: N910,https://www.ife.co.ukexhibitors/borna-foods-1,YES,https://www.linkedin.com/sales/search/people?keywords=Borna%20Foods&titleFreeText=CEO%20OR%20MD%20OR%20Director%20OR%20Buyer%20OR%20Procurement,https://www.linkedin.com/search/results/people/?keywords=Borna%20Foods&titleFreeText=CEO%20OR%20MD%20OR%20%22Managing%20Director%22%20OR%20Founder%20OR%20Director%20OR%20Buyer%20OR%20Procurement%20OR%20%22Head%20of%20Sales%22,https://app.apollo.io/#/companies?q_organization_name=Borna%20Foods,https://app.apollo.io/#/people?q_organization_name=Borna%20Foods&personTitles[]=CEO&personTitles[]=Managing%20Director&personTitles[]=Founder&personTitles[]=Director&personTitles[]=Head%20of%20Procurement&personTitles[]=Buyer&personTitles[]=Commercial%20Director&personTitles[]=Export%20Manager,,,,,,,New,,,,,,,,,partial,0,,,,,False,False,False,0,0,skip,,,
BRCN FOOD,Stand: N952,,Stand: N952,https://www.ife.co.ukexhibitors/brcn-food,YES,https://www.linkedin.com/sales/search/people?keywords=BRCN%20FOOD&titleFreeText=CEO%20OR%20MD%20OR%20Director%20OR%20Buyer%20OR%20Procurement,https://www.linkedin.com/search/results/people/?keywords=BRCN%20FOOD&titleFreeText=CEO%20OR%20MD%20OR%20%22Managing%20Director%22%20OR%20Founder%20OR%20Director%20OR%20Buyer%20OR%20Procurement%20OR%20%22Head%20of%20Sales%22,https://app.apollo.io/#/companies?q_organization_name=BRCN%20FOOD,https://app.apollo.io/#/people?q_organization_name=BRCN%20FOOD&personTitles[]=CEO&personTitles[]=Managing%20Director&personTitles[]=Founder&personTitles[]=Director&personTitles[]=Head%20of%20Procurement&personTitles[]=Buyer&personTitles[]=Commercial%20Director&personTitles[]=Export%20Manager,,,,,,,New,,,,,,,,,partial,0,,,,,False,False,False,0,0,skip,,,
Bretton Foods,Stand: N4816,,Stand: N4816,https://www.ife.co.ukexhibitors/bretton-foods,YES,https://www.linkedin.com/sales/search/people?keywords=Bretton%20Foods&titleFreeText=CEO%20OR%20MD%20OR%20Director%20OR%20Buyer%20OR%20Procurement,https://www.linkedin.com/search/results/people/?keywords=Bretton%20Foods&titleFreeText=CEO%20OR%20MD%20OR%20%22Managing%20Director%22%20OR%20Founder%20OR%20Director%20OR%20Buyer%20OR%20Procurement%20OR%20%22Head%20of%20Sales%22,https://app.apollo.io/#/companies?q_organization_name=Bretton%20Foods,https://app.apollo.io/#/people?q_organization_name=Bretton%20Foods&personTitles[]=CEO&personTitles[]=Managing%20Director&personTitles[]=Founder&personTitles[]=Director&personTitles[]=Head%20of%20Procurement&personTitles[]=Buyer&personTitles[]=Commercial%20Director&personTitles[]=Export%20Manager,,,,,,,New,,,,,,,,,partial,0,,,,,False,False,False,0,0,skip,,,
British Frozen Food Federation,Stand: N4069,,Stand: N4069,https://www.ife.co.ukexhibitors/british-frozen-food-federation,YES,https://www.linkedin.com/sales/search/people?keywords=British%20Frozen%20Food%20Federation&titleFreeText=CEO%20OR%20MD%20OR%20Director%20OR%20Buyer%20OR%20Procurement,https://www.linkedin.com/search/results/people/?keywords=British%20Frozen%20Food%20Federation&titleFreeText=CEO%20OR%20MD%20OR%20%22Managing%20Director%22%20OR%20Founder%20OR%20Director%20OR%20Buyer%20OR%20Procurement%20OR%20%22Head%20of%20Sales%22,https://app.apollo.io/#/companies?q_organization_name=British%20Frozen%20Food%20Federation,https://app.apollo.io/#/people?q_organization_name=British%20Frozen%20Food%20Federation&personTitles[]=CEO&personTitles[]=Managing%20Director&personTitles[]=Founder&personTitles[]=Director&personTitles[]=Head%20of%20Procurement&personTitles[]=Buyer&personTitles[]=Commercial%20Director&personTitles[]=Export%20Manager,,,,,,,New,,,,,,,,,partial,0,,,,,False,False,False,0,0,skip,,,
Cacto Drinks Company Ltd,Stand: N5012,,Stand: N5012,https://www.ife.co.ukexhibitors/cacto-drinks-company-1,YES,https://www.linkedin.com/sales/search/people?keywords=Cacto%20Drinks%20Company%20Ltd&titleFreeText=CEO%20OR%20MD%20OR%20Director%20OR%20Buyer%20OR%20Procurement,https://www.linkedin.com/search/results/people/?keywords=Cacto%20Drinks%20Company%20Ltd&titleFreeText=CEO%20OR%20MD%20OR%20%22Managing%20Director%22%20OR%20Founder%20OR%20Director%20OR%20Buyer%20OR%20Procurement%20OR%20%22Head%20of%20Sales%22,https://app.apollo.io/#/companies?q_organization_name=Cacto%20Drinks%20Company%20Ltd,https://app.apollo.io/#/people?q_organization_name=Cacto%20Drinks%20Company%20Ltd&personTitles[]=CEO&personTitles[]=Managing%20Director&personTitles[]=Founder&personTitles[]=Director&personTitles[]=Head%20of%20Procurement&personTitles[]=Buyer&personTitles[]=Commercial%20Director&personTitles[]=Export%20Manager,,,,,,,New,,,,,,,,,partial,0,,,,,False,False,False,0,0,skip,,,
Candy Paradise,Stand: N3470,,Stand: N3470,https://www.ife.co.ukexhibitors/candy-paradise-1,YES,https://www.linkedin.com/sales/search/people?keywords=Candy%20Paradise&titleFreeText=CEO%20OR%20MD%20OR%20Director%20OR%20Buyer%20OR%20Procurement,https://www.linkedin.com/search/results/people/?keywords=Candy%20Paradise&titleFreeText=CEO%20OR%20MD%20OR%20%22Managing%20Director%22%20OR%20Founder%20OR%20Director%20OR%20Buyer%20OR%20Procurement%20OR%20%22Head%20of%20Sales%22,https://app.apollo.io/#/companies?q_organization_name=Candy%20Paradise,https://app.apollo.io/#/people?q_organization_name=Candy%20Paradise&personTitles[]=CEO&personTitles[]=Managing%20Director&personTitles[]=Founder&personTitles[]=Director&personTitles[]=Head%20of%20Procurement&personTitles[]=Buyer&personTitles[]=Commercial%20Director&personTitles[]=Export%20Manager,,,,,,,New,,,,,,,,,partial,0,,,,,False,False,False,0,0,skip,,,
CEDROB FOODS,Stand: N4330,,Stand: N4330,https://www.ife.co.ukexhibitors/cedrob-foods,YES,https://www.linkedin.com/sales/search/people?keywords=CEDROB%20FOODS&titleFreeText=CEO%20OR%20MD%20OR%20Director%20OR%20Buyer%20OR%20Procurement,https://www.linkedin.com/search/results/people/?keywords=CEDROB%20FOODS&titleFreeText=CEO%20OR%20MD%20OR%20%22Managing%20Director%22%20OR%20Founder%20OR%20Director%20OR%20Buyer%20OR%20Procurement%20OR%20%22Head%20of%20Sales%22,https://app.apollo.io/#/companies?q_organization_name=CEDROB%20FOODS,https://app.apollo.io/#/people?q_organization_name=CEDROB%20FOODS&personTitles[]=CEO&personTitles[]=Managing%20Director&personTitles[]=Founder&personTitles[]=Director&personTitles[]=Head%20of%20Procurement&personTitles[]=Buyer&personTitles[]=Commercial%20Director&personTitles[]=Export%20Manager,,,,,,,New,,,,,,,,,partial,0,,,,,False,False,False,0,0,skip,,,
Ceylon Artisanal Tea Association (CATA),Stand: N2130,,Stand: N2130,https://www.ife.co.ukexhibitors/ceylon-artisanal-tea-association-cata,YES,https://www.linkedin.com/sales/search/people?keywords=Ceylon%20Artisanal%20Tea%20Association%20(CATA)&titleFreeText=CEO%20OR%20MD%20OR%20Director%20OR%20Buyer%20OR%20Procurement,https://www.linkedin.com/search/results/people/?keywords=Ceylon%20Artisanal%20Tea%20Association%20(CATA)&titleFreeText=CEO%20OR%20MD%20OR%20%22Managing%20Director%22%20OR%20Founder%20OR%20Director%20OR%20Buyer%20OR%20Procurement%20OR%20%22Head%20of%20Sales%22,https://app.apollo.io/#/companies?q_organization_name=Ceylon%20Artisanal%20Tea%20Association%20(CATA),https://app.apollo.io/#/people?q_organization_name=Ceylon%20Artisanal%20Tea%20Association%20(CATA)&personTitles[]=CEO&personTitles[]=Managing%20Director&personTitles[]=Founder&personTitles[]=Director&personTitles[]=Head%20of%20Procurement&personTitles[]=Buyer&personTitles[]=Commercial%20Director&personTitles[]=Export%20Manager,,,,,,,New,,,,,,,,,partial,0,,,,,False,False,False,0,0,skip,,,
Ceylon Plant Food (Pvt) Ltd,Stand: N3284,,Stand: N3284,https://www.ife.co.ukexhibitors/ceylon-plant-food-pvt,YES,https://www.linkedin.com/sales/search/people?keywords=Ceylon%20Plant%20Food%20(Pvt)%20Ltd&titleFreeText=CEO%20OR%20MD%20OR%20Director%20OR%20Buyer%20OR%20Procurement,https://www.linkedin.com/search/results/people/?keywords=Ceylon%20Plant%20Food%20(Pvt)%20Ltd&titleFreeText=CEO%20OR%20MD%20OR%20%22Managing%20Director%22%20OR%20Founder%20OR%20Director%20OR%20Buyer%20OR%20Procurement%20OR%20%22Head%20of%20Sales%22,https://app.apollo.io/#/companies?q_organization_name=Ceylon%20Plant%20Food%20(Pvt)%20Ltd,https://app.apollo.io/#/people?q_organization_name=Ceylon%20Plant%20Food%20(Pvt)%20Ltd&personTitles[]=CEO&personTitles[]=Managing%20Director&personTitles[]=Founder&personTitles[]=Director&personTitles[]=Head%20of%20Procurement&personTitles[]=Buyer&personTitles[]=Commercial%20Director&personTitles[]=Export%20Manager,,,,,,,New,,,,,,,,,partial,0,,,,,False,False,False,0,0,skip,,,
Ceylon Royal Teas (Pvt) Ltd,Stand: S580b,,Stand: S580b,https://www.ife.co.ukexhibitors/ceylon-royal-teas-pvt,YES,https://www.linkedin.com/sales/search/people?keywords=Ceylon%20Royal%20Teas%20(Pvt)%20Ltd&titleFreeText=CEO%20OR%20MD%20OR%20Director%20OR%20Buyer%20OR%20Procurement,https://www.linkedin.com/search/results/people/?keywords=Ceylon%20Royal%20Teas%20(Pvt)%20Ltd&titleFreeText=CEO%20OR%20MD%20OR%20%22Managing%20Director%22%20OR%20Founder%20OR%20Director%20OR%20Buyer%20OR%20Procurement%20OR%20%22Head%20of%20Sales%22,https://app.apollo.io/#/companies?q_organization_name=Ceylon%20Royal%20Teas%20(Pvt)%20Ltd,https://app.apollo.io/#/people?q_organization_name=Ceylon%20Royal%20Teas%20(Pvt)%20Ltd&personTitles[]=CEO&personTitles[]=Managing%20Director&personTitles[]=Founder&personTitles[]=Director&personTitles[]=Head%20of%20Procurement&personTitles[]=Buyer&personTitles[]=Commercial%20Director&personTitles[]=Export%20Manager,,,,,,,New,,,,,,,,,partial,0,,,,,False,False,False,0,0,skip,,,
CHAI GPTEA,Stand: S678,,Stand: S678,https://www.ife.co.ukexhibitors/chai-gptea,YES,https://www.linkedin.com/sales/search/people?keywords=CHAI%20GPTEA&titleFreeText=CEO%20OR%20MD%20OR%20Director%20OR%20Buyer%20OR%20Procurement,https://www.linkedin.com/search/results/people/?keywords=CHAI%20GPTEA&titleFreeText=CEO%20OR%20MD%20OR%20%22Managing%20Director%22%20OR%20Founder%20OR%20Director%20OR%20Buyer%20OR%20Procurement%20OR%20%22Head%20of%20Sales%22,https://app.apollo.io/#/companies?q_organization_name=CHAI%20GPTEA,https://app.apollo.io/#/people?q_organization_name=CHAI%20GPTEA&personTitles[]=CEO&personTitles[]=Managing%20Director&personTitles[]=Founder&personTitles[]=Director&personTitles[]=Head%20of%20Procurement&personTitles[]=Buyer&personTitles[]=Commercial%20Director&personTitles[]=Export%20Manager,,,,,,,New,,,,,,,,,partial,0,,,,,False,False,False,0,0,skip,,,
Chelmer Foods,Stand: N500,,Stand: N500,https://www.ife.co.ukexhibitors/chelmer-foods,YES,https://www.linkedin.com/sales/search/people?keywords=Chelmer%20Foods&titleFreeText=CEO%20OR%20MD%20OR%20Director%20OR%20Buyer%20OR%20Procurement,https://www.linkedin.com/search/results/people/?keywords=Chelmer%20Foods&titleFreeText=CEO%20OR%20MD%20OR%20%22Managing%20Director%22%20OR%20Founder%20OR%20Director%20OR%20Buyer%20OR%20Procurement%20OR%20%22Head%20of%20Sales%22,https://app.apollo.io/#/companies?q_organization_name=Chelmer%20Foods,https://app.apollo.io/#/people?q_organization_name=Chelmer%20Foods&personTitles[]=CEO&personTitles[]=Managing%20Director&personTitles[]=Founder&personTitles[]=Director&personTitles[]=Head%20of%20Procurement&personTitles[]=Buyer&personTitles[]=Commercial%20Director&personTitles[]=Export%20Manager,,,,,,,New,,,,,,,,,partial,0,,,,,False,False,False,0,0,skip,,,
CHERKY FOODS,Stand: N1630k,,Stand: N1630k,https://www.ife.co.ukexhibitors/cherky-foods,YES,https://www.linkedin.com/sales/search/people?keywords=CHERKY%20FOODS&titleFreeText=CEO%20OR%20MD%20OR%20Director%20OR%20Buyer%20OR%20Procurement,https://www.linkedin.com/search/results/people/?keywords=CHERKY%20FOODS&titleFreeText=CEO%20OR%20MD%20OR%20%22Managing%20Director%22%20OR%20Founder%20OR%20Director%20OR%20Buyer%20OR%20Procurement%20OR%20%22Head%20of%20Sales%22,https://app.apollo.io/#/companies?q_organization_name=CHERKY%20FOODS,https://app.apollo.io/#/people?q_organization_name=CHERKY%20FOODS&personTitles[]=CEO&personTitles[]=Managing%20Director&personTitles[]=Founder&personTitles[]=Director&personTitles[]=Head%20of%20Procurement&personTitles[]=Buyer&personTitles[]=Commercial%20Director&personTitles[]=Export%20Manager,,,,,,,New,,,,,,,,,partial,0,,,,,False,False,False,0,0,skip,,,
Chill Spritz drink with Ashwagandha,Stand: N855,,Stand: N855,https://www.ife.co.ukexhibitors/chill-sprirz-drink-ashwagandha,YES,https://www.linkedin.com/sales/search/people?keywords=Chill%20Spritz%20drink%20with%20Ashwagandha&titleFreeText=CEO%20OR%20MD%20OR%20Director%20OR%20Buyer%20OR%20Procurement,https://www.linkedin.com/search/results/people/?keywords=Chill%20Spritz%20drink%20with%20Ashwagandha&titleFreeText=CEO%20OR%20MD%20OR%20%22Managing%20Director%22%20OR%20Founder%20OR%20Director%20OR%20Buyer%20OR%20Procurement%20OR%20%22Head%20of%20Sales%22,https://app.apollo.io/#/companies?q_organization_name=Chill%20Spritz%20drink%20with%20Ashwagandha,https://app.apollo.io/#/people?q_organization_name=Chill%20Spritz%20drink%20with%20Ashwagandha&personTitles[]=CEO&personTitles[]=Managing%20Director&personTitles[]=Founder&personTitles[]=Director&personTitles[]=Head%20of%20Procurement&personTitles[]=Buyer&personTitles[]=Commercial%20Director&personTitles[]=Export%20Manager,,,,,,,New,,,,,,,,,partial,0,,,,,False,False,False,0,0,skip,,,
Chiltern Natural Foods Ltd,Stand: N616,,Stand: N616,https://www.ife.co.ukexhibitors/chiltern-natural-foods,YES,https://www.linkedin.com/sales/search/people?keywords=Chiltern%20Natural%20Foods%20Ltd&titleFreeText=CEO%20OR%20MD%20OR%20Director%20OR%20Buyer%20OR%20Procurement,https://www.linkedin.com/search/results/people/?keywords=Chiltern%20Natural%20Foods%20Ltd&titleFreeText=CEO%20OR%20MD%20OR%20%22Managing%20Director%22%20OR%20Founder%20OR%20Director%20OR%20Buyer%20OR%20Procurement%20OR%20%22Head%20of%20Sales%22,https://app.apollo.io/#/companies?q_organization_name=Chiltern%20Natural%20Foods%20Ltd,https://app.apollo.io/#/people?q_organization_name=Chiltern%20Natural%20Foods%20Ltd&personTitles[]=CEO&personTitles[]=Managing%20Director&personTitles[]=Founder&personTitles[]=Director&personTitles[]=Head%20of%20Procurement&personTitles[]=Buyer&personTitles[]=Commercial%20Director&personTitles[]=Export%20Manager,,,,,,,New,,,,,,,,,partial,0,,,,,False,False,False,0,0,skip,,,
Circle Foods,Stand: N3951,,Stand: N3951,https://www.ife.co.ukexhibitors/circle-foods,YES,https://www.linkedin.com/sales/search/people?keywords=Circle%20Foods&titleFreeText=CEO%20OR%20MD%20OR%20Director%20OR%20Buyer%20OR%20Procurement,https://www.linkedin.com/search/results/people/?keywords=Circle%20Foods&titleFreeText=CEO%20OR%20MD%20OR%20%22Managing%20Director%22%20OR%20Founder%20OR%20Director%20OR%20Buyer%20OR%20Procurement%20OR%20%22Head%20of%20Sales%22,https://app.apollo.io/#/companies?q_organization_name=Circle%20Foods,https://app.apollo.io/#/people?q_organization_name=Circle%20Foods&personTitles[]=CEO&personTitles[]=Managing%20Director&personTitles[]=Founder&personTitles[]=Director&personTitles[]=Head%20of%20Procurement&personTitles[]=Buyer&personTitles[]=Commercial%20Director&personTitles[]=Export%20Manager,,,,,,,New,,,,,,,,,partial,0,,,,,False,False,False,0,0,skip,,,
Community Foods,Stand: N900,,Stand: N900,https://www.ife.co.ukexhibitors/community-foods,YES,https://www.linkedin.com/sales/search/people?keywords=Community%20Foods&titleFreeText=CEO%20OR%20MD%20OR%20Director%20OR%20Buyer%20OR%20Procurement,https://www.linkedin.com/search/results/people/?keywords=Community%20Foods&titleFreeText=CEO%20OR%20MD%20OR%20%22Managing%20Director%22%20OR%20Founder%20OR%20Director%20OR%20Buyer%20OR%20Procurement%20OR%20%22Head%20of%20Sales%22,https://app.apollo.io/#/companies?q_organization_name=Community%20Foods,https://app.apollo.io/#/people?q_organization_name=Community%20Foods&personTitles[]=CEO&personTitles[]=Managing%20Director&personTitles[]=Founder&personTitles[]=Director&personTitles[]=Head%20of%20Procurement&personTitles[]=Buyer&personTitles[]=Commercial%20Director&personTitles[]=Export%20Manager,,,,,,,New,,,,,,,,,partial,0,,,,,False,False,False,0,0,skip,,,
Continental Tea (PVT) LTD,Stand: S1075,,Stand: S1075,https://www.ife.co.ukexhibitors/continental-tea-pvt,YES,https://www.linkedin.com/sales/search/people?keywords=Continental%20Tea%20(PVT)%20LTD&titleFreeText=CEO%20OR%20MD%20OR%20Director%20OR%20Buyer%20OR%20Procurement,https://www.linkedin.com/search/results/people/?keywords=Continental%20Tea%20(PVT)%20LTD&titleFreeText=CEO%20OR%20MD%20OR%20%22Managing%20Director%22%20OR%20Founder%20OR%20Director%20OR%20Buyer%20OR%20Procurement%20OR%20%22Head%20of%20Sales%22,https://app.apollo.io/#/companies?q_organization_name=Continental%20Tea%20(PVT)%20LTD,https://app.apollo.io/#/people?q_organization_name=Continental%20Tea%20(PVT)%20LTD&personTitles[]=CEO&personTitles[]=Managing%20Director&personTitles[]=Founder&personTitles[]=Director&personTitles[]=Head%20of%20Procurement&personTitles[]=Buyer&personTitles[]=Commercial%20Director&personTitles[]=Export%20Manager,,,,,,,New,,,,,,,,,partial,0,,,,,False,False,False,0,0,skip,,,
Costa Coffee,Stand: S690,,Stand: S690,https://www.ife.co.ukexhibitors/costa-coffee,YES,https://www.linkedin.com/sales/search/people?keywords=Costa%20Coffee&titleFreeText=CEO%20OR%20MD%20OR%20Director%20OR%20Buyer%20OR%20Procurement,https://www.linkedin.com/search/results/people/?keywords=Costa%20Coffee&titleFreeText=CEO%20OR%20MD%20OR%20%22Managing%20Director%22%20OR%20Founder%20OR%20Director%20OR%20Buyer%20OR%20Procurement%20OR%20%22Head%20of%20Sales%22,https://app.apollo.io/#/companies?q_organization_name=Costa%20Coffee,https://app.apollo.io/#/people?q_organization_name=Costa%20Coffee&personTitles[]=CEO&personTitles[]=Managing%20Director&personTitles[]=Founder&personTitles[]=Director&personTitles[]=Head%20of%20Procurement&personTitles[]=Buyer&personTitles[]=Commercial%20Director&personTitles[]=Export%20Manager,,,,,,,New,,,,,,,,,partial,0,,,,,False,False,False,0,0,skip,,,
Crown Foods Ltd,Stand: N3948,,Stand: N3948,https://www.ife.co.ukexhibitors/crown-foods-1,YES,https://www.linkedin.com/sales/search/people?keywords=Crown%20Foods%20Ltd&titleFreeText=CEO%20OR%20MD%20OR%20Director%20OR%20Buyer%20OR%20Procurement,https://www.linkedin.com/search/results/people/?keywords=Crown%20Foods%20Ltd&titleFreeText=CEO%20OR%20MD%20OR%20%22Managing%20Director%22%20OR%20Founder%20OR%20Director%20OR%20Buyer%20OR%20Procurement%20OR%20%22Head%20of%20Sales%22,https://app.apollo.io/#/companies?q_organization_name=Crown%20Foods%20Ltd,https://app.apollo.io/#/people?q_organization_name=Crown%20Foods%20Ltd&personTitles[]=CEO&personTitles[]=Managing%20Director&personTitles[]=Founder&personTitles[]=Director&personTitles[]=Head%20of%20Procurement&personTitles[]=Buyer&personTitles[]=Commercial%20Director&personTitles[]=Export%20Manager,,,,,,,New,,,,,,,,,partial,0,,,,,False,False,False,0,0,skip,,,
Dairy Valley/Happy Halwai,Stand: N2960,,Stand: N2960,https://www.ife.co.ukexhibitors/dairy-valley-happy-halwai-1,YES,https://www.linkedin.com/sales/search/people?keywords=Dairy%20Valley/Happy%20Halwai&titleFreeText=CEO%20OR%20MD%20OR%20Director%20OR%20Buyer%20OR%20Procurement,https://www.linkedin.com/search/results/people/?keywords=Dairy%20Valley/Happy%20Halwai&titleFreeText=CEO%20OR%20MD%20OR%20%22Managing%20Director%22%20OR%20Founder%20OR%20Director%20OR%20Buyer%20OR%20Procurement%20OR%20%22Head%20of%20Sales%22,https://app.apollo.io/#/companies?q_organization_name=Dairy%20Valley/Happy%20Halwai,https://app.apollo.io/#/people?q_organization_name=Dairy%20Valley/Happy%20Halwai&personTitles[]=CEO&personTitles[]=Managing%20Director&personTitles[]=Founder&personTitles[]=Director&personTitles[]=Head%20of%20Procurement&personTitles[]=Buyer&personTitles[]=Commercial%20Director&personTitles[]=Export%20Manager,,,,,,,New,,,,,,,,,partial,0,,,,,False,False,False,0,0,skip,,,
Dark Bar Drinks & Twisted Disco Drinks,Stand: S1842,,Stand: S1842,https://www.ife.co.ukexhibitors/dark-bar-drinks-twisted-disco-drinks-1,YES,https://www.linkedin.com/sales/search/people?keywords=Dark%20Bar%20Drinks%20%26%20Twisted%20Disco%20Drinks&titleFreeText=CEO%20OR%20MD%20OR%20Director%20OR%20Buyer%20OR%20Procurement,https://www.linkedin.com/search/results/people/?keywords=Dark%20Bar%20Drinks%20%26%20Twisted%20Disco%20Drinks&titleFreeText=CEO%20OR%20MD%20OR%20%22Managing%20Director%22%20OR%20Founder%20OR%20Director%20OR%20Buyer%20OR%20Procurement%20OR%20%22Head%20of%20Sales%22,https://app.apollo.io/#/companies?q_organization_name=Dark%20Bar%20Drinks%20&%20Twisted%20Disco%20Drinks,https://app.apollo.io/#/people?q_organization_name=Dark%20Bar%20Drinks%20&%20Twisted%20Disco%20Drinks&personTitles[]=CEO&personTitles[]=Managing%20Director&personTitles[]=Founder&personTitles[]=Director&personTitles[]=Head%20of%20Procurement&personTitles[]=Buyer&personTitles[]=Commercial%20Director&personTitles[]=Export%20Manager,,,,,,,New,,,,,,,,,partial,0,,,,,False,False,False,0,0,skip,,,
DE POSTIN WINE ESTATE,Stand: N1630f,,Stand: N1630f,https://www.ife.co.ukexhibitors/de-postin-wine-estate,YES,https://www.linkedin.com/sales/search/people?keywords=DE%20POSTIN%20WINE%20ESTATE&titleFreeText=CEO%20OR%20MD%20OR%20Director%20OR%20Buyer%20OR%20Procurement,https://www.linkedin.com/search/results/people/?keywords=DE%20POSTIN%20WINE%20ESTATE&titleFreeText=CEO%20OR%20MD%20OR%20%22Managing%20Director%22%20OR%20Founder%20OR%20Director%20OR%20Buyer%20OR%20Procurement%20OR%20%22Head%20of%20Sales%22,https://app.apollo.io/#/companies?q_organization_name=DE%20POSTIN%20WINE%20ESTATE,https://app.apollo.io/#/people?q_organization_name=DE%20POSTIN%20WINE%20ESTATE&personTitles[]=CEO&personTitles[]=Managing%20Director&personTitles[]=Founder&personTitles[]=Director&personTitles[]=Head%20of%20Procurement&personTitles[]=Buyer&personTitles[]=Commercial%20Director&personTitles[]=Export%20Manager,,,,,,,New,,,,,,,,,partial,0,,,,,False,False,False,0,0,skip,,,
Defaf Al Nahrayn for Food Industries & Beverage,Stand: N4410a,,Stand: N4410a,https://www.ife.co.ukexhibitors/defaf-al-nahrayn-food-industreis-beverage,YES,https://www.linkedin.com/sales/search/people?keywords=Defaf%20Al%20Nahrayn%20for%20Food%20Industries%20%26%20Beverage&titleFreeText=CEO%20OR%20MD%20OR%20Director%20OR%20Buyer%20OR%20Procurement,https://www.linkedin.com/search/results/people/?keywords=Defaf%20Al%20Nahrayn%20for%20Food%20Industries%20%26%20Beverage&titleFreeText=CEO%20OR%20MD%20OR%20%22Managing%20Director%22%20OR%20Founder%20OR%20Director%20OR%20Buyer%20OR%20Procurement%20OR%20%22Head%20of%20Sales%22,https://app.apollo.io/#/companies?q_organization_name=Defaf%20Al%20Nahrayn%20for%20Food%20Industries%20&%20Beverage,https://app.apollo.io/#/people?q_organization_name=Defaf%20Al%20Nahrayn%20for%20Food%20Industries%20&%20Beverage&personTitles[]=CEO&personTitles[]=Managing%20Director&personTitles[]=Founder&personTitles[]=Director&personTitles[]=Head%20of%20Procurement&personTitles[]=Buyer&personTitles[]=Commercial%20Director&personTitles[]=Export%20Manager,,,,,,,New,,,,,,,,,partial,0,,,,,False,False,False,0,0,skip,,,
Delamere Dairy,Stand: S1643,,Stand: S1643,https://www.ife.co.ukexhibitors/delamere-dairy,YES,https://www.linkedin.com/sales/search/people?keywords=Delamere%20Dairy&titleFreeText=CEO%20OR%20MD%20OR%20Director%20OR%20Buyer%20OR%20Procurement,https://www.linkedin.com/search/results/people/?keywords=Delamere%20Dairy&titleFreeText=CEO%20OR%20MD%20OR%20%22Managing%20Director%22%20OR%20Founder%20OR%20Director%20OR%20Buyer%20OR%20Procurement%20OR%20%22Head%20of%20Sales%22,https://app.apollo.io/#/companies?q_organization_name=Delamere%20Dairy,https://app.apollo.io/#/people?q_organization_name=Delamere%20Dairy&personTitles[]=CEO&personTitles[]=Managing%20Director&personTitles[]=Founder&personTitles[]=Director&personTitles[]=Head%20of%20Procurement&personTitles[]=Buyer&personTitles[]=Commercial%20Director&personTitles[]=Export%20Manager,,,,,,,New,,,,,,,,,partial,0,,,,,False,False,False,0,0,skip,,,
DELFIN SEAFOOD,Stand: N4073,,Stand: N4073,https://www.ife.co.ukexhibitors/delfin-seafood,YES,https://www.linkedin.com/sales/search/people?keywords=DELFIN%20SEAFOOD&titleFreeText=CEO%20OR%20MD%20OR%20Director%20OR%20Buyer%20OR%20Procurement,https://www.linkedin.com/search/results/people/?keywords=DELFIN%20SEAFOOD&titleFreeText=CEO%20OR%20MD%20OR%20%22Managing%20Director%22%20OR%20Founder%20OR%20Director%20OR%20Buyer%20OR%20Procurement%20OR%20%22Head%20of%20Sales%22,https://app.apollo.io/#/companies?q_organization_name=DELFIN%20SEAFOOD,https://app.apollo.io/#/people?q_organization_name=DELFIN%20SEAFOOD&personTitles[]=CEO&personTitles[]=Managing%20Director&personTitles[]=Founder&personTitles[]=Director&personTitles[]=Head%20of%20Procurement&personTitles[]=Buyer&personTitles[]=Commercial%20Director&personTitles[]=Export%20Manager,,,,,,,New,,,,,,,,,partial,0,,,,,False,False,False,0,0,skip,,,
Delicari THE CHEESE DOT BAKERY,Stand: N3312,,Stand: N3312,https://www.ife.co.ukexhibitors/delicari-cheese-dot-bakery-1,YES,https://www.linkedin.com/sales/search/people?keywords=Delicari%20THE%20CHEESE%20DOT%20BAKERY&titleFreeText=CEO%20OR%20MD%20OR%20Director%20OR%20Buyer%20OR%20Procurement,https://www.linkedin.com/search/results/people/?keywords=Delicari%20THE%20CHEESE%20DOT%20BAKERY&titleFreeText=CEO%20OR%20MD%20OR%20%22Managing%20Director%22%20OR%20Founder%20OR%20Director%20OR%20Buyer%20OR%20Procurement%20OR%20%22Head%20of%20Sales%22,https://app.apollo.io/#/companies?q_organization_name=Delicari%20THE%20CHEESE%20DOT%20BAKERY,https://app.apollo.io/#/people?q_organization_name=Delicari%20THE%20CHEESE%20DOT%20BAKERY&personTitles[]=CEO&personTitles[]=Managing%20Director&personTitles[]=Founder&personTitles[]=Director&personTitles[]=Head%20of%20Procurement&personTitles[]=Buyer&personTitles[]=Commercial%20Director&personTitles[]=Export%20Manager,,,,,,,New,,,,,,,,,partial,0,,,,,False,False,False,0,0,skip,,,
Delightful Food Group,Stand: S576,,Stand: S576,https://www.ife.co.ukexhibitors/delightful-food-group-1,YES,https://www.linkedin.com/sales/search/people?keywords=Delightful%20Food%20Group&titleFreeText=CEO%20OR%20MD%20OR%20Director%20OR%20Buyer%20OR%20Procurement,https://www.linkedin.com/search/results/people/?keywords=Delightful%20Food%20Group&titleFreeText=CEO%20OR%20MD%20OR%20%22Managing%20Director%22%20OR%20Founder%20OR%20Director%20OR%20Buyer%20OR%20Procurement%20OR%20%22Head%20of%20Sales%22,https://app.apollo.io/#/companies?q_organization_name=Delightful%20Food%20Group,https://app.apollo.io/#/people?q_organization_name=Delightful%20Food%20Group&personTitles[]=CEO&personTitles[]=Managing%20Director&personTitles[]=Founder&personTitles[]=Director&personTitles[]=Head%20of%20Procurement&personTitles[]=Buyer&personTitles[]=Commercial%20Director&personTitles[]=Export%20Manager,,,,,,,New,,,,,,,,,partial,0,,,,,False,False,False,0,0,skip,,,
Doves Farm Foods,Stand: S1221,,Stand: S1221,https://www.ife.co.ukexhibitors/doves-farm-foods-1,YES,https://www.linkedin.com/sales/search/people?keywords=Doves%20Farm%20Foods&titleFreeText=CEO%20OR%20MD%20OR%20Director%20OR%20Buyer%20OR%20Procurement,https://www.linkedin.com/search/results/people/?keywords=Doves%20Farm%20Foods&titleFreeText=CEO%20OR%20MD%20OR%20%22Managing%20Director%22%20OR%20Founder%20OR%20Director%20OR%20Buyer%20OR%20Procurement%20OR%20%22Head%20of%20Sales%22,https://app.apollo.io/#/companies?q_organization_name=Doves%20Farm%20Foods,https://app.apollo.io/#/people?q_organization_name=Doves%20Farm%20Foods&personTitles[]=CEO&personTitles[]=Managing%20Director&personTitles[]=Founder&personTitles[]=Director&personTitles[]=Head%20of%20Procurement&personTitles[]=Buyer&personTitles[]=Commercial%20Director&personTitles[]=Export%20Manager,,,,,,,New,,,,,,,,,partial,0,,,,,False,False,False,0,0,skip,,,
drinksgiant.com,Stand: N2715,,Stand: N2715,https://www.ife.co.ukexhibitors/drinksgiantcom-1,YES,https://www.linkedin.com/sales/search/people?keywords=drinksgiant.com&titleFreeText=CEO%20OR%20MD%20OR%20Director%20OR%20Buyer%20OR%20Procurement,https://www.linkedin.com/search/results/people/?keywords=drinksgiant.com&titleFreeText=CEO%20OR%20MD%20OR%20%22Managing%20Director%22%20OR%20Founder%20OR%20Director%20OR%20Buyer%20OR%20Procurement%20OR%20%22Head%20of%20Sales%22,https://app.apollo.io/#/companies?q_organization_name=drinksgiant.com,https://app.apollo.io/#/people?q_organization_name=drinksgiant.com&personTitles[]=CEO&personTitles[]=Managing%20Director&personTitles[]=Founder&personTitles[]=Director&personTitles[]=Head%20of%20Procurement&personTitles[]=Buyer&personTitles[]=Commercial%20Director&personTitles[]=Export%20Manager,,,,,,,New,,,,,,,,,partial,0,,,,,False,False,False,0,0,skip,,,
Earlsmann Vine : Non - Alcoholic Drinks,Stand: N853,,Stand: N853,https://www.ife.co.ukexhibitors/earlsmann-vine-non-alcolholic-drinks,YES,https://www.linkedin.com/sales/search/people?keywords=Earlsmann%20Vine%20:%20Non%20-%20Alcoholic%20Drinks&titleFreeText=CEO%20OR%20MD%20OR%20Director%20OR%20Buyer%20OR%20Procurement,https://www.linkedin.com/search/results/people/?keywords=Earlsmann%20Vine%20:%20Non%20-%20Alcoholic%20Drinks&titleFreeText=CEO%20OR%20MD%20OR%20%22Managing%20Director%22%20OR%20Founder%20OR%20Director%20OR%20Buyer%20OR%20Procurement%20OR%20%22Head%20of%20Sales%22,https://app.apollo.io/#/companies?q_organization_name=Earlsmann%20Vine%20:%20Non%20-%20Alcoholic%20Drinks,https://app.apollo.io/#/people?q_organization_name=Earlsmann%20Vine%20:%20Non%20-%20Alcoholic%20Drinks&personTitles[]=CEO&personTitles[]=Managing%20Director&personTitles[]=Founder&personTitles[]=Director&personTitles[]=Head%20of%20Procurement&personTitles[]=Buyer&personTitles[]=Commercial%20Director&personTitles[]=Export%20Manager,,,,,,,New,,,,,,,,,partial,0,,,,,False,False,False,0,0,skip,,,
Endeavour Meats Pty,Stand: S1010,,Stand: S1010,https://www.ife.co.ukexhibitors/endeavour-meats-pty,YES,https://www.linkedin.com/sales/search/people?keywords=Endeavour%20Meats%20Pty&titleFreeText=CEO%20OR%20MD%20OR%20Director%20OR%20Buyer%20OR%20Procurement,https://www.linkedin.com/search/results/people/?keywords=Endeavour%20Meats%20Pty&titleFreeText=CEO%20OR%20MD%20OR%20%22Managing%20Director%22%20OR%20Founder%20OR%20Director%20OR%20Buyer%20OR%20Procurement%20OR%20%22Head%20of%20Sales%22,https://app.apollo.io/#/companies?q_organization_name=Endeavour%20Meats%20Pty,https://app.apollo.io/#/people?q_organization_name=Endeavour%20Meats%20Pty&personTitles[]=CEO&personTitles[]=Managing%20Director&personTitles[]=Founder&personTitles[]=Director&personTitles[]=Head%20of%20Procurement&personTitles[]=Buyer&personTitles[]=Commercial%20Director&personTitles[]=Export%20Manager,,,,,,,New,,,,,,,,,partial,0,,,,,False,False,False,0,0,skip,,,
ERGON FOODS S.A.,Stand: N2110c,,Stand: N2110c,https://www.ife.co.ukexhibitors/ergon-foods-s,YES,https://www.linkedin.com/sales/search/people?keywords=ERGON%20FOODS%20S.A.&titleFreeText=CEO%20OR%20MD%20OR%20Director%20OR%20Buyer%20OR%20Procurement,https://www.linkedin.com/search/results/people/?keywords=ERGON%20FOODS%20S.A.&titleFreeText=CEO%20OR%20MD%20OR%20%22Managing%20Director%22%20OR%20Founder%20OR%20Director%20OR%20Buyer%20OR%20Procurement%20OR%20%22Head%20of%20Sales%22,https://app.apollo.io/#/companies?q_organization_name=ERGON%20FOODS%20S.A.,https://app.apollo.io/#/people?q_organization_name=ERGON%20FOODS%20S.A.&personTitles[]=CEO&personTitles[]=Managing%20Director&personTitles[]=Founder&personTitles[]=Director&personTitles[]=Head%20of%20Procurement&personTitles[]=Buyer&personTitles[]=Commercial%20Director&personTitles[]=Export%20Manager,,,,,,,New,,,,,,,,,partial,0,,,,,False,False,False,0,0,skip,,,
Esti Foods,Stand: N1250,,Stand: N1250,https://www.ife.co.ukexhibitors/esti-foods-1,YES,https://www.linkedin.com/sales/search/people?keywords=Esti%20Foods&titleFreeText=CEO%20OR%20MD%20OR%20Director%20OR%20Buyer%20OR%20Procurement,https://www.linkedin.com/search/results/people/?keywords=Esti%20Foods&titleFreeText=CEO%20OR%20MD%20OR%20%22Managing%20Director%22%20OR%20Founder%20OR%20Director%20OR%20Buyer%20OR%20Procurement%20OR%20%22Head%20of%20Sales%22,https://app.apollo.io/#/companies?q_organization_name=Esti%20Foods,https://app.apollo.io/#/people?q_organization_name=Esti%20Foods&personTitles[]=CEO&personTitles[]=Managing%20Director&personTitles[]=Founder&personTitles[]=Director&personTitles[]=Head%20of%20Procurement&personTitles[]=Buyer&personTitles[]=Commercial%20Director&personTitles[]=Export%20Manager,,,,,,,New,,,,,,,,,partial,0,,,,,False,False,False,0,0,skip,,,
Esti Foods UK,Stand: N1250,,Stand: N1250,https://www.ife.co.ukexhibitors/esti-foods-uk,YES,https://www.linkedin.com/sales/search/people?keywords=Esti%20Foods%20UK&titleFreeText=CEO%20OR%20MD%20OR%20Director%20OR%20Buyer%20OR%20Procurement,https://www.linkedin.com/search/results/people/?keywords=Esti%20Foods%20UK&titleFreeText=CEO%20OR%20MD%20OR%20%22Managing%20Director%22%20OR%20Founder%20OR%20Director%20OR%20Buyer%20OR%20Procurement%20OR%20%22Head%20of%20Sales%22,https://app.apollo.io/#/companies?q_organization_name=Esti%20Foods%20UK,https://app.apollo.io/#/people?q_organization_name=Esti%20Foods%20UK&personTitles[]=CEO&personTitles[]=Managing%20Director&personTitles[]=Founder&personTitles[]=Director&personTitles[]=Head%20of%20Procurement&personTitles[]=Buyer&personTitles[]=Commercial%20Director&personTitles[]=Export%20Manager,,,,,,,New,,,,,,,,,partial,0,,,,,False,False,False,0,0,skip,,,
Euro Food Brands,Stand: S846,,Stand: S846,https://www.ife.co.ukexhibitors/euro-food-brands,YES,https://www.linkedin.com/sales/search/people?keywords=Euro%20Food%20Brands&titleFreeText=CEO%20OR%20MD%20OR%20Director%20OR%20Buyer%20OR%20Procurement,https://www.linkedin.com/search/results/people/?keywords=Euro%20Food%20Brands&titleFreeText=CEO%20OR%20MD%20OR%20%22Managing%20Director%22%20OR%20Founder%20OR%20Director%20OR%20Buyer%20OR%20Procurement%20OR%20%22Head%20of%20Sales%22,https://app.apollo.io/#/companies?q_organization_name=Euro%20Food%20Brands,https://app.apollo.io/#/people?q_organization_name=Euro%20Food%20Brands&personTitles[]=CEO&personTitles[]=Managing%20Director&personTitles[]=Founder&personTitles[]=Director&personTitles[]=Head%20of%20Procurement&personTitles[]=Buyer&personTitles[]=Commercial%20Director&personTitles[]=Export%20Manager,,,,,,,New,,,,,,,,,partial,0,,,,,False,False,False,0,0,skip,,,
Euro Food Service,Stand: N2768,,Stand: N2768,https://www.ife.co.ukexhibitors/euro-food-service,YES,https://www.linkedin.com/sales/search/people?keywords=Euro%20Food%20Service&titleFreeText=CEO%20OR%20MD%20OR%20Director%20OR%20Buyer%20OR%20Procurement,https://www.linkedin.com/search/results/people/?keywords=Euro%20Food%20Service&titleFreeText=CEO%20OR%20MD%20OR%20%22Managing%20Director%22%20OR%20Founder%20OR%20Director%20OR%20Buyer%20OR%20Procurement%20OR%20%22Head%20of%20Sales%22,https://app.apollo.io/#/companies?q_organization_name=Euro%20Food%20Service,https://app.apollo.io/#/people?q_organization_name=Euro%20Food%20Service&personTitles[]=CEO&personTitles[]=Managing%20Director&personTitles[]=Founder&personTitles[]=Director&personTitles[]=Head%20of%20Procurement&personTitles[]=Buyer&personTitles[]=Commercial%20Director&personTitles[]=Export%20Manager,,,,,,,New,,,,,,,,,partial,0,,,,,False,False,False,0,0,skip,,,
Euro Foods Group Ltd,Stand: N3868,,Stand: N3868,https://www.ife.co.ukexhibitors/euro-foods-group,YES,https://www.linkedin.com/sales/search/people?keywords=Euro%20Foods%20Group%20Ltd&titleFreeText=CEO%20OR%20MD%20OR%20Director%20OR%20Buyer%20OR%20Procurement,https://www.linkedin.com/search/results/people/?keywords=Euro%20Foods%20Group%20Ltd&titleFreeText=CEO%20OR%20MD%20OR%20%22Managing%20Director%22%20OR%20Founder%20OR%20Director%20OR%20Buyer%20OR%20Procurement%20OR%20%22Head%20of%20Sales%22,https://app.apollo.io/#/companies?q_organization_name=Euro%20Foods%20Group%20Ltd,https://app.apollo.io/#/people?q_organization_name=Euro%20Foods%20Group%20Ltd&personTitles[]=CEO&personTitles[]=Managing%20Director&personTitles[]=Founder&personTitles[]=Director&personTitles[]=Head%20of%20Procurement&personTitles[]=Buyer&personTitles[]=Commercial%20Director&personTitles[]=Export%20Manager,,,,,,,New,,,,,,,,,partial,0,,,,,False,False,False,0,0,skip,,,
Everyday Superfood,Stand: N1022,,Stand: N1022,https://www.ife.co.ukexhibitors/eurotaste-1,YES,https://www.linkedin.com/sales/search/people?keywords=Everyday%20Superfood&titleFreeText=CEO%20OR%20MD%20OR%20Director%20OR%20Buyer%20OR%20Procurement,https://www.linkedin.com/search/results/people/?keywords=Everyday%20Superfood&titleFreeText=CEO%20OR%20MD%20OR%20%22Managing%20Director%22%20OR%20Founder%20OR%20Director%20OR%20Buyer%20OR%20Procurement%20OR%20%22Head%20of%20Sales%22,https://app.apollo.io/#/companies?q_organization_name=Everyday%20Superfood,https://app.apollo.io/#/people?q_organization_name=Everyday%20Superfood&personTitles[]=CEO&personTitles[]=Managing%20Director&personTitles[]=Founder&personTitles[]=Director&personTitles[]=Head%20of%20Procurement&personTitles[]=Buyer&personTitles[]=Commercial%20Director&personTitles[]=Export%20Manager,,,,,,,New,,,,,,,,,partial,0,,,,,False,False,False,0,0,skip,,,
Falcon Agrifriz Foods Private Limited,Stand: N3716,,Stand: N3716,https://www.ife.co.ukexhibitors/falcon-agrifriz-foods-private-limited,YES,https://www.linkedin.com/sales/search/people?keywords=Falcon%20Agrifriz%20Foods%20Private%20Limited&titleFreeText=CEO%20OR%20MD%20OR%20Director%20OR%20Buyer%20OR%20Procurement,https://www.linkedin.com/search/results/people/?keywords=Falcon%20Agrifriz%20Foods%20Private%20Limited&titleFreeText=CEO%20OR%20MD%20OR%20%22Managing%20Director%22%20OR%20Founder%20OR%20Director%20OR%20Buyer%20OR%20Procurement%20OR%20%22Head%20of%20Sales%22,https://app.apollo.io/#/companies?q_organization_name=Falcon%20Agrifriz%20Foods%20Private%20Limited,https://app.apollo.io/#/people?q_organization_name=Falcon%20Agrifriz%20Foods%20Private%20Limited&personTitles[]=CEO&personTitles[]=Managing%20Director&personTitles[]=Founder&personTitles[]=Director&personTitles[]=Head%20of%20Procurement&personTitles[]=Buyer&personTitles[]=Commercial%20Director&personTitles[]=Export%20Manager,,,,,,,New,,,,,,,,,partial,0,,,,,False,False,False,0,0,skip,,,
Falcon Foodservice Equipment,Stand: S520e,,Stand: S520e,https://www.ife.co.ukexhibitors/falcon-foodservice-equipment,YES,https://www.linkedin.com/sales/search/people?keywords=Falcon%20Foodservice%20Equipment&titleFreeText=CEO%20OR%20MD%20OR%20Director%20OR%20Buyer%20OR%20Procurement,https://www.linkedin.com/search/results/people/?keywords=Falcon%20Foodservice%20Equipment&titleFreeText=CEO%20OR%20MD%20OR%20%22Managing%20Director%22%20OR%20Founder%20OR%20Director%20OR%20Buyer%20OR%20Procurement%20OR%20%22Head%20of%20Sales%22,https://app.apollo.io/#/companies?q_organization_name=Falcon%20Foodservice%20Equipment,https://app.apollo.io/#/people?q_organization_name=Falcon%20Foodservice%20Equipment&personTitles[]=CEO&personTitles[]=Managing%20Director&personTitles[]=Founder&personTitles[]=Director&personTitles[]=Head%20of%20Procurement&personTitles[]=Buyer&personTitles[]=Commercial%20Director&personTitles[]=Export%20Manager,,,,,,,New,,,,,,,,,partial,0,,,,,False,False,False,0,0,skip,,,
Fastline Distribution,Stand: N3330,,Stand: N3330,https://www.ife.co.ukexhibitors/fastline-distribution,YES,https://www.linkedin.com/sales/search/people?keywords=Fastline%20Distribution&titleFreeText=CEO%20OR%20MD%20OR%20Director%20OR%20Buyer%20OR%20Procurement,https://www.linkedin.com/search/results/people/?keywords=Fastline%20Distribution&titleFreeText=CEO%20OR%20MD%20OR%20%22Managing%20Director%22%20OR%20Founder%20OR%20Director%20OR%20Buyer%20OR%20Procurement%20OR%20%22Head%20of%20Sales%22,https://app.apollo.io/#/companies?q_organization_name=Fastline%20Distribution,https://app.apollo.io/#/people?q_organization_name=Fastline%20Distribution&personTitles[]=CEO&personTitles[]=Managing%20Director&personTitles[]=Founder&personTitles[]=Director&personTitles[]=Head%20of%20Procurement&personTitles[]=Buyer&personTitles[]=Commercial%20Director&personTitles[]=Export%20Manager,,,,,,,New,,,,,,,,,partial,0,,,,,False,False,False,0,0,skip,,,
Father Farm Foods,Stand: N810,,Stand: N810,https://www.ife.co.ukexhibitors/werone-group,YES,https://www.linkedin.com/sales/search/people?keywords=Father%20Farm%20Foods&titleFreeText=CEO%20OR%20MD%20OR%20Director%20OR%20Buyer%20OR%20Procurement,https://www.linkedin.com/search/results/people/?keywords=Father%20Farm%20Foods&titleFreeText=CEO%20OR%20MD%20OR%20%22Managing%20Director%22%20OR%20Founder%20OR%20Director%20OR%20Buyer%20OR%20Procurement%20OR%20%22Head%20of%20Sales%22,https://app.apollo.io/#/companies?q_organization_name=Father%20Farm%20Foods,https://app.apollo.io/#/people?q_organization_name=Father%20Farm%20Foods&personTitles[]=CEO&personTitles[]=Managing%20Director&personTitles[]=Founder&personTitles[]=Director&personTitles[]=Head%20of%20Procurement&personTitles[]=Buyer&personTitles[]=Commercial%20Director&personTitles[]=Export%20Manager,,,,,,,New,,,,,,,,,partial,0,,,,,False,False,False,0,0,skip,,,
First Quality Foods,Stand: N820,,Stand: N820,https://www.ife.co.ukexhibitors/first-quality-foods,YES,https://www.linkedin.com/sales/search/people?keywords=First%20Quality%20Foods&titleFreeText=CEO%20OR%20MD%20OR%20Director%20OR%20Buyer%20OR%20Procurement,https://www.linkedin.com/search/results/people/?keywords=First%20Quality%20Foods&titleFreeText=CEO%20OR%20MD%20OR%20%22Managing%20Director%22%20OR%20Founder%20OR%20Director%20OR%20Buyer%20OR%20Procurement%20OR%20%22Head%20of%20Sales%22,https://app.apollo.io/#/companies?q_organization_name=First%20Quality%20Foods,https://app.apollo.io/#/people?q_organization_name=First%20Quality%20Foods&personTitles[]=CEO&personTitles[]=Managing%20Director&personTitles[]=Founder&personTitles[]=Director&personTitles[]=Head%20of%20Procurement&personTitles[]=Buyer&personTitles[]=Commercial%20Director&personTitles[]=Export%20Manager,,,,,,,New,,,,,,,,,partial,0,,,,,False,False,False,0,0,skip,,,
FLORA TEA,Stand: S682,,Stand: S682,https://www.ife.co.ukexhibitors/flora-tea,YES,https://www.linkedin.com/sales/search/people?keywords=FLORA%20TEA&titleFreeText=CEO%20OR%20MD%20OR%20Director%20OR%20Buyer%20OR%20Procurement,https://www.linkedin.com/search/results/people/?keywords=FLORA%20TEA&titleFreeText=CEO%20OR%20MD%20OR%20%22Managing%20Director%22%20OR%20Founder%20OR%20Director%20OR%20Buyer%20OR%20Procurement%20OR%20%22Head%20of%20Sales%22,https://app.apollo.io/#/companies?q_organization_name=FLORA%20TEA,https://app.apollo.io/#/people?q_organization_name=FLORA%20TEA&personTitles[]=CEO&personTitles[]=Managing%20Director&personTitles[]=Founder&personTitles[]=Director&personTitles[]=Head%20of%20Procurement&personTitles[]=Buyer&personTitles[]=Commercial%20Director&personTitles[]=Export%20Manager,,,,,,,New,,,,,,,,,partial,0,,,,,False,False,False,0,0,skip,,,
Food & Drink Exporters Association,Stand: N971,Exporters Hub,Stand: N971,https://www.ife.co.ukexhibitors/food-drink-exporters-association-1,YES,https://www.linkedin.com/sales/search/people?keywords=Food%20%26%20Drink%20Exporters%20Association&titleFreeText=CEO%20OR%20MD%20OR%20Director%20OR%20Buyer%20OR%20Procurement,https://www.linkedin.com/search/results/people/?keywords=Food%20%26%20Drink%20Exporters%20Association&titleFreeText=CEO%20OR%20MD%20OR%20%22Managing%20Director%22%20OR%20Founder%20OR%20Director%20OR%20Buyer%20OR%20Procurement%20OR%20%22Head%20of%20Sales%22,https://app.apollo.io/#/companies?q_organization_name=Food%20&%20Drink%20Exporters%20Association,https://app.apollo.io/#/people?q_organization_name=Food%20&%20Drink%20Exporters%20Association&personTitles[]=CEO&personTitles[]=Managing%20Director&personTitles[]=Founder&personTitles[]=Director&personTitles[]=Head%20of%20Procurement&personTitles[]=Buyer&personTitles[]=Commercial%20Director&personTitles[]=Export%20Manager,,,,,,,New,,,,,,,,,partial,0,,,,,False,False,False,0,0,skip,,,
Food & Glory,Stand: N3953,,Stand: N3953,https://www.ife.co.ukexhibitors/food-glory,YES,https://www.linkedin.com/sales/search/people?keywords=Food%20%26%20Glory&titleFreeText=CEO%20OR%20MD%20OR%20Director%20OR%20Buyer%20OR%20Procurement,https://www.linkedin.com/search/results/people/?keywords=Food%20%26%20Glory&titleFreeText=CEO%20OR%20MD%20OR%20%22Managing%20Director%22%20OR%20Founder%20OR%20Director%20OR%20Buyer%20OR%20Procurement%20OR%20%22Head%20of%20Sales%22,https://app.apollo.io/#/companies?q_organization_name=Food%20&%20Glory,https://app.apollo.io/#/people?q_organization_name=Food%20&%20Glory&personTitles[]=CEO&personTitles[]=Managing%20Director&personTitles[]=Founder&personTitles[]=Director&personTitles[]=Head%20of%20Procurement&personTitles[]=Buyer&personTitles[]=Commercial%20Director&personTitles[]=Export%20Manager,,,,,,,New,,,,,,,,,partial,0,,,,,False,False,False,0,0,skip,,,
FOOD EMPIRE,Stand: N4916,,Stand: N4916,https://www.ife.co.ukexhibitors/food-empire,YES,https://www.linkedin.com/sales/search/people?keywords=FOOD%20EMPIRE&titleFreeText=CEO%20OR%20MD%20OR%20Director%20OR%20Buyer%20OR%20Procurement,https://www.linkedin.com/search/results/people/?keywords=FOOD%20EMPIRE&titleFreeText=CEO%20OR%20MD%20OR%20%22Managing%20Director%22%20OR%20Founder%20OR%20Director%20OR%20Buyer%20OR%20Procurement%20OR%20%22Head%20of%20Sales%22,https://app.apollo.io/#/companies?q_organization_name=FOOD%20EMPIRE,https://app.apollo.io/#/people?q_organization_name=FOOD%20EMPIRE&personTitles[]=CEO&personTitles[]=Managing%20Director&personTitles[]=Founder&personTitles[]=Director&personTitles[]=Head%20of%20Procurement&personTitles[]=Buyer&personTitles[]=Commercial%20Director&personTitles[]=Export%20Manager,,,,,,,New,,,,,,,,,partial,0,,,,,False,False,False,0,0,skip,,,
Food for Life Baking Co.,Stand: N1410f,,Stand: N1410f,https://www.ife.co.ukexhibitors/food-life-baking-co,YES,https://www.linkedin.com/sales/search/people?keywords=Food%20for%20Life%20Baking%20Co.&titleFreeText=CEO%20OR%20MD%20OR%20Director%20OR%20Buyer%20OR%20Procurement,https://www.linkedin.com/search/results/people/?keywords=Food%20for%20Life%20Baking%20Co.&titleFreeText=CEO%20OR%20MD%20OR%20%22Managing%20Director%22%20OR%20Founder%20OR%20Director%20OR%20Buyer%20OR%20Procurement%20OR%20%22Head%20of%20Sales%22,https://app.apollo.io/#/companies?q_organization_name=Food%20for%20Life%20Baking%20Co.,https://app.apollo.io/#/people?q_organization_name=Food%20for%20Life%20Baking%20Co.&personTitles[]=CEO&personTitles[]=Managing%20Director&personTitles[]=Founder&personTitles[]=Director&personTitles[]=Head%20of%20Procurement&personTitles[]=Buyer&personTitles[]=Commercial%20Director&personTitles[]=Export%20Manager,,,,,,,New,,,,,,,,,partial,0,,,,,False,False,False,0,0,skip,,,
FOOD PARTNERS,Stand: N1970f,,Stand: N1970f,https://www.ife.co.ukexhibitors/food-partners,YES,https://www.linkedin.com/sales/search/people?keywords=FOOD%20PARTNERS&titleFreeText=CEO%20OR%20MD%20OR%20Director%20OR%20Buyer%20OR%20Procurement,https://www.linkedin.com/search/results/people/?keywords=FOOD%20PARTNERS&titleFreeText=CEO%20OR%20MD%20OR%20%22Managing%20Director%22%20OR%20Founder%20OR%20Director%20OR%20Buyer%20OR%20Procurement%20OR%20%22Head%20of%20Sales%22,https://app.apollo.io/#/companies?q_organization_name=FOOD%20PARTNERS,https://app.apollo.io/#/people?q_organization_name=FOOD%20PARTNERS&personTitles[]=CEO&personTitles[]=Managing%20Director&personTitles[]=Founder&personTitles[]=Director&personTitles[]=Head%20of%20Procurement&personTitles[]=Buyer&personTitles[]=Commercial%20Director&personTitles[]=Export%20Manager,,,,,,,New,,,,,,,,,partial,0,,,,,False,False,False,0,0,skip,,,
Foodart Ltd,Stand: N3230,,Stand: N3230,https://www.ife.co.ukexhibitors/foodart-1,YES,https://www.linkedin.com/sales/search/people?keywords=Foodart%20Ltd&titleFreeText=CEO%20OR%20MD%20OR%20Director%20OR%20Buyer%20OR%20Procurement,https://www.linkedin.com/search/results/people/?keywords=Foodart%20Ltd&titleFreeText=CEO%20OR%20MD%20OR%20%22Managing%20Director%22%20OR%20Founder%20OR%20Director%20OR%20Buyer%20OR%20Procurement%20OR%20%22Head%20of%20Sales%22,https://app.apollo.io/#/companies?q_organization_name=Foodart%20Ltd,https://app.apollo.io/#/people?q_organization_name=Foodart%20Ltd&personTitles[]=CEO&personTitles[]=Managing%20Director&personTitles[]=Founder&personTitles[]=Director&personTitles[]=Head%20of%20Procurement&personTitles[]=Buyer&personTitles[]=Commercial%20Director&personTitles[]=Export%20Manager,,,,,,,New,,,,,,,,,partial,0,,,,,False,False,False,0,0,skip,,,
FOODAS,Stand: N2918,,Stand: N2918,https://www.ife.co.ukexhibitors/foodas,YES,https://www.linkedin.com/sales/search/people?keywords=FOODAS&titleFreeText=CEO%20OR%20MD%20OR%20Director%20OR%20Buyer%20OR%20Procurement,https://www.linkedin.com/search/results/people/?keywords=FOODAS&titleFreeText=CEO%20OR%20MD%20OR%20%22Managing%20Director%22%20OR%20Founder%20OR%20Director%20OR%20Buyer%20OR%20Procurement%20OR%20%22Head%20of%20Sales%22,https://app.apollo.io/#/companies?q_organization_name=FOODAS,https://app.apollo.io/#/people?q_organization_name=FOODAS&personTitles[]=CEO&personTitles[]=Managing%20Director&personTitles[]=Founder&personTitles[]=Director&personTitles[]=Head%20of%20Procurement&personTitles[]=Buyer&personTitles[]=Commercial%20Director&personTitles[]=Export%20Manager,,,,,,,New,,,,,,,,,partial,0,,,,,False,False,False,0,0,skip,,,
FoodBev Media,Stand: N313,,Stand: N313,https://www.ife.co.ukexhibitors/foodbev-media,YES,https://www.linkedin.com/sales/search/people?keywords=FoodBev%20Media&titleFreeText=CEO%20OR%20MD%20OR%20Director%20OR%20Buyer%20OR%20Procurement,https://www.linkedin.com/search/results/people/?keywords=FoodBev%20Media&titleFreeText=CEO%20OR%20MD%20OR%20%22Managing%20Director%22%20OR%20Founder%20OR%20Director%20OR%20Buyer%20OR%20Procurement%20OR%20%22Head%20of%20Sales%22,https://app.apollo.io/#/companies?q_organization_name=FoodBev%20Media,https://app.apollo.io/#/people?q_organization_name=FoodBev%20Media&personTitles[]=CEO&personTitles[]=Managing%20Director&personTitles[]=Founder&personTitles[]=Director&personTitles[]=Head%20of%20Procurement&personTitles[]=Buyer&personTitles[]=Commercial%20Director&personTitles[]=Export%20Manager,,,,,,,New,,,,,,,,,partial,0,,,,,False,False,False,0,0,skip,,,
FoodChain ID,Stand: N281b,,Stand: N281b,https://www.ife.co.ukexhibitors/foodchain-id,YES,https://www.linkedin.com/sales/search/people?keywords=FoodChain%20ID&titleFreeText=CEO%20OR%20MD%20OR%20Director%20OR%20Buyer%20OR%20Procurement,https://www.linkedin.com/search/results/people/?keywords=FoodChain%20ID&titleFreeText=CEO%20OR%20MD%20OR%20%22Managing%20Director%22%20OR%20Founder%20OR%20Director%20OR%20Buyer%20OR%20Procurement%20OR%20%22Head%20of%20Sales%22,https://app.apollo.io/#/companies?q_organization_name=FoodChain%20ID,https://app.apollo.io/#/people?q_organization_name=FoodChain%20ID&personTitles[]=CEO&personTitles[]=Managing%20Director&personTitles[]=Founder&personTitles[]=Director&personTitles[]=Head%20of%20Procurement&personTitles[]=Buyer&personTitles[]=Commercial%20Director&personTitles[]=Export%20Manager,,,,,,,New,,,,,,,,,partial,0,,,,,False,False,False,0,0,skip,,,
Foodhak,Stand: N1037,,Stand: N1037,https://www.ife.co.ukexhibitors/foodhak,YES,https://www.linkedin.com/sales/search/people?keywords=Foodhak&titleFreeText=CEO%20OR%20MD%20OR%20Director%20OR%20Buyer%20OR%20Procurement,https://www.linkedin.com/search/results/people/?keywords=Foodhak&titleFreeText=CEO%20OR%20MD%20OR%20%22Managing%20Director%22%20OR%20Founder%20OR%20Director%20OR%20Buyer%20OR%20Procurement%20OR%20%22Head%20of%20Sales%22,https://app.apollo.io/#/companies?q_organization_name=Foodhak,https://app.apollo.io/#/people?q_organization_name=Foodhak&personTitles[]=CEO&personTitles[]=Managing%20Director&personTitles[]=Founder&personTitles[]=Director&personTitles[]=Head%20of%20Procurement&personTitles[]=Buyer&personTitles[]=Commercial%20Director&personTitles[]=Export%20Manager,,,,,,,New,,,,,,,,,partial,0,,,,,False,False,False,0,0,skip,,,
Foodhub For Business,Stand: S3246,,Stand: S3246,https://www.ife.co.ukexhibitors/foodhub-business,YES,https://www.linkedin.com/sales/search/people?keywords=Foodhub%20For%20Business&titleFreeText=CEO%20OR%20MD%20OR%20Director%20OR%20Buyer%20OR%20Procurement,https://www.linkedin.com/search/results/people/?keywords=Foodhub%20For%20Business&titleFreeText=CEO%20OR%20MD%20OR%20%22Managing%20Director%22%20OR%20Founder%20OR%20Director%20OR%20Buyer%20OR%20Procurement%20OR%20%22Head%20of%20Sales%22,https://app.apollo.io/#/companies?q_organization_name=Foodhub%20For%20Business,https://app.apollo.io/#/people?q_organization_name=Foodhub%20For%20Business&personTitles[]=CEO&personTitles[]=Managing%20Director&personTitles[]=Founder&personTitles[]=Director&personTitles[]=Head%20of%20Procurement&personTitles[]=Buyer&personTitles[]=Commercial%20Director&personTitles[]=Export%20Manager,,,,,,,New,,,,,,,,,partial,0,,,,,False,False,False,0,0,skip,,,
Foodlink UK,Stand: N3350,,Stand: N3350,https://www.ife.co.ukexhibitors/foodlink-1,YES,https://www.linkedin.com/sales/search/people?keywords=Foodlink%20UK&titleFreeText=CEO%20OR%20MD%20OR%20Director%20OR%20Buyer%20OR%20Procurement,https://www.linkedin.com/search/results/people/?keywords=Foodlink%20UK&titleFreeText=CEO%20OR%20MD%20OR%20%22Managing%20Director%22%20OR%20Founder%20OR%20Director%20OR%20Buyer%20OR%20Procurement%20OR%20%22Head%20of%20Sales%22,https://app.apollo.io/#/companies?q_organization_name=Foodlink%20UK,https://app.apollo.io/#/people?q_organization_name=Foodlink%20UK&personTitles[]=CEO&personTitles[]=Managing%20Director&personTitles[]=Founder&personTitles[]=Director&personTitles[]=Head%20of%20Procurement&personTitles[]=Buyer&personTitles[]=Commercial%20Director&personTitles[]=Export%20Manager,,,,,,,New,,,,,,,,,partial,0,,,,,False,False,False,0,0,skip,,,
FoodMorning Ltd,Stand: N4940,,Stand: N4940,https://www.ife.co.ukexhibitors/foodmorning-1,YES,https://www.linkedin.com/sales/search/people?keywords=FoodMorning%20Ltd&titleFreeText=CEO%20OR%20MD%20OR%20Director%20OR%20Buyer%20OR%20Procurement,https://www.linkedin.com/search/results/people/?keywords=FoodMorning%20Ltd&titleFreeText=CEO%20OR%20MD%20OR%20%22Managing%20Director%22%20OR%20Founder%20OR%20Director%20OR%20Buyer%20OR%20Procurement%20OR%20%22Head%20of%20Sales%22,https://app.apollo.io/#/companies?q_organization_name=FoodMorning%20Ltd,https://app.apollo.io/#/people?q_organization_name=FoodMorning%20Ltd&personTitles[]=CEO&personTitles[]=Managing%20Director&personTitles[]=Founder&personTitles[]=Director&personTitles[]=Head%20of%20Procurement&personTitles[]=Buyer&personTitles[]=Commercial%20Director&personTitles[]=Export%20Manager,,,,,,,New,,,,,,,,,partial,0,,,,,False,False,False,0,0,skip,,,
FoodOp,Stand: S240,,Stand: S240,https://www.ife.co.ukexhibitors/foodop,YES,https://www.linkedin.com/sales/search/people?keywords=FoodOp&titleFreeText=CEO%20OR%20MD%20OR%20Director%20OR%20Buyer%20OR%20Procurement,https://www.linkedin.com/search/results/people/?keywords=FoodOp&titleFreeText=CEO%20OR%20MD%20OR%20%22Managing%20Director%22%20OR%20Founder%20OR%20Director%20OR%20Buyer%20OR%20Procurement%20OR%20%22Head%20of%20Sales%22,https://app.apollo.io/#/companies?q_organization_name=FoodOp,https://app.apollo.io/#/people?q_organization_name=FoodOp&personTitles[]=CEO&personTitles[]=Managing%20Director&personTitles[]=Founder&personTitles[]=Director&personTitles[]=Head%20of%20Procurement&personTitles[]=Buyer&personTitles[]=Commercial%20Director&personTitles[]=Export%20Manager,,,,,,,New,,,,,,,,,partial,0,,,,,False,False,False,0,0,skip,,,
Foodsteps,Stand: S3051,,Stand: S3051,https://www.ife.co.ukexhibitors/foodsteps,YES,https://www.linkedin.com/sales/search/people?keywords=Foodsteps&titleFreeText=CEO%20OR%20MD%20OR%20Director%20OR%20Buyer%20OR%20Procurement,https://www.linkedin.com/search/results/people/?keywords=Foodsteps&titleFreeText=CEO%20OR%20MD%20OR%20%22Managing%20Director%22%20OR%20Founder%20OR%20Director%20OR%20Buyer%20OR%20Procurement%20OR%20%22Head%20of%20Sales%22,https://app.apollo.io/#/companies?q_organization_name=Foodsteps,https://app.apollo.io/#/people?q_organization_name=Foodsteps&personTitles[]=CEO&personTitles[]=Managing%20Director&personTitles[]=Founder&personTitles[]=Director&personTitles[]=Head%20of%20Procurement&personTitles[]=Buyer&personTitles[]=Commercial%20Director&personTitles[]=Export%20Manager,,,,,,,New,,,,,,,,,partial,0,,,,,False,False,False,0,0,skip,,,
Foodwick,Stand: N3001,,Stand: N3001,https://www.ife.co.ukexhibitors/foodwick,YES,https://www.linkedin.com/sales/search/people?keywords=Foodwick&titleFreeText=CEO%20OR%20MD%20OR%20Director%20OR%20Buyer%20OR%20Procurement,https://www.linkedin.com/search/results/people/?keywords=Foodwick&titleFreeText=CEO%20OR%20MD%20OR%20%22Managing%20Director%22%20OR%20Founder%20OR%20Director%20OR%20Buyer%20OR%20Procurement%20OR%20%22Head%20of%20Sales%22,https://app.apollo.io/#/companies?q_organization_name=Foodwick,https://app.apollo.io/#/people?q_organization_name=Foodwick&personTitles[]=CEO&personTitles[]=Managing%20Director&personTitles[]=Founder&personTitles[]=Director&personTitles[]=Head%20of%20Procurement&personTitles[]=Buyer&personTitles[]=Commercial%20Director&personTitles[]=Export%20Manager,,,,,,,New,,,,,,,,,partial,0,,,,,False,False,False,0,0,skip,,,
"Foshan City Harvest Packaging Co., Ltd.",Stand: S1450b,,Stand: S1450b,https://www.ife.co.ukexhibitors/foshan-city-harvest-packaging-co-,YES,"https://www.linkedin.com/sales/search/people?keywords=Foshan%20City%20Harvest%20Packaging%20Co.,%20Ltd.&titleFreeText=CEO%20OR%20MD%20OR%20Director%20OR%20Buyer%20OR%20Procurement","https://www.linkedin.com/search/results/people/?keywords=Foshan%20City%20Harvest%20Packaging%20Co.,%20Ltd.&titleFreeText=CEO%20OR%20MD%20OR%20%22Managing%20Director%22%20OR%20Founder%20OR%20Director%20OR%20Buyer%20OR%20Procurement%20OR%20%22Head%20of%20Sales%22","https://app.apollo.io/#/companies?q_organization_name=Foshan%20City%20Harvest%20Packaging%20Co.,%20Ltd.","https://app.apollo.io/#/people?q_organization_name=Foshan%20City%20Harvest%20Packaging%20Co.,%20Ltd.&personTitles[]=CEO&personTitles[]=Managing%20Director&personTitles[]=Founder&personTitles[]=Director&personTitles[]=Head%20of%20Procurement&personTitles[]=Buyer&personTitles[]=Commercial%20Director&personTitles[]=Export%20Manager",,,,,,,New,,,,,,,,,partial,0,,,,,False,False,False,0,0,skip,,,
"FOSHAN CITY KING DAVID FOODS CO.,LTD",Stand: N2952,,Stand: N2952,https://www.ife.co.ukexhibitors/foshan-city-king-david-foods-co,YES,"https://www.linkedin.com/sales/search/people?keywords=FOSHAN%20CITY%20KING%20DAVID%20FOODS%20CO.,LTD&titleFreeText=CEO%20OR%20MD%20OR%20Director%20OR%20Buyer%20OR%20Procurement","https://www.linkedin.com/search/results/people/?keywords=FOSHAN%20CITY%20KING%20DAVID%20FOODS%20CO.,LTD&titleFreeText=CEO%20OR%20MD%20OR%20%22Managing%20Director%22%20OR%20Founder%20OR%20Director%20OR%20Buyer%20OR%20Procurement%20OR%20%22Head%20of%20Sales%22","https://app.apollo.io/#/companies?q_organization_name=FOSHAN%20CITY%20KING%20DAVID%20FOODS%20CO.,LTD","https://app.apollo.io/#/people?q_organization_name=FOSHAN%20CITY%20KING%20DAVID%20FOODS%20CO.,LTD&personTitles[]=CEO&personTitles[]=Managing%20Director&personTitles[]=Founder&personTitles[]=Director&personTitles[]=Head%20of%20Procurement&personTitles[]=Buyer&personTitles[]=Commercial%20Director&personTitles[]=Export%20Manager",,,,,,,New,,,,,,,,,partial,0,,,,,False,False,False,0,0,skip,,,
"Foshan Haitian Flavouring & Food Co., Ltd.",Stand: N2958,,Stand: N2958,https://www.ife.co.ukexhibitors/foshan-haitian-flavouring-food-co-,YES,"https://www.linkedin.com/sales/search/people?keywords=Foshan%20Haitian%20Flavouring%20%26%20Food%20Co.,%20Ltd.&titleFreeText=CEO%20OR%20MD%20OR%20Director%20OR%20Buyer%20OR%20Procurement","https://www.linkedin.com/search/results/people/?keywords=Foshan%20Haitian%20Flavouring%20%26%20Food%20Co.,%20Ltd.&titleFreeText=CEO%20OR%20MD%20OR%20%22Managing%20Director%22%20OR%20Founder%20OR%20Director%20OR%20Buyer%20OR%20Procurement%20OR%20%22Head%20of%20Sales%22","https://app.apollo.io/#/companies?q_organization_name=Foshan%20Haitian%20Flavouring%20&%20Food%20Co.,%20Ltd.","https://app.apollo.io/#/people?q_organization_name=Foshan%20Haitian%20Flavouring%20&%20Food%20Co.,%20Ltd.&personTitles[]=CEO&personTitles[]=Managing%20Director&personTitles[]=Founder&personTitles[]=Director&personTitles[]=Head%20of%20Procurement&personTitles[]=Buyer&personTitles[]=Commercial%20Director&personTitles[]=Export%20Manager",,,,,,,New,,,,,,,,,partial,0,,,,,False,False,False,0,0,skip,,,
Freshasia Foods Ltd,Stand: N3828,,Stand: N3828,https://www.ife.co.ukexhibitors/freshasia-foods,YES,https://www.linkedin.com/sales/search/people?keywords=Freshasia%20Foods%20Ltd&titleFreeText=CEO%20OR%20MD%20OR%20Director%20OR%20Buyer%20OR%20Procurement,https://www.linkedin.com/search/results/people/?keywords=Freshasia%20Foods%20Ltd&titleFreeText=CEO%20OR%20MD%20OR%20%22Managing%20Director%22%20OR%20Founder%20OR%20Director%20OR%20Buyer%20OR%20Procurement%20OR%20%22Head%20of%20Sales%22,https://app.apollo.io/#/companies?q_organization_name=Freshasia%20Foods%20Ltd,https://app.apollo.io/#/people?q_organization_name=Freshasia%20Foods%20Ltd&personTitles[]=CEO&personTitles[]=Managing%20Director&personTitles[]=Founder&personTitles[]=Director&personTitles[]=Head%20of%20Procurement&personTitles[]=Buyer&personTitles[]=Commercial%20Director&personTitles[]=Export%20Manager,,,,,,,New,,,,,,,,,partial,0,,,,,False,False,False,0,0,skip,,,
Fries food ekin chips,Stand: N3880,,Stand: N3880,https://www.ife.co.ukexhibitors/fries-food-ekin-chips,YES,https://www.linkedin.com/sales/search/people?keywords=Fries%20food%20ekin%20chips&titleFreeText=CEO%20OR%20MD%20OR%20Director%20OR%20Buyer%20OR%20Procurement,https://www.linkedin.com/search/results/people/?keywords=Fries%20food%20ekin%20chips&titleFreeText=CEO%20OR%20MD%20OR%20%22Managing%20Director%22%20OR%20Founder%20OR%20Director%20OR%20Buyer%20OR%20Procurement%20OR%20%22Head%20of%20Sales%22,https://app.apollo.io/#/companies?q_organization_name=Fries%20food%20ekin%20chips,https://app.apollo.io/#/people?q_organization_name=Fries%20food%20ekin%20chips&personTitles[]=CEO&personTitles[]=Managing%20Director&personTitles[]=Founder&personTitles[]=Director&personTitles[]=Head%20of%20Procurement&personTitles[]=Buyer&personTitles[]=Commercial%20Director&personTitles[]=Export%20Manager,,,,,,,New,,,,,,,,,partial,0,,,,,False,False,False,0,0,skip,,,
Frozen Fast Food (Lala's),Stand: N4147,,Stand: N4147,https://www.ife.co.ukexhibitors/frozen-fast-food-lalas-1,YES,https://www.linkedin.com/sales/search/people?keywords=Frozen%20Fast%20Food%20(Lala's)&titleFreeText=CEO%20OR%20MD%20OR%20Director%20OR%20Buyer%20OR%20Procurement,https://www.linkedin.com/search/results/people/?keywords=Frozen%20Fast%20Food%20(Lala's)&titleFreeText=CEO%20OR%20MD%20OR%20%22Managing%20Director%22%20OR%20Founder%20OR%20Director%20OR%20Buyer%20OR%20Procurement%20OR%20%22Head%20of%20Sales%22,https://app.apollo.io/#/companies?q_organization_name=Frozen%20Fast%20Food%20(Lala's),https://app.apollo.io/#/people?q_organization_name=Frozen%20Fast%20Food%20(Lala's)&personTitles[]=CEO&personTitles[]=Managing%20Director&personTitles[]=Founder&personTitles[]=Director&personTitles[]=Head%20of%20Procurement&personTitles[]=Buyer&personTitles[]=Commercial%20Director&personTitles[]=Export%20Manager,,,,,,,New,,,,,,,,,partial,0,,,,,False,False,False,0,0,skip,,,
FUTURE FOODS,Stand: N1035,,Stand: N1035,https://www.ife.co.ukexhibitors/future-foods-1,YES,https://www.linkedin.com/sales/search/people?keywords=FUTURE%20FOODS&titleFreeText=CEO%20OR%20MD%20OR%20Director%20OR%20Buyer%20OR%20Procurement,https://www.linkedin.com/search/results/people/?keywords=FUTURE%20FOODS&titleFreeText=CEO%20OR%20MD%20OR%20%22Managing%20Director%22%20OR%20Founder%20OR%20Director%20OR%20Buyer%20OR%20Procurement%20OR%20%22Head%20of%20Sales%22,https://app.apollo.io/#/companies?q_organization_name=FUTURE%20FOODS,https://app.apollo.io/#/people?q_organization_name=FUTURE%20FOODS&personTitles[]=CEO&personTitles[]=Managing%20Director&personTitles[]=Founder&personTitles[]=Director&personTitles[]=Head%20of%20Procurement&personTitles[]=Buyer&personTitles[]=Commercial%20Director&personTitles[]=Export%20Manager,,,,,,,New,,,,,,,,,partial,0,,,,,False,False,False,0,0,skip,,,
GAZEBO FINE FOODS LTD,Stand: N3900,,Stand: N3900,https://www.ife.co.ukexhibitors/gazebo-fine-foods-1,YES,https://www.linkedin.com/sales/search/people?keywords=GAZEBO%20FINE%20FOODS%20LTD&titleFreeText=CEO%20OR%20MD%20OR%20Director%20OR%20Buyer%20OR%20Procurement,https://www.linkedin.com/search/results/people/?keywords=GAZEBO%20FINE%20FOODS%20LTD&titleFreeText=CEO%20OR%20MD%20OR%20%22Managing%20Director%22%20OR%20Founder%20OR%20Director%20OR%20Buyer%20OR%20Procurement%20OR%20%22Head%20of%20Sales%22,https://app.apollo.io/#/companies?q_organization_name=GAZEBO%20FINE%20FOODS%20LTD,https://app.apollo.io/#/people?q_organization_name=GAZEBO%20FINE%20FOODS%20LTD&personTitles[]=CEO&personTitles[]=Managing%20Director&personTitles[]=Founder&personTitles[]=Director&personTitles[]=Head%20of%20Procurement&personTitles[]=Buyer&personTitles[]=Commercial%20Director&personTitles[]=Export%20Manager,,,,,,,New,,,,,,,,,partial,0,,,,,False,False,False,0,0,skip,,,
GENERAL FOOD TRADING,Stand: N3215,,Stand: N3215,https://www.ife.co.ukexhibitors/general-food-trading-1,YES,https://www.linkedin.com/sales/search/people?keywords=GENERAL%20FOOD%20TRADING&titleFreeText=CEO%20OR%20MD%20OR%20Director%20OR%20Buyer%20OR%20Procurement,https://www.linkedin.com/search/results/people/?keywords=GENERAL%20FOOD%20TRADING&titleFreeText=CEO%20OR%20MD%20OR%20%22Managing%20Director%22%20OR%20Founder%20OR%20Director%20OR%20Buyer%20OR%20Procurement%20OR%20%22Head%20of%20Sales%22,https://app.apollo.io/#/companies?q_organization_name=GENERAL%20FOOD%20TRADING,https://app.apollo.io/#/people?q_organization_name=GENERAL%20FOOD%20TRADING&personTitles[]=CEO&personTitles[]=Managing%20Director&personTitles[]=Founder&personTitles[]=Director&personTitles[]=Head%20of%20Procurement&personTitles[]=Buyer&personTitles[]=Commercial%20Director&personTitles[]=Export%20Manager,,,,,,,New,,,,,,,,,partial,0,,,,,False,False,False,0,0,skip,,,
Georgia`s Natural Organic,Stand: N1610,,Stand: N1610,https://www.ife.co.ukexhibitors/georgias-natural-organic,YES,https://www.linkedin.com/sales/search/people?keywords=Georgia`s%20Natural%20Organic&titleFreeText=CEO%20OR%20MD%20OR%20Director%20OR%20Buyer%20OR%20Procurement,https://www.linkedin.com/search/results/people/?keywords=Georgia`s%20Natural%20Organic&titleFreeText=CEO%20OR%20MD%20OR%20%22Managing%20Director%22%20OR%20Founder%20OR%20Director%20OR%20Buyer%20OR%20Procurement%20OR%20%22Head%20of%20Sales%22,https://app.apollo.io/#/companies?q_organization_name=Georgia`s%20Natural%20Organic,https://app.apollo.io/#/people?q_organization_name=Georgia`s%20Natural%20Organic&personTitles[]=CEO&personTitles[]=Managing%20Director&personTitles[]=Founder&personTitles[]=Director&personTitles[]=Head%20of%20Procurement&personTitles[]=Buyer&personTitles[]=Commercial%20Director&personTitles[]=Export%20Manager,,,,,,,New,,,,,,,,,partial,0,,,,,False,False,False,0,0,skip,,,
GFW Good Food Wines,Stand: N2650,,Stand: N2650,https://www.ife.co.ukexhibitors/gfw-good-food-wines,YES,https://www.linkedin.com/sales/search/people?keywords=GFW%20Good%20Food%20Wines&titleFreeText=CEO%20OR%20MD%20OR%20Director%20OR%20Buyer%20OR%20Procurement,https://www.linkedin.com/search/results/people/?keywords=GFW%20Good%20Food%20Wines&titleFreeText=CEO%20OR%20MD%20OR%20%22Managing%20Director%22%20OR%20Founder%20OR%20Director%20OR%20Buyer%20OR%20Procurement%20OR%20%22Head%20of%20Sales%22,https://app.apollo.io/#/companies?q_organization_name=GFW%20Good%20Food%20Wines,https://app.apollo.io/#/people?q_organization_name=GFW%20Good%20Food%20Wines&personTitles[]=CEO&personTitles[]=Managing%20Director&personTitles[]=Founder&personTitles[]=Director&personTitles[]=Head%20of%20Procurement&personTitles[]=Buyer&personTitles[]=Commercial%20Director&personTitles[]=Export%20Manager,,,,,,,New,,,,,,,,,partial,0,,,,,False,False,False,0,0,skip,,,
Go Beyond Print & Packaging,Stand: N100,,Stand: N100,https://www.ife.co.ukexhibitors/go-beyond-print-packaging,YES,https://www.linkedin.com/sales/search/people?keywords=Go%20Beyond%20Print%20%26%20Packaging&titleFreeText=CEO%20OR%20MD%20OR%20Director%20OR%20Buyer%20OR%20Procurement,https://www.linkedin.com/search/results/people/?keywords=Go%20Beyond%20Print%20%26%20Packaging&titleFreeText=CEO%20OR%20MD%20OR%20%22Managing%20Director%22%20OR%20Founder%20OR%20Director%20OR%20Buyer%20OR%20Procurement%20OR%20%22Head%20of%20Sales%22,https://app.apollo.io/#/companies?q_organization_name=Go%20Beyond%20Print%20&%20Packaging,https://app.apollo.io/#/people?q_organization_name=Go%20Beyond%20Print%20&%20Packaging&personTitles[]=CEO&personTitles[]=Managing%20Director&personTitles[]=Founder&personTitles[]=Director&personTitles[]=Head%20of%20Procurement&personTitles[]=Buyer&personTitles[]=Commercial%20Director&personTitles[]=Export%20Manager,,,,,,,New,,,,,,,,,partial,0,,,,,False,False,False,0,0,skip,,,
Golden Acre Foods,Stand: N2330,,Stand: N2330,https://www.ife.co.ukexhibitors/golden-acre-foods-1,YES,https://www.linkedin.com/sales/search/people?keywords=Golden%20Acre%20Foods&titleFreeText=CEO%20OR%20MD%20OR%20Director%20OR%20Buyer%20OR%20Procurement,https://www.linkedin.com/search/results/people/?keywords=Golden%20Acre%20Foods&titleFreeText=CEO%20OR%20MD%20OR%20%22Managing%20Director%22%20OR%20Founder%20OR%20Director%20OR%20Buyer%20OR%20Procurement%20OR%20%22Head%20of%20Sales%22,https://app.apollo.io/#/companies?q_organization_name=Golden%20Acre%20Foods,https://app.apollo.io/#/people?q_organization_name=Golden%20Acre%20Foods&personTitles[]=CEO&personTitles[]=Managing%20Director&personTitles[]=Founder&personTitles[]=Director&personTitles[]=Head%20of%20Procurement&personTitles[]=Buyer&personTitles[]=Commercial%20Director&personTitles[]=Export%20Manager,,,,,,,New,,,,,,,,,partial,0,,,,,False,False,False,0,0,skip,,,
"GOLDEN COAST PLASTIC PACKAGING CO., LTD",Stand: N4450c,,Stand: N4450c,https://www.ife.co.ukexhibitors/golden-coast-packaging-co,YES,"https://www.linkedin.com/sales/search/people?keywords=GOLDEN%20COAST%20PLASTIC%20PACKAGING%20CO.,%20LTD&titleFreeText=CEO%20OR%20MD%20OR%20Director%20OR%20Buyer%20OR%20Procurement","https://www.linkedin.com/search/results/people/?keywords=GOLDEN%20COAST%20PLASTIC%20PACKAGING%20CO.,%20LTD&titleFreeText=CEO%20OR%20MD%20OR%20%22Managing%20Director%22%20OR%20Founder%20OR%20Director%20OR%20Buyer%20OR%20Procurement%20OR%20%22Head%20of%20Sales%22","https://app.apollo.io/#/companies?q_organization_name=GOLDEN%20COAST%20PLASTIC%20PACKAGING%20CO.,%20LTD","https://app.apollo.io/#/people?q_organization_name=GOLDEN%20COAST%20PLASTIC%20PACKAGING%20CO.,%20LTD&personTitles[]=CEO&personTitles[]=Managing%20Director&personTitles[]=Founder&personTitles[]=Director&personTitles[]=Head%20of%20Procurement&personTitles[]=Buyer&personTitles[]=Commercial%20Director&personTitles[]=Export%20Manager",,,,,,,New,,,,,,,,,partial,0,,,,,False,False,False,0,0,skip,,,
"GRB Dairy Foods PVT, LTD.,",Stand: N3015,,Stand: N3015,https://www.ife.co.ukexhibitors/grb-dairy-foods-pvt--1,YES,"https://www.linkedin.com/sales/search/people?keywords=GRB%20Dairy%20Foods%20PVT,%20LTD.,&titleFreeText=CEO%20OR%20MD%20OR%20Director%20OR%20Buyer%20OR%20Procurement","https://www.linkedin.com/search/results/people/?keywords=GRB%20Dairy%20Foods%20PVT,%20LTD.,&titleFreeText=CEO%20OR%20MD%20OR%20%22Managing%20Director%22%20OR%20Founder%20OR%20Director%20OR%20Buyer%20OR%20Procurement%20OR%20%22Head%20of%20Sales%22","https://app.apollo.io/#/companies?q_organization_name=GRB%20Dairy%20Foods%20PVT,%20LTD.,","https://app.apollo.io/#/people?q_organization_name=GRB%20Dairy%20Foods%20PVT,%20LTD.,&personTitles[]=CEO&personTitles[]=Managing%20Director&personTitles[]=Founder&personTitles[]=Director&personTitles[]=Head%20of%20Procurement&personTitles[]=Buyer&personTitles[]=Commercial%20Director&personTitles[]=Export%20Manager",,,,,,,New,,,,,,,,,partial,0,,,,,False,False,False,0,0,skip,,,
Group Export Agri-Food,Stand: N1470,,Stand: N1470,https://www.ife.co.ukexhibitors/group-export-agri-food,YES,https://www.linkedin.com/sales/search/people?keywords=Group%20Export%20Agri-Food&titleFreeText=CEO%20OR%20MD%20OR%20Director%20OR%20Buyer%20OR%20Procurement,https://www.linkedin.com/search/results/people/?keywords=Group%20Export%20Agri-Food&titleFreeText=CEO%20OR%20MD%20OR%20%22Managing%20Director%22%20OR%20Founder%20OR%20Director%20OR%20Buyer%20OR%20Procurement%20OR%20%22Head%20of%20Sales%22,https://app.apollo.io/#/companies?q_organization_name=Group%20Export%20Agri-Food,https://app.apollo.io/#/people?q_organization_name=Group%20Export%20Agri-Food&personTitles[]=CEO&personTitles[]=Managing%20Director&personTitles[]=Founder&personTitles[]=Director&personTitles[]=Head%20of%20Procurement&personTitles[]=Buyer&personTitles[]=Commercial%20Director&personTitles[]=Export%20Manager,,,,,,,New,,,,,,,,,partial,0,,,,,False,False,False,0,0,skip,,,
"GUANGZHOU HAOEN FENGSHI FOOD CO., LTD",Stand: N4812,,Stand: N4812,https://www.ife.co.ukexhibitors/guangzhou-haoenfengshi-food-co-1,YES,"https://www.linkedin.com/sales/search/people?keywords=GUANGZHOU%20HAOEN%20FENGSHI%20FOOD%20CO.,%20LTD&titleFreeText=CEO%20OR%20MD%20OR%20Director%20OR%20Buyer%20OR%20Procurement","https://www.linkedin.com/search/results/people/?keywords=GUANGZHOU%20HAOEN%20FENGSHI%20FOOD%20CO.,%20LTD&titleFreeText=CEO%20OR%20MD%20OR%20%22Managing%20Director%22%20OR%20Founder%20OR%20Director%20OR%20Buyer%20OR%20Procurement%20OR%20%22Head%20of%20Sales%22","https://app.apollo.io/#/companies?q_organization_name=GUANGZHOU%20HAOEN%20FENGSHI%20FOOD%20CO.,%20LTD","https://app.apollo.io/#/people?q_organization_name=GUANGZHOU%20HAOEN%20FENGSHI%20FOOD%20CO.,%20LTD&personTitles[]=CEO&personTitles[]=Managing%20Director&personTitles[]=Founder&personTitles[]=Director&personTitles[]=Head%20of%20Procurement&personTitles[]=Buyer&personTitles[]=Commercial%20Director&personTitles[]=Export%20Manager",,,,,,,New,,,,,,,,,partial,0,,,,,False,False,False,0,0,skip,,,
"GUANGZHOU HAOEN FENGSHI FOOD CO.,LTD",Stand: N4812,,Stand: N4812,https://www.ife.co.ukexhibitors/guangzhou-haoenfengshi-food-co,YES,"https://www.linkedin.com/sales/search/people?keywords=GUANGZHOU%20HAOEN%20FENGSHI%20FOOD%20CO.,LTD&titleFreeText=CEO%20OR%20MD%20OR%20Director%20OR%20Buyer%20OR%20Procurement","https://www.linkedin.com/search/results/people/?keywords=GUANGZHOU%20HAOEN%20FENGSHI%20FOOD%20CO.,LTD&titleFreeText=CEO%20OR%20MD%20OR%20%22Managing%20Director%22%20OR%20Founder%20OR%20Director%20OR%20Buyer%20OR%20Procurement%20OR%20%22Head%20of%20Sales%22","https://app.apollo.io/#/companies?q_organization_name=GUANGZHOU%20HAOEN%20FENGSHI%20FOOD%20CO.,LTD","https://app.apollo.io/#/people?q_organization_name=GUANGZHOU%20HAOEN%20FENGSHI%20FOOD%20CO.,LTD&personTitles[]=CEO&personTitles[]=Managing%20Director&personTitles[]=Founder&personTitles[]=Director&personTitles[]=Head%20of%20Procurement&personTitles[]=Buyer&personTitles[]=Commercial%20Director&personTitles[]=Export%20Manager",,,,,,,New,,,,,,,,,partial,0,,,,,False,False,False,0,0,skip,,,
Gulf Food Products Co.,Stand: N4410h,,Stand: N4410h,https://www.ife.co.ukexhibitors/gulf-food-products-co,YES,https://www.linkedin.com/sales/search/people?keywords=Gulf%20Food%20Products%20Co.&titleFreeText=CEO%20OR%20MD%20OR%20Director%20OR%20Buyer%20OR%20Procurement,https://www.linkedin.com/search/results/people/?keywords=Gulf%20Food%20Products%20Co.&titleFreeText=CEO%20OR%20MD%20OR%20%22Managing%20Director%22%20OR%20Founder%20OR%20Director%20OR%20Buyer%20OR%20Procurement%20OR%20%22Head%20of%20Sales%22,https://app.apollo.io/#/companies?q_organization_name=Gulf%20Food%20Products%20Co.,https://app.apollo.io/#/people?q_organization_name=Gulf%20Food%20Products%20Co.&personTitles[]=CEO&personTitles[]=Managing%20Director&personTitles[]=Founder&personTitles[]=Director&personTitles[]=Head%20of%20Procurement&personTitles[]=Buyer&personTitles[]=Commercial%20Director&personTitles[]=Export%20Manager,,,,,,,New,,,,,,,,,partial,0,,,,,False,False,False,0,0,skip,,,
H. Smith Food Group plc,Stand: N4050,,Stand: N4050,https://www.ife.co.ukexhibitors/h-smith-food-group-plc,YES,https://www.linkedin.com/sales/search/people?keywords=H.%20Smith%20Food%20Group%20plc&titleFreeText=CEO%20OR%20MD%20OR%20Director%20OR%20Buyer%20OR%20Procurement,https://www.linkedin.com/search/results/people/?keywords=H.%20Smith%20Food%20Group%20plc&titleFreeText=CEO%20OR%20MD%20OR%20%22Managing%20Director%22%20OR%20Founder%20OR%20Director%20OR%20Buyer%20OR%20Procurement%20OR%20%22Head%20of%20Sales%22,https://app.apollo.io/#/companies?q_organization_name=H.%20Smith%20Food%20Group%20plc,https://app.apollo.io/#/people?q_organization_name=H.%20Smith%20Food%20Group%20plc&personTitles[]=CEO&personTitles[]=Managing%20Director&personTitles[]=Founder&personTitles[]=Director&personTitles[]=Head%20of%20Procurement&personTitles[]=Buyer&personTitles[]=Commercial%20Director&personTitles[]=Export%20Manager,,,,,,,New,,,,,,,,,partial,0,,,,,False,False,False,0,0,skip,,,
Halal Certification Organisation (HCO),Stand: N281k,,Stand: N281k,https://www.ife.co.ukexhibitors/halal-certification-organisation-1,YES,https://www.linkedin.com/sales/search/people?keywords=Halal%20Certification%20Organisation%20(HCO)&titleFreeText=CEO%20OR%20MD%20OR%20Director%20OR%20Buyer%20OR%20Procurement,https://www.linkedin.com/search/results/people/?keywords=Halal%20Certification%20Organisation%20(HCO)&titleFreeText=CEO%20OR%20MD%20OR%20%22Managing%20Director%22%20OR%20Founder%20OR%20Director%20OR%20Buyer%20OR%20Procurement%20OR%20%22Head%20of%20Sales%22,https://app.apollo.io/#/companies?q_organization_name=Halal%20Certification%20Organisation%20(HCO),https://app.apollo.io/#/people?q_organization_name=Halal%20Certification%20Organisation%20(HCO)&personTitles[]=CEO&personTitles[]=Managing%20Director&personTitles[]=Founder&personTitles[]=Director&personTitles[]=Head%20of%20Procurement&personTitles[]=Buyer&personTitles[]=Commercial%20Director&personTitles[]=Export%20Manager,,,,,,,New,,,,,,,,,partial,0,,,,,False,False,False,0,0,skip,,,
Halal Food Authority,Stand: N3800,,Stand: N3800,https://www.ife.co.ukexhibitors/halal-food-authority,YES,https://www.linkedin.com/sales/search/people?keywords=Halal%20Food%20Authority&titleFreeText=CEO%20OR%20MD%20OR%20Director%20OR%20Buyer%20OR%20Procurement,https://www.linkedin.com/search/results/people/?keywords=Halal%20Food%20Authority&titleFreeText=CEO%20OR%20MD%20OR%20%22Managing%20Director%22%20OR%20Founder%20OR%20Director%20OR%20Buyer%20OR%20Procurement%20OR%20%22Head%20of%20Sales%22,https://app.apollo.io/#/companies?q_organization_name=Halal%20Food%20Authority,https://app.apollo.io/#/people?q_organization_name=Halal%20Food%20Authority&personTitles[]=CEO&personTitles[]=Managing%20Director&personTitles[]=Founder&personTitles[]=Director&personTitles[]=Head%20of%20Procurement&personTitles[]=Buyer&personTitles[]=Commercial%20Director&personTitles[]=Export%20Manager,,,,,,,New,,,,,,,,,partial,0,,,,,False,False,False,0,0,skip,,,
Hangzhou Kairu Tin Packaging Co. Ltd,Stand: N112,,Stand: N112,https://www.ife.co.ukexhibitors/china-food-packaging-machinery-industry-association,YES,https://www.linkedin.com/sales/search/people?keywords=Hangzhou%20Kairu%20Tin%20Packaging%20Co.%20Ltd&titleFreeText=CEO%20OR%20MD%20OR%20Director%20OR%20Buyer%20OR%20Procurement,https://www.linkedin.com/search/results/people/?keywords=Hangzhou%20Kairu%20Tin%20Packaging%20Co.%20Ltd&titleFreeText=CEO%20OR%20MD%20OR%20%22Managing%20Director%22%20OR%20Founder%20OR%20Director%20OR%20Buyer%20OR%20Procurement%20OR%20%22Head%20of%20Sales%22,https://app.apollo.io/#/companies?q_organization_name=Hangzhou%20Kairu%20Tin%20Packaging%20Co.%20Ltd,https://app.apollo.io/#/people?q_organization_name=Hangzhou%20Kairu%20Tin%20Packaging%20Co.%20Ltd&personTitles[]=CEO&personTitles[]=Managing%20Director&personTitles[]=Founder&personTitles[]=Director&personTitles[]=Head%20of%20Procurement&personTitles[]=Buyer&personTitles[]=Commercial%20Director&personTitles[]=Export%20Manager,,,,,,,New,,,,,,,,,partial,0,,,,,False,False,False,0,0,skip,,,
"Henan Longxiaoya Food Co., LTD",Stand: N4450f,,Stand: N4450f,https://www.ife.co.ukexhibitors/henan-longxiaoya-food-co,YES,"https://www.linkedin.com/sales/search/people?keywords=Henan%20Longxiaoya%20Food%20Co.,%20LTD&titleFreeText=CEO%20OR%20MD%20OR%20Director%20OR%20Buyer%20OR%20Procurement","https://www.linkedin.com/search/results/people/?keywords=Henan%20Longxiaoya%20Food%20Co.,%20LTD&titleFreeText=CEO%20OR%20MD%20OR%20%22Managing%20Director%22%20OR%20Founder%20OR%20Director%20OR%20Buyer%20OR%20Procurement%20OR%20%22Head%20of%20Sales%22","https://app.apollo.io/#/companies?q_organization_name=Henan%20Longxiaoya%20Food%20Co.,%20LTD","https://app.apollo.io/#/people?q_organization_name=Henan%20Longxiaoya%20Food%20Co.,%20LTD&personTitles[]=CEO&personTitles[]=Managing%20Director&personTitles[]=Founder&personTitles[]=Director&personTitles[]=Head%20of%20Procurement&personTitles[]=Buyer&personTitles[]=Commercial%20Director&personTitles[]=Export%20Manager",,,,,,,New,,,,,,,,,partial,0,,,,,False,False,False,0,0,skip,,,
"Henan Tingxin Packaging Technology Co., Ltd",Stand: S1450e,,Stand: S1450e,https://www.ife.co.ukexhibitors/henan-tingxin-packaging-technology-co,YES,"https://www.linkedin.com/sales/search/people?keywords=Henan%20Tingxin%20Packaging%20Technology%20Co.,%20Ltd&titleFreeText=CEO%20OR%20MD%20OR%20Director%20OR%20Buyer%20OR%20Procurement","https://www.linkedin.com/search/results/people/?keywords=Henan%20Tingxin%20Packaging%20Technology%20Co.,%20Ltd&titleFreeText=CEO%20OR%20MD%20OR%20%22Managing%20Director%22%20OR%20Founder%20OR%20Director%20OR%20Buyer%20OR%20Procurement%20OR%20%22Head%20of%20Sales%22","https://app.apollo.io/#/companies?q_organization_name=Henan%20Tingxin%20Packaging%20Technology%20Co.,%20Ltd","https://app.apollo.io/#/people?q_organization_name=Henan%20Tingxin%20Packaging%20Technology%20Co.,%20Ltd&personTitles[]=CEO&personTitles[]=Managing%20Director&personTitles[]=Founder&personTitles[]=Director&personTitles[]=Head%20of%20Procurement&personTitles[]=Buyer&personTitles[]=Commercial%20Director&personTitles[]=Export%20Manager",,,,,,,New,,,,,,,,,partial,0,,,,,False,False,False,0,0,skip,,,
Henryson Foods International,Stand: N3778,,Stand: N3778,https://www.ife.co.ukexhibitors/henryson-foods-international,YES,https://www.linkedin.com/sales/search/people?keywords=Henryson%20Foods%20International&titleFreeText=CEO%20OR%20MD%20OR%20Director%20OR%20Buyer%20OR%20Procurement,https://www.linkedin.com/search/results/people/?keywords=Henryson%20Foods%20International&titleFreeText=CEO%20OR%20MD%20OR%20%22Managing%20Director%22%20OR%20Founder%20OR%20Director%20OR%20Buyer%20OR%20Procurement%20OR%20%22Head%20of%20Sales%22,https://app.apollo.io/#/companies?q_organization_name=Henryson%20Foods%20International,https://app.apollo.io/#/people?q_organization_name=Henryson%20Foods%20International&personTitles[]=CEO&personTitles[]=Managing%20Director&personTitles[]=Founder&personTitles[]=Director&personTitles[]=Head%20of%20Procurement&personTitles[]=Buyer&personTitles[]=Commercial%20Director&personTitles[]=Export%20Manager,,,,,,,New,,,,,,,,,partial,0,,,,,False,False,False,0,0,skip,,,
Hexachase Packaging,Stand: S1670,,Stand: S1670,https://www.ife.co.ukexhibitors/hexachase-packaging-1,YES,https://www.linkedin.com/sales/search/people?keywords=Hexachase%20Packaging&titleFreeText=CEO%20OR%20MD%20OR%20Director%20OR%20Buyer%20OR%20Procurement,https://www.linkedin.com/search/results/people/?keywords=Hexachase%20Packaging&titleFreeText=CEO%20OR%20MD%20OR%20%22Managing%20Director%22%20OR%20Founder%20OR%20Director%20OR%20Buyer%20OR%20Procurement%20OR%20%22Head%20of%20Sales%22,https://app.apollo.io/#/companies?q_organization_name=Hexachase%20Packaging,https://app.apollo.io/#/people?q_organization_name=Hexachase%20Packaging&personTitles[]=CEO&personTitles[]=Managing%20Director&personTitles[]=Founder&personTitles[]=Director&personTitles[]=Head%20of%20Procurement&personTitles[]=Buyer&personTitles[]=Commercial%20Director&personTitles[]=Export%20Manager,,,,,,,New,,,,,,,,,partial,0,,,,,False,False,False,0,0,skip,,,
Hollywood Candy Wholesale,Stand: N3258,,Stand: N3258,https://www.ife.co.ukexhibitors/hollywood-candy-wholesale,YES,https://www.linkedin.com/sales/search/people?keywords=Hollywood%20Candy%20Wholesale&titleFreeText=CEO%20OR%20MD%20OR%20Director%20OR%20Buyer%20OR%20Procurement,https://www.linkedin.com/search/results/people/?keywords=Hollywood%20Candy%20Wholesale&titleFreeText=CEO%20OR%20MD%20OR%20%22Managing%20Director%22%20OR%20Founder%20OR%20Director%20OR%20Buyer%20OR%20Procurement%20OR%20%22Head%20of%20Sales%22,https://app.apollo.io/#/companies?q_organization_name=Hollywood%20Candy%20Wholesale,https://app.apollo.io/#/people?q_organization_name=Hollywood%20Candy%20Wholesale&personTitles[]=CEO&personTitles[]=Managing%20Director&personTitles[]=Founder&personTitles[]=Director&personTitles[]=Head%20of%20Procurement&personTitles[]=Buyer&personTitles[]=Commercial%20Director&personTitles[]=Export%20Manager,,,,,,,New,,,,,,,,,partial,0,,,,,False,False,False,0,0,skip,,,
Holts Textiles,Stand: S1212,,Stand: S1212,https://www.ife.co.ukexhibitors/holts-textiles-1,YES,https://www.linkedin.com/sales/search/people?keywords=Holts%20Textiles&titleFreeText=CEO%20OR%20MD%20OR%20Director%20OR%20Buyer%20OR%20Procurement,https://www.linkedin.com/search/results/people/?keywords=Holts%20Textiles&titleFreeText=CEO%20OR%20MD%20OR%20%22Managing%20Director%22%20OR%20Founder%20OR%20Director%20OR%20Buyer%20OR%20Procurement%20OR%20%22Head%20of%20Sales%22,https://app.apollo.io/#/companies?q_organization_name=Holts%20Textiles,https://app.apollo.io/#/people?q_organization_name=Holts%20Textiles&personTitles[]=CEO&personTitles[]=Managing%20Director&personTitles[]=Founder&personTitles[]=Director&personTitles[]=Head%20of%20Procurement&personTitles[]=Buyer&personTitles[]=Commercial%20Director&personTitles[]=Export%20Manager,,,,,,,New,,,,,,,,,partial,0,,,,,False,False,False,0,0,skip,,,
HoneyTea,Stand: N1231,,Stand: N1231,https://www.ife.co.ukexhibitors/honeytea,YES,https://www.linkedin.com/sales/search/people?keywords=HoneyTea&titleFreeText=CEO%20OR%20MD%20OR%20Director%20OR%20Buyer%20OR%20Procurement,https://www.linkedin.com/search/results/people/?keywords=HoneyTea&titleFreeText=CEO%20OR%20MD%20OR%20%22Managing%20Director%22%20OR%20Founder%20OR%20Director%20OR%20Buyer%20OR%20Procurement%20OR%20%22Head%20of%20Sales%22,https://app.apollo.io/#/companies?q_organization_name=HoneyTea,https://app.apollo.io/#/people?q_organization_name=HoneyTea&personTitles[]=CEO&personTitles[]=Managing%20Director&personTitles[]=Founder&personTitles[]=Director&personTitles[]=Head%20of%20Procurement&personTitles[]=Buyer&personTitles[]=Commercial%20Director&personTitles[]=Export%20Manager,,,,,,,New,,,,,,,,,partial,0,,,,,False,False,False,0,0,skip,,,
House Foods Group,Stand: N2502,,Stand: N2502,https://www.ife.co.ukexhibitors/house-foods-group-1,YES,https://www.linkedin.com/sales/search/people?keywords=House%20Foods%20Group&titleFreeText=CEO%20OR%20MD%20OR%20Director%20OR%20Buyer%20OR%20Procurement,https://www.linkedin.com/search/results/people/?keywords=House%20Foods%20Group&titleFreeText=CEO%20OR%20MD%20OR%20%22Managing%20Director%22%20OR%20Founder%20OR%20Director%20OR%20Buyer%20OR%20Procurement%20OR%20%22Head%20of%20Sales%22,https://app.apollo.io/#/companies?q_organization_name=House%20Foods%20Group,https://app.apollo.io/#/people?q_organization_name=House%20Foods%20Group&personTitles[]=CEO&personTitles[]=Managing%20Director&personTitles[]=Founder&personTitles[]=Director&personTitles[]=Head%20of%20Procurement&personTitles[]=Buyer&personTitles[]=Commercial%20Director&personTitles[]=Export%20Manager,,,,,,,New,,,,,,,,,partial,0,,,,,False,False,False,0,0,skip,,,
Humdinger Foods,Stand: N350,,Stand: N350,https://www.ife.co.ukexhibitors/humdinger-foods-1,YES,https://www.linkedin.com/sales/search/people?keywords=Humdinger%20Foods&titleFreeText=CEO%20OR%20MD%20OR%20Director%20OR%20Buyer%20OR%20Procurement,https://www.linkedin.com/search/results/people/?keywords=Humdinger%20Foods&titleFreeText=CEO%20OR%20MD%20OR%20%22Managing%20Director%22%20OR%20Founder%20OR%20Director%20OR%20Buyer%20OR%20Procurement%20OR%20%22Head%20of%20Sales%22,https://app.apollo.io/#/companies?q_organization_name=Humdinger%20Foods,https://app.apollo.io/#/people?q_organization_name=Humdinger%20Foods&personTitles[]=CEO&personTitles[]=Managing%20Director&personTitles[]=Founder&personTitles[]=Director&personTitles[]=Head%20of%20Procurement&personTitles[]=Buyer&personTitles[]=Commercial%20Director&personTitles[]=Export%20Manager,,,,,,,New,,,,,,,,,partial,0,,,,,False,False,False,0,0,skip,,,
"Hunan Gongfulong Food Co., Ltd.",Stand: N4430g,,Stand: N4430g,https://www.ife.co.ukexhibitors/hunan-gongfulong-food-co-,YES,"https://www.linkedin.com/sales/search/people?keywords=Hunan%20Gongfulong%20Food%20Co.,%20Ltd.&titleFreeText=CEO%20OR%20MD%20OR%20Director%20OR%20Buyer%20OR%20Procurement","https://www.linkedin.com/search/results/people/?keywords=Hunan%20Gongfulong%20Food%20Co.,%20Ltd.&titleFreeText=CEO%20OR%20MD%20OR%20%22Managing%20Director%22%20OR%20Founder%20OR%20Director%20OR%20Buyer%20OR%20Procurement%20OR%20%22Head%20of%20Sales%22","https://app.apollo.io/#/companies?q_organization_name=Hunan%20Gongfulong%20Food%20Co.,%20Ltd.","https://app.apollo.io/#/people?q_organization_name=Hunan%20Gongfulong%20Food%20Co.,%20Ltd.&personTitles[]=CEO&personTitles[]=Managing%20Director&personTitles[]=Founder&personTitles[]=Director&personTitles[]=Head%20of%20Procurement&personTitles[]=Buyer&personTitles[]=Commercial%20Director&personTitles[]=Export%20Manager",,,,,,,New,,,,,,,,,partial,0,,,,,False,False,False,0,0,skip,,,
Iberia Food Trade Company,Stand: N1610,,Stand: N1610,https://www.ife.co.ukexhibitors/iberia-food-trade-company,YES,https://www.linkedin.com/sales/search/people?keywords=Iberia%20Food%20Trade%20Company&titleFreeText=CEO%20OR%20MD%20OR%20Director%20OR%20Buyer%20OR%20Procurement,https://www.linkedin.com/search/results/people/?keywords=Iberia%20Food%20Trade%20Company&titleFreeText=CEO%20OR%20MD%20OR%20%22Managing%20Director%22%20OR%20Founder%20OR%20Director%20OR%20Buyer%20OR%20Procurement%20OR%20%22Head%20of%20Sales%22,https://app.apollo.io/#/companies?q_organization_name=Iberia%20Food%20Trade%20Company,https://app.apollo.io/#/people?q_organization_name=Iberia%20Food%20Trade%20Company&personTitles[]=CEO&personTitles[]=Managing%20Director&personTitles[]=Founder&personTitles[]=Director&personTitles[]=Head%20of%20Procurement&personTitles[]=Buyer&personTitles[]=Commercial%20Director&personTitles[]=Export%20Manager,,,,,,,New,,,,,,,,,partial,0,,,,,False,False,False,0,0,skip,,,
IDNAFOOD,Stand: N4650,,Stand: N4650,https://www.ife.co.ukexhibitors/idnafood,YES,https://www.linkedin.com/sales/search/people?keywords=IDNAFOOD&titleFreeText=CEO%20OR%20MD%20OR%20Director%20OR%20Buyer%20OR%20Procurement,https://www.linkedin.com/search/results/people/?keywords=IDNAFOOD&titleFreeText=CEO%20OR%20MD%20OR%20%22Managing%20Director%22%20OR%20Founder%20OR%20Director%20OR%20Buyer%20OR%20Procurement%20OR%20%22Head%20of%20Sales%22,https://app.apollo.io/#/companies?q_organization_name=IDNAFOOD,https://app.apollo.io/#/people?q_organization_name=IDNAFOOD&personTitles[]=CEO&personTitles[]=Managing%20Director&personTitles[]=Founder&personTitles[]=Director&personTitles[]=Head%20of%20Procurement&personTitles[]=Buyer&personTitles[]=Commercial%20Director&personTitles[]=Export%20Manager,,,,,,,New,,,,,,,,,partial,0,,,,,False,False,False,0,0,skip,,,
IMPEX FOOD,Stand: N2718,,Stand: N2718,https://www.ife.co.ukexhibitors/impex-food-1,YES,https://www.linkedin.com/sales/search/people?keywords=IMPEX%20FOOD&titleFreeText=CEO%20OR%20MD%20OR%20Director%20OR%20Buyer%20OR%20Procurement,https://www.linkedin.com/search/results/people/?keywords=IMPEX%20FOOD&titleFreeText=CEO%20OR%20MD%20OR%20%22Managing%20Director%22%20OR%20Founder%20OR%20Director%20OR%20Buyer%20OR%20Procurement%20OR%20%22Head%20of%20Sales%22,https://app.apollo.io/#/companies?q_organization_name=IMPEX%20FOOD,https://app.apollo.io/#/people?q_organization_name=IMPEX%20FOOD&personTitles[]=CEO&personTitles[]=Managing%20Director&personTitles[]=Founder&personTitles[]=Director&personTitles[]=Head%20of%20Procurement&personTitles[]=Buyer&personTitles[]=Commercial%20Director&personTitles[]=Export%20Manager,,,,,,,New,,,,,,,,,partial,0,,,,,False,False,False,0,0,skip,,,
innocent drinks,Stand: N4870,,Stand: N4870,https://www.ife.co.ukexhibitors/innocent-drinks,YES,https://www.linkedin.com/sales/search/people?keywords=innocent%20drinks&titleFreeText=CEO%20OR%20MD%20OR%20Director%20OR%20Buyer%20OR%20Procurement,https://www.linkedin.com/search/results/people/?keywords=innocent%20drinks&titleFreeText=CEO%20OR%20MD%20OR%20%22Managing%20Director%22%20OR%20Founder%20OR%20Director%20OR%20Buyer%20OR%20Procurement%20OR%20%22Head%20of%20Sales%22,https://app.apollo.io/#/companies?q_organization_name=innocent%20drinks,https://app.apollo.io/#/people?q_organization_name=innocent%20drinks&personTitles[]=CEO&personTitles[]=Managing%20Director&personTitles[]=Founder&personTitles[]=Director&personTitles[]=Head%20of%20Procurement&personTitles[]=Buyer&personTitles[]=Commercial%20Director&personTitles[]=Export%20Manager,,,,,,,New,,,,,,,,,partial,0,,,,,False,False,False,0,0,skip,,,
Institute of Food Science and Technology,Stand: N455,,Stand: N455,https://www.ife.co.ukexhibitors/institute-food-science-technology,YES,https://www.linkedin.com/sales/search/people?keywords=Institute%20of%20Food%20Science%20and%20Technology&titleFreeText=CEO%20OR%20MD%20OR%20Director%20OR%20Buyer%20OR%20Procurement,https://www.linkedin.com/search/results/people/?keywords=Institute%20of%20Food%20Science%20and%20Technology&titleFreeText=CEO%20OR%20MD%20OR%20%22Managing%20Director%22%20OR%20Founder%20OR%20Director%20OR%20Buyer%20OR%20Procurement%20OR%20%22Head%20of%20Sales%22,https://app.apollo.io/#/companies?q_organization_name=Institute%20of%20Food%20Science%20and%20Technology,https://app.apollo.io/#/people?q_organization_name=Institute%20of%20Food%20Science%20and%20Technology&personTitles[]=CEO&personTitles[]=Managing%20Director&personTitles[]=Founder&personTitles[]=Director&personTitles[]=Head%20of%20Procurement&personTitles[]=Buyer&personTitles[]=Commercial%20Director&personTitles[]=Export%20Manager,,,,,,,New,,,,,,,,,partial,0,,,,,False,False,False,0,0,skip,,,
Itsu [grocery],Stand: N2961,,Stand: N2961,https://www.ife.co.ukexhibitors/itsu-grocery,YES,https://www.linkedin.com/sales/search/people?keywords=Itsu%20[grocery]&titleFreeText=CEO%20OR%20MD%20OR%20Director%20OR%20Buyer%20OR%20Procurement,https://www.linkedin.com/search/results/people/?keywords=Itsu%20[grocery]&titleFreeText=CEO%20OR%20MD%20OR%20%22Managing%20Director%22%20OR%20Founder%20OR%20Director%20OR%20Buyer%20OR%20Procurement%20OR%20%22Head%20of%20Sales%22,https://app.apollo.io/#/companies?q_organization_name=Itsu%20[grocery],https://app.apollo.io/#/people?q_organization_name=Itsu%20[grocery]&personTitles[]=CEO&personTitles[]=Managing%20Director&personTitles[]=Founder&personTitles[]=Director&personTitles[]=Head%20of%20Procurement&personTitles[]=Buyer&personTitles[]=Commercial%20Director&personTitles[]=Export%20Manager,,,,,,,New,,,,,,,,,partial,0,,,,,False,False,False,0,0,skip,,,
Jabsons Foods,Stand: N2613,,Stand: N2613,https://www.ife.co.ukexhibitors/jabsons-foods-1,YES,https://www.linkedin.com/sales/search/people?keywords=Jabsons%20Foods&titleFreeText=CEO%20OR%20MD%20OR%20Director%20OR%20Buyer%20OR%20Procurement,https://www.linkedin.com/search/results/people/?keywords=Jabsons%20Foods&titleFreeText=CEO%20OR%20MD%20OR%20%22Managing%20Director%22%20OR%20Founder%20OR%20Director%20OR%20Buyer%20OR%20Procurement%20OR%20%22Head%20of%20Sales%22,https://app.apollo.io/#/companies?q_organization_name=Jabsons%20Foods,https://app.apollo.io/#/people?q_organization_name=Jabsons%20Foods&personTitles[]=CEO&personTitles[]=Managing%20Director&personTitles[]=Founder&personTitles[]=Director&personTitles[]=Head%20of%20Procurement&personTitles[]=Buyer&personTitles[]=Commercial%20Director&personTitles[]=Export%20Manager,,,,,,,New,,,,,,,,,partial,0,,,,,False,False,False,0,0,skip,,,
JAIMIN FOODS,Stand: N2750,,Stand: N2750,https://www.ife.co.ukexhibitors/jaimin-foods-1,YES,https://www.linkedin.com/sales/search/people?keywords=JAIMIN%20FOODS&titleFreeText=CEO%20OR%20MD%20OR%20Director%20OR%20Buyer%20OR%20Procurement,https://www.linkedin.com/search/results/people/?keywords=JAIMIN%20FOODS&titleFreeText=CEO%20OR%20MD%20OR%20%22Managing%20Director%22%20OR%20Founder%20OR%20Director%20OR%20Buyer%20OR%20Procurement%20OR%20%22Head%20of%20Sales%22,https://app.apollo.io/#/companies?q_organization_name=JAIMIN%20FOODS,https://app.apollo.io/#/people?q_organization_name=JAIMIN%20FOODS&personTitles[]=CEO&personTitles[]=Managing%20Director&personTitles[]=Founder&personTitles[]=Director&personTitles[]=Head%20of%20Procurement&personTitles[]=Buyer&personTitles[]=Commercial%20Director&personTitles[]=Export%20Manager,,,,,,,New,,,,,,,,,partial,0,,,,,False,False,False,0,0,skip,,,
Jawhart Al Sharq Sweets,Stand: N4410d,,Stand: N4410d,https://www.ife.co.ukexhibitors/jawhat-al-sharq-sweets,YES,https://www.linkedin.com/sales/search/people?keywords=Jawhart%20Al%20Sharq%20Sweets&titleFreeText=CEO%20OR%20MD%20OR%20Director%20OR%20Buyer%20OR%20Procurement,https://www.linkedin.com/search/results/people/?keywords=Jawhart%20Al%20Sharq%20Sweets&titleFreeText=CEO%20OR%20MD%20OR%20%22Managing%20Director%22%20OR%20Founder%20OR%20Director%20OR%20Buyer%20OR%20Procurement%20OR%20%22Head%20of%20Sales%22,https://app.apollo.io/#/companies?q_organization_name=Jawhart%20Al%20Sharq%20Sweets,https://app.apollo.io/#/people?q_organization_name=Jawhart%20Al%20Sharq%20Sweets&personTitles[]=CEO&personTitles[]=Managing%20Director&personTitles[]=Founder&personTitles[]=Director&personTitles[]=Head%20of%20Procurement&personTitles[]=Buyer&personTitles[]=Commercial%20Director&personTitles[]=Export%20Manager,,,,,,,New,,,,,,,,,partial,0,,,,,False,False,False,0,0,skip,,,
JD FOOD PUBLIC COMPANY LIMITED,Stand: N3314,,Stand: N3314,https://www.ife.co.ukexhibitors/jd-food-public-company-limited-1,YES,https://www.linkedin.com/sales/search/people?keywords=JD%20FOOD%20PUBLIC%20COMPANY%20LIMITED&titleFreeText=CEO%20OR%20MD%20OR%20Director%20OR%20Buyer%20OR%20Procurement,https://www.linkedin.com/search/results/people/?keywords=JD%20FOOD%20PUBLIC%20COMPANY%20LIMITED&titleFreeText=CEO%20OR%20MD%20OR%20%22Managing%20Director%22%20OR%20Founder%20OR%20Director%20OR%20Buyer%20OR%20Procurement%20OR%20%22Head%20of%20Sales%22,https://app.apollo.io/#/companies?q_organization_name=JD%20FOOD%20PUBLIC%20COMPANY%20LIMITED,https://app.apollo.io/#/people?q_organization_name=JD%20FOOD%20PUBLIC%20COMPANY%20LIMITED&personTitles[]=CEO&personTitles[]=Managing%20Director&personTitles[]=Founder&personTitles[]=Director&personTitles[]=Head%20of%20Procurement&personTitles[]=Buyer&personTitles[]=Commercial%20Director&personTitles[]=Export%20Manager,,,,,,,New,,,,,,,,,partial,0,,,,,False,False,False,0,0,skip,,,
Jersey Dairy,Stand: N3979,,Stand: N3979,https://www.ife.co.ukexhibitors/jersey-dairy-1,YES,https://www.linkedin.com/sales/search/people?keywords=Jersey%20Dairy&titleFreeText=CEO%20OR%20MD%20OR%20Director%20OR%20Buyer%20OR%20Procurement,https://www.linkedin.com/search/results/people/?keywords=Jersey%20Dairy&titleFreeText=CEO%20OR%20MD%20OR%20%22Managing%20Director%22%20OR%20Founder%20OR%20Director%20OR%20Buyer%20OR%20Procurement%20OR%20%22Head%20of%20Sales%22,https://app.apollo.io/#/companies?q_organization_name=Jersey%20Dairy,https://app.apollo.io/#/people?q_organization_name=Jersey%20Dairy&personTitles[]=CEO&personTitles[]=Managing%20Director&personTitles[]=Founder&personTitles[]=Director&personTitles[]=Head%20of%20Procurement&personTitles[]=Buyer&personTitles[]=Commercial%20Director&personTitles[]=Export%20Manager,,,,,,,New,,,,,,,,,partial,0,,,,,False,False,False,0,0,skip,,,
"JIANGMEN CHUANGKEQI FOOD TECHNOLOGY CO.,LTD",Stand: N1450e,,Stand: N1450e,https://www.ife.co.ukexhibitors/jiangmen-chuangkeqi-food-technology-co,YES,"https://www.linkedin.com/sales/search/people?keywords=JIANGMEN%20CHUANGKEQI%20FOOD%20TECHNOLOGY%20CO.,LTD&titleFreeText=CEO%20OR%20MD%20OR%20Director%20OR%20Buyer%20OR%20Procurement","https://www.linkedin.com/search/results/people/?keywords=JIANGMEN%20CHUANGKEQI%20FOOD%20TECHNOLOGY%20CO.,LTD&titleFreeText=CEO%20OR%20MD%20OR%20%22Managing%20Director%22%20OR%20Founder%20OR%20Director%20OR%20Buyer%20OR%20Procurement%20OR%20%22Head%20of%20Sales%22","https://app.apollo.io/#/companies?q_organization_name=JIANGMEN%20CHUANGKEQI%20FOOD%20TECHNOLOGY%20CO.,LTD","https://app.apollo.io/#/people?q_organization_name=JIANGMEN%20CHUANGKEQI%20FOOD%20TECHNOLOGY%20CO.,LTD&personTitles[]=CEO&personTitles[]=Managing%20Director&personTitles[]=Founder&personTitles[]=Director&personTitles[]=Head%20of%20Procurement&personTitles[]=Buyer&personTitles[]=Commercial%20Director&personTitles[]=Export%20Manager",,,,,,,New,,,,,,,,,partial,0,,,,,False,False,False,0,0,skip,,,
"Jiangsu Yopack Packaging Technology Co.,Ltd",Stand: S1450f,,Stand: S1450f,https://www.ife.co.ukexhibitors/jiangsu-yopack-packaging-technology-co,YES,"https://www.linkedin.com/sales/search/people?keywords=Jiangsu%20Yopack%20Packaging%20Technology%20Co.,Ltd&titleFreeText=CEO%20OR%20MD%20OR%20Director%20OR%20Buyer%20OR%20Procurement","https://www.linkedin.com/search/results/people/?keywords=Jiangsu%20Yopack%20Packaging%20Technology%20Co.,Ltd&titleFreeText=CEO%20OR%20MD%20OR%20%22Managing%20Director%22%20OR%20Founder%20OR%20Director%20OR%20Buyer%20OR%20Procurement%20OR%20%22Head%20of%20Sales%22","https://app.apollo.io/#/companies?q_organization_name=Jiangsu%20Yopack%20Packaging%20Technology%20Co.,Ltd","https://app.apollo.io/#/people?q_organization_name=Jiangsu%20Yopack%20Packaging%20Technology%20Co.,Ltd&personTitles[]=CEO&personTitles[]=Managing%20Director&personTitles[]=Founder&personTitles[]=Director&personTitles[]=Head%20of%20Procurement&personTitles[]=Buyer&personTitles[]=Commercial%20Director&personTitles[]=Export%20Manager",,,,,,,New,,,,,,,,,partial,0,,,,,False,False,False,0,0,skip,,,
"Jiangxi Chunsi Foods Co., Ltd",Stand: N4450g,,Stand: N4450g,https://www.ife.co.ukexhibitors/jiangxi-chunsi-foods-co,YES,"https://www.linkedin.com/sales/search/people?keywords=Jiangxi%20Chunsi%20Foods%20Co.,%20Ltd&titleFreeText=CEO%20OR%20MD%20OR%20Director%20OR%20Buyer%20OR%20Procurement","https://www.linkedin.com/search/results/people/?keywords=Jiangxi%20Chunsi%20Foods%20Co.,%20Ltd&titleFreeText=CEO%20OR%20MD%20OR%20%22Managing%20Director%22%20OR%20Founder%20OR%20Director%20OR%20Buyer%20OR%20Procurement%20OR%20%22Head%20of%20Sales%22","https://app.apollo.io/#/companies?q_organization_name=Jiangxi%20Chunsi%20Foods%20Co.,%20Ltd","https://app.apollo.io/#/people?q_organization_name=Jiangxi%20Chunsi%20Foods%20Co.,%20Ltd&personTitles[]=CEO&personTitles[]=Managing%20Director&personTitles[]=Founder&personTitles[]=Director&personTitles[]=Head%20of%20Procurement&personTitles[]=Buyer&personTitles[]=Commercial%20Director&personTitles[]=Export%20Manager",,,,,,,New,,,,,,,,,partial,0,,,,,False,False,False,0,0,skip,,,
"JILIN SONGHE FOOD CO., LTD.",Stand: N4430j,,Stand: N4430j,https://www.ife.co.ukexhibitors/jilin-songhe-food-co-,YES,"https://www.linkedin.com/sales/search/people?keywords=JILIN%20SONGHE%20FOOD%20CO.,%20LTD.&titleFreeText=CEO%20OR%20MD%20OR%20Director%20OR%20Buyer%20OR%20Procurement","https://www.linkedin.com/search/results/people/?keywords=JILIN%20SONGHE%20FOOD%20CO.,%20LTD.&titleFreeText=CEO%20OR%20MD%20OR%20%22Managing%20Director%22%20OR%20Founder%20OR%20Director%20OR%20Buyer%20OR%20Procurement%20OR%20%22Head%20of%20Sales%22","https://app.apollo.io/#/companies?q_organization_name=JILIN%20SONGHE%20FOOD%20CO.,%20LTD.","https://app.apollo.io/#/people?q_organization_name=JILIN%20SONGHE%20FOOD%20CO.,%20LTD.&personTitles[]=CEO&personTitles[]=Managing%20Director&personTitles[]=Founder&personTitles[]=Director&personTitles[]=Head%20of%20Procurement&personTitles[]=Buyer&personTitles[]=Commercial%20Director&personTitles[]=Export%20Manager",,,,,,,New,,,,,,,,,partial,0,,,,,False,False,False,0,0,skip,,,
JK Foods UK,Stand: N2540,,Stand: N2540,https://www.ife.co.ukexhibitors/jk-foods-uk,YES,https://www.linkedin.com/sales/search/people?keywords=JK%20Foods%20UK&titleFreeText=CEO%20OR%20MD%20OR%20Director%20OR%20Buyer%20OR%20Procurement,https://www.linkedin.com/search/results/people/?keywords=JK%20Foods%20UK&titleFreeText=CEO%20OR%20MD%20OR%20%22Managing%20Director%22%20OR%20Founder%20OR%20Director%20OR%20Buyer%20OR%20Procurement%20OR%20%22Head%20of%20Sales%22,https://app.apollo.io/#/companies?q_organization_name=JK%20Foods%20UK,https://app.apollo.io/#/people?q_organization_name=JK%20Foods%20UK&personTitles[]=CEO&personTitles[]=Managing%20Director&personTitles[]=Founder&personTitles[]=Director&personTitles[]=Head%20of%20Procurement&personTitles[]=Buyer&personTitles[]=Commercial%20Director&personTitles[]=Export%20Manager,,,,,,,New,,,,,,,,,partial,0,,,,,False,False,False,0,0,skip,,,
JUNCA COFFEE - ISHIMITSU JAPAN,Stand: N961,,Stand: N961,https://www.ife.co.ukexhibitors/junca-coffee-ishimitsu-japan-1,YES,https://www.linkedin.com/sales/search/people?keywords=JUNCA%20COFFEE%20-%20ISHIMITSU%20JAPAN&titleFreeText=CEO%20OR%20MD%20OR%20Director%20OR%20Buyer%20OR%20Procurement,https://www.linkedin.com/search/results/people/?keywords=JUNCA%20COFFEE%20-%20ISHIMITSU%20JAPAN&titleFreeText=CEO%20OR%20MD%20OR%20%22Managing%20Director%22%20OR%20Founder%20OR%20Director%20OR%20Buyer%20OR%20Procurement%20OR%20%22Head%20of%20Sales%22,https://app.apollo.io/#/companies?q_organization_name=JUNCA%20COFFEE%20-%20ISHIMITSU%20JAPAN,https://app.apollo.io/#/people?q_organization_name=JUNCA%20COFFEE%20-%20ISHIMITSU%20JAPAN&personTitles[]=CEO&personTitles[]=Managing%20Director&personTitles[]=Founder&personTitles[]=Director&personTitles[]=Head%20of%20Procurement&personTitles[]=Buyer&personTitles[]=Commercial%20Director&personTitles[]=Export%20Manager,,,,,,,New,,,,,,,,,partial,0,,,,,False,False,False,0,0,skip,,,
KAMILA CHOCOLATE,Stand: N3472,,Stand: N3472,https://www.ife.co.ukexhibitors/kamila-chocolate,YES,https://www.linkedin.com/sales/search/people?keywords=KAMILA%20CHOCOLATE&titleFreeText=CEO%20OR%20MD%20OR%20Director%20OR%20Buyer%20OR%20Procurement,https://www.linkedin.com/search/results/people/?keywords=KAMILA%20CHOCOLATE&titleFreeText=CEO%20OR%20MD%20OR%20%22Managing%20Director%22%20OR%20Founder%20OR%20Director%20OR%20Buyer%20OR%20Procurement%20OR%20%22Head%20of%20Sales%22,https://app.apollo.io/#/companies?q_organization_name=KAMILA%20CHOCOLATE,https://app.apollo.io/#/people?q_organization_name=KAMILA%20CHOCOLATE&personTitles[]=CEO&personTitles[]=Managing%20Director&personTitles[]=Founder&personTitles[]=Director&personTitles[]=Head%20of%20Procurement&personTitles[]=Buyer&personTitles[]=Commercial%20Director&personTitles[]=Export%20Manager,,,,,,,New,,,,,,,,,partial,0,,,,,False,False,False,0,0,skip,,,
KANTAN FOOD ASIA SDN BHD,Stand: N1210,,Stand: N1210,https://www.ife.co.ukexhibitors/kantan-food-asia-sdn-bhd,YES,https://www.linkedin.com/sales/search/people?keywords=KANTAN%20FOOD%20ASIA%20SDN%20BHD&titleFreeText=CEO%20OR%20MD%20OR%20Director%20OR%20Buyer%20OR%20Procurement,https://www.linkedin.com/search/results/people/?keywords=KANTAN%20FOOD%20ASIA%20SDN%20BHD&titleFreeText=CEO%20OR%20MD%20OR%20%22Managing%20Director%22%20OR%20Founder%20OR%20Director%20OR%20Buyer%20OR%20Procurement%20OR%20%22Head%20of%20Sales%22,https://app.apollo.io/#/companies?q_organization_name=KANTAN%20FOOD%20ASIA%20SDN%20BHD,https://app.apollo.io/#/people?q_organization_name=KANTAN%20FOOD%20ASIA%20SDN%20BHD&personTitles[]=CEO&personTitles[]=Managing%20Director&personTitles[]=Founder&personTitles[]=Director&personTitles[]=Head%20of%20Procurement&personTitles[]=Buyer&personTitles[]=Commercial%20Director&personTitles[]=Export%20Manager,,,,,,,New,,,,,,,,,partial,0,,,,,False,False,False,0,0,skip,,,
KAOUAFOOD OPTILLA,Stand: N1650,,Stand: N1650,https://www.ife.co.ukexhibitors/kaouafood-optilla,YES,https://www.linkedin.com/sales/search/people?keywords=KAOUAFOOD%20OPTILLA&titleFreeText=CEO%20OR%20MD%20OR%20Director%20OR%20Buyer%20OR%20Procurement,https://www.linkedin.com/search/results/people/?keywords=KAOUAFOOD%20OPTILLA&titleFreeText=CEO%20OR%20MD%20OR%20%22Managing%20Director%22%20OR%20Founder%20OR%20Director%20OR%20Buyer%20OR%20Procurement%20OR%20%22Head%20of%20Sales%22,https://app.apollo.io/#/companies?q_organization_name=KAOUAFOOD%20OPTILLA,https://app.apollo.io/#/people?q_organization_name=KAOUAFOOD%20OPTILLA&personTitles[]=CEO&personTitles[]=Managing%20Director&personTitles[]=Founder&personTitles[]=Director&personTitles[]=Head%20of%20Procurement&personTitles[]=Buyer&personTitles[]=Commercial%20Director&personTitles[]=Export%20Manager,,,,,,,New,,,,,,,,,partial,0,,,,,False,False,False,0,0,skip,,,
Khushi Foods,Stand: N3481,,Stand: N3481,https://www.ife.co.ukexhibitors/khushi-foods,YES,https://www.linkedin.com/sales/search/people?keywords=Khushi%20Foods&titleFreeText=CEO%20OR%20MD%20OR%20Director%20OR%20Buyer%20OR%20Procurement,https://www.linkedin.com/search/results/people/?keywords=Khushi%20Foods&titleFreeText=CEO%20OR%20MD%20OR%20%22Managing%20Director%22%20OR%20Founder%20OR%20Director%20OR%20Buyer%20OR%20Procurement%20OR%20%22Head%20of%20Sales%22,https://app.apollo.io/#/companies?q_organization_name=Khushi%20Foods,https://app.apollo.io/#/people?q_organization_name=Khushi%20Foods&personTitles[]=CEO&personTitles[]=Managing%20Director&personTitles[]=Founder&personTitles[]=Director&personTitles[]=Head%20of%20Procurement&personTitles[]=Buyer&personTitles[]=Commercial%20Director&personTitles[]=Export%20Manager,,,,,,,New,,,,,,,,,partial,0,,,,,False,False,False,0,0,skip,,,
KING'S FOODS SHUYANG LTD.,Stand: N1450k,,Stand: N1450k,https://www.ife.co.ukexhibitors/kings-foods-shuyang-,YES,https://www.linkedin.com/sales/search/people?keywords=KING'S%20FOODS%20SHUYANG%20LTD.&titleFreeText=CEO%20OR%20MD%20OR%20Director%20OR%20Buyer%20OR%20Procurement,https://www.linkedin.com/search/results/people/?keywords=KING'S%20FOODS%20SHUYANG%20LTD.&titleFreeText=CEO%20OR%20MD%20OR%20%22Managing%20Director%22%20OR%20Founder%20OR%20Director%20OR%20Buyer%20OR%20Procurement%20OR%20%22Head%20of%20Sales%22,https://app.apollo.io/#/companies?q_organization_name=KING'S%20FOODS%20SHUYANG%20LTD.,https://app.apollo.io/#/people?q_organization_name=KING'S%20FOODS%20SHUYANG%20LTD.&personTitles[]=CEO&personTitles[]=Managing%20Director&personTitles[]=Founder&personTitles[]=Director&personTitles[]=Head%20of%20Procurement&personTitles[]=Buyer&personTitles[]=Commercial%20Director&personTitles[]=Export%20Manager,,,,,,,New,,,,,,,,,partial,0,,,,,False,False,False,0,0,skip,,,
"KJ WORLD FOODS CO., LTD",Stand: N2614,,Stand: N2614,https://www.ife.co.ukexhibitors/kj-world-foods-co-1,YES,"https://www.linkedin.com/sales/search/people?keywords=KJ%20WORLD%20FOODS%20CO.,%20LTD&titleFreeText=CEO%20OR%20MD%20OR%20Director%20OR%20Buyer%20OR%20Procurement","https://www.linkedin.com/search/results/people/?keywords=KJ%20WORLD%20FOODS%20CO.,%20LTD&titleFreeText=CEO%20OR%20MD%20OR%20%22Managing%20Director%22%20OR%20Founder%20OR%20Director%20OR%20Buyer%20OR%20Procurement%20OR%20%22Head%20of%20Sales%22","https://app.apollo.io/#/companies?q_organization_name=KJ%20WORLD%20FOODS%20CO.,%20LTD","https://app.apollo.io/#/people?q_organization_name=KJ%20WORLD%20FOODS%20CO.,%20LTD&personTitles[]=CEO&personTitles[]=Managing%20Director&personTitles[]=Founder&personTitles[]=Director&personTitles[]=Head%20of%20Procurement&personTitles[]=Buyer&personTitles[]=Commercial%20Director&personTitles[]=Export%20Manager",,,,,,,New,,,,,,,,,partial,0,,,,,False,False,False,0,0,skip,,,
KLBD - Kosher Certification,Stand: N281f,,Stand: N281f,https://www.ife.co.ukexhibitors/klbd-kosher-certification-1,YES,https://www.linkedin.com/sales/search/people?keywords=KLBD%20-%20Kosher%20Certification&titleFreeText=CEO%20OR%20MD%20OR%20Director%20OR%20Buyer%20OR%20Procurement,https://www.linkedin.com/search/results/people/?keywords=KLBD%20-%20Kosher%20Certification&titleFreeText=CEO%20OR%20MD%20OR%20%22Managing%20Director%22%20OR%20Founder%20OR%20Director%20OR%20Buyer%20OR%20Procurement%20OR%20%22Head%20of%20Sales%22,https://app.apollo.io/#/companies?q_organization_name=KLBD%20-%20Kosher%20Certification,https://app.apollo.io/#/people?q_organization_name=KLBD%20-%20Kosher%20Certification&personTitles[]=CEO&personTitles[]=Managing%20Director&personTitles[]=Founder&personTitles[]=Director&personTitles[]=Head%20of%20Procurement&personTitles[]=Buyer&personTitles[]=Commercial%20Director&personTitles[]=Export%20Manager,,,,,,,New,,,,,,,,,partial,0,,,,,False,False,False,0,0,skip,,,
KP Snacks,Stand: S1722,,Stand: S1722,https://www.ife.co.ukexhibitors/kp-snacks,YES,https://www.linkedin.com/sales/search/people?keywords=KP%20Snacks&titleFreeText=CEO%20OR%20MD%20OR%20Director%20OR%20Buyer%20OR%20Procurement,https://www.linkedin.com/search/results/people/?keywords=KP%20Snacks&titleFreeText=CEO%20OR%20MD%20OR%20%22Managing%20Director%22%20OR%20Founder%20OR%20Director%20OR%20Buyer%20OR%20Procurement%20OR%20%22Head%20of%20Sales%22,https://app.apollo.io/#/companies?q_organization_name=KP%20Snacks,https://app.apollo.io/#/people?q_organization_name=KP%20Snacks&personTitles[]=CEO&personTitles[]=Managing%20Director&personTitles[]=Founder&personTitles[]=Director&personTitles[]=Head%20of%20Procurement&personTitles[]=Buyer&personTitles[]=Commercial%20Director&personTitles[]=Export%20Manager,,,,,,,New,,,,,,,,,partial,0,,,,,False,False,False,0,0,skip,,,
KPS FOOD,Stand: N4350,,Stand: N4350,https://www.ife.co.ukexhibitors/kps-food,YES,https://www.linkedin.com/sales/search/people?keywords=KPS%20FOOD&titleFreeText=CEO%20OR%20MD%20OR%20Director%20OR%20Buyer%20OR%20Procurement,https://www.linkedin.com/search/results/people/?keywords=KPS%20FOOD&titleFreeText=CEO%20OR%20MD%20OR%20%22Managing%20Director%22%20OR%20Founder%20OR%20Director%20OR%20Buyer%20OR%20Procurement%20OR%20%22Head%20of%20Sales%22,https://app.apollo.io/#/companies?q_organization_name=KPS%20FOOD,https://app.apollo.io/#/people?q_organization_name=KPS%20FOOD&personTitles[]=CEO&personTitles[]=Managing%20Director&personTitles[]=Founder&personTitles[]=Director&personTitles[]=Head%20of%20Procurement&personTitles[]=Buyer&personTitles[]=Commercial%20Director&personTitles[]=Export%20Manager,,,,,,,New,,,,,,,,,partial,0,,,,,False,False,False,0,0,skip,,,
Lauden Chocolate,Stand: S1690,,Stand: S1690,https://www.ife.co.ukexhibitors/lauden-chocolate,YES,https://www.linkedin.com/sales/search/people?keywords=Lauden%20Chocolate&titleFreeText=CEO%20OR%20MD%20OR%20Director%20OR%20Buyer%20OR%20Procurement,https://www.linkedin.com/search/results/people/?keywords=Lauden%20Chocolate&titleFreeText=CEO%20OR%20MD%20OR%20%22Managing%20Director%22%20OR%20Founder%20OR%20Director%20OR%20Buyer%20OR%20Procurement%20OR%20%22Head%20of%20Sales%22,https://app.apollo.io/#/companies?q_organization_name=Lauden%20Chocolate,https://app.apollo.io/#/people?q_organization_name=Lauden%20Chocolate&personTitles[]=CEO&personTitles[]=Managing%20Director&personTitles[]=Founder&personTitles[]=Director&personTitles[]=Head%20of%20Procurement&personTitles[]=Buyer&personTitles[]=Commercial%20Director&personTitles[]=Export%20Manager,,,,,,,New,,,,,,,,,partial,0,,,,,False,False,False,0,0,skip,,,
Lost Sheep ICED Coffee,Stand: N5066,,Stand: N5066,https://www.ife.co.ukexhibitors/lost-sheep-iced-coffee-1,YES,https://www.linkedin.com/sales/search/people?keywords=Lost%20Sheep%20ICED%20Coffee&titleFreeText=CEO%20OR%20MD%20OR%20Director%20OR%20Buyer%20OR%20Procurement,https://www.linkedin.com/search/results/people/?keywords=Lost%20Sheep%20ICED%20Coffee&titleFreeText=CEO%20OR%20MD%20OR%20%22Managing%20Director%22%20OR%20Founder%20OR%20Director%20OR%20Buyer%20OR%20Procurement%20OR%20%22Head%20of%20Sales%22,https://app.apollo.io/#/companies?q_organization_name=Lost%20Sheep%20ICED%20Coffee,https://app.apollo.io/#/people?q_organization_name=Lost%20Sheep%20ICED%20Coffee&personTitles[]=CEO&personTitles[]=Managing%20Director&personTitles[]=Founder&personTitles[]=Director&personTitles[]=Head%20of%20Procurement&personTitles[]=Buyer&personTitles[]=Commercial%20Director&personTitles[]=Export%20Manager,,,,,,,New,,,,,,,,,partial,0,,,,,False,False,False,0,0,skip,,,
LT Foods UK,Stand: N3060,,Stand: N3060,https://www.ife.co.ukexhibitors/lt-foods-uk-1,YES,https://www.linkedin.com/sales/search/people?keywords=LT%20Foods%20UK&titleFreeText=CEO%20OR%20MD%20OR%20Director%20OR%20Buyer%20OR%20Procurement,https://www.linkedin.com/search/results/people/?keywords=LT%20Foods%20UK&titleFreeText=CEO%20OR%20MD%20OR%20%22Managing%20Director%22%20OR%20Founder%20OR%20Director%20OR%20Buyer%20OR%20Procurement%20OR%20%22Head%20of%20Sales%22,https://app.apollo.io/#/companies?q_organization_name=LT%20Foods%20UK,https://app.apollo.io/#/people?q_organization_name=LT%20Foods%20UK&personTitles[]=CEO&personTitles[]=Managing%20Director&personTitles[]=Founder&personTitles[]=Director&personTitles[]=Head%20of%20Procurement&personTitles[]=Buyer&personTitles[]=Commercial%20Director&personTitles[]=Export%20Manager,,,,,,,New,,,,,,,,,partial,0,,,,,False,False,False,0,0,skip,,,
Lyla Tea,Stand: N1470,,Stand: N1470,https://www.ife.co.ukexhibitors/lyla-tea,YES,https://www.linkedin.com/sales/search/people?keywords=Lyla%20Tea&titleFreeText=CEO%20OR%20MD%20OR%20Director%20OR%20Buyer%20OR%20Procurement,https://www.linkedin.com/search/results/people/?keywords=Lyla%20Tea&titleFreeText=CEO%20OR%20MD%20OR%20%22Managing%20Director%22%20OR%20Founder%20OR%20Director%20OR%20Buyer%20OR%20Procurement%20OR%20%22Head%20of%20Sales%22,https://app.apollo.io/#/companies?q_organization_name=Lyla%20Tea,https://app.apollo.io/#/people?q_organization_name=Lyla%20Tea&personTitles[]=CEO&personTitles[]=Managing%20Director&personTitles[]=Founder&personTitles[]=Director&personTitles[]=Head%20of%20Procurement&personTitles[]=Buyer&personTitles[]=Commercial%20Director&personTitles[]=Export%20Manager,,,,,,,New,,,,,,,,,partial,0,,,,,False,False,False,0,0,skip,,,
M.A. Oriental Foods Limited,Stand: N2418,,Stand: N2418,https://www.ife.co.ukexhibitors/m-oriental-foods-limited,YES,https://www.linkedin.com/sales/search/people?keywords=M.A.%20Oriental%20Foods%20Limited&titleFreeText=CEO%20OR%20MD%20OR%20Director%20OR%20Buyer%20OR%20Procurement,https://www.linkedin.com/search/results/people/?keywords=M.A.%20Oriental%20Foods%20Limited&titleFreeText=CEO%20OR%20MD%20OR%20%22Managing%20Director%22%20OR%20Founder%20OR%20Director%20OR%20Buyer%20OR%20Procurement%20OR%20%22Head%20of%20Sales%22,https://app.apollo.io/#/companies?q_organization_name=M.A.%20Oriental%20Foods%20Limited,https://app.apollo.io/#/people?q_organization_name=M.A.%20Oriental%20Foods%20Limited&personTitles[]=CEO&personTitles[]=Managing%20Director&personTitles[]=Founder&personTitles[]=Director&personTitles[]=Head%20of%20Procurement&personTitles[]=Buyer&personTitles[]=Commercial%20Director&personTitles[]=Export%20Manager,,,,,,,New,,,,,,,,,partial,0,,,,,False,False,False,0,0,skip,,,
Mackwoods Tea and Coffee,Stand: S1077,,Stand: S1077,https://www.ife.co.ukexhibitors/mackwoods-tea-coffee,YES,https://www.linkedin.com/sales/search/people?keywords=Mackwoods%20Tea%20and%20Coffee&titleFreeText=CEO%20OR%20MD%20OR%20Director%20OR%20Buyer%20OR%20Procurement,https://www.linkedin.com/search/results/people/?keywords=Mackwoods%20Tea%20and%20Coffee&titleFreeText=CEO%20OR%20MD%20OR%20%22Managing%20Director%22%20OR%20Founder%20OR%20Director%20OR%20Buyer%20OR%20Procurement%20OR%20%22Head%20of%20Sales%22,https://app.apollo.io/#/companies?q_organization_name=Mackwoods%20Tea%20and%20Coffee,https://app.apollo.io/#/people?q_organization_name=Mackwoods%20Tea%20and%20Coffee&personTitles[]=CEO&personTitles[]=Managing%20Director&personTitles[]=Founder&personTitles[]=Director&personTitles[]=Head%20of%20Procurement&personTitles[]=Buyer&personTitles[]=Commercial%20Director&personTitles[]=Export%20Manager,,,,,,,New,,,,,,,,,partial,0,,,,,False,False,False,0,0,skip,,,
Magnum Packaging (N.E) Ltd,Stand: N210,,Stand: N210,https://www.ife.co.ukexhibitors/magnum-packaging-ne-1,YES,https://www.linkedin.com/sales/search/people?keywords=Magnum%20Packaging%20(N.E)%20Ltd&titleFreeText=CEO%20OR%20MD%20OR%20Director%20OR%20Buyer%20OR%20Procurement,https://www.linkedin.com/search/results/people/?keywords=Magnum%20Packaging%20(N.E)%20Ltd&titleFreeText=CEO%20OR%20MD%20OR%20%22Managing%20Director%22%20OR%20Founder%20OR%20Director%20OR%20Buyer%20OR%20Procurement%20OR%20%22Head%20of%20Sales%22,https://app.apollo.io/#/companies?q_organization_name=Magnum%20Packaging%20(N.E)%20Ltd,https://app.apollo.io/#/people?q_organization_name=Magnum%20Packaging%20(N.E)%20Ltd&personTitles[]=CEO&personTitles[]=Managing%20Director&personTitles[]=Founder&personTitles[]=Director&personTitles[]=Head%20of%20Procurement&personTitles[]=Buyer&personTitles[]=Commercial%20Director&personTitles[]=Export%20Manager,,,,,,,New,,,,,,,,,partial,0,,,,,False,False,False,0,0,skip,,,
Manna Health Foods,Stand: N1217,,Stand: N1217,https://www.ife.co.ukexhibitors/manna-health-foods,YES,https://www.linkedin.com/sales/search/people?keywords=Manna%20Health%20Foods&titleFreeText=CEO%20OR%20MD%20OR%20Director%20OR%20Buyer%20OR%20Procurement,https://www.linkedin.com/search/results/people/?keywords=Manna%20Health%20Foods&titleFreeText=CEO%20OR%20MD%20OR%20%22Managing%20Director%22%20OR%20Founder%20OR%20Director%20OR%20Buyer%20OR%20Procurement%20OR%20%22Head%20of%20Sales%22,https://app.apollo.io/#/companies?q_organization_name=Manna%20Health%20Foods,https://app.apollo.io/#/people?q_organization_name=Manna%20Health%20Foods&personTitles[]=CEO&personTitles[]=Managing%20Director&personTitles[]=Founder&personTitles[]=Director&personTitles[]=Head%20of%20Procurement&personTitles[]=Buyer&personTitles[]=Commercial%20Director&personTitles[]=Export%20Manager,,,,,,,New,,,,,,,,,partial,0,,,,,False,False,False,0,0,skip,,,
"Marford (Qingdao) Food Co.,Ltd.",Stand: N4450a,,Stand: N4450a,https://www.ife.co.ukexhibitors/marford-qingdao-food-co,YES,"https://www.linkedin.com/sales/search/people?keywords=Marford%20(Qingdao)%20Food%20Co.,Ltd.&titleFreeText=CEO%20OR%20MD%20OR%20Director%20OR%20Buyer%20OR%20Procurement","https://www.linkedin.com/search/results/people/?keywords=Marford%20(Qingdao)%20Food%20Co.,Ltd.&titleFreeText=CEO%20OR%20MD%20OR%20%22Managing%20Director%22%20OR%20Founder%20OR%20Director%20OR%20Buyer%20OR%20Procurement%20OR%20%22Head%20of%20Sales%22","https://app.apollo.io/#/companies?q_organization_name=Marford%20(Qingdao)%20Food%20Co.,Ltd.","https://app.apollo.io/#/people?q_organization_name=Marford%20(Qingdao)%20Food%20Co.,Ltd.&personTitles[]=CEO&personTitles[]=Managing%20Director&personTitles[]=Founder&personTitles[]=Director&personTitles[]=Head%20of%20Procurement&personTitles[]=Buyer&personTitles[]=Commercial%20Director&personTitles[]=Export%20Manager",,,,,,,New,,,,,,,,,partial,0,,,,,False,False,False,0,0,skip,,,
Matco Foods,Stand: N2636,,Stand: N2636,https://www.ife.co.ukexhibitors/matco-foods-1,YES,https://www.linkedin.com/sales/search/people?keywords=Matco%20Foods&titleFreeText=CEO%20OR%20MD%20OR%20Director%20OR%20Buyer%20OR%20Procurement,https://www.linkedin.com/search/results/people/?keywords=Matco%20Foods&titleFreeText=CEO%20OR%20MD%20OR%20%22Managing%20Director%22%20OR%20Founder%20OR%20Director%20OR%20Buyer%20OR%20Procurement%20OR%20%22Head%20of%20Sales%22,https://app.apollo.io/#/companies?q_organization_name=Matco%20Foods,https://app.apollo.io/#/people?q_organization_name=Matco%20Foods&personTitles[]=CEO&personTitles[]=Managing%20Director&personTitles[]=Founder&personTitles[]=Director&personTitles[]=Head%20of%20Procurement&personTitles[]=Buyer&personTitles[]=Commercial%20Director&personTitles[]=Export%20Manager,,,,,,,New,,,,,,,,,partial,0,,,,,False,False,False,0,0,skip,,,
Meadow Vale Food Group,Stand: N4148,,Stand: N4148,https://www.ife.co.ukexhibitors/meadow-vale-food-group,YES,https://www.linkedin.com/sales/search/people?keywords=Meadow%20Vale%20Food%20Group&titleFreeText=CEO%20OR%20MD%20OR%20Director%20OR%20Buyer%20OR%20Procurement,https://www.linkedin.com/search/results/people/?keywords=Meadow%20Vale%20Food%20Group&titleFreeText=CEO%20OR%20MD%20OR%20%22Managing%20Director%22%20OR%20Founder%20OR%20Director%20OR%20Buyer%20OR%20Procurement%20OR%20%22Head%20of%20Sales%22,https://app.apollo.io/#/companies?q_organization_name=Meadow%20Vale%20Food%20Group,https://app.apollo.io/#/people?q_organization_name=Meadow%20Vale%20Food%20Group&personTitles[]=CEO&personTitles[]=Managing%20Director&personTitles[]=Founder&personTitles[]=Director&personTitles[]=Head%20of%20Procurement&personTitles[]=Buyer&personTitles[]=Commercial%20Director&personTitles[]=Export%20Manager,,,,,,,New,,,,,,,,,partial,0,,,,,False,False,False,0,0,skip,,,
Meat & Livestock Australia,Stand: S1010,,Stand: S1010,https://www.ife.co.ukexhibitors/meat-livestock-australia-1,YES,https://www.linkedin.com/sales/search/people?keywords=Meat%20%26%20Livestock%20Australia&titleFreeText=CEO%20OR%20MD%20OR%20Director%20OR%20Buyer%20OR%20Procurement,https://www.linkedin.com/search/results/people/?keywords=Meat%20%26%20Livestock%20Australia&titleFreeText=CEO%20OR%20MD%20OR%20%22Managing%20Director%22%20OR%20Founder%20OR%20Director%20OR%20Buyer%20OR%20Procurement%20OR%20%22Head%20of%20Sales%22,https://app.apollo.io/#/companies?q_organization_name=Meat%20&%20Livestock%20Australia,https://app.apollo.io/#/people?q_organization_name=Meat%20&%20Livestock%20Australia&personTitles[]=CEO&personTitles[]=Managing%20Director&personTitles[]=Founder&personTitles[]=Director&personTitles[]=Head%20of%20Procurement&personTitles[]=Buyer&personTitles[]=Commercial%20Director&personTitles[]=Export%20Manager,,,,,,,New,,,,,,,,,partial,0,,,,,False,False,False,0,0,skip,,,
Med Food,Stand: N3210,,Stand: N3210,https://www.ife.co.ukexhibitors/med-food-1,YES,https://www.linkedin.com/sales/search/people?keywords=Med%20Food&titleFreeText=CEO%20OR%20MD%20OR%20Director%20OR%20Buyer%20OR%20Procurement,https://www.linkedin.com/search/results/people/?keywords=Med%20Food&titleFreeText=CEO%20OR%20MD%20OR%20%22Managing%20Director%22%20OR%20Founder%20OR%20Director%20OR%20Buyer%20OR%20Procurement%20OR%20%22Head%20of%20Sales%22,https://app.apollo.io/#/companies?q_organization_name=Med%20Food,https://app.apollo.io/#/people?q_organization_name=Med%20Food&personTitles[]=CEO&personTitles[]=Managing%20Director&personTitles[]=Founder&personTitles[]=Director&personTitles[]=Head%20of%20Procurement&personTitles[]=Buyer&personTitles[]=Commercial%20Director&personTitles[]=Export%20Manager,,,,,,,New,,,,,,,,,partial,0,,,,,False,False,False,0,0,skip,,,
Melitta Professional Coffee Solutions UK Ltd,Stand: S1080,,Stand: S1080,https://www.ife.co.ukexhibitors/melitta-professional-coffee-solutions-uk,YES,https://www.linkedin.com/sales/search/people?keywords=Melitta%20Professional%20Coffee%20Solutions%20UK%20Ltd&titleFreeText=CEO%20OR%20MD%20OR%20Director%20OR%20Buyer%20OR%20Procurement,https://www.linkedin.com/search/results/people/?keywords=Melitta%20Professional%20Coffee%20Solutions%20UK%20Ltd&titleFreeText=CEO%20OR%20MD%20OR%20%22Managing%20Director%22%20OR%20Founder%20OR%20Director%20OR%20Buyer%20OR%20Procurement%20OR%20%22Head%20of%20Sales%22,https://app.apollo.io/#/companies?q_organization_name=Melitta%20Professional%20Coffee%20Solutions%20UK%20Ltd,https://app.apollo.io/#/people?q_organization_name=Melitta%20Professional%20Coffee%20Solutions%20UK%20Ltd&personTitles[]=CEO&personTitles[]=Managing%20Director&personTitles[]=Founder&personTitles[]=Director&personTitles[]=Head%20of%20Procurement&personTitles[]=Buyer&personTitles[]=Commercial%20Director&personTitles[]=Export%20Manager,,,,,,,New,,,,,,,,,partial,0,,,,,False,False,False,0,0,skip,,,
Meze Foods and Dairy Products Ltd,Stand: N4038,,Stand: N4038,https://www.ife.co.ukexhibitors/meze-foods,YES,https://www.linkedin.com/sales/search/people?keywords=Meze%20Foods%20and%20Dairy%20Products%20Ltd&titleFreeText=CEO%20OR%20MD%20OR%20Director%20OR%20Buyer%20OR%20Procurement,https://www.linkedin.com/search/results/people/?keywords=Meze%20Foods%20and%20Dairy%20Products%20Ltd&titleFreeText=CEO%20OR%20MD%20OR%20%22Managing%20Director%22%20OR%20Founder%20OR%20Director%20OR%20Buyer%20OR%20Procurement%20OR%20%22Head%20of%20Sales%22,https://app.apollo.io/#/companies?q_organization_name=Meze%20Foods%20and%20Dairy%20Products%20Ltd,https://app.apollo.io/#/people?q_organization_name=Meze%20Foods%20and%20Dairy%20Products%20Ltd&personTitles[]=CEO&personTitles[]=Managing%20Director&personTitles[]=Founder&personTitles[]=Director&personTitles[]=Head%20of%20Procurement&personTitles[]=Buyer&personTitles[]=Commercial%20Director&personTitles[]=Export%20Manager,,,,,,,New,,,,,,,,,partial,0,,,,,False,False,False,0,0,skip,,,
MILLENNIUM TEAS (PVT) LTD - SRI LANKA,Stand: S580a,,Stand: S580a,https://www.ife.co.ukexhibitors/millennium-teas-pvt-sri-lanka,YES,https://www.linkedin.com/sales/search/people?keywords=MILLENNIUM%20TEAS%20(PVT)%20LTD%20-%20SRI%20LANKA&titleFreeText=CEO%20OR%20MD%20OR%20Director%20OR%20Buyer%20OR%20Procurement,https://www.linkedin.com/search/results/people/?keywords=MILLENNIUM%20TEAS%20(PVT)%20LTD%20-%20SRI%20LANKA&titleFreeText=CEO%20OR%20MD%20OR%20%22Managing%20Director%22%20OR%20Founder%20OR%20Director%20OR%20Buyer%20OR%20Procurement%20OR%20%22Head%20of%20Sales%22,https://app.apollo.io/#/companies?q_organization_name=MILLENNIUM%20TEAS%20(PVT)%20LTD%20-%20SRI%20LANKA,https://app.apollo.io/#/people?q_organization_name=MILLENNIUM%20TEAS%20(PVT)%20LTD%20-%20SRI%20LANKA&personTitles[]=CEO&personTitles[]=Managing%20Director&personTitles[]=Founder&personTitles[]=Director&personTitles[]=Head%20of%20Procurement&personTitles[]=Buyer&personTitles[]=Commercial%20Director&personTitles[]=Export%20Manager,,,,,,,New,,,,,,,,,partial,0,,,,,False,False,False,0,0,skip,,,
Minster Fine Foods,Stand: N2650,,Stand: N2650,https://www.ife.co.ukexhibitors/minster-fine-foods,YES,https://www.linkedin.com/sales/search/people?keywords=Minster%20Fine%20Foods&titleFreeText=CEO%20OR%20MD%20OR%20Director%20OR%20Buyer%20OR%20Procurement,https://www.linkedin.com/search/results/people/?keywords=Minster%20Fine%20Foods&titleFreeText=CEO%20OR%20MD%20OR%20%22Managing%20Director%22%20OR%20Founder%20OR%20Director%20OR%20Buyer%20OR%20Procurement%20OR%20%22Head%20of%20Sales%22,https://app.apollo.io/#/companies?q_organization_name=Minster%20Fine%20Foods,https://app.apollo.io/#/people?q_organization_name=Minster%20Fine%20Foods&personTitles[]=CEO&personTitles[]=Managing%20Director&personTitles[]=Founder&personTitles[]=Director&personTitles[]=Head%20of%20Procurement&personTitles[]=Buyer&personTitles[]=Commercial%20Director&personTitles[]=Export%20Manager,,,,,,,New,,,,,,,,,partial,0,,,,,False,False,False,0,0,skip,,,
Misota Foods,Stand: N2130,,Stand: N2130,https://www.ife.co.ukexhibitors/misota-foods,YES,https://www.linkedin.com/sales/search/people?keywords=Misota%20Foods&titleFreeText=CEO%20OR%20MD%20OR%20Director%20OR%20Buyer%20OR%20Procurement,https://www.linkedin.com/search/results/people/?keywords=Misota%20Foods&titleFreeText=CEO%20OR%20MD%20OR%20%22Managing%20Director%22%20OR%20Founder%20OR%20Director%20OR%20Buyer%20OR%20Procurement%20OR%20%22Head%20of%20Sales%22,https://app.apollo.io/#/companies?q_organization_name=Misota%20Foods,https://app.apollo.io/#/people?q_organization_name=Misota%20Foods&personTitles[]=CEO&personTitles[]=Managing%20Director&personTitles[]=Founder&personTitles[]=Director&personTitles[]=Head%20of%20Procurement&personTitles[]=Buyer&personTitles[]=Commercial%20Director&personTitles[]=Export%20Manager,,,,,,,New,,,,,,,,,partial,0,,,,,False,False,False,0,0,skip,,,
Monatea,Stand: N2130,,Stand: N2130,https://www.ife.co.ukexhibitors/monatea,YES,https://www.linkedin.com/sales/search/people?keywords=Monatea&titleFreeText=CEO%20OR%20MD%20OR%20Director%20OR%20Buyer%20OR%20Procurement,https://www.linkedin.com/search/results/people/?keywords=Monatea&titleFreeText=CEO%20OR%20MD%20OR%20%22Managing%20Director%22%20OR%20Founder%20OR%20Director%20OR%20Buyer%20OR%20Procurement%20OR%20%22Head%20of%20Sales%22,https://app.apollo.io/#/companies?q_organization_name=Monatea,https://app.apollo.io/#/people?q_organization_name=Monatea&personTitles[]=CEO&personTitles[]=Managing%20Director&personTitles[]=Founder&personTitles[]=Director&personTitles[]=Head%20of%20Procurement&personTitles[]=Buyer&personTitles[]=Commercial%20Director&personTitles[]=Export%20Manager,,,,,,,New,,,,,,,,,partial,0,,,,,False,False,False,0,0,skip,,,
Montien Spice Co Ltd,Stand: N2740,,Stand: N2740,https://www.ife.co.ukexhibitors/montien-spice-co-1,YES,https://www.linkedin.com/sales/search/people?keywords=Montien%20Spice%20Co%20Ltd&titleFreeText=CEO%20OR%20MD%20OR%20Director%20OR%20Buyer%20OR%20Procurement,https://www.linkedin.com/search/results/people/?keywords=Montien%20Spice%20Co%20Ltd&titleFreeText=CEO%20OR%20MD%20OR%20%22Managing%20Director%22%20OR%20Founder%20OR%20Director%20OR%20Buyer%20OR%20Procurement%20OR%20%22Head%20of%20Sales%22,https://app.apollo.io/#/companies?q_organization_name=Montien%20Spice%20Co%20Ltd,https://app.apollo.io/#/people?q_organization_name=Montien%20Spice%20Co%20Ltd&personTitles[]=CEO&personTitles[]=Managing%20Director&personTitles[]=Founder&personTitles[]=Director&personTitles[]=Head%20of%20Procurement&personTitles[]=Buyer&personTitles[]=Commercial%20Director&personTitles[]=Export%20Manager,,,,,,,New,,,,,,,,,partial,0,,,,,False,False,False,0,0,skip,,,
Morish Snacks,Stand: N856,,Stand: N856,https://www.ife.co.ukexhibitors/morish-snacks,YES,https://www.linkedin.com/sales/search/people?keywords=Morish%20Snacks&titleFreeText=CEO%20OR%20MD%20OR%20Director%20OR%20Buyer%20OR%20Procurement,https://www.linkedin.com/search/results/people/?keywords=Morish%20Snacks&titleFreeText=CEO%20OR%20MD%20OR%20%22Managing%20Director%22%20OR%20Founder%20OR%20Director%20OR%20Buyer%20OR%20Procurement%20OR%20%22Head%20of%20Sales%22,https://app.apollo.io/#/companies?q_organization_name=Morish%20Snacks,https://app.apollo.io/#/people?q_organization_name=Morish%20Snacks&personTitles[]=CEO&personTitles[]=Managing%20Director&personTitles[]=Founder&personTitles[]=Director&personTitles[]=Head%20of%20Procurement&personTitles[]=Buyer&personTitles[]=Commercial%20Director&personTitles[]=Export%20Manager,,,,,,,New,,,,,,,,,partial,0,,,,,False,False,False,0,0,skip,,,
MOROHEIYA TEA,Stand: N5017,,Stand: N5017,https://www.ife.co.ukexhibitors/amata-jute-tea-llp,YES,https://www.linkedin.com/sales/search/people?keywords=MOROHEIYA%20TEA&titleFreeText=CEO%20OR%20MD%20OR%20Director%20OR%20Buyer%20OR%20Procurement,https://www.linkedin.com/search/results/people/?keywords=MOROHEIYA%20TEA&titleFreeText=CEO%20OR%20MD%20OR%20%22Managing%20Director%22%20OR%20Founder%20OR%20Director%20OR%20Buyer%20OR%20Procurement%20OR%20%22Head%20of%20Sales%22,https://app.apollo.io/#/companies?q_organization_name=MOROHEIYA%20TEA,https://app.apollo.io/#/people?q_organization_name=MOROHEIYA%20TEA&personTitles[]=CEO&personTitles[]=Managing%20Director&personTitles[]=Founder&personTitles[]=Director&personTitles[]=Head%20of%20Procurement&personTitles[]=Buyer&personTitles[]=Commercial%20Director&personTitles[]=Export%20Manager,,,,,,,New,,,,,,,,,partial,0,,,,,False,False,False,0,0,skip,,,
MOTHER NUTRI FOODS LTD,Stand: N3079,,Stand: N3079,https://www.ife.co.ukexhibitors/mother-nutri-foods,YES,https://www.linkedin.com/sales/search/people?keywords=MOTHER%20NUTRI%20FOODS%20LTD&titleFreeText=CEO%20OR%20MD%20OR%20Director%20OR%20Buyer%20OR%20Procurement,https://www.linkedin.com/search/results/people/?keywords=MOTHER%20NUTRI%20FOODS%20LTD&titleFreeText=CEO%20OR%20MD%20OR%20%22Managing%20Director%22%20OR%20Founder%20OR%20Director%20OR%20Buyer%20OR%20Procurement%20OR%20%22Head%20of%20Sales%22,https://app.apollo.io/#/companies?q_organization_name=MOTHER%20NUTRI%20FOODS%20LTD,https://app.apollo.io/#/people?q_organization_name=MOTHER%20NUTRI%20FOODS%20LTD&personTitles[]=CEO&personTitles[]=Managing%20Director&personTitles[]=Founder&personTitles[]=Director&personTitles[]=Head%20of%20Procurement&personTitles[]=Buyer&personTitles[]=Commercial%20Director&personTitles[]=Export%20Manager,,,,,,,New,,,,,,,,,partial,0,,,,,False,False,False,0,0,skip,,,
Nadi Food,Stand: N2532,,Stand: N2532,https://www.ife.co.ukexhibitors/nadi-food-1,YES,https://www.linkedin.com/sales/search/people?keywords=Nadi%20Food&titleFreeText=CEO%20OR%20MD%20OR%20Director%20OR%20Buyer%20OR%20Procurement,https://www.linkedin.com/search/results/people/?keywords=Nadi%20Food&titleFreeText=CEO%20OR%20MD%20OR%20%22Managing%20Director%22%20OR%20Founder%20OR%20Director%20OR%20Buyer%20OR%20Procurement%20OR%20%22Head%20of%20Sales%22,https://app.apollo.io/#/companies?q_organization_name=Nadi%20Food,https://app.apollo.io/#/people?q_organization_name=Nadi%20Food&personTitles[]=CEO&personTitles[]=Managing%20Director&personTitles[]=Founder&personTitles[]=Director&personTitles[]=Head%20of%20Procurement&personTitles[]=Buyer&personTitles[]=Commercial%20Director&personTitles[]=Export%20Manager,,,,,,,New,,,,,,,,,partial,0,,,,,False,False,False,0,0,skip,,,
Natco Foods Ltd,Stand: N3218,,Stand: N3218,https://www.ife.co.ukexhibitors/natco-foods,YES,https://www.linkedin.com/sales/search/people?keywords=Natco%20Foods%20Ltd&titleFreeText=CEO%20OR%20MD%20OR%20Director%20OR%20Buyer%20OR%20Procurement,https://www.linkedin.com/search/results/people/?keywords=Natco%20Foods%20Ltd&titleFreeText=CEO%20OR%20MD%20OR%20%22Managing%20Director%22%20OR%20Founder%20OR%20Director%20OR%20Buyer%20OR%20Procurement%20OR%20%22Head%20of%20Sales%22,https://app.apollo.io/#/companies?q_organization_name=Natco%20Foods%20Ltd,https://app.apollo.io/#/people?q_organization_name=Natco%20Foods%20Ltd&personTitles[]=CEO&personTitles[]=Managing%20Director&personTitles[]=Founder&personTitles[]=Director&personTitles[]=Head%20of%20Procurement&personTitles[]=Buyer&personTitles[]=Commercial%20Director&personTitles[]=Export%20Manager,,,,,,,New,,,,,,,,,partial,0,,,,,False,False,False,0,0,skip,,,
NeatSweets,Stand: N1010,,Stand: N1010,https://www.ife.co.ukexhibitors/neatsweets,YES,https://www.linkedin.com/sales/search/people?keywords=NeatSweets&titleFreeText=CEO%20OR%20MD%20OR%20Director%20OR%20Buyer%20OR%20Procurement,https://www.linkedin.com/search/results/people/?keywords=NeatSweets&titleFreeText=CEO%20OR%20MD%20OR%20%22Managing%20Director%22%20OR%20Founder%20OR%20Director%20OR%20Buyer%20OR%20Procurement%20OR%20%22Head%20of%20Sales%22,https://app.apollo.io/#/companies?q_organization_name=NeatSweets,https://app.apollo.io/#/people?q_organization_name=NeatSweets&personTitles[]=CEO&personTitles[]=Managing%20Director&personTitles[]=Founder&personTitles[]=Director&personTitles[]=Head%20of%20Procurement&personTitles[]=Buyer&personTitles[]=Commercial%20Director&personTitles[]=Export%20Manager,,,,,,,New,,,,,,,,,partial,0,,,,,False,False,False,0,0,skip,,,
Neeyog Packaging,Stand: N111,,Stand: N111,https://www.ife.co.ukexhibitors/neeyog-packaging,YES,https://www.linkedin.com/sales/search/people?keywords=Neeyog%20Packaging&titleFreeText=CEO%20OR%20MD%20OR%20Director%20OR%20Buyer%20OR%20Procurement,https://www.linkedin.com/search/results/people/?keywords=Neeyog%20Packaging&titleFreeText=CEO%20OR%20MD%20OR%20%22Managing%20Director%22%20OR%20Founder%20OR%20Director%20OR%20Buyer%20OR%20Procurement%20OR%20%22Head%20of%20Sales%22,https://app.apollo.io/#/companies?q_organization_name=Neeyog%20Packaging,https://app.apollo.io/#/people?q_organization_name=Neeyog%20Packaging&personTitles[]=CEO&personTitles[]=Managing%20Director&personTitles[]=Founder&personTitles[]=Director&personTitles[]=Head%20of%20Procurement&personTitles[]=Buyer&personTitles[]=Commercial%20Director&personTitles[]=Export%20Manager,,,,,,,New,,,,,,,,,partial,0,,,,,False,False,False,0,0,skip,,,
"NEW FONMING TEA BUSINESS CO., LTD.",Stand: N4648,,Stand: N4648,https://www.ife.co.ukexhibitors/new-fonming-tea-business-co-,YES,"https://www.linkedin.com/sales/search/people?keywords=NEW%20FONMING%20TEA%20BUSINESS%20CO.,%20LTD.&titleFreeText=CEO%20OR%20MD%20OR%20Director%20OR%20Buyer%20OR%20Procurement","https://www.linkedin.com/search/results/people/?keywords=NEW%20FONMING%20TEA%20BUSINESS%20CO.,%20LTD.&titleFreeText=CEO%20OR%20MD%20OR%20%22Managing%20Director%22%20OR%20Founder%20OR%20Director%20OR%20Buyer%20OR%20Procurement%20OR%20%22Head%20of%20Sales%22","https://app.apollo.io/#/companies?q_organization_name=NEW%20FONMING%20TEA%20BUSINESS%20CO.,%20LTD.","https://app.apollo.io/#/people?q_organization_name=NEW%20FONMING%20TEA%20BUSINESS%20CO.,%20LTD.&personTitles[]=CEO&personTitles[]=Managing%20Director&personTitles[]=Founder&personTitles[]=Director&personTitles[]=Head%20of%20Procurement&personTitles[]=Buyer&personTitles[]=Commercial%20Director&personTitles[]=Export%20Manager",,,,,,,New,,,,,,,,,partial,0,,,,,False,False,False,0,0,skip,,,
NH Foods Uk Ltd,Stand: N3850,,Stand: N3850,https://www.ife.co.ukexhibitors/nh-foods-uk,YES,https://www.linkedin.com/sales/search/people?keywords=NH%20Foods%20Uk%20Ltd&titleFreeText=CEO%20OR%20MD%20OR%20Director%20OR%20Buyer%20OR%20Procurement,https://www.linkedin.com/search/results/people/?keywords=NH%20Foods%20Uk%20Ltd&titleFreeText=CEO%20OR%20MD%20OR%20%22Managing%20Director%22%20OR%20Founder%20OR%20Director%20OR%20Buyer%20OR%20Procurement%20OR%20%22Head%20of%20Sales%22,https://app.apollo.io/#/companies?q_organization_name=NH%20Foods%20Uk%20Ltd,https://app.apollo.io/#/people?q_organization_name=NH%20Foods%20Uk%20Ltd&personTitles[]=CEO&personTitles[]=Managing%20Director&personTitles[]=Founder&personTitles[]=Director&personTitles[]=Head%20of%20Procurement&personTitles[]=Buyer&personTitles[]=Commercial%20Director&personTitles[]=Export%20Manager,,,,,,,New,,,,,,,,,partial,0,,,,,False,False,False,0,0,skip,,,
Novel Foods,Stand: N3615,,Stand: N3615,https://www.ife.co.ukexhibitors/novel-foods-1,YES,https://www.linkedin.com/sales/search/people?keywords=Novel%20Foods&titleFreeText=CEO%20OR%20MD%20OR%20Director%20OR%20Buyer%20OR%20Procurement,https://www.linkedin.com/search/results/people/?keywords=Novel%20Foods&titleFreeText=CEO%20OR%20MD%20OR%20%22Managing%20Director%22%20OR%20Founder%20OR%20Director%20OR%20Buyer%20OR%20Procurement%20OR%20%22Head%20of%20Sales%22,https://app.apollo.io/#/companies?q_organization_name=Novel%20Foods,https://app.apollo.io/#/people?q_organization_name=Novel%20Foods&personTitles[]=CEO&personTitles[]=Managing%20Director&personTitles[]=Founder&personTitles[]=Director&personTitles[]=Head%20of%20Procurement&personTitles[]=Buyer&personTitles[]=Commercial%20Director&personTitles[]=Export%20Manager,,,,,,,New,,,,,,,,,partial,0,,,,,False,False,False,0,0,skip,,,
Ocean Tai Foods Co Ltd,Stand: N1061,,Stand: N1061,https://www.ife.co.ukexhibitors/ocean-tai-foods-co,YES,https://www.linkedin.com/sales/search/people?keywords=Ocean%20Tai%20Foods%20Co%20Ltd&titleFreeText=CEO%20OR%20MD%20OR%20Director%20OR%20Buyer%20OR%20Procurement,https://www.linkedin.com/search/results/people/?keywords=Ocean%20Tai%20Foods%20Co%20Ltd&titleFreeText=CEO%20OR%20MD%20OR%20%22Managing%20Director%22%20OR%20Founder%20OR%20Director%20OR%20Buyer%20OR%20Procurement%20OR%20%22Head%20of%20Sales%22,https://app.apollo.io/#/companies?q_organization_name=Ocean%20Tai%20Foods%20Co%20Ltd,https://app.apollo.io/#/people?q_organization_name=Ocean%20Tai%20Foods%20Co%20Ltd&personTitles[]=CEO&personTitles[]=Managing%20Director&personTitles[]=Founder&personTitles[]=Director&personTitles[]=Head%20of%20Procurement&personTitles[]=Buyer&personTitles[]=Commercial%20Director&personTitles[]=Export%20Manager,,,,,,,New,,,,,,,,,partial,0,,,,,False,False,False,0,0,skip,,,
OnyyaOrganic,Stand: N4310,,Stand: N4310,https://www.ife.co.ukexhibitors/onyyaorganic,YES,https://www.linkedin.com/sales/search/people?keywords=OnyyaOrganic&titleFreeText=CEO%20OR%20MD%20OR%20Director%20OR%20Buyer%20OR%20Procurement,https://www.linkedin.com/search/results/people/?keywords=OnyyaOrganic&titleFreeText=CEO%20OR%20MD%20OR%20%22Managing%20Director%22%20OR%20Founder%20OR%20Director%20OR%20Buyer%20OR%20Procurement%20OR%20%22Head%20of%20Sales%22,https://app.apollo.io/#/companies?q_organization_name=OnyyaOrganic,https://app.apollo.io/#/people?q_organization_name=OnyyaOrganic&personTitles[]=CEO&personTitles[]=Managing%20Director&personTitles[]=Founder&personTitles[]=Director&personTitles[]=Head%20of%20Procurement&personTitles[]=Buyer&personTitles[]=Commercial%20Director&personTitles[]=Export%20Manager,,,,,,,New,,,,,,,,,partial,0,,,,,False,False,False,0,0,skip,,,
Organic Land Company Ltd,Stand: N1331,,Stand: N1331,https://www.ife.co.ukexhibitors/organic-land-company,YES,https://www.linkedin.com/sales/search/people?keywords=Organic%20Land%20Company%20Ltd&titleFreeText=CEO%20OR%20MD%20OR%20Director%20OR%20Buyer%20OR%20Procurement,https://www.linkedin.com/search/results/people/?keywords=Organic%20Land%20Company%20Ltd&titleFreeText=CEO%20OR%20MD%20OR%20%22Managing%20Director%22%20OR%20Founder%20OR%20Director%20OR%20Buyer%20OR%20Procurement%20OR%20%22Head%20of%20Sales%22,https://app.apollo.io/#/companies?q_organization_name=Organic%20Land%20Company%20Ltd,https://app.apollo.io/#/people?q_organization_name=Organic%20Land%20Company%20Ltd&personTitles[]=CEO&personTitles[]=Managing%20Director&personTitles[]=Founder&personTitles[]=Director&personTitles[]=Head%20of%20Procurement&personTitles[]=Buyer&personTitles[]=Commercial%20Director&personTitles[]=Export%20Manager,,,,,,,New,,,,,,,,,partial,0,,,,,False,False,False,0,0,skip,,,
Organic Trade Association (OTA),Stand: N1410f,,Stand: N1410f,https://www.ife.co.ukexhibitors/organic-trade-association-ota,YES,https://www.linkedin.com/sales/search/people?keywords=Organic%20Trade%20Association%20(OTA)&titleFreeText=CEO%20OR%20MD%20OR%20Director%20OR%20Buyer%20OR%20Procurement,https://www.linkedin.com/search/results/people/?keywords=Organic%20Trade%20Association%20(OTA)&titleFreeText=CEO%20OR%20MD%20OR%20%22Managing%20Director%22%20OR%20Founder%20OR%20Director%20OR%20Buyer%20OR%20Procurement%20OR%20%22Head%20of%20Sales%22,https://app.apollo.io/#/companies?q_organization_name=Organic%20Trade%20Association%20(OTA),https://app.apollo.io/#/people?q_organization_name=Organic%20Trade%20Association%20(OTA)&personTitles[]=CEO&personTitles[]=Managing%20Director&personTitles[]=Founder&personTitles[]=Director&personTitles[]=Head%20of%20Procurement&personTitles[]=Buyer&personTitles[]=Commercial%20Director&personTitles[]=Export%20Manager,,,,,,,New,,,,,,,,,partial,0,,,,,False,False,False,0,0,skip,,,
P&B (Foods) Ltd – Home of the HEERA brand,Stand: N2950,,Stand: N2950,https://www.ife.co.ukexhibitors/pb-foods-home-heera-brand-1,YES,https://www.linkedin.com/sales/search/people?keywords=P%26B%20(Foods)%20Ltd%20–%20Home%20of%20the%20HEERA%20brand&titleFreeText=CEO%20OR%20MD%20OR%20Director%20OR%20Buyer%20OR%20Procurement,https://www.linkedin.com/search/results/people/?keywords=P%26B%20(Foods)%20Ltd%20–%20Home%20of%20the%20HEERA%20brand&titleFreeText=CEO%20OR%20MD%20OR%20%22Managing%20Director%22%20OR%20Founder%20OR%20Director%20OR%20Buyer%20OR%20Procurement%20OR%20%22Head%20of%20Sales%22,https://app.apollo.io/#/companies?q_organization_name=P&B%20(Foods)%20Ltd%20–%20Home%20of%20the%20HEERA%20brand,https://app.apollo.io/#/people?q_organization_name=P&B%20(Foods)%20Ltd%20–%20Home%20of%20the%20HEERA%20brand&personTitles[]=CEO&personTitles[]=Managing%20Director&personTitles[]=Founder&personTitles[]=Director&personTitles[]=Head%20of%20Procurement&personTitles[]=Buyer&personTitles[]=Commercial%20Director&personTitles[]=Export%20Manager,,,,,,,New,,,,,,,,,partial,0,,,,,False,False,False,0,0,skip,,,
Packaging Mode,Stand: N331,,Stand: N331,https://www.ife.co.ukexhibitors/packaging-mode,YES,https://www.linkedin.com/sales/search/people?keywords=Packaging%20Mode&titleFreeText=CEO%20OR%20MD%20OR%20Director%20OR%20Buyer%20OR%20Procurement,https://www.linkedin.com/search/results/people/?keywords=Packaging%20Mode&titleFreeText=CEO%20OR%20MD%20OR%20%22Managing%20Director%22%20OR%20Founder%20OR%20Director%20OR%20Buyer%20OR%20Procurement%20OR%20%22Head%20of%20Sales%22,https://app.apollo.io/#/companies?q_organization_name=Packaging%20Mode,https://app.apollo.io/#/people?q_organization_name=Packaging%20Mode&personTitles[]=CEO&personTitles[]=Managing%20Director&personTitles[]=Founder&personTitles[]=Director&personTitles[]=Head%20of%20Procurement&personTitles[]=Buyer&personTitles[]=Commercial%20Director&personTitles[]=Export%20Manager,,,,,,,New,,,,,,,,,partial,0,,,,,False,False,False,0,0,skip,,,
Pan Euro Foods,Stand: N4115,,Stand: N4115,https://www.ife.co.ukexhibitors/pan-euro-foods-1,YES,https://www.linkedin.com/sales/search/people?keywords=Pan%20Euro%20Foods&titleFreeText=CEO%20OR%20MD%20OR%20Director%20OR%20Buyer%20OR%20Procurement,https://www.linkedin.com/search/results/people/?keywords=Pan%20Euro%20Foods&titleFreeText=CEO%20OR%20MD%20OR%20%22Managing%20Director%22%20OR%20Founder%20OR%20Director%20OR%20Buyer%20OR%20Procurement%20OR%20%22Head%20of%20Sales%22,https://app.apollo.io/#/companies?q_organization_name=Pan%20Euro%20Foods,https://app.apollo.io/#/people?q_organization_name=Pan%20Euro%20Foods&personTitles[]=CEO&personTitles[]=Managing%20Director&personTitles[]=Founder&personTitles[]=Director&personTitles[]=Head%20of%20Procurement&personTitles[]=Buyer&personTitles[]=Commercial%20Director&personTitles[]=Export%20Manager,,,,,,,New,,,,,,,,,partial,0,,,,,False,False,False,0,0,skip,,,
Paste & Juice,Stand: N2530,,Stand: N2530,https://www.ife.co.ukexhibitors/paste-juice,YES,https://www.linkedin.com/sales/search/people?keywords=Paste%20%26%20Juice&titleFreeText=CEO%20OR%20MD%20OR%20Director%20OR%20Buyer%20OR%20Procurement,https://www.linkedin.com/search/results/people/?keywords=Paste%20%26%20Juice&titleFreeText=CEO%20OR%20MD%20OR%20%22Managing%20Director%22%20OR%20Founder%20OR%20Director%20OR%20Buyer%20OR%20Procurement%20OR%20%22Head%20of%20Sales%22,https://app.apollo.io/#/companies?q_organization_name=Paste%20&%20Juice,https://app.apollo.io/#/people?q_organization_name=Paste%20&%20Juice&personTitles[]=CEO&personTitles[]=Managing%20Director&personTitles[]=Founder&personTitles[]=Director&personTitles[]=Head%20of%20Procurement&personTitles[]=Buyer&personTitles[]=Commercial%20Director&personTitles[]=Export%20Manager,,,,,,,New,,,,,,,,,partial,0,,,,,False,False,False,0,0,skip,,,
Paul Rhodes Bakery,Stand: N1015,,Stand: N1015,https://www.ife.co.ukexhibitors/paul-rhodes-bakery,YES,https://www.linkedin.com/sales/search/people?keywords=Paul%20Rhodes%20Bakery&titleFreeText=CEO%20OR%20MD%20OR%20Director%20OR%20Buyer%20OR%20Procurement,https://www.linkedin.com/search/results/people/?keywords=Paul%20Rhodes%20Bakery&titleFreeText=CEO%20OR%20MD%20OR%20%22Managing%20Director%22%20OR%20Founder%20OR%20Director%20OR%20Buyer%20OR%20Procurement%20OR%20%22Head%20of%20Sales%22,https://app.apollo.io/#/companies?q_organization_name=Paul%20Rhodes%20Bakery,https://app.apollo.io/#/people?q_organization_name=Paul%20Rhodes%20Bakery&personTitles[]=CEO&personTitles[]=Managing%20Director&personTitles[]=Founder&personTitles[]=Director&personTitles[]=Head%20of%20Procurement&personTitles[]=Buyer&personTitles[]=Commercial%20Director&personTitles[]=Export%20Manager,,,,,,,New,,,,,,,,,partial,0,,,,,False,False,False,0,0,skip,,,
Penna Bakery,Stand: N2010g,,Stand: N2010g,https://www.ife.co.ukexhibitors/penna-bakery,YES,https://www.linkedin.com/sales/search/people?keywords=Penna%20Bakery&titleFreeText=CEO%20OR%20MD%20OR%20Director%20OR%20Buyer%20OR%20Procurement,https://www.linkedin.com/search/results/people/?keywords=Penna%20Bakery&titleFreeText=CEO%20OR%20MD%20OR%20%22Managing%20Director%22%20OR%20Founder%20OR%20Director%20OR%20Buyer%20OR%20Procurement%20OR%20%22Head%20of%20Sales%22,https://app.apollo.io/#/companies?q_organization_name=Penna%20Bakery,https://app.apollo.io/#/people?q_organization_name=Penna%20Bakery&personTitles[]=CEO&personTitles[]=Managing%20Director&personTitles[]=Founder&personTitles[]=Director&personTitles[]=Head%20of%20Procurement&personTitles[]=Buyer&personTitles[]=Commercial%20Director&personTitles[]=Export%20Manager,,,,,,,New,,,,,,,,,partial,0,,,,,False,False,False,0,0,skip,,,
PERFECT SNACKS,Stand: N1650,,Stand: N1650,https://www.ife.co.ukexhibitors/perfect-snacks,YES,https://www.linkedin.com/sales/search/people?keywords=PERFECT%20SNACKS&titleFreeText=CEO%20OR%20MD%20OR%20Director%20OR%20Buyer%20OR%20Procurement,https://www.linkedin.com/search/results/people/?keywords=PERFECT%20SNACKS&titleFreeText=CEO%20OR%20MD%20OR%20%22Managing%20Director%22%20OR%20Founder%20OR%20Director%20OR%20Buyer%20OR%20Procurement%20OR%20%22Head%20of%20Sales%22,https://app.apollo.io/#/companies?q_organization_name=PERFECT%20SNACKS,https://app.apollo.io/#/people?q_organization_name=PERFECT%20SNACKS&personTitles[]=CEO&personTitles[]=Managing%20Director&personTitles[]=Founder&personTitles[]=Director&personTitles[]=Head%20of%20Procurement&personTitles[]=Buyer&personTitles[]=Commercial%20Director&personTitles[]=Export%20Manager,,,,,,,New,,,,,,,,,partial,0,,,,,False,False,False,0,0,skip,,,
POPPING BUBBLE TEA,Stand: N4950,,Stand: N4950,https://www.ife.co.ukexhibitors/popping-bubble-tea-1,YES,https://www.linkedin.com/sales/search/people?keywords=POPPING%20BUBBLE%20TEA&titleFreeText=CEO%20OR%20MD%20OR%20Director%20OR%20Buyer%20OR%20Procurement,https://www.linkedin.com/search/results/people/?keywords=POPPING%20BUBBLE%20TEA&titleFreeText=CEO%20OR%20MD%20OR%20%22Managing%20Director%22%20OR%20Founder%20OR%20Director%20OR%20Buyer%20OR%20Procurement%20OR%20%22Head%20of%20Sales%22,https://app.apollo.io/#/companies?q_organization_name=POPPING%20BUBBLE%20TEA,https://app.apollo.io/#/people?q_organization_name=POPPING%20BUBBLE%20TEA&personTitles[]=CEO&personTitles[]=Managing%20Director&personTitles[]=Founder&personTitles[]=Director&personTitles[]=Head%20of%20Procurement&personTitles[]=Buyer&personTitles[]=Commercial%20Director&personTitles[]=Export%20Manager,,,,,,,New,,,,,,,,,partial,0,,,,,False,False,False,0,0,skip,,,
PortugalFoods,Stand: N1218,,Stand: N1218,https://www.ife.co.ukexhibitors/portugalfoods-1,YES,https://www.linkedin.com/sales/search/people?keywords=PortugalFoods&titleFreeText=CEO%20OR%20MD%20OR%20Director%20OR%20Buyer%20OR%20Procurement,https://www.linkedin.com/search/results/people/?keywords=PortugalFoods&titleFreeText=CEO%20OR%20MD%20OR%20%22Managing%20Director%22%20OR%20Founder%20OR%20Director%20OR%20Buyer%20OR%20Procurement%20OR%20%22Head%20of%20Sales%22,https://app.apollo.io/#/companies?q_organization_name=PortugalFoods,https://app.apollo.io/#/people?q_organization_name=PortugalFoods&personTitles[]=CEO&personTitles[]=Managing%20Director&personTitles[]=Founder&personTitles[]=Director&personTitles[]=Head%20of%20Procurement&personTitles[]=Buyer&personTitles[]=Commercial%20Director&personTitles[]=Export%20Manager,,,,,,,New,,,,,,,,,partial,0,,,,,False,False,False,0,0,skip,,,
Primepak Foods,Stand: N2650,,Stand: N2650,https://www.ife.co.ukexhibitors/primepak-foods,YES,https://www.linkedin.com/sales/search/people?keywords=Primepak%20Foods&titleFreeText=CEO%20OR%20MD%20OR%20Director%20OR%20Buyer%20OR%20Procurement,https://www.linkedin.com/search/results/people/?keywords=Primepak%20Foods&titleFreeText=CEO%20OR%20MD%20OR%20%22Managing%20Director%22%20OR%20Founder%20OR%20Director%20OR%20Buyer%20OR%20Procurement%20OR%20%22Head%20of%20Sales%22,https://app.apollo.io/#/companies?q_organization_name=Primepak%20Foods,https://app.apollo.io/#/people?q_organization_name=Primepak%20Foods&personTitles[]=CEO&personTitles[]=Managing%20Director&personTitles[]=Founder&personTitles[]=Director&personTitles[]=Head%20of%20Procurement&personTitles[]=Buyer&personTitles[]=Commercial%20Director&personTitles[]=Export%20Manager,,,,,,,New,,,,,,,,,partial,0,,,,,False,False,False,0,0,skip,,,
Professional Manufacturers for Chocolate and Confectionery (PMC),Stand: N4410e,,Stand: N4410e,https://www.ife.co.ukexhibitors/professional-manufacturers-chocolate-confectionery-pmc,YES,https://www.linkedin.com/sales/search/people?keywords=Professional%20Manufacturers%20for%20Chocolate%20and%20Confectionery%20(PMC)&titleFreeText=CEO%20OR%20MD%20OR%20Director%20OR%20Buyer%20OR%20Procurement,https://www.linkedin.com/search/results/people/?keywords=Professional%20Manufacturers%20for%20Chocolate%20and%20Confectionery%20(PMC)&titleFreeText=CEO%20OR%20MD%20OR%20%22Managing%20Director%22%20OR%20Founder%20OR%20Director%20OR%20Buyer%20OR%20Procurement%20OR%20%22Head%20of%20Sales%22,https://app.apollo.io/#/companies?q_organization_name=Professional%20Manufacturers%20for%20Chocolate%20and%20Confectionery%20(PMC),https://app.apollo.io/#/people?q_organization_name=Professional%20Manufacturers%20for%20Chocolate%20and%20Confectionery%20(PMC)&personTitles[]=CEO&personTitles[]=Managing%20Director&personTitles[]=Founder&personTitles[]=Director&personTitles[]=Head%20of%20Procurement&personTitles[]=Buyer&personTitles[]=Commercial%20Director&personTitles[]=Export%20Manager,,,,,,,New,,,,,,,,,partial,0,,,,,False,False,False,0,0,skip,,,
ProOrganica,Stand: N630,,Stand: N630,https://www.ife.co.ukexhibitors/proorganica,YES,https://www.linkedin.com/sales/search/people?keywords=ProOrganica&titleFreeText=CEO%20OR%20MD%20OR%20Director%20OR%20Buyer%20OR%20Procurement,https://www.linkedin.com/search/results/people/?keywords=ProOrganica&titleFreeText=CEO%20OR%20MD%20OR%20%22Managing%20Director%22%20OR%20Founder%20OR%20Director%20OR%20Buyer%20OR%20Procurement%20OR%20%22Head%20of%20Sales%22,https://app.apollo.io/#/companies?q_organization_name=ProOrganica,https://app.apollo.io/#/people?q_organization_name=ProOrganica&personTitles[]=CEO&personTitles[]=Managing%20Director&personTitles[]=Founder&personTitles[]=Director&personTitles[]=Head%20of%20Procurement&personTitles[]=Buyer&personTitles[]=Commercial%20Director&personTitles[]=Export%20Manager,,,,,,,New,,,,,,,,,partial,0,,,,,False,False,False,0,0,skip,,,
Purpose Driven Foods,Stand: N931,,Stand: N931,https://www.ife.co.ukexhibitors/purpose-driven-foods,YES,https://www.linkedin.com/sales/search/people?keywords=Purpose%20Driven%20Foods&titleFreeText=CEO%20OR%20MD%20OR%20Director%20OR%20Buyer%20OR%20Procurement,https://www.linkedin.com/search/results/people/?keywords=Purpose%20Driven%20Foods&titleFreeText=CEO%20OR%20MD%20OR%20%22Managing%20Director%22%20OR%20Founder%20OR%20Director%20OR%20Buyer%20OR%20Procurement%20OR%20%22Head%20of%20Sales%22,https://app.apollo.io/#/companies?q_organization_name=Purpose%20Driven%20Foods,https://app.apollo.io/#/people?q_organization_name=Purpose%20Driven%20Foods&personTitles[]=CEO&personTitles[]=Managing%20Director&personTitles[]=Founder&personTitles[]=Director&personTitles[]=Head%20of%20Procurement&personTitles[]=Buyer&personTitles[]=Commercial%20Director&personTitles[]=Export%20Manager,,,,,,,New,,,,,,,,,partial,0,,,,,False,False,False,0,0,skip,,,
Qassim Factory for Foods,Stand: N1730b,,Stand: N1730b,https://www.ife.co.ukexhibitors/qassim-factory-foods,YES,https://www.linkedin.com/sales/search/people?keywords=Qassim%20Factory%20for%20Foods&titleFreeText=CEO%20OR%20MD%20OR%20Director%20OR%20Buyer%20OR%20Procurement,https://www.linkedin.com/search/results/people/?keywords=Qassim%20Factory%20for%20Foods&titleFreeText=CEO%20OR%20MD%20OR%20%22Managing%20Director%22%20OR%20Founder%20OR%20Director%20OR%20Buyer%20OR%20Procurement%20OR%20%22Head%20of%20Sales%22,https://app.apollo.io/#/companies?q_organization_name=Qassim%20Factory%20for%20Foods,https://app.apollo.io/#/people?q_organization_name=Qassim%20Factory%20for%20Foods&personTitles[]=CEO&personTitles[]=Managing%20Director&personTitles[]=Founder&personTitles[]=Director&personTitles[]=Head%20of%20Procurement&personTitles[]=Buyer&personTitles[]=Commercial%20Director&personTitles[]=Export%20Manager,,,,,,,New,,,,,,,,,partial,0,,,,,False,False,False,0,0,skip,,,
"QINGDAO DEESHENGHENGXIN FOOD CO., LTD",Stand: N4430d,,Stand: N4430d,https://www.ife.co.ukexhibitors/qingdao-deeshenghengxin-food-co,YES,"https://www.linkedin.com/sales/search/people?keywords=QINGDAO%20DEESHENGHENGXIN%20FOOD%20CO.,%20LTD&titleFreeText=CEO%20OR%20MD%20OR%20Director%20OR%20Buyer%20OR%20Procurement","https://www.linkedin.com/search/results/people/?keywords=QINGDAO%20DEESHENGHENGXIN%20FOOD%20CO.,%20LTD&titleFreeText=CEO%20OR%20MD%20OR%20%22Managing%20Director%22%20OR%20Founder%20OR%20Director%20OR%20Buyer%20OR%20Procurement%20OR%20%22Head%20of%20Sales%22","https://app.apollo.io/#/companies?q_organization_name=QINGDAO%20DEESHENGHENGXIN%20FOOD%20CO.,%20LTD","https://app.apollo.io/#/people?q_organization_name=QINGDAO%20DEESHENGHENGXIN%20FOOD%20CO.,%20LTD&personTitles[]=CEO&personTitles[]=Managing%20Director&personTitles[]=Founder&personTitles[]=Director&personTitles[]=Head%20of%20Procurement&personTitles[]=Buyer&personTitles[]=Commercial%20Director&personTitles[]=Export%20Manager",,,,,,,New,,,,,,,,,partial,0,,,,,False,False,False,0,0,skip,,,
"Qingdao Hifoods Co., Ltd",Stand: N4430h,,Stand: N4430h,https://www.ife.co.ukexhibitors/qingdao-hifoods-co,YES,"https://www.linkedin.com/sales/search/people?keywords=Qingdao%20Hifoods%20Co.,%20Ltd&titleFreeText=CEO%20OR%20MD%20OR%20Director%20OR%20Buyer%20OR%20Procurement","https://www.linkedin.com/search/results/people/?keywords=Qingdao%20Hifoods%20Co.,%20Ltd&titleFreeText=CEO%20OR%20MD%20OR%20%22Managing%20Director%22%20OR%20Founder%20OR%20Director%20OR%20Buyer%20OR%20Procurement%20OR%20%22Head%20of%20Sales%22","https://app.apollo.io/#/companies?q_organization_name=Qingdao%20Hifoods%20Co.,%20Ltd","https://app.apollo.io/#/people?q_organization_name=Qingdao%20Hifoods%20Co.,%20Ltd&personTitles[]=CEO&personTitles[]=Managing%20Director&personTitles[]=Founder&personTitles[]=Director&personTitles[]=Head%20of%20Procurement&personTitles[]=Buyer&personTitles[]=Commercial%20Director&personTitles[]=Export%20Manager",,,,,,,New,,,,,,,,,partial,0,,,,,False,False,False,0,0,skip,,,
"QINGDAO PRIMA FARM FOODS IMP & EXP CO.,LTD",Stand: N4450k,,Stand: N4450k,https://www.ife.co.ukexhibitors/qingdao-prima-farm-foods-imp-exp-co,YES,"https://www.linkedin.com/sales/search/people?keywords=QINGDAO%20PRIMA%20FARM%20FOODS%20IMP%20%26%20EXP%20CO.,LTD&titleFreeText=CEO%20OR%20MD%20OR%20Director%20OR%20Buyer%20OR%20Procurement","https://www.linkedin.com/search/results/people/?keywords=QINGDAO%20PRIMA%20FARM%20FOODS%20IMP%20%26%20EXP%20CO.,LTD&titleFreeText=CEO%20OR%20MD%20OR%20%22Managing%20Director%22%20OR%20Founder%20OR%20Director%20OR%20Buyer%20OR%20Procurement%20OR%20%22Head%20of%20Sales%22","https://app.apollo.io/#/companies?q_organization_name=QINGDAO%20PRIMA%20FARM%20FOODS%20IMP%20&%20EXP%20CO.,LTD","https://app.apollo.io/#/people?q_organization_name=QINGDAO%20PRIMA%20FARM%20FOODS%20IMP%20&%20EXP%20CO.,LTD&personTitles[]=CEO&personTitles[]=Managing%20Director&personTitles[]=Founder&personTitles[]=Director&personTitles[]=Head%20of%20Procurement&personTitles[]=Buyer&personTitles[]=Commercial%20Director&personTitles[]=Export%20Manager",,,,,,,New,,,,,,,,,partial,0,,,,,False,False,False,0,0,skip,,,
QP Foods UK Ltd,Stand: N2500,,Stand: N2500,https://www.ife.co.ukexhibitors/qp-foods-uk,YES,https://www.linkedin.com/sales/search/people?keywords=QP%20Foods%20UK%20Ltd&titleFreeText=CEO%20OR%20MD%20OR%20Director%20OR%20Buyer%20OR%20Procurement,https://www.linkedin.com/search/results/people/?keywords=QP%20Foods%20UK%20Ltd&titleFreeText=CEO%20OR%20MD%20OR%20%22Managing%20Director%22%20OR%20Founder%20OR%20Director%20OR%20Buyer%20OR%20Procurement%20OR%20%22Head%20of%20Sales%22,https://app.apollo.io/#/companies?q_organization_name=QP%20Foods%20UK%20Ltd,https://app.apollo.io/#/people?q_organization_name=QP%20Foods%20UK%20Ltd&personTitles[]=CEO&personTitles[]=Managing%20Director&personTitles[]=Founder&personTitles[]=Director&personTitles[]=Head%20of%20Procurement&personTitles[]=Buyer&personTitles[]=Commercial%20Director&personTitles[]=Export%20Manager,,,,,,,New,,,,,,,,,partial,0,,,,,False,False,False,0,0,skip,,,
QVKDEEP Foods Ltd,Stand: N2570,,Stand: N2570,https://www.ife.co.ukexhibitors/qvkdeep-foods,YES,https://www.linkedin.com/sales/search/people?keywords=QVKDEEP%20Foods%20Ltd&titleFreeText=CEO%20OR%20MD%20OR%20Director%20OR%20Buyer%20OR%20Procurement,https://www.linkedin.com/search/results/people/?keywords=QVKDEEP%20Foods%20Ltd&titleFreeText=CEO%20OR%20MD%20OR%20%22Managing%20Director%22%20OR%20Founder%20OR%20Director%20OR%20Buyer%20OR%20Procurement%20OR%20%22Head%20of%20Sales%22,https://app.apollo.io/#/companies?q_organization_name=QVKDEEP%20Foods%20Ltd,https://app.apollo.io/#/people?q_organization_name=QVKDEEP%20Foods%20Ltd&personTitles[]=CEO&personTitles[]=Managing%20Director&personTitles[]=Founder&personTitles[]=Director&personTitles[]=Head%20of%20Procurement&personTitles[]=Buyer&personTitles[]=Commercial%20Director&personTitles[]=Export%20Manager,,,,,,,New,,,,,,,,,partial,0,,,,,False,False,False,0,0,skip,,,
R S Foods Limited,Stand: N2979,,Stand: N2979,https://www.ife.co.ukexhibitors/r-s-foods-limited-1,YES,https://www.linkedin.com/sales/search/people?keywords=R%20S%20Foods%20Limited&titleFreeText=CEO%20OR%20MD%20OR%20Director%20OR%20Buyer%20OR%20Procurement,https://www.linkedin.com/search/results/people/?keywords=R%20S%20Foods%20Limited&titleFreeText=CEO%20OR%20MD%20OR%20%22Managing%20Director%22%20OR%20Founder%20OR%20Director%20OR%20Buyer%20OR%20Procurement%20OR%20%22Head%20of%20Sales%22,https://app.apollo.io/#/companies?q_organization_name=R%20S%20Foods%20Limited,https://app.apollo.io/#/people?q_organization_name=R%20S%20Foods%20Limited&personTitles[]=CEO&personTitles[]=Managing%20Director&personTitles[]=Founder&personTitles[]=Director&personTitles[]=Head%20of%20Procurement&personTitles[]=Buyer&personTitles[]=Commercial%20Director&personTitles[]=Export%20Manager,,,,,,,New,,,,,,,,,partial,0,,,,,False,False,False,0,0,skip,,,
Rave Coffee,Stand: S781,,Stand: S781,https://www.ife.co.ukexhibitors/rave-coffee,YES,https://www.linkedin.com/sales/search/people?keywords=Rave%20Coffee&titleFreeText=CEO%20OR%20MD%20OR%20Director%20OR%20Buyer%20OR%20Procurement,https://www.linkedin.com/search/results/people/?keywords=Rave%20Coffee&titleFreeText=CEO%20OR%20MD%20OR%20%22Managing%20Director%22%20OR%20Founder%20OR%20Director%20OR%20Buyer%20OR%20Procurement%20OR%20%22Head%20of%20Sales%22,https://app.apollo.io/#/companies?q_organization_name=Rave%20Coffee,https://app.apollo.io/#/people?q_organization_name=Rave%20Coffee&personTitles[]=CEO&personTitles[]=Managing%20Director&personTitles[]=Founder&personTitles[]=Director&personTitles[]=Head%20of%20Procurement&personTitles[]=Buyer&personTitles[]=Commercial%20Director&personTitles[]=Export%20Manager,,,,,,,New,,,,,,,,,partial,0,,,,,False,False,False,0,0,skip,,,
Regal Food Products Group PLC,Stand: N3450,,Stand: N3450,https://www.ife.co.ukexhibitors/regal-food-products-group-plc,YES,https://www.linkedin.com/sales/search/people?keywords=Regal%20Food%20Products%20Group%20PLC&titleFreeText=CEO%20OR%20MD%20OR%20Director%20OR%20Buyer%20OR%20Procurement,https://www.linkedin.com/search/results/people/?keywords=Regal%20Food%20Products%20Group%20PLC&titleFreeText=CEO%20OR%20MD%20OR%20%22Managing%20Director%22%20OR%20Founder%20OR%20Director%20OR%20Buyer%20OR%20Procurement%20OR%20%22Head%20of%20Sales%22,https://app.apollo.io/#/companies?q_organization_name=Regal%20Food%20Products%20Group%20PLC,https://app.apollo.io/#/people?q_organization_name=Regal%20Food%20Products%20Group%20PLC&personTitles[]=CEO&personTitles[]=Managing%20Director&personTitles[]=Founder&personTitles[]=Director&personTitles[]=Head%20of%20Procurement&personTitles[]=Buyer&personTitles[]=Commercial%20Director&personTitles[]=Export%20Manager,,,,,,,New,,,,,,,,,partial,0,,,,,False,False,False,0,0,skip,,,
Rellman Foods,Stand: N4020,,Stand: N4020,https://www.ife.co.ukexhibitors/rellman-foods-1,YES,https://www.linkedin.com/sales/search/people?keywords=Rellman%20Foods&titleFreeText=CEO%20OR%20MD%20OR%20Director%20OR%20Buyer%20OR%20Procurement,https://www.linkedin.com/search/results/people/?keywords=Rellman%20Foods&titleFreeText=CEO%20OR%20MD%20OR%20%22Managing%20Director%22%20OR%20Founder%20OR%20Director%20OR%20Buyer%20OR%20Procurement%20OR%20%22Head%20of%20Sales%22,https://app.apollo.io/#/companies?q_organization_name=Rellman%20Foods,https://app.apollo.io/#/people?q_organization_name=Rellman%20Foods&personTitles[]=CEO&personTitles[]=Managing%20Director&personTitles[]=Founder&personTitles[]=Director&personTitles[]=Head%20of%20Procurement&personTitles[]=Buyer&personTitles[]=Commercial%20Director&personTitles[]=Export%20Manager,,,,,,,New,,,,,,,,,partial,0,,,,,False,False,False,0,0,skip,,,
Retail Technology,Stand: N3275,,Stand: N3275,https://www.ife.co.ukexhibitors/retail-technology,YES,https://www.linkedin.com/sales/search/people?keywords=Retail%20Technology&titleFreeText=CEO%20OR%20MD%20OR%20Director%20OR%20Buyer%20OR%20Procurement,https://www.linkedin.com/search/results/people/?keywords=Retail%20Technology&titleFreeText=CEO%20OR%20MD%20OR%20%22Managing%20Director%22%20OR%20Founder%20OR%20Director%20OR%20Buyer%20OR%20Procurement%20OR%20%22Head%20of%20Sales%22,https://app.apollo.io/#/companies?q_organization_name=Retail%20Technology,https://app.apollo.io/#/people?q_organization_name=Retail%20Technology&personTitles[]=CEO&personTitles[]=Managing%20Director&personTitles[]=Founder&personTitles[]=Director&personTitles[]=Head%20of%20Procurement&personTitles[]=Buyer&personTitles[]=Commercial%20Director&personTitles[]=Export%20Manager,,,,,,,New,,,,,,,,,partial,0,,,,,False,False,False,0,0,skip,,,
Robin Food,Stand: N2430,,Stand: N2430,https://www.ife.co.ukexhibitors/robin-food-1,YES,https://www.linkedin.com/sales/search/people?keywords=Robin%20Food&titleFreeText=CEO%20OR%20MD%20OR%20Director%20OR%20Buyer%20OR%20Procurement,https://www.linkedin.com/search/results/people/?keywords=Robin%20Food&titleFreeText=CEO%20OR%20MD%20OR%20%22Managing%20Director%22%20OR%20Founder%20OR%20Director%20OR%20Buyer%20OR%20Procurement%20OR%20%22Head%20of%20Sales%22,https://app.apollo.io/#/companies?q_organization_name=Robin%20Food,https://app.apollo.io/#/people?q_organization_name=Robin%20Food&personTitles[]=CEO&personTitles[]=Managing%20Director&personTitles[]=Founder&personTitles[]=Director&personTitles[]=Head%20of%20Procurement&personTitles[]=Buyer&personTitles[]=Commercial%20Director&personTitles[]=Export%20Manager,,,,,,,New,,,,,,,,,partial,0,,,,,False,False,False,0,0,skip,,,
S&B FOODS INC.,Stand: N3080,,Stand: N3080,https://www.ife.co.ukexhibitors/sb-foods-inc,YES,https://www.linkedin.com/sales/search/people?keywords=S%26B%20FOODS%20INC.&titleFreeText=CEO%20OR%20MD%20OR%20Director%20OR%20Buyer%20OR%20Procurement,https://www.linkedin.com/search/results/people/?keywords=S%26B%20FOODS%20INC.&titleFreeText=CEO%20OR%20MD%20OR%20%22Managing%20Director%22%20OR%20Founder%20OR%20Director%20OR%20Buyer%20OR%20Procurement%20OR%20%22Head%20of%20Sales%22,https://app.apollo.io/#/companies?q_organization_name=S&B%20FOODS%20INC.,https://app.apollo.io/#/people?q_organization_name=S&B%20FOODS%20INC.&personTitles[]=CEO&personTitles[]=Managing%20Director&personTitles[]=Founder&personTitles[]=Director&personTitles[]=Head%20of%20Procurement&personTitles[]=Buyer&personTitles[]=Commercial%20Director&personTitles[]=Export%20Manager,,,,,,,New,,,,,,,,,partial,0,,,,,False,False,False,0,0,skip,,,
Samworth Brothers: Food For Now,Stand: N3779,,Stand: N3779,https://www.ife.co.ukexhibitors/samworth-brothers-food-now-higgidy,YES,https://www.linkedin.com/sales/search/people?keywords=Samworth%20Brothers:%20Food%20For%20Now&titleFreeText=CEO%20OR%20MD%20OR%20Director%20OR%20Buyer%20OR%20Procurement,https://www.linkedin.com/search/results/people/?keywords=Samworth%20Brothers:%20Food%20For%20Now&titleFreeText=CEO%20OR%20MD%20OR%20%22Managing%20Director%22%20OR%20Founder%20OR%20Director%20OR%20Buyer%20OR%20Procurement%20OR%20%22Head%20of%20Sales%22,https://app.apollo.io/#/companies?q_organization_name=Samworth%20Brothers:%20Food%20For%20Now,https://app.apollo.io/#/people?q_organization_name=Samworth%20Brothers:%20Food%20For%20Now&personTitles[]=CEO&personTitles[]=Managing%20Director&personTitles[]=Founder&personTitles[]=Director&personTitles[]=Head%20of%20Procurement&personTitles[]=Buyer&personTitles[]=Commercial%20Director&personTitles[]=Export%20Manager,,,,,,,New,,,,,,,,,partial,0,,,,,False,False,False,0,0,skip,,,
Seagul Spirits,Stand: N970,,Stand: N970,https://www.ife.co.ukexhibitors/seagul-spirits,YES,https://www.linkedin.com/sales/search/people?keywords=Seagul%20Spirits&titleFreeText=CEO%20OR%20MD%20OR%20Director%20OR%20Buyer%20OR%20Procurement,https://www.linkedin.com/search/results/people/?keywords=Seagul%20Spirits&titleFreeText=CEO%20OR%20MD%20OR%20%22Managing%20Director%22%20OR%20Founder%20OR%20Director%20OR%20Buyer%20OR%20Procurement%20OR%20%22Head%20of%20Sales%22,https://app.apollo.io/#/companies?q_organization_name=Seagul%20Spirits,https://app.apollo.io/#/people?q_organization_name=Seagul%20Spirits&personTitles[]=CEO&personTitles[]=Managing%20Director&personTitles[]=Founder&personTitles[]=Director&personTitles[]=Head%20of%20Procurement&personTitles[]=Buyer&personTitles[]=Commercial%20Director&personTitles[]=Export%20Manager,,,,,,,New,,,,,,,,,partial,0,,,,,False,False,False,0,0,skip,,,
SEAHAWK MARINE FOODS LIMITED,Stand: N4030,,Stand: N4030,https://www.ife.co.ukexhibitors/seahawk-marine-foods-limited-1,YES,https://www.linkedin.com/sales/search/people?keywords=SEAHAWK%20MARINE%20FOODS%20LIMITED&titleFreeText=CEO%20OR%20MD%20OR%20Director%20OR%20Buyer%20OR%20Procurement,https://www.linkedin.com/search/results/people/?keywords=SEAHAWK%20MARINE%20FOODS%20LIMITED&titleFreeText=CEO%20OR%20MD%20OR%20%22Managing%20Director%22%20OR%20Founder%20OR%20Director%20OR%20Buyer%20OR%20Procurement%20OR%20%22Head%20of%20Sales%22,https://app.apollo.io/#/companies?q_organization_name=SEAHAWK%20MARINE%20FOODS%20LIMITED,https://app.apollo.io/#/people?q_organization_name=SEAHAWK%20MARINE%20FOODS%20LIMITED&personTitles[]=CEO&personTitles[]=Managing%20Director&personTitles[]=Founder&personTitles[]=Director&personTitles[]=Head%20of%20Procurement&personTitles[]=Buyer&personTitles[]=Commercial%20Director&personTitles[]=Export%20Manager,,,,,,,New,,,,,,,,,partial,0,,,,,False,False,False,0,0,skip,,,
Serendib Global Foods Ltd,Stand: N2710,,Stand: N2710,https://www.ife.co.ukexhibitors/serendib-global-foods,YES,https://www.linkedin.com/sales/search/people?keywords=Serendib%20Global%20Foods%20Ltd&titleFreeText=CEO%20OR%20MD%20OR%20Director%20OR%20Buyer%20OR%20Procurement,https://www.linkedin.com/search/results/people/?keywords=Serendib%20Global%20Foods%20Ltd&titleFreeText=CEO%20OR%20MD%20OR%20%22Managing%20Director%22%20OR%20Founder%20OR%20Director%20OR%20Buyer%20OR%20Procurement%20OR%20%22Head%20of%20Sales%22,https://app.apollo.io/#/companies?q_organization_name=Serendib%20Global%20Foods%20Ltd,https://app.apollo.io/#/people?q_organization_name=Serendib%20Global%20Foods%20Ltd&personTitles[]=CEO&personTitles[]=Managing%20Director&personTitles[]=Founder&personTitles[]=Director&personTitles[]=Head%20of%20Procurement&personTitles[]=Buyer&personTitles[]=Commercial%20Director&personTitles[]=Export%20Manager,,,,,,,New,,,,,,,,,partial,0,,,,,False,False,False,0,0,skip,,,
Sesame Fields for Food Industries,Stand: N4410b,,Stand: N4410b,https://www.ife.co.ukexhibitors/sesame-fields-food-industries,YES,https://www.linkedin.com/sales/search/people?keywords=Sesame%20Fields%20for%20Food%20Industries&titleFreeText=CEO%20OR%20MD%20OR%20Director%20OR%20Buyer%20OR%20Procurement,https://www.linkedin.com/search/results/people/?keywords=Sesame%20Fields%20for%20Food%20Industries&titleFreeText=CEO%20OR%20MD%20OR%20%22Managing%20Director%22%20OR%20Founder%20OR%20Director%20OR%20Buyer%20OR%20Procurement%20OR%20%22Head%20of%20Sales%22,https://app.apollo.io/#/companies?q_organization_name=Sesame%20Fields%20for%20Food%20Industries,https://app.apollo.io/#/people?q_organization_name=Sesame%20Fields%20for%20Food%20Industries&personTitles[]=CEO&personTitles[]=Managing%20Director&personTitles[]=Founder&personTitles[]=Director&personTitles[]=Head%20of%20Procurement&personTitles[]=Buyer&personTitles[]=Commercial%20Director&personTitles[]=Export%20Manager,,,,,,,New,,,,,,,,,partial,0,,,,,False,False,False,0,0,skip,,,
SHAKTI FOODS,Stand: N2760,,Stand: N2760,https://www.ife.co.ukexhibitors/shakti-foods,YES,https://www.linkedin.com/sales/search/people?keywords=SHAKTI%20FOODS&titleFreeText=CEO%20OR%20MD%20OR%20Director%20OR%20Buyer%20OR%20Procurement,https://www.linkedin.com/search/results/people/?keywords=SHAKTI%20FOODS&titleFreeText=CEO%20OR%20MD%20OR%20%22Managing%20Director%22%20OR%20Founder%20OR%20Director%20OR%20Buyer%20OR%20Procurement%20OR%20%22Head%20of%20Sales%22,https://app.apollo.io/#/companies?q_organization_name=SHAKTI%20FOODS,https://app.apollo.io/#/people?q_organization_name=SHAKTI%20FOODS&personTitles[]=CEO&personTitles[]=Managing%20Director&personTitles[]=Founder&personTitles[]=Director&personTitles[]=Head%20of%20Procurement&personTitles[]=Buyer&personTitles[]=Commercial%20Director&personTitles[]=Export%20Manager,,,,,,,New,,,,,,,,,partial,0,,,,,False,False,False,0,0,skip,,,
"SHANDONG OCEAN VILLAGE FOOD CO.,LTD",Stand: N1450f,,Stand: N1450f,https://www.ife.co.ukexhibitors/shandong-ocean-village-food-co,YES,"https://www.linkedin.com/sales/search/people?keywords=SHANDONG%20OCEAN%20VILLAGE%20FOOD%20CO.,LTD&titleFreeText=CEO%20OR%20MD%20OR%20Director%20OR%20Buyer%20OR%20Procurement","https://www.linkedin.com/search/results/people/?keywords=SHANDONG%20OCEAN%20VILLAGE%20FOOD%20CO.,LTD&titleFreeText=CEO%20OR%20MD%20OR%20%22Managing%20Director%22%20OR%20Founder%20OR%20Director%20OR%20Buyer%20OR%20Procurement%20OR%20%22Head%20of%20Sales%22","https://app.apollo.io/#/companies?q_organization_name=SHANDONG%20OCEAN%20VILLAGE%20FOOD%20CO.,LTD","https://app.apollo.io/#/people?q_organization_name=SHANDONG%20OCEAN%20VILLAGE%20FOOD%20CO.,LTD&personTitles[]=CEO&personTitles[]=Managing%20Director&personTitles[]=Founder&personTitles[]=Director&personTitles[]=Head%20of%20Procurement&personTitles[]=Buyer&personTitles[]=Commercial%20Director&personTitles[]=Export%20Manager",,,,,,,New,,,,,,,,,partial,0,,,,,False,False,False,0,0,skip,,,
"Shandong Sinogen Food Co.,Ltd",Stand: N3736,,Stand: N3736,https://www.ife.co.ukexhibitors/shandong-sinogen-food-co-1,YES,"https://www.linkedin.com/sales/search/people?keywords=Shandong%20Sinogen%20Food%20Co.,Ltd&titleFreeText=CEO%20OR%20MD%20OR%20Director%20OR%20Buyer%20OR%20Procurement","https://www.linkedin.com/search/results/people/?keywords=Shandong%20Sinogen%20Food%20Co.,Ltd&titleFreeText=CEO%20OR%20MD%20OR%20%22Managing%20Director%22%20OR%20Founder%20OR%20Director%20OR%20Buyer%20OR%20Procurement%20OR%20%22Head%20of%20Sales%22","https://app.apollo.io/#/companies?q_organization_name=Shandong%20Sinogen%20Food%20Co.,Ltd","https://app.apollo.io/#/people?q_organization_name=Shandong%20Sinogen%20Food%20Co.,Ltd&personTitles[]=CEO&personTitles[]=Managing%20Director&personTitles[]=Founder&personTitles[]=Director&personTitles[]=Head%20of%20Procurement&personTitles[]=Buyer&personTitles[]=Commercial%20Director&personTitles[]=Export%20Manager",,,,,,,New,,,,,,,,,partial,0,,,,,False,False,False,0,0,skip,,,
"Shandong Xinnuo Food Technology Co.,ltd.",Stand: N4450h,,Stand: N4450h,https://www.ife.co.ukexhibitors/shandong-xinnuo-food-technology-co,YES,"https://www.linkedin.com/sales/search/people?keywords=Shandong%20Xinnuo%20Food%20Technology%20Co.,ltd.&titleFreeText=CEO%20OR%20MD%20OR%20Director%20OR%20Buyer%20OR%20Procurement","https://www.linkedin.com/search/results/people/?keywords=Shandong%20Xinnuo%20Food%20Technology%20Co.,ltd.&titleFreeText=CEO%20OR%20MD%20OR%20%22Managing%20Director%22%20OR%20Founder%20OR%20Director%20OR%20Buyer%20OR%20Procurement%20OR%20%22Head%20of%20Sales%22","https://app.apollo.io/#/companies?q_organization_name=Shandong%20Xinnuo%20Food%20Technology%20Co.,ltd.","https://app.apollo.io/#/people?q_organization_name=Shandong%20Xinnuo%20Food%20Technology%20Co.,ltd.&personTitles[]=CEO&personTitles[]=Managing%20Director&personTitles[]=Founder&personTitles[]=Director&personTitles[]=Head%20of%20Procurement&personTitles[]=Buyer&personTitles[]=Commercial%20Director&personTitles[]=Export%20Manager",,,,,,,New,,,,,,,,,partial,0,,,,,False,False,False,0,0,skip,,,
Shankar Foods,Stand: N2930,,Stand: N2930,https://www.ife.co.ukexhibitors/shankar-foods,YES,https://www.linkedin.com/sales/search/people?keywords=Shankar%20Foods&titleFreeText=CEO%20OR%20MD%20OR%20Director%20OR%20Buyer%20OR%20Procurement,https://www.linkedin.com/search/results/people/?keywords=Shankar%20Foods&titleFreeText=CEO%20OR%20MD%20OR%20%22Managing%20Director%22%20OR%20Founder%20OR%20Director%20OR%20Buyer%20OR%20Procurement%20OR%20%22Head%20of%20Sales%22,https://app.apollo.io/#/companies?q_organization_name=Shankar%20Foods,https://app.apollo.io/#/people?q_organization_name=Shankar%20Foods&personTitles[]=CEO&personTitles[]=Managing%20Director&personTitles[]=Founder&personTitles[]=Director&personTitles[]=Head%20of%20Procurement&personTitles[]=Buyer&personTitles[]=Commercial%20Director&personTitles[]=Export%20Manager,,,,,,,New,,,,,,,,,partial,0,,,,,False,False,False,0,0,skip,,,
Sleaford Quality Foods,Stand: N620,,Stand: N620,https://www.ife.co.ukexhibitors/sleaford-quality-foods,YES,https://www.linkedin.com/sales/search/people?keywords=Sleaford%20Quality%20Foods&titleFreeText=CEO%20OR%20MD%20OR%20Director%20OR%20Buyer%20OR%20Procurement,https://www.linkedin.com/search/results/people/?keywords=Sleaford%20Quality%20Foods&titleFreeText=CEO%20OR%20MD%20OR%20%22Managing%20Director%22%20OR%20Founder%20OR%20Director%20OR%20Buyer%20OR%20Procurement%20OR%20%22Head%20of%20Sales%22,https://app.apollo.io/#/companies?q_organization_name=Sleaford%20Quality%20Foods,https://app.apollo.io/#/people?q_organization_name=Sleaford%20Quality%20Foods&personTitles[]=CEO&personTitles[]=Managing%20Director&personTitles[]=Founder&personTitles[]=Director&personTitles[]=Head%20of%20Procurement&personTitles[]=Buyer&personTitles[]=Commercial%20Director&personTitles[]=Export%20Manager,,,,,,,New,,,,,,,,,partial,0,,,,,False,False,False,0,0,skip,,,
Smith's Coffee Company Ltd,Stand: S774,,Stand: S774,https://www.ife.co.ukexhibitors/smiths-coffee-company-1,YES,https://www.linkedin.com/sales/search/people?keywords=Smith's%20Coffee%20Company%20Ltd&titleFreeText=CEO%20OR%20MD%20OR%20Director%20OR%20Buyer%20OR%20Procurement,https://www.linkedin.com/search/results/people/?keywords=Smith's%20Coffee%20Company%20Ltd&titleFreeText=CEO%20OR%20MD%20OR%20%22Managing%20Director%22%20OR%20Founder%20OR%20Director%20OR%20Buyer%20OR%20Procurement%20OR%20%22Head%20of%20Sales%22,https://app.apollo.io/#/companies?q_organization_name=Smith's%20Coffee%20Company%20Ltd,https://app.apollo.io/#/people?q_organization_name=Smith's%20Coffee%20Company%20Ltd&personTitles[]=CEO&personTitles[]=Managing%20Director&personTitles[]=Founder&personTitles[]=Director&personTitles[]=Head%20of%20Procurement&personTitles[]=Buyer&personTitles[]=Commercial%20Director&personTitles[]=Export%20Manager,,,,,,,New,,,,,,,,,partial,0,,,,,False,False,False,0,0,skip,,,
SOHOSNACKS,Stand: N3320,,Stand: N3320,https://www.ife.co.ukexhibitors/sohosnacks,YES,https://www.linkedin.com/sales/search/people?keywords=SOHOSNACKS&titleFreeText=CEO%20OR%20MD%20OR%20Director%20OR%20Buyer%20OR%20Procurement,https://www.linkedin.com/search/results/people/?keywords=SOHOSNACKS&titleFreeText=CEO%20OR%20MD%20OR%20%22Managing%20Director%22%20OR%20Founder%20OR%20Director%20OR%20Buyer%20OR%20Procurement%20OR%20%22Head%20of%20Sales%22,https://app.apollo.io/#/companies?q_organization_name=SOHOSNACKS,https://app.apollo.io/#/people?q_organization_name=SOHOSNACKS&personTitles[]=CEO&personTitles[]=Managing%20Director&personTitles[]=Founder&personTitles[]=Director&personTitles[]=Head%20of%20Procurement&personTitles[]=Buyer&personTitles[]=Commercial%20Director&personTitles[]=Export%20Manager,,,,,,,New,,,,,,,,,partial,0,,,,,False,False,False,0,0,skip,,,
Sri Lanka Tea Board,Stand: S580,,Stand: S580,https://www.ife.co.ukexhibitors/sri-lanka-tea-board-1,YES,https://www.linkedin.com/sales/search/people?keywords=Sri%20Lanka%20Tea%20Board&titleFreeText=CEO%20OR%20MD%20OR%20Director%20OR%20Buyer%20OR%20Procurement,https://www.linkedin.com/search/results/people/?keywords=Sri%20Lanka%20Tea%20Board&titleFreeText=CEO%20OR%20MD%20OR%20%22Managing%20Director%22%20OR%20Founder%20OR%20Director%20OR%20Buyer%20OR%20Procurement%20OR%20%22Head%20of%20Sales%22,https://app.apollo.io/#/companies?q_organization_name=Sri%20Lanka%20Tea%20Board,https://app.apollo.io/#/people?q_organization_name=Sri%20Lanka%20Tea%20Board&personTitles[]=CEO&personTitles[]=Managing%20Director&personTitles[]=Founder&personTitles[]=Director&personTitles[]=Head%20of%20Procurement&personTitles[]=Buyer&personTitles[]=Commercial%20Director&personTitles[]=Export%20Manager,,,,,,,New,,,,,,,,,partial,0,,,,,False,False,False,0,0,skip,,,
Stella Foods,Stand: S1010,,Stand: S1010,https://www.ife.co.ukexhibitors/stella-foods,YES,https://www.linkedin.com/sales/search/people?keywords=Stella%20Foods&titleFreeText=CEO%20OR%20MD%20OR%20Director%20OR%20Buyer%20OR%20Procurement,https://www.linkedin.com/search/results/people/?keywords=Stella%20Foods&titleFreeText=CEO%20OR%20MD%20OR%20%22Managing%20Director%22%20OR%20Founder%20OR%20Director%20OR%20Buyer%20OR%20Procurement%20OR%20%22Head%20of%20Sales%22,https://app.apollo.io/#/companies?q_organization_name=Stella%20Foods,https://app.apollo.io/#/people?q_organization_name=Stella%20Foods&personTitles[]=CEO&personTitles[]=Managing%20Director&personTitles[]=Founder&personTitles[]=Director&personTitles[]=Head%20of%20Procurement&personTitles[]=Buyer&personTitles[]=Commercial%20Director&personTitles[]=Export%20Manager,,,,,,,New,,,,,,,,,partial,0,,,,,False,False,False,0,0,skip,,,
STOHOS FOODS,Stand: N3740,,Stand: N3740,https://www.ife.co.ukexhibitors/stohos-foods,YES,https://www.linkedin.com/sales/search/people?keywords=STOHOS%20FOODS&titleFreeText=CEO%20OR%20MD%20OR%20Director%20OR%20Buyer%20OR%20Procurement,https://www.linkedin.com/search/results/people/?keywords=STOHOS%20FOODS&titleFreeText=CEO%20OR%20MD%20OR%20%22Managing%20Director%22%20OR%20Founder%20OR%20Director%20OR%20Buyer%20OR%20Procurement%20OR%20%22Head%20of%20Sales%22,https://app.apollo.io/#/companies?q_organization_name=STOHOS%20FOODS,https://app.apollo.io/#/people?q_organization_name=STOHOS%20FOODS&personTitles[]=CEO&personTitles[]=Managing%20Director&personTitles[]=Founder&personTitles[]=Director&personTitles[]=Head%20of%20Procurement&personTitles[]=Buyer&personTitles[]=Commercial%20Director&personTitles[]=Export%20Manager,,,,,,,New,,,,,,,,,partial,0,,,,,False,False,False,0,0,skip,,,
"SUNNYSYRUP FOOD CO., LTD.",Stand: N5025,,Stand: N5025,https://www.ife.co.ukexhibitors/sunnysyrup-food-co-,YES,"https://www.linkedin.com/sales/search/people?keywords=SUNNYSYRUP%20FOOD%20CO.,%20LTD.&titleFreeText=CEO%20OR%20MD%20OR%20Director%20OR%20Buyer%20OR%20Procurement","https://www.linkedin.com/search/results/people/?keywords=SUNNYSYRUP%20FOOD%20CO.,%20LTD.&titleFreeText=CEO%20OR%20MD%20OR%20%22Managing%20Director%22%20OR%20Founder%20OR%20Director%20OR%20Buyer%20OR%20Procurement%20OR%20%22Head%20of%20Sales%22","https://app.apollo.io/#/companies?q_organization_name=SUNNYSYRUP%20FOOD%20CO.,%20LTD.","https://app.apollo.io/#/people?q_organization_name=SUNNYSYRUP%20FOOD%20CO.,%20LTD.&personTitles[]=CEO&personTitles[]=Managing%20Director&personTitles[]=Founder&personTitles[]=Director&personTitles[]=Head%20of%20Procurement&personTitles[]=Buyer&personTitles[]=Commercial%20Director&personTitles[]=Export%20Manager",,,,,,,New,,,,,,,,,partial,0,,,,,False,False,False,0,0,skip,,,
SUNYEE TEA × SUNBAY TEA BREW (UK),Stand: N1958,,Stand: N1958,https://www.ife.co.ukexhibitors/sunyee-tea-sunbay-tea-brew-uk,YES,https://www.linkedin.com/sales/search/people?keywords=SUNYEE%20TEA%20×%20SUNBAY%20TEA%20BREW%20(UK)&titleFreeText=CEO%20OR%20MD%20OR%20Director%20OR%20Buyer%20OR%20Procurement,https://www.linkedin.com/search/results/people/?keywords=SUNYEE%20TEA%20×%20SUNBAY%20TEA%20BREW%20(UK)&titleFreeText=CEO%20OR%20MD%20OR%20%22Managing%20Director%22%20OR%20Founder%20OR%20Director%20OR%20Buyer%20OR%20Procurement%20OR%20%22Head%20of%20Sales%22,https://app.apollo.io/#/companies?q_organization_name=SUNYEE%20TEA%20×%20SUNBAY%20TEA%20BREW%20(UK),https://app.apollo.io/#/people?q_organization_name=SUNYEE%20TEA%20×%20SUNBAY%20TEA%20BREW%20(UK)&personTitles[]=CEO&personTitles[]=Managing%20Director&personTitles[]=Founder&personTitles[]=Director&personTitles[]=Head%20of%20Procurement&personTitles[]=Buyer&personTitles[]=Commercial%20Director&personTitles[]=Export%20Manager,,,,,,,New,,,,,,,,,partial,0,,,,,False,False,False,0,0,skip,,,
"Suree Interfoods Co., Ltd",Stand: N2670,,Stand: N2670,https://www.ife.co.ukexhibitors/suree-interfoods-co,YES,"https://www.linkedin.com/sales/search/people?keywords=Suree%20Interfoods%20Co.,%20Ltd&titleFreeText=CEO%20OR%20MD%20OR%20Director%20OR%20Buyer%20OR%20Procurement","https://www.linkedin.com/search/results/people/?keywords=Suree%20Interfoods%20Co.,%20Ltd&titleFreeText=CEO%20OR%20MD%20OR%20%22Managing%20Director%22%20OR%20Founder%20OR%20Director%20OR%20Buyer%20OR%20Procurement%20OR%20%22Head%20of%20Sales%22","https://app.apollo.io/#/companies?q_organization_name=Suree%20Interfoods%20Co.,%20Ltd","https://app.apollo.io/#/people?q_organization_name=Suree%20Interfoods%20Co.,%20Ltd&personTitles[]=CEO&personTitles[]=Managing%20Director&personTitles[]=Founder&personTitles[]=Director&personTitles[]=Head%20of%20Procurement&personTitles[]=Buyer&personTitles[]=Commercial%20Director&personTitles[]=Export%20Manager",,,,,,,New,,,,,,,,,partial,0,,,,,False,False,False,0,0,skip,,,
Sweet 'N Low,Stand: S572,,Stand: S572,https://www.ife.co.ukexhibitors/sweet-n-low,YES,https://www.linkedin.com/sales/search/people?keywords=Sweet%20'N%20Low&titleFreeText=CEO%20OR%20MD%20OR%20Director%20OR%20Buyer%20OR%20Procurement,https://www.linkedin.com/search/results/people/?keywords=Sweet%20'N%20Low&titleFreeText=CEO%20OR%20MD%20OR%20%22Managing%20Director%22%20OR%20Founder%20OR%20Director%20OR%20Buyer%20OR%20Procurement%20OR%20%22Head%20of%20Sales%22,https://app.apollo.io/#/companies?q_organization_name=Sweet%20'N%20Low,https://app.apollo.io/#/people?q_organization_name=Sweet%20'N%20Low&personTitles[]=CEO&personTitles[]=Managing%20Director&personTitles[]=Founder&personTitles[]=Director&personTitles[]=Head%20of%20Procurement&personTitles[]=Buyer&personTitles[]=Commercial%20Director&personTitles[]=Export%20Manager,,,,,,,New,,,,,,,,,partial,0,,,,,False,False,False,0,0,skip,,,
SWEETO,Stand: N3628,,Stand: N3628,https://www.ife.co.ukexhibitors/sweeto,YES,https://www.linkedin.com/sales/search/people?keywords=SWEETO&titleFreeText=CEO%20OR%20MD%20OR%20Director%20OR%20Buyer%20OR%20Procurement,https://www.linkedin.com/search/results/people/?keywords=SWEETO&titleFreeText=CEO%20OR%20MD%20OR%20%22Managing%20Director%22%20OR%20Founder%20OR%20Director%20OR%20Buyer%20OR%20Procurement%20OR%20%22Head%20of%20Sales%22,https://app.apollo.io/#/companies?q_organization_name=SWEETO,https://app.apollo.io/#/people?q_organization_name=SWEETO&personTitles[]=CEO&personTitles[]=Managing%20Director&personTitles[]=Founder&personTitles[]=Director&personTitles[]=Head%20of%20Procurement&personTitles[]=Buyer&personTitles[]=Commercial%20Director&personTitles[]=Export%20Manager,,,,,,,New,,,,,,,,,partial,0,,,,,False,False,False,0,0,skip,,,
Taiwan Tea Manufacturers' Association,Stand: N4648,,Stand: N4648,https://www.ife.co.ukexhibitors/taiwan-tea-manufacturers-association,YES,https://www.linkedin.com/sales/search/people?keywords=Taiwan%20Tea%20Manufacturers'%20Association&titleFreeText=CEO%20OR%20MD%20OR%20Director%20OR%20Buyer%20OR%20Procurement,https://www.linkedin.com/search/results/people/?keywords=Taiwan%20Tea%20Manufacturers'%20Association&titleFreeText=CEO%20OR%20MD%20OR%20%22Managing%20Director%22%20OR%20Founder%20OR%20Director%20OR%20Buyer%20OR%20Procurement%20OR%20%22Head%20of%20Sales%22,https://app.apollo.io/#/companies?q_organization_name=Taiwan%20Tea%20Manufacturers'%20Association,https://app.apollo.io/#/people?q_organization_name=Taiwan%20Tea%20Manufacturers'%20Association&personTitles[]=CEO&personTitles[]=Managing%20Director&personTitles[]=Founder&personTitles[]=Director&personTitles[]=Head%20of%20Procurement&personTitles[]=Buyer&personTitles[]=Commercial%20Director&personTitles[]=Export%20Manager,,,,,,,New,,,,,,,,,partial,0,,,,,False,False,False,0,0,skip,,,
Taj Foods Ltd,Stand: N3932,,Stand: N3932,https://www.ife.co.ukexhibitors/taj-foods,YES,https://www.linkedin.com/sales/search/people?keywords=Taj%20Foods%20Ltd&titleFreeText=CEO%20OR%20MD%20OR%20Director%20OR%20Buyer%20OR%20Procurement,https://www.linkedin.com/search/results/people/?keywords=Taj%20Foods%20Ltd&titleFreeText=CEO%20OR%20MD%20OR%20%22Managing%20Director%22%20OR%20Founder%20OR%20Director%20OR%20Buyer%20OR%20Procurement%20OR%20%22Head%20of%20Sales%22,https://app.apollo.io/#/companies?q_organization_name=Taj%20Foods%20Ltd,https://app.apollo.io/#/people?q_organization_name=Taj%20Foods%20Ltd&personTitles[]=CEO&personTitles[]=Managing%20Director&personTitles[]=Founder&personTitles[]=Director&personTitles[]=Head%20of%20Procurement&personTitles[]=Buyer&personTitles[]=Commercial%20Director&personTitles[]=Export%20Manager,,,,,,,New,,,,,,,,,partial,0,,,,,False,False,False,0,0,skip,,,
Tastel Fine Foods UK Limited,Stand: N2678,,Stand: N2678,https://www.ife.co.ukexhibitors/tastel-fine-foods-uk-limited,YES,https://www.linkedin.com/sales/search/people?keywords=Tastel%20Fine%20Foods%20UK%20Limited&titleFreeText=CEO%20OR%20MD%20OR%20Director%20OR%20Buyer%20OR%20Procurement,https://www.linkedin.com/search/results/people/?keywords=Tastel%20Fine%20Foods%20UK%20Limited&titleFreeText=CEO%20OR%20MD%20OR%20%22Managing%20Director%22%20OR%20Founder%20OR%20Director%20OR%20Buyer%20OR%20Procurement%20OR%20%22Head%20of%20Sales%22,https://app.apollo.io/#/companies?q_organization_name=Tastel%20Fine%20Foods%20UK%20Limited,https://app.apollo.io/#/people?q_organization_name=Tastel%20Fine%20Foods%20UK%20Limited&personTitles[]=CEO&personTitles[]=Managing%20Director&personTitles[]=Founder&personTitles[]=Director&personTitles[]=Head%20of%20Procurement&personTitles[]=Buyer&personTitles[]=Commercial%20Director&personTitles[]=Export%20Manager,,,,,,,New,,,,,,,,,partial,0,,,,,False,False,False,0,0,skip,,,
Tazaki Foods,Stand: S1112,,Stand: S1112,https://www.ife.co.ukexhibitors/tazaki-foods,YES,https://www.linkedin.com/sales/search/people?keywords=Tazaki%20Foods&titleFreeText=CEO%20OR%20MD%20OR%20Director%20OR%20Buyer%20OR%20Procurement,https://www.linkedin.com/search/results/people/?keywords=Tazaki%20Foods&titleFreeText=CEO%20OR%20MD%20OR%20%22Managing%20Director%22%20OR%20Founder%20OR%20Director%20OR%20Buyer%20OR%20Procurement%20OR%20%22Head%20of%20Sales%22,https://app.apollo.io/#/companies?q_organization_name=Tazaki%20Foods,https://app.apollo.io/#/people?q_organization_name=Tazaki%20Foods&personTitles[]=CEO&personTitles[]=Managing%20Director&personTitles[]=Founder&personTitles[]=Director&personTitles[]=Head%20of%20Procurement&personTitles[]=Buyer&personTitles[]=Commercial%20Director&personTitles[]=Export%20Manager,,,,,,,New,,,,,,,,,partial,0,,,,,False,False,False,0,0,skip,,,
The Ethical Dairy,Stand: N911,,Stand: N911,https://www.ife.co.ukexhibitors/ethical-dairy-1,YES,https://www.linkedin.com/sales/search/people?keywords=The%20Ethical%20Dairy&titleFreeText=CEO%20OR%20MD%20OR%20Director%20OR%20Buyer%20OR%20Procurement,https://www.linkedin.com/search/results/people/?keywords=The%20Ethical%20Dairy&titleFreeText=CEO%20OR%20MD%20OR%20%22Managing%20Director%22%20OR%20Founder%20OR%20Director%20OR%20Buyer%20OR%20Procurement%20OR%20%22Head%20of%20Sales%22,https://app.apollo.io/#/companies?q_organization_name=The%20Ethical%20Dairy,https://app.apollo.io/#/people?q_organization_name=The%20Ethical%20Dairy&personTitles[]=CEO&personTitles[]=Managing%20Director&personTitles[]=Founder&personTitles[]=Director&personTitles[]=Head%20of%20Procurement&personTitles[]=Buyer&personTitles[]=Commercial%20Director&personTitles[]=Export%20Manager,,,,,,,New,,,,,,,,,partial,0,,,,,False,False,False,0,0,skip,,,
The Pickle Juice Company,Stand: N1430e,,Stand: N1430e,https://www.ife.co.ukexhibitors/pickle-juice-company,YES,https://www.linkedin.com/sales/search/people?keywords=The%20Pickle%20Juice%20Company&titleFreeText=CEO%20OR%20MD%20OR%20Director%20OR%20Buyer%20OR%20Procurement,https://www.linkedin.com/search/results/people/?keywords=The%20Pickle%20Juice%20Company&titleFreeText=CEO%20OR%20MD%20OR%20%22Managing%20Director%22%20OR%20Founder%20OR%20Director%20OR%20Buyer%20OR%20Procurement%20OR%20%22Head%20of%20Sales%22,https://app.apollo.io/#/companies?q_organization_name=The%20Pickle%20Juice%20Company,https://app.apollo.io/#/people?q_organization_name=The%20Pickle%20Juice%20Company&personTitles[]=CEO&personTitles[]=Managing%20Director&personTitles[]=Founder&personTitles[]=Director&personTitles[]=Head%20of%20Procurement&personTitles[]=Buyer&personTitles[]=Commercial%20Director&personTitles[]=Export%20Manager,,,,,,,New,,,,,,,,,partial,0,,,,,False,False,False,0,0,skip,,,
Thomas Foods International,Stand: S1010,,Stand: S1010,https://www.ife.co.ukexhibitors/thomas-foods-international,YES,https://www.linkedin.com/sales/search/people?keywords=Thomas%20Foods%20International&titleFreeText=CEO%20OR%20MD%20OR%20Director%20OR%20Buyer%20OR%20Procurement,https://www.linkedin.com/search/results/people/?keywords=Thomas%20Foods%20International&titleFreeText=CEO%20OR%20MD%20OR%20%22Managing%20Director%22%20OR%20Founder%20OR%20Director%20OR%20Buyer%20OR%20Procurement%20OR%20%22Head%20of%20Sales%22,https://app.apollo.io/#/companies?q_organization_name=Thomas%20Foods%20International,https://app.apollo.io/#/people?q_organization_name=Thomas%20Foods%20International&personTitles[]=CEO&personTitles[]=Managing%20Director&personTitles[]=Founder&personTitles[]=Director&personTitles[]=Head%20of%20Procurement&personTitles[]=Buyer&personTitles[]=Commercial%20Director&personTitles[]=Export%20Manager,,,,,,,New,,,,,,,,,partial,0,,,,,False,False,False,0,0,skip,,,
TISHAS FOOD MANUFACTURING SDN BHD,Stand: N1210,,Stand: N1210,https://www.ife.co.ukexhibitors/tishas-food-manufacturing-sdn-bhd,YES,https://www.linkedin.com/sales/search/people?keywords=TISHAS%20FOOD%20MANUFACTURING%20SDN%20BHD&titleFreeText=CEO%20OR%20MD%20OR%20Director%20OR%20Buyer%20OR%20Procurement,https://www.linkedin.com/search/results/people/?keywords=TISHAS%20FOOD%20MANUFACTURING%20SDN%20BHD&titleFreeText=CEO%20OR%20MD%20OR%20%22Managing%20Director%22%20OR%20Founder%20OR%20Director%20OR%20Buyer%20OR%20Procurement%20OR%20%22Head%20of%20Sales%22,https://app.apollo.io/#/companies?q_organization_name=TISHAS%20FOOD%20MANUFACTURING%20SDN%20BHD,https://app.apollo.io/#/people?q_organization_name=TISHAS%20FOOD%20MANUFACTURING%20SDN%20BHD&personTitles[]=CEO&personTitles[]=Managing%20Director&personTitles[]=Founder&personTitles[]=Director&personTitles[]=Head%20of%20Procurement&personTitles[]=Buyer&personTitles[]=Commercial%20Director&personTitles[]=Export%20Manager,,,,,,,New,,,,,,,,,partial,0,,,,,False,False,False,0,0,skip,,,
Torr FoodTech,Stand: N3338,,Stand: N3338,https://www.ife.co.ukexhibitors/torr-foodtech,YES,https://www.linkedin.com/sales/search/people?keywords=Torr%20FoodTech&titleFreeText=CEO%20OR%20MD%20OR%20Director%20OR%20Buyer%20OR%20Procurement,https://www.linkedin.com/search/results/people/?keywords=Torr%20FoodTech&titleFreeText=CEO%20OR%20MD%20OR%20%22Managing%20Director%22%20OR%20Founder%20OR%20Director%20OR%20Buyer%20OR%20Procurement%20OR%20%22Head%20of%20Sales%22,https://app.apollo.io/#/companies?q_organization_name=Torr%20FoodTech,https://app.apollo.io/#/people?q_organization_name=Torr%20FoodTech&personTitles[]=CEO&personTitles[]=Managing%20Director&personTitles[]=Founder&personTitles[]=Director&personTitles[]=Head%20of%20Procurement&personTitles[]=Buyer&personTitles[]=Commercial%20Director&personTitles[]=Export%20Manager,,,,,,,New,,,,,,,,,partial,0,,,,,False,False,False,0,0,skip,,,
Tropical Sun Foods,Stand: N3041,,Stand: N3041,https://www.ife.co.ukexhibitors/wanis-international-1,YES,https://www.linkedin.com/sales/search/people?keywords=Tropical%20Sun%20Foods&titleFreeText=CEO%20OR%20MD%20OR%20Director%20OR%20Buyer%20OR%20Procurement,https://www.linkedin.com/search/results/people/?keywords=Tropical%20Sun%20Foods&titleFreeText=CEO%20OR%20MD%20OR%20%22Managing%20Director%22%20OR%20Founder%20OR%20Director%20OR%20Buyer%20OR%20Procurement%20OR%20%22Head%20of%20Sales%22,https://app.apollo.io/#/companies?q_organization_name=Tropical%20Sun%20Foods,https://app.apollo.io/#/people?q_organization_name=Tropical%20Sun%20Foods&personTitles[]=CEO&personTitles[]=Managing%20Director&personTitles[]=Founder&personTitles[]=Director&personTitles[]=Head%20of%20Procurement&personTitles[]=Buyer&personTitles[]=Commercial%20Director&personTitles[]=Export%20Manager,,,,,,,New,,,,,,,,,partial,0,,,,,False,False,False,0,0,skip,,,
TSANOS BAKERY,Stand: N2110b,,Stand: N2110b,https://www.ife.co.ukexhibitors/tsanos-bakery,YES,https://www.linkedin.com/sales/search/people?keywords=TSANOS%20BAKERY&titleFreeText=CEO%20OR%20MD%20OR%20Director%20OR%20Buyer%20OR%20Procurement,https://www.linkedin.com/search/results/people/?keywords=TSANOS%20BAKERY&titleFreeText=CEO%20OR%20MD%20OR%20%22Managing%20Director%22%20OR%20Founder%20OR%20Director%20OR%20Buyer%20OR%20Procurement%20OR%20%22Head%20of%20Sales%22,https://app.apollo.io/#/companies?q_organization_name=TSANOS%20BAKERY,https://app.apollo.io/#/people?q_organization_name=TSANOS%20BAKERY&personTitles[]=CEO&personTitles[]=Managing%20Director&personTitles[]=Founder&personTitles[]=Director&personTitles[]=Head%20of%20Procurement&personTitles[]=Buyer&personTitles[]=Commercial%20Director&personTitles[]=Export%20Manager,,,,,,,New,,,,,,,,,partial,0,,,,,False,False,False,0,0,skip,,,
TT ICE TEA,Stand: N5044,,Stand: N5044,https://www.ife.co.ukexhibitors/tt-ice-tea,YES,https://www.linkedin.com/sales/search/people?keywords=TT%20ICE%20TEA&titleFreeText=CEO%20OR%20MD%20OR%20Director%20OR%20Buyer%20OR%20Procurement,https://www.linkedin.com/search/results/people/?keywords=TT%20ICE%20TEA&titleFreeText=CEO%20OR%20MD%20OR%20%22Managing%20Director%22%20OR%20Founder%20OR%20Director%20OR%20Buyer%20OR%20Procurement%20OR%20%22Head%20of%20Sales%22,https://app.apollo.io/#/companies?q_organization_name=TT%20ICE%20TEA,https://app.apollo.io/#/people?q_organization_name=TT%20ICE%20TEA&personTitles[]=CEO&personTitles[]=Managing%20Director&personTitles[]=Founder&personTitles[]=Director&personTitles[]=Head%20of%20Procurement&personTitles[]=Buyer&personTitles[]=Commercial%20Director&personTitles[]=Export%20Manager,,,,,,,New,,,,,,,,,partial,0,,,,,False,False,False,0,0,skip,,,
Tudor Tea & Coffee Ltd,Stand: S775,,Stand: S775,https://www.ife.co.ukexhibitors/tudor-tea-coffee-1,YES,https://www.linkedin.com/sales/search/people?keywords=Tudor%20Tea%20%26%20Coffee%20Ltd&titleFreeText=CEO%20OR%20MD%20OR%20Director%20OR%20Buyer%20OR%20Procurement,https://www.linkedin.com/search/results/people/?keywords=Tudor%20Tea%20%26%20Coffee%20Ltd&titleFreeText=CEO%20OR%20MD%20OR%20%22Managing%20Director%22%20OR%20Founder%20OR%20Director%20OR%20Buyer%20OR%20Procurement%20OR%20%22Head%20of%20Sales%22,https://app.apollo.io/#/companies?q_organization_name=Tudor%20Tea%20&%20Coffee%20Ltd,https://app.apollo.io/#/people?q_organization_name=Tudor%20Tea%20&%20Coffee%20Ltd&personTitles[]=CEO&personTitles[]=Managing%20Director&personTitles[]=Founder&personTitles[]=Director&personTitles[]=Head%20of%20Procurement&personTitles[]=Buyer&personTitles[]=Commercial%20Director&personTitles[]=Export%20Manager,,,,,,,New,,,,,,,,,partial,0,,,,,False,False,False,0,0,skip,,,
Two Counties Foods Limited,Stand: N4016,,Stand: N4016,https://www.ife.co.ukexhibitors/two-counties-foods-limited,YES,https://www.linkedin.com/sales/search/people?keywords=Two%20Counties%20Foods%20Limited&titleFreeText=CEO%20OR%20MD%20OR%20Director%20OR%20Buyer%20OR%20Procurement,https://www.linkedin.com/search/results/people/?keywords=Two%20Counties%20Foods%20Limited&titleFreeText=CEO%20OR%20MD%20OR%20%22Managing%20Director%22%20OR%20Founder%20OR%20Director%20OR%20Buyer%20OR%20Procurement%20OR%20%22Head%20of%20Sales%22,https://app.apollo.io/#/companies?q_organization_name=Two%20Counties%20Foods%20Limited,https://app.apollo.io/#/people?q_organization_name=Two%20Counties%20Foods%20Limited&personTitles[]=CEO&personTitles[]=Managing%20Director&personTitles[]=Founder&personTitles[]=Director&personTitles[]=Head%20of%20Procurement&personTitles[]=Buyer&personTitles[]=Commercial%20Director&personTitles[]=Export%20Manager,,,,,,,New,,,,,,,,,partial,0,,,,,False,False,False,0,0,skip,,,
UK Food Packaging Ltd,Stand: S1110,,Stand: S1110,https://www.ife.co.ukexhibitors/uk-food-packaging,YES,https://www.linkedin.com/sales/search/people?keywords=UK%20Food%20Packaging%20Ltd&titleFreeText=CEO%20OR%20MD%20OR%20Director%20OR%20Buyer%20OR%20Procurement,https://www.linkedin.com/search/results/people/?keywords=UK%20Food%20Packaging%20Ltd&titleFreeText=CEO%20OR%20MD%20OR%20%22Managing%20Director%22%20OR%20Founder%20OR%20Director%20OR%20Buyer%20OR%20Procurement%20OR%20%22Head%20of%20Sales%22,https://app.apollo.io/#/companies?q_organization_name=UK%20Food%20Packaging%20Ltd,https://app.apollo.io/#/people?q_organization_name=UK%20Food%20Packaging%20Ltd&personTitles[]=CEO&personTitles[]=Managing%20Director&personTitles[]=Founder&personTitles[]=Director&personTitles[]=Head%20of%20Procurement&personTitles[]=Buyer&personTitles[]=Commercial%20Director&personTitles[]=Export%20Manager,,,,,,,New,,,,,,,,,partial,0,,,,,False,False,False,0,0,skip,,,
VEGAN FOODS,Stand: N813,,Stand: N813,https://www.ife.co.ukexhibitors/vegan-foods-1,YES,https://www.linkedin.com/sales/search/people?keywords=VEGAN%20FOODS&titleFreeText=CEO%20OR%20MD%20OR%20Director%20OR%20Buyer%20OR%20Procurement,https://www.linkedin.com/search/results/people/?keywords=VEGAN%20FOODS&titleFreeText=CEO%20OR%20MD%20OR%20%22Managing%20Director%22%20OR%20Founder%20OR%20Director%20OR%20Buyer%20OR%20Procurement%20OR%20%22Head%20of%20Sales%22,https://app.apollo.io/#/companies?q_organization_name=VEGAN%20FOODS,https://app.apollo.io/#/people?q_organization_name=VEGAN%20FOODS&personTitles[]=CEO&personTitles[]=Managing%20Director&personTitles[]=Founder&personTitles[]=Director&personTitles[]=Head%20of%20Procurement&personTitles[]=Buyer&personTitles[]=Commercial%20Director&personTitles[]=Export%20Manager,,,,,,,New,,,,,,,,,partial,0,,,,,False,False,False,0,0,skip,,,
Veliche Gourmet Belgian Chocolate,Stand: S270,,Stand: S270,https://www.ife.co.ukexhibitors/veliche-gourmet-belgian-chocolate-1,YES,https://www.linkedin.com/sales/search/people?keywords=Veliche%20Gourmet%20Belgian%20Chocolate&titleFreeText=CEO%20OR%20MD%20OR%20Director%20OR%20Buyer%20OR%20Procurement,https://www.linkedin.com/search/results/people/?keywords=Veliche%20Gourmet%20Belgian%20Chocolate&titleFreeText=CEO%20OR%20MD%20OR%20%22Managing%20Director%22%20OR%20Founder%20OR%20Director%20OR%20Buyer%20OR%20Procurement%20OR%20%22Head%20of%20Sales%22,https://app.apollo.io/#/companies?q_organization_name=Veliche%20Gourmet%20Belgian%20Chocolate,https://app.apollo.io/#/people?q_organization_name=Veliche%20Gourmet%20Belgian%20Chocolate&personTitles[]=CEO&personTitles[]=Managing%20Director&personTitles[]=Founder&personTitles[]=Director&personTitles[]=Head%20of%20Procurement&personTitles[]=Buyer&personTitles[]=Commercial%20Director&personTitles[]=Export%20Manager,,,,,,,New,,,,,,,,,partial,0,,,,,False,False,False,0,0,skip,,,
Venture Tea (Pvt) Ltd,Stand: S680,,Stand: S680,https://www.ife.co.ukexhibitors/venture-tea-pvt,YES,https://www.linkedin.com/sales/search/people?keywords=Venture%20Tea%20(Pvt)%20Ltd&titleFreeText=CEO%20OR%20MD%20OR%20Director%20OR%20Buyer%20OR%20Procurement,https://www.linkedin.com/search/results/people/?keywords=Venture%20Tea%20(Pvt)%20Ltd&titleFreeText=CEO%20OR%20MD%20OR%20%22Managing%20Director%22%20OR%20Founder%20OR%20Director%20OR%20Buyer%20OR%20Procurement%20OR%20%22Head%20of%20Sales%22,https://app.apollo.io/#/companies?q_organization_name=Venture%20Tea%20(Pvt)%20Ltd,https://app.apollo.io/#/people?q_organization_name=Venture%20Tea%20(Pvt)%20Ltd&personTitles[]=CEO&personTitles[]=Managing%20Director&personTitles[]=Founder&personTitles[]=Director&personTitles[]=Head%20of%20Procurement&personTitles[]=Buyer&personTitles[]=Commercial%20Director&personTitles[]=Export%20Manager,,,,,,,New,,,,,,,,,partial,0,,,,,False,False,False,0,0,skip,,,
Vigor spices & seasonings,Stand: N4620,,Stand: N4620,https://www.ife.co.ukexhibitors/vigor-spices-seasonings,YES,https://www.linkedin.com/sales/search/people?keywords=Vigor%20spices%20%26%20seasonings&titleFreeText=CEO%20OR%20MD%20OR%20Director%20OR%20Buyer%20OR%20Procurement,https://www.linkedin.com/search/results/people/?keywords=Vigor%20spices%20%26%20seasonings&titleFreeText=CEO%20OR%20MD%20OR%20%22Managing%20Director%22%20OR%20Founder%20OR%20Director%20OR%20Buyer%20OR%20Procurement%20OR%20%22Head%20of%20Sales%22,https://app.apollo.io/#/companies?q_organization_name=Vigor%20spices%20&%20seasonings,https://app.apollo.io/#/people?q_organization_name=Vigor%20spices%20&%20seasonings&personTitles[]=CEO&personTitles[]=Managing%20Director&personTitles[]=Founder&personTitles[]=Director&personTitles[]=Head%20of%20Procurement&personTitles[]=Buyer&personTitles[]=Commercial%20Director&personTitles[]=Export%20Manager,,,,,,,New,,,,,,,,,partial,0,,,,,False,False,False,0,0,skip,,,
Vine Meats,Stand: N4170,,Stand: N4170,https://www.ife.co.ukexhibitors/vine-meats,YES,https://www.linkedin.com/sales/search/people?keywords=Vine%20Meats&titleFreeText=CEO%20OR%20MD%20OR%20Director%20OR%20Buyer%20OR%20Procurement,https://www.linkedin.com/search/results/people/?keywords=Vine%20Meats&titleFreeText=CEO%20OR%20MD%20OR%20%22Managing%20Director%22%20OR%20Founder%20OR%20Director%20OR%20Buyer%20OR%20Procurement%20OR%20%22Head%20of%20Sales%22,https://app.apollo.io/#/companies?q_organization_name=Vine%20Meats,https://app.apollo.io/#/people?q_organization_name=Vine%20Meats&personTitles[]=CEO&personTitles[]=Managing%20Director&personTitles[]=Founder&personTitles[]=Director&personTitles[]=Head%20of%20Procurement&personTitles[]=Buyer&personTitles[]=Commercial%20Director&personTitles[]=Export%20Manager,,,,,,,New,,,,,,,,,partial,0,,,,,False,False,False,0,0,skip,,,
VPac Packaging Leicester Limited,Stand: N250,,Stand: N250,https://www.ife.co.ukexhibitors/vpac-packaging-leicester-limited,YES,https://www.linkedin.com/sales/search/people?keywords=VPac%20Packaging%20Leicester%20Limited&titleFreeText=CEO%20OR%20MD%20OR%20Director%20OR%20Buyer%20OR%20Procurement,https://www.linkedin.com/search/results/people/?keywords=VPac%20Packaging%20Leicester%20Limited&titleFreeText=CEO%20OR%20MD%20OR%20%22Managing%20Director%22%20OR%20Founder%20OR%20Director%20OR%20Buyer%20OR%20Procurement%20OR%20%22Head%20of%20Sales%22,https://app.apollo.io/#/companies?q_organization_name=VPac%20Packaging%20Leicester%20Limited,https://app.apollo.io/#/people?q_organization_name=VPac%20Packaging%20Leicester%20Limited&personTitles[]=CEO&personTitles[]=Managing%20Director&personTitles[]=Founder&personTitles[]=Director&personTitles[]=Head%20of%20Procurement&personTitles[]=Buyer&personTitles[]=Commercial%20Director&personTitles[]=Export%20Manager,,,,,,,New,,,,,,,,,partial,0,,,,,False,False,False,0,0,skip,,,
Wadifatma factory for foods and milk,Stand: N1750k,,Stand: N1750k,https://www.ife.co.ukexhibitors/wadifatma-factory-foods-milk,YES,https://www.linkedin.com/sales/search/people?keywords=Wadifatma%20factory%20for%20foods%20and%20milk&titleFreeText=CEO%20OR%20MD%20OR%20Director%20OR%20Buyer%20OR%20Procurement,https://www.linkedin.com/search/results/people/?keywords=Wadifatma%20factory%20for%20foods%20and%20milk&titleFreeText=CEO%20OR%20MD%20OR%20%22Managing%20Director%22%20OR%20Founder%20OR%20Director%20OR%20Buyer%20OR%20Procurement%20OR%20%22Head%20of%20Sales%22,https://app.apollo.io/#/companies?q_organization_name=Wadifatma%20factory%20for%20foods%20and%20milk,https://app.apollo.io/#/people?q_organization_name=Wadifatma%20factory%20for%20foods%20and%20milk&personTitles[]=CEO&personTitles[]=Managing%20Director&personTitles[]=Founder&personTitles[]=Director&personTitles[]=Head%20of%20Procurement&personTitles[]=Buyer&personTitles[]=Commercial%20Director&personTitles[]=Export%20Manager,,,,,,,New,,,,,,,,,partial,0,,,,,False,False,False,0,0,skip,,,
"WEIFANG LEGANG FOOD CO., LTD.",Stand: N4450j,,Stand: N4450j,https://www.ife.co.ukexhibitors/weifang-legang-food-co-,YES,"https://www.linkedin.com/sales/search/people?keywords=WEIFANG%20LEGANG%20FOOD%20CO.,%20LTD.&titleFreeText=CEO%20OR%20MD%20OR%20Director%20OR%20Buyer%20OR%20Procurement","https://www.linkedin.com/search/results/people/?keywords=WEIFANG%20LEGANG%20FOOD%20CO.,%20LTD.&titleFreeText=CEO%20OR%20MD%20OR%20%22Managing%20Director%22%20OR%20Founder%20OR%20Director%20OR%20Buyer%20OR%20Procurement%20OR%20%22Head%20of%20Sales%22","https://app.apollo.io/#/companies?q_organization_name=WEIFANG%20LEGANG%20FOOD%20CO.,%20LTD.","https://app.apollo.io/#/people?q_organization_name=WEIFANG%20LEGANG%20FOOD%20CO.,%20LTD.&personTitles[]=CEO&personTitles[]=Managing%20Director&personTitles[]=Founder&personTitles[]=Director&personTitles[]=Head%20of%20Procurement&personTitles[]=Buyer&personTitles[]=Commercial%20Director&personTitles[]=Export%20Manager",,,,,,,New,,,,,,,,,partial,0,,,,,False,False,False,0,0,skip,,,
White’s Foodservice Equipment,Stand: S126,,Stand: S126,https://www.ife.co.ukexhibitors/whites-foodservice-equipment,YES,https://www.linkedin.com/sales/search/people?keywords=White’s%20Foodservice%20Equipment&titleFreeText=CEO%20OR%20MD%20OR%20Director%20OR%20Buyer%20OR%20Procurement,https://www.linkedin.com/search/results/people/?keywords=White’s%20Foodservice%20Equipment&titleFreeText=CEO%20OR%20MD%20OR%20%22Managing%20Director%22%20OR%20Founder%20OR%20Director%20OR%20Buyer%20OR%20Procurement%20OR%20%22Head%20of%20Sales%22,https://app.apollo.io/#/companies?q_organization_name=White’s%20Foodservice%20Equipment,https://app.apollo.io/#/people?q_organization_name=White’s%20Foodservice%20Equipment&personTitles[]=CEO&personTitles[]=Managing%20Director&personTitles[]=Founder&personTitles[]=Director&personTitles[]=Head%20of%20Procurement&personTitles[]=Buyer&personTitles[]=Commercial%20Director&personTitles[]=Export%20Manager,,,,,,,New,,,,,,,,,partial,0,,,,,False,False,False,0,0,skip,,,
Wood Fired Coffee,Stand: N4400,,Stand: N4400,https://www.ife.co.ukexhibitors/wood-fired-coffee,YES,https://www.linkedin.com/sales/search/people?keywords=Wood%20Fired%20Coffee&titleFreeText=CEO%20OR%20MD%20OR%20Director%20OR%20Buyer%20OR%20Procurement,https://www.linkedin.com/search/results/people/?keywords=Wood%20Fired%20Coffee&titleFreeText=CEO%20OR%20MD%20OR%20%22Managing%20Director%22%20OR%20Founder%20OR%20Director%20OR%20Buyer%20OR%20Procurement%20OR%20%22Head%20of%20Sales%22,https://app.apollo.io/#/companies?q_organization_name=Wood%20Fired%20Coffee,https://app.apollo.io/#/people?q_organization_name=Wood%20Fired%20Coffee&personTitles[]=CEO&personTitles[]=Managing%20Director&personTitles[]=Founder&personTitles[]=Director&personTitles[]=Head%20of%20Procurement&personTitles[]=Buyer&personTitles[]=Commercial%20Director&personTitles[]=Export%20Manager,,,,,,,New,,,,,,,,,partial,0,,,,,False,False,False,0,0,skip,,,
"Wuhu Deli Foods Co.,Ltd..",Stand: N1031,,Stand: N1031,https://www.ife.co.ukexhibitors/wuhu-deli-foods-co-1,YES,"https://www.linkedin.com/sales/search/people?keywords=Wuhu%20Deli%20Foods%20Co.,Ltd..&titleFreeText=CEO%20OR%20MD%20OR%20Director%20OR%20Buyer%20OR%20Procurement","https://www.linkedin.com/search/results/people/?keywords=Wuhu%20Deli%20Foods%20Co.,Ltd..&titleFreeText=CEO%20OR%20MD%20OR%20%22Managing%20Director%22%20OR%20Founder%20OR%20Director%20OR%20Buyer%20OR%20Procurement%20OR%20%22Head%20of%20Sales%22","https://app.apollo.io/#/companies?q_organization_name=Wuhu%20Deli%20Foods%20Co.,Ltd..","https://app.apollo.io/#/people?q_organization_name=Wuhu%20Deli%20Foods%20Co.,Ltd..&personTitles[]=CEO&personTitles[]=Managing%20Director&personTitles[]=Founder&personTitles[]=Director&personTitles[]=Head%20of%20Procurement&personTitles[]=Buyer&personTitles[]=Commercial%20Director&personTitles[]=Export%20Manager",,,,,,,New,,,,,,,,,partial,0,,,,,False,False,False,0,0,skip,,,
"Yaupon Holly Tea, LLC (DBA Name CatSpring Yaupon)",Stand: N1430h,,Stand: N1430h,https://www.ife.co.ukexhibitors/yaupon-holly-tea-llc-dba-name-catspring-yaupon,YES,"https://www.linkedin.com/sales/search/people?keywords=Yaupon%20Holly%20Tea,%20LLC%20(DBA%20Name%20CatSpring%20Yaupon)&titleFreeText=CEO%20OR%20MD%20OR%20Director%20OR%20Buyer%20OR%20Procurement","https://www.linkedin.com/search/results/people/?keywords=Yaupon%20Holly%20Tea,%20LLC%20(DBA%20Name%20CatSpring%20Yaupon)&titleFreeText=CEO%20OR%20MD%20OR%20%22Managing%20Director%22%20OR%20Founder%20OR%20Director%20OR%20Buyer%20OR%20Procurement%20OR%20%22Head%20of%20Sales%22","https://app.apollo.io/#/companies?q_organization_name=Yaupon%20Holly%20Tea,%20LLC%20(DBA%20Name%20CatSpring%20Yaupon)","https://app.apollo.io/#/people?q_organization_name=Yaupon%20Holly%20Tea,%20LLC%20(DBA%20Name%20CatSpring%20Yaupon)&personTitles[]=CEO&personTitles[]=Managing%20Director&personTitles[]=Founder&personTitles[]=Director&personTitles[]=Head%20of%20Procurement&personTitles[]=Buyer&personTitles[]=Commercial%20Director&personTitles[]=Export%20Manager",,,,,,,New,,,,,,,,,partial,0,,,,,False,False,False,0,0,skip,,,
"YINGYUAN FOOD (DEZHOU) CO., LTD.",Stand: N4430b,,Stand: N4430b,https://www.ife.co.ukexhibitors/yingyuan-food-dezhou-co-,YES,"https://www.linkedin.com/sales/search/people?keywords=YINGYUAN%20FOOD%20(DEZHOU)%20CO.,%20LTD.&titleFreeText=CEO%20OR%20MD%20OR%20Director%20OR%20Buyer%20OR%20Procurement","https://www.linkedin.com/search/results/people/?keywords=YINGYUAN%20FOOD%20(DEZHOU)%20CO.,%20LTD.&titleFreeText=CEO%20OR%20MD%20OR%20%22Managing%20Director%22%20OR%20Founder%20OR%20Director%20OR%20Buyer%20OR%20Procurement%20OR%20%22Head%20of%20Sales%22","https://app.apollo.io/#/companies?q_organization_name=YINGYUAN%20FOOD%20(DEZHOU)%20CO.,%20LTD.","https://app.apollo.io/#/people?q_organization_name=YINGYUAN%20FOOD%20(DEZHOU)%20CO.,%20LTD.&personTitles[]=CEO&personTitles[]=Managing%20Director&personTitles[]=Founder&personTitles[]=Director&personTitles[]=Head%20of%20Procurement&personTitles[]=Buyer&personTitles[]=Commercial%20Director&personTitles[]=Export%20Manager",,,,,,,New,,,,,,,,,partial,0,,,,,False,False,False,0,0,skip,,,
ZEIT FUER BROT (THE ORGANIC GERMAN BAKERY),Stand: N654,,Stand: N654,https://www.ife.co.ukexhibitors/zeit-fuer-brot-organic-german-bakery,YES,https://www.linkedin.com/sales/search/people?keywords=ZEIT%20FUER%20BROT%20(THE%20ORGANIC%20GERMAN%20BAKERY)&titleFreeText=CEO%20OR%20MD%20OR%20Director%20OR%20Buyer%20OR%20Procurement,https://www.linkedin.com/search/results/people/?keywords=ZEIT%20FUER%20BROT%20(THE%20ORGANIC%20GERMAN%20BAKERY)&titleFreeText=CEO%20OR%20MD%20OR%20%22Managing%20Director%22%20OR%20Founder%20OR%20Director%20OR%20Buyer%20OR%20Procurement%20OR%20%22Head%20of%20Sales%22,https://app.apollo.io/#/companies?q_organization_name=ZEIT%20FUER%20BROT%20(THE%20ORGANIC%20GERMAN%20BAKERY),https://app.apollo.io/#/people?q_organization_name=ZEIT%20FUER%20BROT%20(THE%20ORGANIC%20GERMAN%20BAKERY)&personTitles[]=CEO&personTitles[]=Managing%20Director&personTitles[]=Founder&personTitles[]=Director&personTitles[]=Head%20of%20Procurement&personTitles[]=Buyer&personTitles[]=Commercial%20Director&personTitles[]=Export%20Manager,,,,,,,New,,,,,,,,,partial,0,,,,,False,False,False,0,0,skip,,,
"ZHEJIANG CAMEL TRANSWORLD (ORGANIC FOODS) CO.,LTD",Stand: N1450h,,Stand: N1450h,https://www.ife.co.ukexhibitors/zhejiang-camel-transworld-organic-foods-co,YES,"https://www.linkedin.com/sales/search/people?keywords=ZHEJIANG%20CAMEL%20TRANSWORLD%20(ORGANIC%20FOODS)%20CO.,LTD&titleFreeText=CEO%20OR%20MD%20OR%20Director%20OR%20Buyer%20OR%20Procurement","https://www.linkedin.com/search/results/people/?keywords=ZHEJIANG%20CAMEL%20TRANSWORLD%20(ORGANIC%20FOODS)%20CO.,LTD&titleFreeText=CEO%20OR%20MD%20OR%20%22Managing%20Director%22%20OR%20Founder%20OR%20Director%20OR%20Buyer%20OR%20Procurement%20OR%20%22Head%20of%20Sales%22","https://app.apollo.io/#/companies?q_organization_name=ZHEJIANG%20CAMEL%20TRANSWORLD%20(ORGANIC%20FOODS)%20CO.,LTD","https://app.apollo.io/#/people?q_organization_name=ZHEJIANG%20CAMEL%20TRANSWORLD%20(ORGANIC%20FOODS)%20CO.,LTD&personTitles[]=CEO&personTitles[]=Managing%20Director&personTitles[]=Founder&personTitles[]=Director&personTitles[]=Head%20of%20Procurement&personTitles[]=Buyer&personTitles[]=Commercial%20Director&personTitles[]=Export%20Manager",,,,,,,New,,,,,,,,,partial,0,,,,,False,False,False,0,0,skip,,,
"Zhejiang Tea Group Co.,Ltd",Stand: N1450g,,Stand: N1450g,https://www.ife.co.ukexhibitors/zhejiang-tea-group-co,YES,"https://www.linkedin.com/sales/search/people?keywords=Zhejiang%20Tea%20Group%20Co.,Ltd&titleFreeText=CEO%20OR%20MD%20OR%20Director%20OR%20Buyer%20OR%20Procurement","https://www.linkedin.com/search/results/people/?keywords=Zhejiang%20Tea%20Group%20Co.,Ltd&titleFreeText=CEO%20OR%20MD%20OR%20%22Managing%20Director%22%20OR%20Founder%20OR%20Director%20OR%20Buyer%20OR%20Procurement%20OR%20%22Head%20of%20Sales%22","https://app.apollo.io/#/companies?q_organization_name=Zhejiang%20Tea%20Group%20Co.,Ltd","https://app.apollo.io/#/people?q_organization_name=Zhejiang%20Tea%20Group%20Co.,Ltd&personTitles[]=CEO&personTitles[]=Managing%20Director&personTitles[]=Founder&personTitles[]=Director&personTitles[]=Head%20of%20Procurement&personTitles[]=Buyer&personTitles[]=Commercial%20Director&personTitles[]=Export%20Manager",,,,,,,New,,,,,,,,,partial,0,,,,,False,False,False,0,0,skip,,,
"ZHONGSHAN RUIJI FOOD CO., LTD.",Stand: N4450d,,Stand: N4450d,https://www.ife.co.ukexhibitors/zhongshan-ruiji-food-co-,YES,"https://www.linkedin.com/sales/search/people?keywords=ZHONGSHAN%20RUIJI%20FOOD%20CO.,%20LTD.&titleFreeText=CEO%20OR%20MD%20OR%20Director%20OR%20Buyer%20OR%20Procurement","https://www.linkedin.com/search/results/people/?keywords=ZHONGSHAN%20RUIJI%20FOOD%20CO.,%20LTD.&titleFreeText=CEO%20OR%20MD%20OR%20%22Managing%20Director%22%20OR%20Founder%20OR%20Director%20OR%20Buyer%20OR%20Procurement%20OR%20%22Head%20of%20Sales%22","https://app.apollo.io/#/companies?q_organization_name=ZHONGSHAN%20RUIJI%20FOOD%20CO.,%20LTD.","https://app.apollo.io/#/people?q_organization_name=ZHONGSHAN%20RUIJI%20FOOD%20CO.,%20LTD.&personTitles[]=CEO&personTitles[]=Managing%20Director&personTitles[]=Founder&personTitles[]=Director&personTitles[]=Head%20of%20Procurement&personTitles[]=Buyer&personTitles[]=Commercial%20Director&personTitles[]=Export%20Manager",,,,,,,New,,,,,,,,,partial,0,,,,,False,False,False,0,0,skip,,,
"Zhongshan Weifeng Foodstuffs Co., Ltd.",Stand: N4430f,,Stand: N4430f,https://www.ife.co.ukexhibitors/zhongshan-weifeng-foodstuffs-co-,YES,"https://www.linkedin.com/sales/search/people?keywords=Zhongshan%20Weifeng%20Foodstuffs%20Co.,%20Ltd.&titleFreeText=CEO%20OR%20MD%20OR%20Director%20OR%20Buyer%20OR%20Procurement","https://www.linkedin.com/search/results/people/?keywords=Zhongshan%20Weifeng%20Foodstuffs%20Co.,%20Ltd.&titleFreeText=CEO%20OR%20MD%20OR%20%22Managing%20Director%22%20OR%20Founder%20OR%20Director%20OR%20Buyer%20OR%20Procurement%20OR%20%22Head%20of%20Sales%22","https://app.apollo.io/#/companies?q_organization_name=Zhongshan%20Weifeng%20Foodstuffs%20Co.,%20Ltd.","https://app.apollo.io/#/people?q_organization_name=Zhongshan%20Weifeng%20Foodstuffs%20Co.,%20Ltd.&personTitles[]=CEO&personTitles[]=Managing%20Director&personTitles[]=Founder&personTitles[]=Director&personTitles[]=Head%20of%20Procurement&personTitles[]=Buyer&personTitles[]=Commercial%20Director&personTitles[]=Export%20Manager",,,,,,,New,,,,,,,,,partial,0,,,,,False,False,False,0,0,skip,,,
"ZHUHAI KINGZEST FOOD CO., LTD",Stand: N1450a,,Stand: N1450a,https://www.ife.co.ukexhibitors/zhuhai-kingzest-food-co,YES,"https://www.linkedin.com/sales/search/people?keywords=ZHUHAI%20KINGZEST%20FOOD%20CO.,%20LTD&titleFreeText=CEO%20OR%20MD%20OR%20Director%20OR%20Buyer%20OR%20Procurement","https://www.linkedin.com/search/results/people/?keywords=ZHUHAI%20KINGZEST%20FOOD%20CO.,%20LTD&titleFreeText=CEO%20OR%20MD%20OR%20%22Managing%20Director%22%20OR%20Founder%20OR%20Director%20OR%20Buyer%20OR%20Procurement%20OR%20%22Head%20of%20Sales%22","https://app.apollo.io/#/companies?q_organization_name=ZHUHAI%20KINGZEST%20FOOD%20CO.,%20LTD","https://app.apollo.io/#/people?q_organization_name=ZHUHAI%20KINGZEST%20FOOD%20CO.,%20LTD&personTitles[]=CEO&personTitles[]=Managing%20Director&personTitles[]=Founder&personTitles[]=Director&personTitles[]=Head%20of%20Procurement&personTitles[]=Buyer&personTitles[]=Commercial%20Director&personTitles[]=Export%20Manager",,,,,,,New,,,,,,,,,partial,0,,,,,False,False,False,0,0,skip,,,
