Company,Country,City,Category,Fair,Website,Email,Phone_WhatsApp,LinkedIn,Instagram,Stand_Booth,Detail_URL,Notes,Facebook,company_name_scraped,description,phone_scraped,address,linkedin_company_url,industry,enrichment_status,score
1 Digital Agency,United States,Miami,,Summer Fancy Food Show 2026,https://www.1digitalagency.com/,info@1digitalagency.com,+17322391247,https://www.linkedin.com/company/1digitalagency-com,https://www.instagram.com/1digitalagency,Level 3 — 1880,https://sff2026.mapyourshow.com/8_0/exhibitor/exhibitor-details.cfm?exhid=342913,,https://www.facebook.com/1digitalagency,,,,,,,partial,2
100 Fortune Inc,United States,Vestal,,Summer Fancy Food Show 2026,https://www.100-fortune.com/,info@100-fortune.com,+16076631999,,,Level 1 — 4808,https://sff2026.mapyourshow.com/8_0/exhibitor/exhibitor-details.cfm?exhid=345403,,,,,,,,,partial,2
1525 Seabay LLC,United States,Aventura,,Summer Fancy Food Show 2026,https://www.andeanseafood.com/,sales@andeanseafood.com,571 3153354711,,,Level 1 — 3616,https://sff2026.mapyourshow.com/8_0/exhibitor/exhibitor-details.cfm?exhid=338632,,,,,,,,,partial,2
2 Sisters' Salsa Group,United States,Broussard,,Summer Fancy Food Show 2026,https://www.2sisterssalsa.com/,misty@2sisterssalsa.com,+13372966263,https://www.linkedin.com/company/2-sisters-salsa-company,http://instagram.com/2sisterssalsacompany,Level 1 — 6213 — SUSTA,https://sff2026.mapyourshow.com/8_0/exhibitor/exhibitor-details.cfm?exhid=301231,,https://www.facebook.com/2sisterssalsacompany,,,,,,,partial,2
212 SALSA,United States,New York,,Summer Fancy Food Show 2026,https://www.212salsa.com/,,415.299.0223,,,River Pavilion — 7029B — Debut District,https://sff2026.mapyourshow.com/8_0/exhibitor/exhibitor-details.cfm?exhid=337515,,,,,,,,,partial,1
"27 Peaks, LLC",United States,Burlington,,Summer Fancy Food Show 2026,https://www.27-peaks.com/,contact@27-peaks.com,9083927504,https://www.linkedin.com/company/27peaks,https://www.instagram.com/27.peaks,Level 1 — 6064,https://sff2026.mapyourshow.com/8_0/exhibitor/exhibitor-details.cfm?exhid=336281,,,,,,,,,partial,2
"3 Seasons Fruit Industry Co., Ltd.",Thailand,Bangkok,,Summer Fancy Food Show 2026,https://3seasons-fruit.com/,sales@3seasons-fruit.com,+66892133848,,,Level 1 — 6015,https://sff2026.mapyourshow.com/8_0/exhibitor/exhibitor-details.cfm?exhid=344190,,https://www.facebook.com/profile.php,,,,,,,partial,2
3DBYLDZ,United States,New York,,Summer Fancy Food Show 2026,https://www.3dbyldz.com/,,+16463895775,https://linkedin.com/company/3dbyldz,https://www.instagram.com/3dbyldz,River Pavilion — 7237 — Debut District,https://sff2026.mapyourshow.com/8_0/exhibitor/exhibitor-details.cfm?exhid=347873,,,,,,,,,partial,1
4772576 Nova Scotia Limited,Canada,Halifax,,Summer Fancy Food Show 2026,https://shivaniskitchen.ca/,,9024127072,,,River Pavilion — 7430 — Good Food Mercantile (Sunday Only),https://sff2026.mapyourshow.com/8_0/exhibitor/exhibitor-details.cfm?exhid=348620,,,,,,,,,partial,1
50HERTZ TINGLY FOODS,United States,Washington,,Summer Fancy Food Show 2026,https://www.50hertzfoods.com,,+112027165477,,,River Pavilion — 7217 — Debut District,https://sff2026.mapyourshow.com/8_0/exhibitor/exhibitor-details.cfm?exhid=313253,,,,,,,,,partial,1
7 Muffins A Day LLC,United States,Midlothian,,Summer Fancy Food Show 2026,https://www.7muffinsaday.com/,,+118042132570,,,Level 1 — 6211 — SUSTA,https://sff2026.mapyourshow.com/8_0/exhibitor/exhibitor-details.cfm?exhid=347447,,,,,,,,,partial,1
71lbs,United States,Fort Lauderdale,,Summer Fancy Food Show 2026,https://www.71lbs.com/,savings@71lbs.com,+19544007194,https://www.linkedin.com/company/71lbs,,Level 3 — 1681,https://sff2026.mapyourshow.com/8_0/exhibitor/exhibitor-details.cfm?exhid=342028,,https://www.facebook.com/71lbs,,,,,,,partial,2
[PICKLES] by Evergreen and Market,United States,Tucker,,Summer Fancy Food Show 2026,https://atlantapickles.com/,,6787996327,,,River Pavilion — 7411 — Good Food Mercantile (Sunday Only),https://sff2026.mapyourshow.com/8_0/exhibitor/exhibitor-details.cfm?exhid=335337,,,,,,,,,partial,1
A Priori Specialty Food & Distribution,United States,Salt Lake City,,Summer Fancy Food Show 2026,https://aprioridistribution.com/,Asset-75@2x.png,+18014190649,,https://www.instagram.com/a_priori_foods,Level 3 — 872,https://sff2026.mapyourshow.com/8_0/exhibitor/exhibitor-details.cfm?exhid=106517,,https://www.facebook.com/aprioridistribution,,,,,,,partial,2
A&B Viet Nam Investment Joint Stock Company,Vietnam,Hanoi,,Summer Fancy Food Show 2026,https://abvietnam.vn/,rose@abvietnam.com.vn,+84904919090,,,Level 3 — 175,https://sff2026.mapyourshow.com/8_0/exhibitor/exhibitor-details.cfm?exhid=344204,,https://www.facebook.com/ABVietnamInvestmentJSC,,,,,,,partial,2
A.L.B. Spa - Acqua Smeraldina,Italy,Tempio Pausania,,Summer Fancy Food Show 2026,https://www.smeraldinawater.com,info@smeraldinawater.com,+39 079 631486,https://www.linkedin.com/company/smeraldinawater,https://www.instagram.com/smeraldinawater,Level 3 — 3308 — Italy,https://sff2026.mapyourshow.com/8_0/exhibitor/exhibitor-details.cfm?exhid=335699,,https://www.facebook.com/smeraldinawater,,,,,,,partial,2
A3K Imports LLC,United States,SOMERSET,,Summer Fancy Food Show 2026,https://indialicious.com/,,+17328567995,,,Level 1 — 6320 — New Jersey,https://sff2026.mapyourshow.com/8_0/exhibitor/exhibitor-details.cfm?exhid=302403,,,,,,,,,partial,1
AAFUD INC,United States,NY,,Summer Fancy Food Show 2026,http://aafud.com,,+86-13425571794,,,Level 1 — 3604,https://sff2026.mapyourshow.com/8_0/exhibitor/exhibitor-details.cfm?exhid=348189,,,,,,,,,partial,1
Aayur Organic LLC,United States,New York,,Summer Fancy Food Show 2026,https://www.aayurorganic.com/,,+19177021531,,,Level 1 — 3411,https://sff2026.mapyourshow.com/8_0/exhibitor/exhibitor-details.cfm?exhid=348916,,,,,,,,,partial,1
ABC GLOBAL RESOURCES OF VA LLC,United States,Sterling,,Summer Fancy Food Show 2026,https://www.abcglobalus.com,,6094545842,,,Level 1 — 6223 — SUSTA,https://sff2026.mapyourshow.com/8_0/exhibitor/exhibitor-details.cfm?exhid=319567,,https://www.facebook.com/ABCGlobalRes,,,,,,,partial,1
Abdallah Candies,United States,Apple Valley,,Summer Fancy Food Show 2026,https://www.abdallahcandies.com,service@abdallahcandies.com,952-890-4770,,https://www.instagram.com/abdallahcandies,"Level 3 — 2240 — Confectionery, Snacks and Sweets Pavilion",https://sff2026.mapyourshow.com/8_0/exhibitor/exhibitor-details.cfm?exhid=7375,,https://www.facebook.com/abdallahcandies,,,,,,,partial,2
Absurd Snacks,United States,Richmond,,Summer Fancy Food Show 2026,https://absurdsnacks.com,,610-392-3925,,,Level 1 — 4927B — Naturally Network,https://sff2026.mapyourshow.com/8_0/exhibitor/exhibitor-details.cfm?exhid=309964,,,,,,,,,partial,1
Acai Roots,United States,San Diego,,Summer Fancy Food Show 2026,http://acairoots.com/,,866-401-2224,,,Level 1 — 5933,https://sff2026.mapyourshow.com/8_0/exhibitor/exhibitor-details.cfm?exhid=157741,,,,,,,,,partial,1
"Ace Natural, Inc.",United States,Mount Vernon,,Summer Fancy Food Show 2026,https://acenatural.com/,orders@acenatural.com,7187846000 101,https://www.linkedin.com/company/acenatural,https://www.instagram.com/acenatural.inc,Level 1 — 5854,https://sff2026.mapyourshow.com/8_0/exhibitor/exhibitor-details.cfm?exhid=311188,,https://www.facebook.com/acenatural,,,,,,,partial,2
AceBiome Inc.,South Korea,SEOUL,,Summer Fancy Food Show 2026,https://acebiome.com/,support@acebiome.com,+82-010-5121-1972,,https://www.instagram.com/bnrthin,Level 3 — 525 — Korea,https://sff2026.mapyourshow.com/8_0/exhibitor/exhibitor-details.cfm?exhid=348389,,https://www.facebook.com/AceBiome,,,,,,,partial,2
ACEITUNAS CAZORLA,Spain,Sevilla,,Summer Fancy Food Show 2026,https://www.aceitunascazorla.com/,info@accazorla.com,3434954251400,https://www.linkedin.com/company/aceitunas-cazorla,https://www.instagram.com/aceitunascazorla,Level 3 — 2105 — Spain,https://sff2026.mapyourshow.com/8_0/exhibitor/exhibitor-details.cfm?exhid=317016,,https://www.facebook.com/aceitunascazorla,,,,,,,partial,2
"Acesur North America, Inc.",United States,Suffolk,,Summer Fancy Food Show 2026,http://www.acesurnorthamerica.com,%20customercare@acesurnorthamerica.com,914-925-0450,,,Level 3 — 1041,https://sff2026.mapyourshow.com/8_0/exhibitor/exhibitor-details.cfm?exhid=114767,,,,,,,,,partial,2
ACETAIA ALICO S.R.L.,Italy,Bomporto,,Summer Fancy Food Show 2026,https://alicosrl.com/,info@alicosrl.com,39059907317,,,Level 3 — 3329 — Italy,https://sff2026.mapyourshow.com/8_0/exhibitor/exhibitor-details.cfm?exhid=341647,,,,,,,,,partial,2
ACETAIA LEONARDI,Italy,Magreta di Formigine,,Summer Fancy Food Show 2026,https://www.acetaialeonardi.it/,info@acetaialeonardi.it,39059554375,,,Level 3 — 3012 — Italy,https://sff2026.mapyourshow.com/8_0/exhibitor/exhibitor-details.cfm?exhid=119066,,https://www.facebook.com/AcetaiaLeonardi,,,,,,,partial,2
ACETAIA SERENI USA,United States,NEW YORK,,Summer Fancy Food Show 2026,https://www.acetaiasereni.com/,,+39 059705105,,https://www.instagram.com/acetaiasereni,Level 3 — 2073,https://sff2026.mapyourshow.com/8_0/exhibitor/exhibitor-details.cfm?exhid=314587,,https://www.facebook.com/acetaiaagriturismosereni,,,,,,,partial,1
Acetificio Andrea Milano SRL,Italy,Napoli,,Summer Fancy Food Show 2026,https://www.acetomilano.it,info@acetomilano.it,+390818446013,https://www.linkedin.com/company/acetificio-andrea-milano-srl,https://www.instagram.com/acetificioandreamilano,Level 3 — 3323 — Italy,https://sff2026.mapyourshow.com/8_0/exhibitor/exhibitor-details.cfm?exhid=316881,,https://it-it.facebook.com/AcetificioAndreaMilano,,,,,,,partial,2
Acetificio Marcello Denigris,United States,Totowa,,Summer Fancy Food Show 2026,http://denigris1889.com,,973-837-6791,,,Level 3 — 1550,https://sff2026.mapyourshow.com/8_0/exhibitor/exhibitor-details.cfm?exhid=104407,,,,,,,,,partial,1
Acetum,United States,Clifton,,Summer Fancy Food Show 2026,https://us.mazzettioriginale.com/,,201-842-8900,,,Level 3 — 3157,https://sff2026.mapyourshow.com/8_0/exhibitor/exhibitor-details.cfm?exhid=307650,,,,,,,,,partial,1
Achilles Heat,United States,BROOKLYN,,Summer Fancy Food Show 2026,https://www.achillesheat.com/,user@domain.com,+19178063322,,https://www.instagram.com/chriseganiii,River Pavilion — 7026A — Debut District,https://sff2026.mapyourshow.com/8_0/exhibitor/exhibitor-details.cfm?exhid=347440,,http://www.facebook.com/2008/fbml,,,,,,,partial,2
"Acme Import Co., a division of KDI, LLC",United States,New York,,Summer Fancy Food Show 2026,http://www.acmeimport.com/,customerservice@acmeimport.com,212-661-5506,https://www.linkedin.com/company/acme-import-corp,,Level 1 — 5517 — Beverage Pavilion,https://sff2026.mapyourshow.com/8_0/exhibitor/exhibitor-details.cfm?exhid=3176,,,,,,,,,partial,2
Acme Smoked Fish Corp.,United States,Brooklyn,,Summer Fancy Food Show 2026,http://www.acmesmokedfish.com,,718-383-8585,,,Level 1 — 6125A — NewYork,https://sff2026.mapyourshow.com/8_0/exhibitor/exhibitor-details.cfm?exhid=10500,,,,,,,,,partial,1
Acqua Filette - Prime Water,Italy,Guarcino,,Summer Fancy Food Show 2026,https://www.acquafilette.it/,info@acquafilette.it,+39 07751888790,,https://www.instagram.com/filette_official,Level 3 — 3024 — Italy,https://sff2026.mapyourshow.com/8_0/exhibitor/exhibitor-details.cfm?exhid=316328,,https://www.facebook.com/Filetteacqua,,,,,,,partial,2
AD'OCC SUD DE FRANCE DEVELOPPEMENT,France,perols,,Summer Fancy Food Show 2026,https://www.agence-adocc.com,contact@agence-adocc.com,33499642922,https://www.linkedin.com/company/adocc,,Level 3 — 832B — France,https://sff2026.mapyourshow.com/8_0/exhibitor/exhibitor-details.cfm?exhid=316327,,https://www.facebook.com/VoyageOccitanie,,,,,,,partial,2
Adam Foods,Spain,"Orozko, Vizcaya",,Summer Fancy Food Show 2026,https://adamfoods.com/,,+34933659116,https://www.linkedin.com/company/adam-foods,,Level 1 — 5372 — Spain,https://sff2026.mapyourshow.com/8_0/exhibitor/exhibitor-details.cfm?exhid=348350,,,,,,,,,partial,1
"Adams & Brooks, Inc.",United States,San Bernardino,,Summer Fancy Food Show 2026,http://www.adams-brooks.com,,712-360-0320,,,"Level 3 — 2341 — Confectionery, Snacks and Sweets Pavilion",https://sff2026.mapyourshow.com/8_0/exhibitor/exhibitor-details.cfm?exhid=1705,,,,,,,,,partial,1
ADI APICOLTURA - PASTIFICIO CAV. COCCO,Italy,TORNARECCIO,,Summer Fancy Food Show 2026,https://www.adiapicoltura.it/,info@adiapicoltura.it,00390872868160,https://www.linkedin.com/company/adi-apicoltura,https://www.instagram.com/adiapicoltura,Level 3 — 3307 — Italy,https://sff2026.mapyourshow.com/8_0/exhibitor/exhibitor-details.cfm?exhid=315149,,https://www.facebook.com/adiapicoltura,,,,,,,partial,2
ADKO,Brazil,São Paulo,,Summer Fancy Food Show 2026,https://www.adko.com.br/,sac@adko.com.br,https://wa.me/5511976063985,,,Level 3 — 128B — Brazil,https://sff2026.mapyourshow.com/8_0/exhibitor/exhibitor-details.cfm?exhid=347963,,,,,,,,,partial,2
Adnan Khudari And Sons Trading Co.,Jordan,Amman,,Summer Fancy Food Show 2026,https://www.khudari.com,info@khudari.com,https://api.whatsapp.com/send?phone=962796400259,https://jo.linkedin.com/company/blue-milll,https://www.instagram.com/bluemill.jo,Level 3 — 1421 — Jordan,https://sff2026.mapyourshow.com/8_0/exhibitor/exhibitor-details.cfm?exhid=305829,,https://www.facebook.com/bluemilljo,,,,,,,partial,2
Aegean Exporters' Associations,Turkey,Alsancak/Izmir,,Summer Fancy Food Show 2026,http://www.eib.org,info@eib.org,+90 232 488 60 44,https://www.linkedin.com/company/european-investment-bank,https://www.instagram.com/europeaninvestmentbank,Level 3 — 1600 — Turkey,https://sff2026.mapyourshow.com/8_0/exhibitor/exhibitor-details.cfm?exhid=132490,,https://www.facebook.com/EuropeanInvestmentBank,,,,,,,partial,2
AEGEAN FISHERY AND ANIMAL PRODUCTS EXPORTERS' ASSOCIATION,Turkey,İZMİR,,Summer Fancy Food Show 2026,https://eib.org.tr/,,(90) 533-894 75 28,https://www.linkedin.com/company/10862137,https://www.instagram.com/egeihracatci,Level 3 — 1722 — Turkey,https://sff2026.mapyourshow.com/8_0/exhibitor/exhibitor-details.cfm?exhid=313454,,https://www.facebook.com/egeihracatci,,,,,,,partial,1
aficio22,United States,San Diego,,Summer Fancy Food Show 2026,https://aficio22.com/,,+18582611775,,,Level 3 — 1156,https://sff2026.mapyourshow.com/8_0/exhibitor/exhibitor-details.cfm?exhid=343829,,,,,,,,,partial,1
Agape Energy Inc,United States,West Lawn,,Summer Fancy Food Show 2026,https://www.drinkagapeenergy.com,,+16107873182,,,Level 1 — 6346 — Indiana,https://sff2026.mapyourshow.com/8_0/exhibitor/exhibitor-details.cfm?exhid=349129,,,,,,,,,partial,1
Aghati For Sweets & Ice Cream Co. Ltd.,Jordan,Amman,,Summer Fancy Food Show 2026,https://www.aghatisweets.com/,order@aghatisweets.com,+962 6 489 4004,,https://www.instagram.com/aghatisweets,Level 3 — 1431 — Jordan,https://sff2026.mapyourshow.com/8_0/exhibitor/exhibitor-details.cfm?exhid=335650,,,,,,,,,partial,2
Agri-Food Export Group Quebec-Canada,Canada,Sainte-Julie,,Summer Fancy Food Show 2026,http://www.groupexport.ca/,info@groupexport.ca,(450) 649-6266,https://www.linkedin.com/company/groupexport,,Level 1 — 5056 — Canada,https://sff2026.mapyourshow.com/8_0/exhibitor/exhibitor-details.cfm?exhid=133442,,,,,,,,,partial,2
Agricultural Corp. Humanwell Co.,South Korea,Daegu,,Summer Fancy Food Show 2026,https://www.humanwell.co.kr/,,+82536523341,,,Level 1 — 5074 — Korea,https://sff2026.mapyourshow.com/8_0/exhibitor/exhibitor-details.cfm?exhid=342410,,,,,,,,,partial,1
AGRIDEAVALLILLO SRL,Italy,SERRACAPRIOLA,,Summer Fancy Food Show 2026,https://www.vallillo.it/,info@vallillo.it,+393883456472,,https://www.instagram.com/azienda_vallillo,Level 3 — 2514 — Italy,https://sff2026.mapyourshow.com/8_0/exhibitor/exhibitor-details.cfm?exhid=348453,,https://www.facebook.com/aziendaVallillo,,,,,,,partial,2
Agrimontana Intl.,Monaco,Monaco,,Summer Fancy Food Show 2026,http://www.agrimontana-international.com/,,310-988-5141,,https://instagram.com/agrimontana,Level 1 — 5039 — Italy,https://sff2026.mapyourshow.com/8_0/exhibitor/exhibitor-details.cfm?exhid=178239,,https://www.facebook.com/Agrimontana,,,,,,,partial,1
Agritalia,Italy,Naples,,Summer Fancy Food Show 2026,https://www.agritalia.com/,marketing@agritalia.com,+393486550806,,,Level 3 — 2532 — Italy,https://sff2026.mapyourshow.com/8_0/exhibitor/exhibitor-details.cfm?exhid=301386,,,,,,,,,partial,2
Agrocorp for Agriculture Investment,Egypt,cairo,,Summer Fancy Food Show 2026,http://www.foodyusa.net,export@agrocorp.net,+20223584014,,,Level 3 — 311 — Egypt,https://sff2026.mapyourshow.com/8_0/exhibitor/exhibitor-details.cfm?exhid=348429,,,,,,,,,partial,2
Agroland S.A.,Uruguay,Montevideo,,Summer Fancy Food Show 2026,https://colinasdegarzon.com/,,+598 27121111,,https://www.instagram.com/colinasdegarzon,Level 3 — 1157,https://sff2026.mapyourshow.com/8_0/exhibitor/exhibitor-details.cfm?exhid=101919,,https://www.facebook.com/tr,,,,,,,partial,1
Agroliva-USA,United States,Oakdale,,Summer Fancy Food Show 2026,https://www.agrolivausa.com,,2166006616,,,Level 3 — 2771,https://sff2026.mapyourshow.com/8_0/exhibitor/exhibitor-details.cfm?exhid=347365,,,,,,,,,partial,1
AGRONEGOCIOS WIRACCOCHA DEL PERU,Peru,SAN BORJA,,Summer Fancy Food Show 2026,https://www.wiraccocha.com,,51933896431,,,Level 1 — 5375 — Peru,https://sff2026.mapyourshow.com/8_0/exhibitor/exhibitor-details.cfm?exhid=315981,,,,,,,,,partial,1
AGROSEVILLA,Spain,Sevilla,,Summer Fancy Food Show 2026,http://www.agrosevilla.com,,3434954251400,,,Level 3 — 2319 — Spain,https://sff2026.mapyourshow.com/8_0/exhibitor/exhibitor-details.cfm?exhid=312900,,,,,,,,,partial,1
AGROVER S.R.L.,Italy,Lignana,,Summer Fancy Food Show 2026,https://www.agrover.it,info@agrover.it,390161344008,,,Level 3 — 3313 — Italy,https://sff2026.mapyourshow.com/8_0/exhibitor/exhibitor-details.cfm?exhid=317460,,,,,,,,,partial,2
Agrovim Sa,Greece,Kalamata,,Summer Fancy Food Show 2026,https://www.agrovim.gr/,infoagro@agrovim.gr,0030 2106423614,https://gr.linkedin.com/company/agro-vi-m-s-a-,https://www.instagram.com/iliada_olive_oil,Level 3 — 1931 — Greece,https://sff2026.mapyourshow.com/8_0/exhibitor/exhibitor-details.cfm?exhid=25758,,https://www.facebook.com/iliada.evoo,,,,,,,partial,2
Agthia Group Egypt,Egypt,Sadat City,,Summer Fancy Food Show 2026,http://www.agthia.com,,+201010033110,https://ae.linkedin.com/company/agthiagroup,https://www.instagram.com/agthiagroup,Level 3 — 313 — Egypt,https://sff2026.mapyourshow.com/8_0/exhibitor/exhibitor-details.cfm?exhid=342234,,https://www.facebook.com/AgthiaGroup,,,,,,,partial,1
AHMED FOODS PVT. LTD.,Pakistan,Karachi,,Summer Fancy Food Show 2026,https://ahmedfood.com/,info@ahmedfood.com,+92 313 2548928,https://www.linkedin.com/company/ahmedfoods,https://www.instagram.com/ahmedfoodsofficial,Level 1 — 5178 — Pakistan,https://sff2026.mapyourshow.com/8_0/exhibitor/exhibitor-details.cfm?exhid=349087,,https://www.facebook.com/AhmedFoodsOfficial,,,,,,,partial,2
AHMED MOHAMED ABDELGHANI AND HIS PARTNERS,Egypt,Sadat,,Summer Fancy Food Show 2026,https://www.mundo-eg.com/,,+201070706591,,,Level 1 — 3618,https://sff2026.mapyourshow.com/8_0/exhibitor/exhibitor-details.cfm?exhid=348818,,,,,,,,,partial,1
AHMETOGLU KONSERVE TAR. VE GIDA,Turkey,AYDIN,,Summer Fancy Food Show 2026,https://ahmetoglugida.com/,info@ahmetoglugida.com,(90) 532 469 92 09,https://www.linkedin.com/company/ahmeto-lu-konserve,https://www.instagram.com/ahmetoglukonserve,Level 3 — 1821 — Turkey,https://sff2026.mapyourshow.com/8_0/exhibitor/exhibitor-details.cfm?exhid=317796,,https://www.facebook.com/p/Ahmetoglu-Konserve-100054764259690,,,,,,,partial,2
"Air Products and Chemicals, Inc.",United States,Allentown,,Summer Fancy Food Show 2026,https://www.airproducts.com/,,+18006544567,https://www.linkedin.com/company/air-products,https://www.instagram.com/airproductsglobal,Level 3 — 2581,https://sff2026.mapyourshow.com/8_0/exhibitor/exhibitor-details.cfm?exhid=347172,,https://www.facebook.com/airproducts,,,,,,,partial,1
Aiya Matcha,United States,Torrance,,Summer Fancy Food Show 2026,https://www.aiya-america.com,Info@aiya-america.com,310-212-1395,,https://www.instagram.com/aiyamatcha,Level 1 — 5627 — Beverage Pavilion,https://sff2026.mapyourshow.com/8_0/exhibitor/exhibitor-details.cfm?exhid=102660,,https://www.facebook.com/tr,,,,,,,partial,2
AKCELEP PAMUK GIDA TARIM URN. TEKS. TURZ. SAN. TIC. ITH. IHR. LTD. STI.,Turkey,IZMIR,,Summer Fancy Food Show 2026,https://akcelep.com.tr/,akcelep@akcelep.com.tr,(90) 545-656 37 46,,,Level 3 — 1720 — Turkey,https://sff2026.mapyourshow.com/8_0/exhibitor/exhibitor-details.cfm?exhid=348191,,,,,,,,,partial,2
Akhmeta Wine Cellar,Georgia,Tbilisi,,Summer Fancy Food Show 2026,https://www.awc.ge,,995595100594,,,Level 3 — 2304 — Georgia,https://sff2026.mapyourshow.com/8_0/exhibitor/exhibitor-details.cfm?exhid=348217,,,,,,,,,partial,1
Aki Foods Japan,United States,Irvine,,Summer Fancy Food Show 2026,https://akifoodsjapan.com/,,949-878-2851,,,Level 1 — 5912,https://sff2026.mapyourshow.com/8_0/exhibitor/exhibitor-details.cfm?exhid=321821,,,,,,,,,partial,1
Aksu Foods Company,United States,New York,,Summer Fancy Food Show 2026,https://xacacantina.com/,,+13108670954,,,Level 3 — 1155,https://sff2026.mapyourshow.com/8_0/exhibitor/exhibitor-details.cfm?exhid=344305,,,,,,,,,partial,1
AKSU GIDA MAD. IML. SAN. VE TIC. LTD. ST,Turkey,KONYA,,Summer Fancy Food Show 2026,https://aksufood.com.tr/,,(90) 507-518 49 44,,,Level 1 — 4863 — Turkey,https://sff2026.mapyourshow.com/8_0/exhibitor/exhibitor-details.cfm?exhid=342102,,,,,,,,,partial,1
Aktaslar Lezzet Grubu Gida AS,Turkey,Ordu,,Summer Fancy Food Show 2026,https://www.aktaslardondurulmuslezzetler.com/,,+905380242884,https://www.linkedin.com/company/akta%C5%9Flar-lezzet-grubu-gida-anoni%CC%87m-%C5%9Fi%CC%87rketi%CC%87,https://www.instagram.com/aktaslar1981,Level 1 — 5553,https://sff2026.mapyourshow.com/8_0/exhibitor/exhibitor-details.cfm?exhid=344164,,https://www.facebook.com/tr,,,,,,,partial,1
"Al & John, Inc.",United States,West Caldwell,,Summer Fancy Food Show 2026,http://www.glenrockhams.com,,+19735217928,,,Level 1 — 5770,https://sff2026.mapyourshow.com/8_0/exhibitor/exhibitor-details.cfm?exhid=349156,,,,,,,,,partial,1
Al Barakeh Food Industries,Jordan,Amman,,Summer Fancy Food Show 2026,https://albarakehfood.com,Info@albarakehfood.com,00962795331200,,,Level 3 — 1427 — Jordan,https://sff2026.mapyourshow.com/8_0/exhibitor/exhibitor-details.cfm?exhid=348328,,,,,,,,,partial,2
"Al Dente, Inc.",United States,Saginaw,,Summer Fancy Food Show 2026,http://www.aldentepasta.com,,+17344498522,,,Level 1 — 5233,https://sff2026.mapyourshow.com/8_0/exhibitor/exhibitor-details.cfm?exhid=1578,,,,,,,,,partial,1
Al Farah Chocolate Manufacturing,Jordan,Amman,,Summer Fancy Food Show 2026,https://alfarah.jo,INFO@ALFARAH.JO,96264626656,,,Level 3 — 1424 — Jordan,https://sff2026.mapyourshow.com/8_0/exhibitor/exhibitor-details.cfm?exhid=343083,,,,,,,,,partial,2
Al Haj Mahmoud Habibah & Sons,Jordan,Amman,,Summer Fancy Food Show 2026,https://habibahsweets.com/,info@habibahsweets.com,962795550963,,https://www.instagram.com/habibah_sweets,Level 3 — 1533 — Jordan,https://sff2026.mapyourshow.com/8_0/exhibitor/exhibitor-details.cfm?exhid=343074,,https://www.facebook.com/tr,,,,,,,partial,2
Al Lazeeza For Invistment,Jordan,Amman,,Summer Fancy Food Show 2026,http://allazeeza.com.jo,,00962790784546,,,Level 3 — 1324 — Jordan,https://sff2026.mapyourshow.com/8_0/exhibitor/exhibitor-details.cfm?exhid=348325,,https://www.facebook.com/AllazeezaChocolateFactory,,,,,,,partial,1
Al Nejmah Sweets - Ramadan Abu Lebbeh & Sons Co. L. T. D,Jordan,Marka,,Summer Fancy Food Show 2026,https://alnejmah.com,,962790524018,,,Level 3 — 1519 — Jordan,https://sff2026.mapyourshow.com/8_0/exhibitor/exhibitor-details.cfm?exhid=343082,,https://www.facebook.com/tr,,,,,,,partial,1
Al Sakr For Food Industries Co.,Egypt,Alexandria,,Summer Fancy Food Show 2026,https://www.sakrgroup.net,,+203 5232136,https://ae.linkedin.com/company/sakr-group-for-international-investment,https://instagram.com/sakrgroup,Level 3 — 220 — Egypt,https://sff2026.mapyourshow.com/8_0/exhibitor/exhibitor-details.cfm?exhid=316702,,https://www.facebook.com/AlSakrGroup,,,,,,,partial,1
AL WAHAB RICE MILLS PVT LTD,Pakistan,GUJRANWALA,,Summer Fancy Food Show 2026,https://www.alwahabrice.com/,,92 308 8882506,,,Level 3 — 3351,https://sff2026.mapyourshow.com/8_0/exhibitor/exhibitor-details.cfm?exhid=343049,,,,,,,,,partial,1
Al Zaytouneh for Chocolate - Tops,Jordan,Amman,,Summer Fancy Food Show 2026,http://topschocolate.com,info@topschocolate.com,00962796959525,,https://www.instagram.com/topschocolatejo,Level 3 — 1429 — Jordan,https://sff2026.mapyourshow.com/8_0/exhibitor/exhibitor-details.cfm?exhid=348327,,https://www.facebook.com/TopsChocolateJo,,,,,,,partial,2
"Alberto's Food Products, Inc.",United States,Stillwater,,Summer Fancy Food Show 2026,https://www.albertosbrand.com,albertosrelish@att.net,+12818934776,,https://www.instagram.com/albertossweetjalapenorelish,Level 1 — 6257 — Oklahoma,https://sff2026.mapyourshow.com/8_0/exhibitor/exhibitor-details.cfm?exhid=347174,,https://www.facebook.com/Albertossweetjalapenorelish,,,,,,,partial,2
Alcar Uno s.p.a.,Italy,Castelnuovo Rangone,,Summer Fancy Food Show 2026,https://www.alcaruno.it/,,+39059534711,,,Level 3 — 2529 — Italy,https://sff2026.mapyourshow.com/8_0/exhibitor/exhibitor-details.cfm?exhid=314694,,,,,,,,,partial,1
Alef Sausage Inc.,United States,Mundelein,,Summer Fancy Food Show 2026,https://www.alefsausage.com,ex@abc.xyz,847-968-2533 (704),,https://www.instagram.com/alefsausage__,Level 3 — 940,https://sff2026.mapyourshow.com/8_0/exhibitor/exhibitor-details.cfm?exhid=200957,,https://www.facebook.com/AlefGourmetSausage,,,,,,,partial,2
ALER OIL FOOD AGRICULTURE INC.,Turkey,ADANA,,Summer Fancy Food Show 2026,https://eng.aleryag.com/,export@aleryag.com,(90) 322-248 88 84,,https://www.instagram.com/alerzeytin,Level 3 — 1711 — Turkey,https://sff2026.mapyourshow.com/8_0/exhibitor/exhibitor-details.cfm?exhid=348192,,https://www.facebook.com/alerzeytin,,,,,,,partial,2
Alex Fish For Fish Processing,Egypt,Behera,,Summer Fancy Food Show 2026,https://www.gwp-ltd.com,info@gwp-ltd.com,+201026503123,https://www.linkedin.com/company/gwpcapital,https://www.instagram.com/gwpcapital,Level 3 — 202 — Egypt,https://sff2026.mapyourshow.com/8_0/exhibitor/exhibitor-details.cfm?exhid=348423,,https://www.facebook.com/gwpcapital,,,,,,,partial,2
Alexian Pate,United States,Neptune,,Summer Fancy Food Show 2026,http://www.alexianpate.com,,(800) 927-9473,,https://www.instagram.com/alexian_pate,Level 3 — 366 — Deli Pavilion,https://sff2026.mapyourshow.com/8_0/exhibitor/exhibitor-details.cfm?exhid=5533,,https://www.facebook.com/AlexianPate,,,,,,,partial,1
Alifood,Italy,Genova,,Summer Fancy Food Show 2026,https://alifoodsrl.com/,n.alifoodpec@pec.it,390102091025,https://it.linkedin.com/company/alifood-srl,https://www.instagram.com/italian_feelings,Level 1 — 4944A — Italy,https://sff2026.mapyourshow.com/8_0/exhibitor/exhibitor-details.cfm?exhid=348499,,https://www.facebook.com/italianfeelings,,,,,,,partial,2
Alimenta Produzioni S.r.l.,Italy,Riccione,,Summer Fancy Food Show 2026,https://www.alimentaproduzioni.it,info@alimentaproduzioni.it,+39 0541729427,https://www.linkedin.com/company/alimenta-produzioni-s,https://www.instagram.com/alimentaitalia,Level 3 — 3301 — Italy,https://sff2026.mapyourshow.com/8_0/exhibitor/exhibitor-details.cfm?exhid=317464,,https://www.facebook.com/people/Alimenta/100080430698041,,,,,,,partial,2
ALIMENTOS CONICA S.A,Costa Rica,PARAISO,,Summer Fancy Food Show 2026,http://www.alimentosconica.com/,,(506)25513710,,,"Level 3 — 2476 — Confectionery, Snacks and Sweets Pavilion",https://sff2026.mapyourshow.com/8_0/exhibitor/exhibitor-details.cfm?exhid=344067,,,,,,,,,partial,1
ALKO SEKERLEME GIDA SAN. VE TIC.,Turkey,AFYONKARAHISAR,,Summer Fancy Food Show 2026,https://www.alkoconfectionery.com/,user@domain.com,https://wa.me/+905372535170,,https://www.instagram.com/alkosekerleme,Level 3 — 1608 — Turkey,https://sff2026.mapyourshow.com/8_0/exhibitor/exhibitor-details.cfm?exhid=348053,,http://www.facebook.com/2008/fbml,,,,,,,partial,2
ALL FIELDS ECUADOR,Ecuador,Samborondon,,Summer Fancy Food Show 2026,https://pacificfields.com.ec/,,+593 99 327 3363,,https://www.instagram.com/tortis_ec,Level 3 — 316B — Ecuador,https://sff2026.mapyourshow.com/8_0/exhibitor/exhibitor-details.cfm?exhid=342771,,https://www.facebook.com/tortis.ec,,,,,,,partial,1
alldae superfruit soda,United States,New York,,Summer Fancy Food Show 2026,https://drinkalldae.com/,,+16176008822,,,Level 1 — 5516 — Beverage Pavilion,https://sff2026.mapyourshow.com/8_0/exhibitor/exhibitor-details.cfm?exhid=341961,,,,,,,,,partial,1
Alle Processing Corp,United States,maspeth,,Summer Fancy Food Show 2026,https://www.alleprocessing.com,,718-894-2000,,,Level 1 — 6119 — NewYork,https://sff2026.mapyourshow.com/8_0/exhibitor/exhibitor-details.cfm?exhid=301669,,,,,,,,,partial,1
Allen Pickle Works Inc,United States,Glen Cove,,Summer Fancy Food Show 2026,https://www.hormansfamilypickles.com,ron@hormansfamilypickles.com,5166760640,,https://www.instagram.com/axiom_themes,Level 1 — 3423,https://sff2026.mapyourshow.com/8_0/exhibitor/exhibitor-details.cfm?exhid=336412,,https://www.facebook.com/AxiomThemes,,,,,,,partial,2
"ALLGOT CO., LTD.",South Korea,GUMISI,,Summer Fancy Food Show 2026,https://www.allgot.co.kr/,,821057714103,,,Level 1 — 4914,https://sff2026.mapyourshow.com/8_0/exhibitor/exhibitor-details.cfm?exhid=336307,,,,,,,,,partial,1
"ALLIED OLD ENGLISH, INC.",United States,Port Reading,,Summer Fancy Food Show 2026,https://www.alliedoldenglish.com/,,(732) 636-2060 629,,,Level 3 — 1860,https://sff2026.mapyourshow.com/8_0/exhibitor/exhibitor-details.cfm?exhid=100287,,,,,,,,,partial,1
"Allsomeday, LLC",United States,Lorton,,Summer Fancy Food Show 2026,https://www.atinypoke.com,user@domain.com,+115714050956,,http://instagram.com/squarespace,River Pavilion — 7219 — Debut District,https://sff2026.mapyourshow.com/8_0/exhibitor/exhibitor-details.cfm?exhid=344206,,http://www.facebook.com/2008/fbml,,,,,,,partial,2
"ALLWIN FOOD CO.,LTD","Taiwan, Province of China",Tainan City,,Summer Fancy Food Show 2026,https://www.allwinfood.com/,allwinfoodsales@gmail.com,+88665937665,https://www.linkedin.com/company/allwinfood1447,https://www.instagram.com/allwin_food,Level 1 — 5712 — Beverage Pavilion,https://sff2026.mapyourshow.com/8_0/exhibitor/exhibitor-details.cfm?exhid=346381,,https://www.facebook.com/profile.php,,,,,,,partial,1
ALMAZARAS DE LA SUBBETICA,Spain,Carcabuey,,Summer Fancy Food Show 2026,https://almazarasdelasubbetica.com/,%20comercial@almazarasdelasubbetica.com,(+34) 957 54 70 28,https://www.linkedin.com/company/almazarasdelasubbetica,https://www.instagram.com/almasubbetica,Level 3 — 2106 — Spain,https://sff2026.mapyourshow.com/8_0/exhibitor/exhibitor-details.cfm?exhid=325843,,https://www.facebook.com/almazarasdelasubbetica,,,,,,,partial,2
"ALO Drink by SPI West Port, Inc.",United States,South San Francisco,,Summer Fancy Food Show 2026,http://www.alodrink.com,info@alodrink.com,6506167777,,https://instagram.com/alodrink,Level 1 — 5807 — Beverage Pavilion,https://sff2026.mapyourshow.com/8_0/exhibitor/exhibitor-details.cfm?exhid=41858,,https://www.facebook.com/tr,,,,,,,partial,2
ALPI USA,United States,Valley Stream,,Summer Fancy Food Show 2026,https://us.alpiworld.com/,office.jfk@alpiusa.com,9179353324,https://www.linkedin.com/company/albini-,,Level 3 — 2780,https://sff2026.mapyourshow.com/8_0/exhibitor/exhibitor-details.cfm?exhid=306426,,https://www.facebook.com/alpiworld,,,,,,,partial,2
Alta Gama Foods,Spain,Madrid,,Summer Fancy Food Show 2026,https://www.altagamafoods.com,,210-962-9145,,,Level 3 — 275,https://sff2026.mapyourshow.com/8_0/exhibitor/exhibitor-details.cfm?exhid=301623,,,,,,,,,partial,1
ALTUNKAYA INS. NAK. GIDA TIC. A.S.,Turkey,Gaziantep,,Summer Fancy Food Show 2026,https://altunkaya.com/,info@altunkaya.com,(90) 342-357 03 57,,https://www.instagram.com/altunkayagroupglobal,Level 3 — 1822 — Turkey,https://sff2026.mapyourshow.com/8_0/exhibitor/exhibitor-details.cfm?exhid=303624,,https://www.facebook.com/altunkayagroupglobal,,,,,,,partial,2
ALVOAR LACTEOS S/A,Brazil,Lagoa da Prata,,Summer Fancy Food Show 2026,https://alvoarlacteos.com.br/,,+55 31 99295-2969,https://www.linkedin.com/company/alvoar-l%C3%A1cteos/about,,Level 3 — 229B — Brazil,https://sff2026.mapyourshow.com/8_0/exhibitor/exhibitor-details.cfm?exhid=342575,,,,,,,,,partial,1
Alya Foods,United States,North Brunswick,,Summer Fancy Food Show 2026,https://www.alyafoods.com/,info@alyafoods.com,917-496-8000,,https://www.instagram.com/alya.foods,Level 1 — 5320,https://sff2026.mapyourshow.com/8_0/exhibitor/exhibitor-details.cfm?exhid=109204,,https://www.facebook.com/Alyafoodsusa,,,,,,,partial,2
Amalthia S.A.,Greece,Kefalovryso,,Summer Fancy Food Show 2026,https://www.amalthia.com.gr/,info@amalthia.com.gr,+306947271612,,https://www.instagram.com/amalthia_sa,Level 3 — 1922 — Greece,https://sff2026.mapyourshow.com/8_0/exhibitor/exhibitor-details.cfm?exhid=315490,,https://www.facebook.com/Amalthia-SA-,,,,,,,partial,2
Amana Foods International,United States,Plainfield,,Summer Fancy Food Show 2026,https://www.amana-foods.com/,,https://wa.me/+971503524512,,https://www.instagram.com/hana_great_taste,Level 3 — 1972,https://sff2026.mapyourshow.com/8_0/exhibitor/exhibitor-details.cfm?exhid=306973,,https://www.facebook.com/AmanaFoods,,,,,,,partial,1
Ambrosi Cheese USA,United States,New York,,Summer Fancy Food Show 2026,http://ambrosifoodusa.com/,user@domain.com,718-233-2950,,http://www.instagram.com/ambrosicheeseusa,Level 3 — 453 — Deli Pavilion,https://sff2026.mapyourshow.com/8_0/exhibitor/exhibitor-details.cfm?exhid=122880,,http://www.facebook.com/2008/fbml,,,,,,,partial,2
Ameico,United States,New Milford,,Summer Fancy Food Show 2026,https://ameico.com,,+18603548765,,,Level 1 — 5258,https://sff2026.mapyourshow.com/8_0/exhibitor/exhibitor-details.cfm?exhid=317972,,,,,,,,,partial,1
American Beverage Marketers,United States,New Albany,,Summer Fancy Food Show 2026,http://www.abmcocktails.com,,812-944-3585,,,Level 1 — 5248,https://sff2026.mapyourshow.com/8_0/exhibitor/exhibitor-details.cfm?exhid=27946,,,,,,,,,partial,1
American Tuna Inc.,United States,Chula Vista,,Summer Fancy Food Show 2026,https://americantuna.com/,,+12165132092,,,Level 3 — 169,https://sff2026.mapyourshow.com/8_0/exhibitor/exhibitor-details.cfm?exhid=180024,,,,,,,,,partial,1
American Vinegar Works LLC,United States,Worcester,,Summer Fancy Food Show 2026,https://www.americanvinegarworks.com/,,617-209-9193,,,Level 1 — 4414,https://sff2026.mapyourshow.com/8_0/exhibitor/exhibitor-details.cfm?exhid=305216,,,,,,,,,partial,1
AMRU RICE CAMBODIA Co. Ltd.,Cambodia,Phnom Penh,,Summer Fancy Food Show 2026,https://amrurice.com.kh/,info@amrurice.com.kh,(855)23 990 900,https://kh.linkedin.com/company/amrurice,,Level 3 — 2575,https://sff2026.mapyourshow.com/8_0/exhibitor/exhibitor-details.cfm?exhid=121273,,https://www.facebook.com/amrurice,,,,,,,partial,2
"Amtrade, Inc.",United States,New York,,Summer Fancy Food Show 2026,http://www.amtradeinc.com,sales@amtradeinc.com,(212)725-0679,,,Level 1 — 6035,https://sff2026.mapyourshow.com/8_0/exhibitor/exhibitor-details.cfm?exhid=37473,,,,,,,,,partial,2
Anabtawi Sweets Co.,Jordan,Amman,,Summer Fancy Food Show 2026,https://anabtawisweets.com/,info@anabtawisweets.com,https://api.whatsapp.com/send?phone=962795212989,http://www.linkedin.com/company/anabtawi-sweets,http://www.instagram.com/anabtawisweets,Level 3 — 1318 — Jordan,https://sff2026.mapyourshow.com/8_0/exhibitor/exhibitor-details.cfm?exhid=305832,,https://facebook.com/anabtawisweets,,,,,,,partial,2
Ancient Crunch,United States,Hackettstown,,Summer Fancy Food Show 2026,https://www.masachips.com/,,908-310-6383,,,Level 1 — 5259,https://sff2026.mapyourshow.com/8_0/exhibitor/exhibitor-details.cfm?exhid=312380,,,,,,,,,partial,1
"Anderson International Foods, Inc.",United States,Jersey City,,Summer Fancy Food Show 2026,http://www.aifoods.com,info@aifoods.com,+15167472210,,,Level 3 — 475 — Deli Pavilion,https://sff2026.mapyourshow.com/8_0/exhibitor/exhibitor-details.cfm?exhid=101321,,,,,,,,,partial,2
Andre's Confiserie Suisse,United States,Kansas City,,Summer Fancy Food Show 2026,http://www.andreschocolates.com/,,816-561-3440,,,"Level 3 — 2549 — Confectionery, Snacks and Sweets Pavilion",https://sff2026.mapyourshow.com/8_0/exhibitor/exhibitor-details.cfm?exhid=131794,,,,,,,,,partial,1
"Aneto Natural USA, LLC.",United States,clovis,,Summer Fancy Food Show 2026,https://www.anetobroth.com/,aruano@anetonatural.com,5593050488,,https://www.instagram.com/anetobroth,Level 1 — 5643,https://sff2026.mapyourshow.com/8_0/exhibitor/exhibitor-details.cfm?exhid=336681,,https://www.facebook.com/tr,,,,,,,partial,2
ANICAV - ASSOCIAZIONE NAZIONALE INDUSTRIALI CONSERVE ALIMENTARI VEGETALI,Italy,NAPOLI,,Summer Fancy Food Show 2026,https://www.anicav.it,info@anicav.it,+390817347126,https://www.linkedin.com/company/anicav-associazione,https://www.instagram.com/anicav_associazione,Level 3 — 2519 — Italy,https://sff2026.mapyourshow.com/8_0/exhibitor/exhibitor-details.cfm?exhid=348455,,https://www.facebook.com/anicavassociazione,,,,,,,partial,2
Anjali's Cup,United States,Brooklyn,,Summer Fancy Food Show 2026,https://www.anjaliscup.com,,347-921-6397,,,Level 1 — 6145 — Brooklyn,https://sff2026.mapyourshow.com/8_0/exhibitor/exhibitor-details.cfm?exhid=316619,,,,,,,,,partial,1
ANSU GIDA PAZ. VE TİC. LTD. ŞTİ.,Turkey,Antalya,,Summer Fancy Food Show 2026,https://ansugida.com/,info@ansugida.com,+905523607507,,https://www.instagram.com/antalya_recelcisi,Level 3 — 2138,https://sff2026.mapyourshow.com/8_0/exhibitor/exhibitor-details.cfm?exhid=341302,,,,,,,,,partial,2
Anytime Bar Supplies,United States,Minneapolis,,Summer Fancy Food Show 2026,http://www.oliveoilpourspouts.com/,flags@2x.webp,763-777-8672,https://www.linkedin.com/company/anytime-olive-oil-products,https://www.instagram.com/anytime_olive_oil_products,Level 3 — 977,https://sff2026.mapyourshow.com/8_0/exhibitor/exhibitor-details.cfm?exhid=128698,,https://www.facebook.com/AnytimeOliveOilProducts,,,,,,,partial,2
Apex-Brasil,Brazil,Asal Sul,,Summer Fancy Food Show 2026,http://apexbrasil.com.br,apexbrasil@apexbrasil.com.br,https://api.whatsapp.com/send/?phone=556120270203&text&type=phone_number&app_absent=0,https://www.linkedin.com/company/apexbrasil,https://www.instagram.com/apexbrasil,Level 3 — 102 — Brazil,https://sff2026.mapyourshow.com/8_0/exhibitor/exhibitor-details.cfm?exhid=135204,,https://www.facebook.com/apexbrasil,,,,,,,partial,2
Appenzeller® Switzerland,Switzerland,Appenzell,,Summer Fancy Food Show 2026,http://www.appenzeller.ch,,+41 78 606 20 70,,,Level 3 — 749 — Deli Pavilion,https://sff2026.mapyourshow.com/8_0/exhibitor/exhibitor-details.cfm?exhid=102212,,,,,,,,,partial,1
Appetais Italia SpA,Italy,Genova,,Summer Fancy Food Show 2026,https://www.appetais.it,,+393939049469,,,Level 1 — 4948A — Italy,https://sff2026.mapyourshow.com/8_0/exhibitor/exhibitor-details.cfm?exhid=348503,,,,,,,,,partial,1
Apricot & Honey Gourmet,United States,Bethesda,,Summer Fancy Food Show 2026,http://www.apricotandhoneygourmet.com,sales@apricotandhoneygourmet.com,240-302-0821,https://www.linkedin.com/company/apricot-honey-gourmet,https://www.instagram.com/apricotandhoneygourmet,Level 3 — 1455,https://sff2026.mapyourshow.com/8_0/exhibitor/exhibitor-details.cfm?exhid=268536,,,,,,,,,partial,2
Arabian Food Industries ( Domty ),Egypt,Giza,,Summer Fancy Food Show 2026,https://www.domty.org/,info@domty.org,20235724924,https://www.linkedin.com/company/arabian-food-industries-%E2%80%93-domty-,https://www.instagram.com/domtyfresh,Level 3 — 216 — Egypt,https://sff2026.mapyourshow.com/8_0/exhibitor/exhibitor-details.cfm?exhid=342239,,,,,,,,,partial,2
"ARAM Co., Ltd.",South Korea,"Daejeon,",,Summer Fancy Food Show 2026,http://www.aramfood.co.kr,help@aramfood.co.kr,+82-426241181,,https://www.instagram.com/samsiokki35,Level 1 — 5745,https://sff2026.mapyourshow.com/8_0/exhibitor/exhibitor-details.cfm?exhid=314574,,https://www.facebook.com/samsiokki,,,,,,,partial,2
"ARAWOOM CO.,LTD",South Korea,YEOSU-SI,,Summer Fancy Food Show 2026,https://arawoom.com/,arawoom@arawoom.com,+821097799122,,https://www.instagram.com/arawoom_official,Level 3 — 603 — Korea,https://sff2026.mapyourshow.com/8_0/exhibitor/exhibitor-details.cfm?exhid=335894,,,,,,,,,partial,2
Arbor and Field,United States,califon,,Summer Fancy Food Show 2026,https://hoppyvalleyfarm.com/,,9736177235,,,River Pavilion — 7003A — SFA Spark Pavilion,https://sff2026.mapyourshow.com/8_0/exhibitor/exhibitor-details.cfm?exhid=336698,,,,,,,,,partial,1
Arcan Danismanlik Gida San Tic A.S,Turkey,Salihli / Manisa,,Summer Fancy Food Show 2026,http://www.gaiaoliva.com,,332-256-7751,,,Level 3 — 855,https://sff2026.mapyourshow.com/8_0/exhibitor/exhibitor-details.cfm?exhid=311337,,,,,,,,,partial,1
Arte Bianca SRL,Italy,MARGHERA,,Summer Fancy Food Show 2026,https://www.artebiancagroup.it/,info@artebiancagroup.it,00390415384233,,,Level 3 — 3126 — Italy,https://sff2026.mapyourshow.com/8_0/exhibitor/exhibitor-details.cfm?exhid=317320,,,,,,,,,partial,2
Artecarta Italia S.r.l.,Italy,Scafati,,Summer Fancy Food Show 2026,https://www.artecarta.it/,info@artecarta.it,https://api.whatsapp.com/send?phone=390818562845,https://it.linkedin.com/company/artecarta-italia,https://www.instagram.com/artecarta_italia,"Level 3 — 2371 — Confectionery, Snacks and Sweets Pavilion",https://sff2026.mapyourshow.com/8_0/exhibitor/exhibitor-details.cfm?exhid=344053,,https://www.facebook.com/artecartaitalia,,,,,,,partial,2
Artigiana Genovese S.r.l,Italy,Genova,,Summer Fancy Food Show 2026,https://www.artigianagenovese.com/,info@artigianagenovese.it,00390106671233,,,Level 1 — 4942B — Italy,https://sff2026.mapyourshow.com/8_0/exhibitor/exhibitor-details.cfm?exhid=341665,,,,,,,,,partial,2
Arya International LLC,United States,Colonia,,Summer Fancy Food Show 2026,https://eatarya.com/,,+18482299229,,,Level 1 — 5221,https://sff2026.mapyourshow.com/8_0/exhibitor/exhibitor-details.cfm?exhid=302751,,,,,,,,,partial,1
AS A. Le Coq,Estonia,Tartu,,Summer Fancy Food Show 2026,https://www.alecoq.ee/,info@alecoq.ee,+37253420388,,https://www.instagram.com/elusonmaitset,Level 1 — 5283 — Estonia,https://sff2026.mapyourshow.com/8_0/exhibitor/exhibitor-details.cfm?exhid=342650,,https://www.facebook.com/elusonmaitset,,,,,,,partial,2
As do Mar (Generale Conserve),Italy,Genova,,Summer Fancy Food Show 2026,http://www.asdomar.it,,00390105308711,,https://www.instagram.com/tonnoasdomar,Level 1 — 4946A — Italy,https://sff2026.mapyourshow.com/8_0/exhibitor/exhibitor-details.cfm?exhid=348501,,https://www.facebook.com/asdomar,,,,,,,partial,1
AS World USA LLC,United States,IRVINE,,Summer Fancy Food Show 2026,https://asworldusa.com/,info@asworldusa.com,+17789651942,,,"Level 3 — 2556 — Confectionery, Snacks and Sweets Pavilion",https://sff2026.mapyourshow.com/8_0/exhibitor/exhibitor-details.cfm?exhid=343513,,,,,,,,,partial,2
"Asamurasaki Co., Ltd.",Japan,Kasaoka-shi,,Summer Fancy Food Show 2026,https://www.asamurasaki.co.jp/,,+81-865-66-2727,,https://www.instagram.com/asamurasaki1910,Level 3 — 409A — Japan,https://sff2026.mapyourshow.com/8_0/exhibitor/exhibitor-details.cfm?exhid=342180,,https://www.facebook.com/asamurasaki,,,,,,,partial,1
Ascoli,United States,Mechanicsburg,,Summer Fancy Food Show 2026,https://www.ascolilowacid.com,ascoli-artwork-home-hero-product@2x.png,+17178234047,,,Level 1 — 5741,https://sff2026.mapyourshow.com/8_0/exhibitor/exhibitor-details.cfm?exhid=347183,,,,,,,,,partial,2
ASIA FOOD TECHNOLOGY JOINT STOCK COMPANY,Vietnam,Bac Ninh Province,,Summer Fancy Food Show 2026,https://afotech.vn,afotech@afotech.vn,+842223714146,https://www.linkedin.com/company/asiafoodtechnologyltd,,Level 1 — 3713,https://sff2026.mapyourshow.com/8_0/exhibitor/exhibitor-details.cfm?exhid=348163,,https://www.facebook.com/profile.php,,,,,,,partial,2
ASK MAKARNA,Turkey,MARDIN,,Summer Fancy Food Show 2026,https://askmakarna.com.tr/,,(90) 532-380 13 47,,https://www.instagram.com/askmakarna,Level 3 — 1911 — Turkey,https://sff2026.mapyourshow.com/8_0/exhibitor/exhibitor-details.cfm?exhid=348284,,https://www.facebook.com/askmakarna,,,,,,,partial,1
Atalanta Corp.,United States,Elizabeth,,Summer Fancy Food Show 2026,https://st-clemens.dk/,info@st-clemens.dk,2394980600,,https://www.instagram.com/bornholms_andelsmejeri,Level 3 — 2040,https://sff2026.mapyourshow.com/8_0/exhibitor/exhibitor-details.cfm?exhid=1762,,https://www.facebook.com/p/Bornholms-Andelsmejeri-61550872946455,,,,,,,partial,2
Audrey's Brittles,United States,Lorton,,Summer Fancy Food Show 2026,https://amazingaudreysbrittles.com,,+13103476489,,,River Pavilion — 7231 — Debut District,https://sff2026.mapyourshow.com/8_0/exhibitor/exhibitor-details.cfm?exhid=347196,,,,,,,,,partial,1
"AUNO Co., Ltd.",South Korea,Gyeongsangbuk-do,,Summer Fancy Food Show 2026,https://www.auno.kr,,+82-53-587-7110,,,Level 3 — 624 — Korea,https://sff2026.mapyourshow.com/8_0/exhibitor/exhibitor-details.cfm?exhid=348393,,,,,,,,,partial,1
"AUREATE CO., LTD",South Korea,INCHEON,,Summer Fancy Food Show 2026,http://www.aureate.co.kr,aureate2001@naver.com,+82-32-811-3121,,,Level 3 — 531 — Korea,https://sff2026.mapyourshow.com/8_0/exhibitor/exhibitor-details.cfm?exhid=348394,,,,,,,,,partial,2
"AURELIO CASTRO Y GONZALEZ, S.A.",Spain,Guijuelo,,Summer Fancy Food Show 2026,http://www.castroygonzalez.es/,,+34609394090,,,Level 1 — 5378 — Spain,https://sff2026.mapyourshow.com/8_0/exhibitor/exhibitor-details.cfm?exhid=348183,,,,,,,,,partial,1
Auricchio S.p.A/Ambriola/Locatelli,Italy,Cremona,,Summer Fancy Food Show 2026,https://www.ambriola.com,info@ambriola.com,+390372403311,,,Level 3 — 3130 — Italy,https://sff2026.mapyourshow.com/8_0/exhibitor/exhibitor-details.cfm?exhid=39807,,,,,,,,,partial,2
"Aurora Products, Inc.",United States,Orange,,Summer Fancy Food Show 2026,http://www.auroraproduct.com,ANatural@auroraproduct.com,(203)375-9956,,,Level 1 — 5238,https://sff2026.mapyourshow.com/8_0/exhibitor/exhibitor-details.cfm?exhid=7956,,,,,,,,,partial,2
AUSSEE OATS MILLING (PVT) LTD,Sri Lanka,SRI LANKA,,Summer Fancy Food Show 2026,https://oateo.co/,info@oateo.co,+94763481795,,https://www.instagram.com/oateooats,Level 1 — 4810,https://sff2026.mapyourshow.com/8_0/exhibitor/exhibitor-details.cfm?exhid=347267,,https://www.facebook.com/oateooats,,,,,,,partial,2
AVANTI (LABREZZA S.A.),Uruguay,LA PAZ,,Summer Fancy Food Show 2026,https://avantifoods.us/,,+59895669420,,,Level 3 — 2273,https://sff2026.mapyourshow.com/8_0/exhibitor/exhibitor-details.cfm?exhid=347457,,,,,,,,,partial,1
AVOD KURUTULMUS GIDA VE TARIM URUNLERI SAN. TIC. A.S.,Turkey,İZMİR,,Summer Fancy Food Show 2026,http://www.avod.com.tr/,,(90) 232-835 47 94,,,Level 3 — 1806 — Turkey,https://sff2026.mapyourshow.com/8_0/exhibitor/exhibitor-details.cfm?exhid=315179,,,,,,,,,partial,1
Avro Life Co.,United States,Austin,,Summer Fancy Food Show 2026,https://avrolife.com/,,+17048066637,,,River Pavilion — 7202 — Debut District,https://sff2026.mapyourshow.com/8_0/exhibitor/exhibitor-details.cfm?exhid=347698,,,,,,,,,partial,1
Awesome Ice Tea Co,United States,Sheridan,,Summer Fancy Food Show 2026,https://www.awesomeicetea.com/,,+16178998107,,,Level 1 — 4822B — Naturally Network,https://sff2026.mapyourshow.com/8_0/exhibitor/exhibitor-details.cfm?exhid=348203,,,,,,,,,partial,1
AZCOA,Portugal,Vila Nova de Foz Coa,,Summer Fancy Food Show 2026,https://www.azcoa.pt/,geral@azcoa.pt,+19734892178,,,Level 3 — 123 — Portugal,https://sff2026.mapyourshow.com/8_0/exhibitor/exhibitor-details.cfm?exhid=336120,,,,,,,,,partial,2
AZIENDA AGRICOLA SCISCI,Italy,MONOPOLI,,Summer Fancy Food Show 2026,https://www.agriscisci.it/,info@agriscisci.it,+39 0809376459,,https://www.instagram.com/scisci_azienda_agricola,Level 3 — 2502 — Italy,https://sff2026.mapyourshow.com/8_0/exhibitor/exhibitor-details.cfm?exhid=335041,,https://it-it.facebook.com/aziendaagricolascisci,,,,,,,partial,2
Azienda Agricola Trentacosti Società Semplice Agricola,Italy,Marineo,,Summer Fancy Food Show 2026,https://trentacosti.com/,,+393381697174,,,Level 1 — 4211A — La Dolce Sicilia,https://sff2026.mapyourshow.com/8_0/exhibitor/exhibitor-details.cfm?exhid=348051,,,,,,,,,partial,1
Azienda Collura Giorgio,Italy,Santo Stefano Quisquina,,Summer Fancy Food Show 2026,https://quisquinaprodotti.it,info@quisquinaprodotti.it,3283158942,,https://www.instagram.com/quisquinaprodotti.it,Level 1 — 4213A — La Dolce Sicilia,https://sff2026.mapyourshow.com/8_0/exhibitor/exhibitor-details.cfm?exhid=348164,,https://www.facebook.com/giuseppe.priolo.167,,,,,,,partial,2
"Azuma Foods Co., Ltd.",Japan,Mie-Prefecture,,Summer Fancy Food Show 2026,https://www.azumafoods.co.jp/,,059-396-5580,,https://www.instagram.com/takowasa.jp,Level 3 — 401 — Japan,https://sff2026.mapyourshow.com/8_0/exhibitor/exhibitor-details.cfm?exhid=337636,,,,,,,,,partial,1
AÇAÍ SUPER FRUTA,Brazil,Macapá,,Summer Fancy Food Show 2026,https://superfrutadamazonia.com.br/,,+55 91 99809-0740,,,Level 3 — 231B — Brazil,https://sff2026.mapyourshow.com/8_0/exhibitor/exhibitor-details.cfm?exhid=346491,,,,,,,,,partial,1
B&D Bubble Tea Trading Inc.,United States,Woodside,,Summer Fancy Food Show 2026,https://www.bdbubbletea.com,,+13479578099,,,Level 1 — 4117,https://sff2026.mapyourshow.com/8_0/exhibitor/exhibitor-details.cfm?exhid=337405,,,,,,,,,partial,1
B.T.R. NATION,United States,SAN FRANCISCO,,Summer Fancy Food Show 2026,https://www.btrnation.com,,646-331-7033,,,Level 1 — 4411B — Emerge CPG,https://sff2026.mapyourshow.com/8_0/exhibitor/exhibitor-details.cfm?exhid=318178,,,,,,,,,partial,1
BABBI SRL,Italy,BERTINORO,,Summer Fancy Food Show 2026,https://babbi.com,,+39 0543448598,,,Level 3 — 3304 — Italy,https://sff2026.mapyourshow.com/8_0/exhibitor/exhibitor-details.cfm?exhid=348478,,,,,,,,,partial,1
"Babe's Bottle (Beijing) Food Technology Co., Ltd.",China,Beijing,,Summer Fancy Food Show 2026,https://www.babebottle.com,,8618601776668,,,Level 1 — 3812,https://sff2026.mapyourshow.com/8_0/exhibitor/exhibitor-details.cfm?exhid=346787,,,,,,,,,partial,1
Backyard Buffalo,United States,Ponte Vedra Beach,,Summer Fancy Food Show 2026,http://backyardbuffalo.com,,(314) 560-8823,,,River Pavilion — 7426 — Good Food Mercantile (Sunday Only),https://sff2026.mapyourshow.com/8_0/exhibitor/exhibitor-details.cfm?exhid=347737,,,,,,,,,partial,1
"Badia Spices, Inc",United States,Doral,,Summer Fancy Food Show 2026,https://www.badiaspices.com/,poconfirm@badiaspices.com,305-629-8000 (213),,https://www.instagram.com/badiaspices,Level 1 — 5658,https://sff2026.mapyourshow.com/8_0/exhibitor/exhibitor-details.cfm?exhid=179596,,https://www.facebook.com/BadiaSpices,,,,,,,partial,2
Baekkyung Distillery,South Korea,Sejong-si,,Summer Fancy Food Show 2026,https://bk-distillery.com/,official@bk-distillery.com,+821048495923,,https://www.instagram.com/baekkyung_official,Level 1 — 5169 — Korea,https://sff2026.mapyourshow.com/8_0/exhibitor/exhibitor-details.cfm?exhid=347982,,https://www.facebook.com/profile.php,,,,,,,partial,2
Bags Go Green,United States,Sequim,,Summer Fancy Food Show 2026,http://www.bagsgogreen.com,info@bagsgogreen.com,(360) 681-3876,,,Level 1 — 5911,https://sff2026.mapyourshow.com/8_0/exhibitor/exhibitor-details.cfm?exhid=35682,,,,,,,,,partial,2
Bake & Take,United States,Brooklyn,,Summer Fancy Food Show 2026,https://www.anabestbread.com/,Alaa@anabestbread.net,3472777201,,,"Level 3 — 2742 — Confectionery, Snacks and Sweets Pavilion",https://sff2026.mapyourshow.com/8_0/exhibitor/exhibitor-details.cfm?exhid=337048,,,,,,,,,partial,2
Bake Sale,United States,MISSOULA,,Summer Fancy Food Show 2026,https://www.bakesalebakeshop.com/,,+14068304783,,,River Pavilion — 7238 — Debut District,https://sff2026.mapyourshow.com/8_0/exhibitor/exhibitor-details.cfm?exhid=347864,,,,,,,,,partial,1
Baker's Cupboard LLC,United States,Clifton,,Summer Fancy Food Show 2026,https://www.bakerscupboardllc.com/,bakerscupboard@gmail.com,+18625911306,,,Level 3 — 551 — Deli Pavilion,https://sff2026.mapyourshow.com/8_0/exhibitor/exhibitor-details.cfm?exhid=314190,,,,,,,,,partial,1
Bakerly LLC,United States,Coral Gables,,Summer Fancy Food Show 2026,http://www.bakerly.com/,,786-539-5888.,,,Level 1 — 5422,https://sff2026.mapyourshow.com/8_0/exhibitor/exhibitor-details.cfm?exhid=127512,,,,,,,,,partial,1
Baking Coach,United States,Bellport,,Summer Fancy Food Show 2026,https://bakingcoach.com/,,631-543-8608,,,Level 1 — 6247A,https://sff2026.mapyourshow.com/8_0/exhibitor/exhibitor-details.cfm?exhid=306650,,,,,,,,,partial,1
BAKRAC DAIRY (FIMAR HOLDING),Turkey,AMASYA,,Summer Fancy Food Show 2026,http://www.bakrac.com.tr/,bakrac@bakrac.com.tr,(90) 533-777 76 17,,,Level 1 — 4848 — Turkey,https://sff2026.mapyourshow.com/8_0/exhibitor/exhibitor-details.cfm?exhid=348296,,,,,,,,,partial,2
Balsnack International Holding AS,Estonia,Ääsmäe,,Summer Fancy Food Show 2026,https://balsnack.ee/,info@balsnack.ee,+3725029695,,,Level 1 — 5269 — Estonia,https://sff2026.mapyourshow.com/8_0/exhibitor/exhibitor-details.cfm?exhid=301106,,https://www.facebook.com/Balsnack,,,,,,,partial,2
Balsu USA inc,United States,Portland,,Summer Fancy Food Show 2026,https://www.balsugida.com/,ikon1@4xx.svg,+19494662955,https://www.linkedin.com/company/balsu-gida,https://www.instagram.com/balsuofficial,Level 3 — 1847,https://sff2026.mapyourshow.com/8_0/exhibitor/exhibitor-details.cfm?exhid=348562,,https://www.facebook.com/profile.php,,,,,,,partial,2
Bambler Natural,United States,lakewood,,Summer Fancy Food Show 2026,https://bambler.com/,,+19299691935,,,Level 1 — 3617,https://sff2026.mapyourshow.com/8_0/exhibitor/exhibitor-details.cfm?exhid=348184,,,,,,,,,partial,1
Baobab Foods LLC,United States,Seattle,,Summer Fancy Food Show 2026,https://www.baobabfoods.com/,,310-562-0897,,,Level 1 — 4918 — Naturally Network,https://sff2026.mapyourshow.com/8_0/exhibitor/exhibitor-details.cfm?exhid=338544,,,,,,,,,partial,1
Bar B Q Life LLC,United States,Marietta,,Summer Fancy Food Show 2026,http://www.williamsonbros.com,,+17704999797,,https://www.instagram.com/williamsonbrosbarbq,Level 1 — 6264,https://sff2026.mapyourshow.com/8_0/exhibitor/exhibitor-details.cfm?exhid=349120,,https://www.facebook.com/tr,,,,,,,partial,1
Bar-S Foods Company,United States,Phoenix,,Summer Fancy Food Show 2026,https://www.bar-s.com,,3129270135,,,Level 3 — 375 — Deli Pavilion,https://sff2026.mapyourshow.com/8_0/exhibitor/exhibitor-details.cfm?exhid=301827,,,,,,,,,partial,1
Baratti & Milano,Italy,Bra,,Summer Fancy Food Show 2026,https://www.barattiemilano.it/,,39 3482340261,,,Level 3 — 3320A — Italy,https://sff2026.mapyourshow.com/8_0/exhibitor/exhibitor-details.cfm?exhid=313849,,,,,,,,,partial,1
Barbera Caffe' SpA,Italy,Napoli,,Summer Fancy Food Show 2026,https://www.caffebarbera.com/,ecommerce@caffebarbera.com,+39 0818120293,http://www.linkedin.com/company/caffe-barbera-co-,https://www.instagram.com/caffebarbera,Level 3 — 3318 — Italy,https://sff2026.mapyourshow.com/8_0/exhibitor/exhibitor-details.cfm?exhid=348480,,https://www.facebook.com/tr,,,,,,,partial,2
Barberi International,United States,Miami,,Summer Fancy Food Show 2026,https://luluplantainchips.com/,,+17862028950,,,"Level 3 — 2456 — Confectionery, Snacks and Sweets Pavilion",https://sff2026.mapyourshow.com/8_0/exhibitor/exhibitor-details.cfm?exhid=347416,,,,,,,,,partial,1
Barberá Snacks,Spain,"Algemesí, Valencia",,Summer Fancy Food Show 2026,https://barberasnacks.com/,barberasnacks@barberasnacks.com,962428050,,,"Level 3 — 2244 — Confectionery, Snacks and Sweets Pavilion",https://sff2026.mapyourshow.com/8_0/exhibitor/exhibitor-details.cfm?exhid=309226,,,,,,,,,partial,2
BARIS,United States,Chicago,,Summer Fancy Food Show 2026,https://www.everybaris.com/,info@everybaris,3057660621,,https://www.instagram.com/everybaris,River Pavilion — 7041 — Debut District,https://sff2026.mapyourshow.com/8_0/exhibitor/exhibitor-details.cfm?exhid=335466,,,,,,,,,partial,2
Barkman Honey LLC,United States,Hillsboro,,Summer Fancy Food Show 2026,https://barkmanhoney.com/,,8003646623,,,Level 3 — 1370,https://sff2026.mapyourshow.com/8_0/exhibitor/exhibitor-details.cfm?exhid=337115,,https://www.facebook.com/barkmanhoney,,,,,,,partial,1
BARRED WOODS LLC,United States,UNDERHILL,,Summer Fancy Food Show 2026,https://barredwoodsmaple.com/,,+18028994572,,,River Pavilion — 7111B — Debut District,https://sff2026.mapyourshow.com/8_0/exhibitor/exhibitor-details.cfm?exhid=347646,,,,,,,,,partial,1
Barsmith Cocktail Mixers,United States,Austin,,Summer Fancy Food Show 2026,http://www.barsmithmix.com,openbar@barsmithmix.com,877-434-6755,,http://www.instagram.com/barsmithmix,Level 1 — 5615 — Beverage Pavilion,https://sff2026.mapyourshow.com/8_0/exhibitor/exhibitor-details.cfm?exhid=104645,,http://www.facebook.com/2008/fbml,,,,,,,partial,2
Bartolini Emilio S.r.l.,Italy,ARRONE,,Summer Fancy Food Show 2026,https://www.frantoiobartolini.com/,,0039744389142,,,Level 3 — 2723 — Italy,https://sff2026.mapyourshow.com/8_0/exhibitor/exhibitor-details.cfm?exhid=317439,,,,,,,,,partial,1
Bascom Maple Farm Inc. dba Coombs Family Farms,United States,Alstead,,Summer Fancy Food Show 2026,https://www.coombsfamilyfarms.com/,,802-257-8100,,,Level 3 — 1863,https://sff2026.mapyourshow.com/8_0/exhibitor/exhibitor-details.cfm?exhid=7960,,,,,,,,,partial,1
Bauducco Foods Inc.,United States,Miami,,Summer Fancy Food Show 2026,https://www.bauducco.com,,(305) 477-9270,,https://www.instagram.com/bauducco,"Level 3 — 2561 — Confectionery, Snacks and Sweets Pavilion",https://sff2026.mapyourshow.com/8_0/exhibitor/exhibitor-details.cfm?exhid=35779,,https://www.facebook.com/Bauduccobrasil,,,,,,,partial,1
BAUER S.P.A.,Italy,Trento,,Summer Fancy Food Show 2026,https://www.bauer.it/,info@bauer.it,00 39 0461944350,https://www.linkedin.com/company/7106825/admin/feed/posts,https://www.instagram.com/bauer_trentino,Level 3 — 3306 — Italy,https://sff2026.mapyourshow.com/8_0/exhibitor/exhibitor-details.cfm?exhid=337791,,https://www.facebook.com/tr,,,,,,,partial,2
BAWDY LLC,United States,New york,,Summer Fancy Food Show 2026,https://littlesyl.com/,,+116463617090,,,River Pavilion — 7226 — Debut District,https://sff2026.mapyourshow.com/8_0/exhibitor/exhibitor-details.cfm?exhid=344194,,,,,,,,,partial,1
"BC Gourmet USA, Inc.",United States,Gloucester,,Summer Fancy Food Show 2026,http://www.saucesnlove.com,,781-595-7771,,,Level 3 — 1260,https://sff2026.mapyourshow.com/8_0/exhibitor/exhibitor-details.cfm?exhid=27784,,,,,,,,,partial,1
Be Truffle,Italy,Rome,,Summer Fancy Food Show 2026,https://www.betruffle.com,,069588047,,,Level 3 — 3018 — Italy,https://sff2026.mapyourshow.com/8_0/exhibitor/exhibitor-details.cfm?exhid=335578,,,,,,,,,partial,1
Beanhut Corp,United States,Seattle,,Summer Fancy Food Show 2026,https://beanhut.com/,,+12066275212,,https://www.instagram.com/beanhutfnb,Level 1 — 5717 — Beverage Pavilion,https://sff2026.mapyourshow.com/8_0/exhibitor/exhibitor-details.cfm?exhid=321835,,https://www.facebook.com/beanhutfnb,,,,,,,partial,1
"Beaverton Foods, Inc.",United States,Hillsboro,,Summer Fancy Food Show 2026,https://www.beavertonfoods.com,info@beavertonfoods.com,503-646-8138,https://www.linkedin.com/company/beaverton-foods,https://www.instagram.com/inglehofferbrand,Level 3 — 1667,https://sff2026.mapyourshow.com/8_0/exhibitor/exhibitor-details.cfm?exhid=1018,,https://www.facebook.com/inglehoffer,,,,,,,partial,2
Beck's Broth,Canada,Kitchener,,Summer Fancy Food Show 2026,https://becksbroth.com/,,289-952-7600,,,Level 1 — 4512A — Startup CPG,https://sff2026.mapyourshow.com/8_0/exhibitor/exhibitor-details.cfm?exhid=347535,,,,,,,,,partial,1
Bee Brazil (Apis Nativa),Brazil,Araranguá,,Summer Fancy Food Show 2026,https://www.beebrazil.com,,+55 48 99137-0699,,,Level 3 — 112B — Brazil,https://sff2026.mapyourshow.com/8_0/exhibitor/exhibitor-details.cfm?exhid=342582,,,,,,,,,partial,1
Bee's Beverages Corporation,United States,Hamilton,,Summer Fancy Food Show 2026,http://www.beeswater.com,,609-662-1812,,https://www.instagram.com/drinkbeeswater,Level 1 — 6323 — New Jersey,https://sff2026.mapyourshow.com/8_0/exhibitor/exhibitor-details.cfm?exhid=126131,,https://www.facebook.com/drinkbeeswater,,,,,,,partial,1
Beehive Cheese Co. BLLC,United States,Uintah,,Summer Fancy Food Show 2026,http://www.beehivecheese.com,,(801)476-0900,,,Level 3 — 671 — ACS Pavilion,https://sff2026.mapyourshow.com/8_0/exhibitor/exhibitor-details.cfm?exhid=41960,,,,,,,,,partial,1
BEEMAX LLC,United States,Wayne,,Summer Fancy Food Show 2026,https://beemax.us/,,646-750-0990,,,Level 1 — 3608,https://sff2026.mapyourshow.com/8_0/exhibitor/exhibitor-details.cfm?exhid=301067,,,,,,,,,partial,1
"Beijing Tianhe International Exhibition Co., Ltd.",China,Beijing,,Summer Fancy Food Show 2026,,,(10)84933273,,,Level 1 — 5570 — China,https://sff2026.mapyourshow.com/8_0/exhibitor/exhibitor-details.cfm?exhid=105692,,,,,,,,,partial,1
Beit Hashita,Israel,Beit Hashita,,Summer Fancy Food Show 2026,https://eng.beithashita.co.il/,,+972545418567,,,Level 1 — 4910,https://sff2026.mapyourshow.com/8_0/exhibitor/exhibitor-details.cfm?exhid=341369,,,,,,,,,partial,1
BELAS FILOTAS AND SON S.A.,Greece,Katerini,,Summer Fancy Food Show 2026,https://www.belasfoods.gr/,ninfo@belasfoods.gr,00302331509037,https://www.linkedin.com/company/http-www,,Level 3 — 2022A — Greece,https://sff2026.mapyourshow.com/8_0/exhibitor/exhibitor-details.cfm?exhid=315017,,https://www.facebook.com/belasfoods,,,,,,,partial,2
Belberry Trading Company bv,Belgium,Kortrijk,,Summer Fancy Food Show 2026,https://www.belberry.com/,info@belberry.com,+3256220560,,http://www.instagram.com/belberry,Level 3 — 2968,https://sff2026.mapyourshow.com/8_0/exhibitor/exhibitor-details.cfm?exhid=301132,,http://www.facebook.com/belberrypreserves,,,,,,,partial,2
Belgian Chocolate LLC,United States,Brooklyn,,Summer Fancy Food Show 2026,https://www.odeliacioccolato.com,info@odelia.it,+18622176449,,https://www.instagram.com/odelia.it,Level 1 — 3403,https://sff2026.mapyourshow.com/8_0/exhibitor/exhibitor-details.cfm?exhid=349270,,https://www.facebook.com/odelia.it,,,,,,,partial,2
"BelGioioso Cheese, Inc.",United States,Green Bay,,Summer Fancy Food Show 2026,https://www.belgioioso.com,info@belgioioso.com,9208632123,,https://www.instagram.com/BelGioiosoCheese,Level 3 — 3138,https://sff2026.mapyourshow.com/8_0/exhibitor/exhibitor-details.cfm?exhid=1547,,https://www.facebook.com/BelGioiosoCheese,,,,,,,partial,2
Belgium's Chocolate Source,United States,Milton,,Summer Fancy Food Show 2026,http://www.belgiumschocolatesource.com,sales@belgiumschocolatesource.com,+17812835787,,https://www.instagram.com/belgiumschocolatesource,"Level 3 — 2637 — Confectionery, Snacks and Sweets Pavilion",https://sff2026.mapyourshow.com/8_0/exhibitor/exhibitor-details.cfm?exhid=10510,,https://www.facebook.com/belgiumschocolatesource,,,,,,,partial,2
Belgravia Imports,United States,Middletown,,Summer Fancy Food Show 2026,http://www.belgraviaimports.com/,belgravia@belgraviaimports.com,401-683-3323,,https://www.instagram.com/belgraviaimports,"Level 3 — 2640 — Confectionery, Snacks and Sweets Pavilion",https://sff2026.mapyourshow.com/8_0/exhibitor/exhibitor-details.cfm?exhid=26482,,http://www.facebook.com/2008/fbml,,,,,,,partial,2
Bell International Inc,Japan,Chiyoda-ku,,Summer Fancy Food Show 2026,https://bell-inter.net/,,+81-3-5577-2124,,https://www.instagram.com/bellinternational,Level 3 — 431 — Japan,https://sff2026.mapyourshow.com/8_0/exhibitor/exhibitor-details.cfm?exhid=347900,,,,,,,,,partial,1
Bella Bella Gourmet Foods LLC,United States,West Haven,,Summer Fancy Food Show 2026,http://www.bellabellagourmet.com/,,(203)937-9389,,,Level 3 — 244,https://sff2026.mapyourshow.com/8_0/exhibitor/exhibitor-details.cfm?exhid=131008,,,,,,,,,partial,1
Bella Cucina Artful Food,United States,Atlanta,,Summer Fancy Food Show 2026,http://www.bellacucina.com,,678-539-8400,,,Level 1 — 5663,https://sff2026.mapyourshow.com/8_0/exhibitor/exhibitor-details.cfm?exhid=3717,,,,,,,,,partial,1
Bella Sicilia USA,United States,Staten Island,,Summer Fancy Food Show 2026,https://www.bellasiciliausa.com,contact@bellasiciliausa.com,+119178318061,,,Level 3 — 3058,https://sff2026.mapyourshow.com/8_0/exhibitor/exhibitor-details.cfm?exhid=346931,,https://www.facebook.com/profile.php,,,,,,,partial,2
Bellei - Balsamic Vinegar of Modena,Italy,Casoni di Ravarino,,Summer Fancy Food Show 2026,https://www.bellei.it/,info@bellei.it,+39 059 909111,https://www.linkedin.com/company/acetaiabellei1,https://www.instagram.com/acetaiabellei,Level 3 — 3200 — Italy,https://sff2026.mapyourshow.com/8_0/exhibitor/exhibitor-details.cfm?exhid=301598,,https://it-it.facebook.com/acetaiabellei,,,,,,,partial,2
BELLI USA Inc.,United States,Chicago,,Summer Fancy Food Show 2026,https://www.biscottificiobelli.it/,,312-523-4006,,,"Level 3 — 2741 — Confectionery, Snacks and Sweets Pavilion",https://sff2026.mapyourshow.com/8_0/exhibitor/exhibitor-details.cfm?exhid=307839,,,,,,,,,partial,1
Belmoca NV,Belgium,Londerzeel,,Summer Fancy Food Show 2026,https://www.belmio.com/,customerservice@belmoca.com,32 475 63 89 07,https://www.linkedin.com/company/belmoca---belmio,https://www.instagram.com/belmio.official,Level 1 — 5715 — Beverage Pavilion,https://sff2026.mapyourshow.com/8_0/exhibitor/exhibitor-details.cfm?exhid=178690,,https://www.facebook.com/Belmio.Official,,,,,,,partial,2
"Belmont Peanuts of Southampton, Inc.",United States,Courtland,,Summer Fancy Food Show 2026,http://www.belmontpeanuts.com,,434-658-4613,,,Level 1 — 6233 — Virginia,https://sff2026.mapyourshow.com/8_0/exhibitor/exhibitor-details.cfm?exhid=38899,,,,,,,,,partial,1
Ben Tre Coconut Investment JSC,Vietnam,Vinh Long,,Summer Fancy Food Show 2026,https://www.beinco.com.vn/,info@beinco.vn,842753836668,,,Level 1 — 6021,https://sff2026.mapyourshow.com/8_0/exhibitor/exhibitor-details.cfm?exhid=343605,,https://www.facebook.com/messages/t/395155084226341,,,,,,,partial,2
Ben's Beef Tallow LLC,United States,Kennett Square,,Summer Fancy Food Show 2026,https://Butcherbens.com,info@butcherbens.com,+12152084475,,https://www.instagram.com/butcherbens,Level 1 — 6443 — Pennsylvania,https://sff2026.mapyourshow.com/8_0/exhibitor/exhibitor-details.cfm?exhid=338706,,https://www.facebook.com,,,,,,,partial,2
"Ben's Pure Maple Products, LLC",United States,Temple,,Summer Fancy Food Show 2026,https://bensmaplesyrup.com/,,603-924-3111,,,Level 1 — 4622,https://sff2026.mapyourshow.com/8_0/exhibitor/exhibitor-details.cfm?exhid=107764,,,,,,,,,partial,1
Berlin Packaging,United States,Secaucus,,Summer Fancy Food Show 2026,https://www.berlinpackaging.com,,7739805231,https://www.linkedin.com/company/berlin-packaging,https://www.instagram.com/berlinpackaging,Level 1 — 5923,https://sff2026.mapyourshow.com/8_0/exhibitor/exhibitor-details.cfm?exhid=1661,,https://www.facebook.com/BerlinPackaging,,,,,,,partial,1
BERNAL ALIMENTACION,Spain,Alicante,,Summer Fancy Food Show 2026,https://www.aceitunasbernal.com,,(+34)965310987,,,Level 3 — 2331 — Spain,https://sff2026.mapyourshow.com/8_0/exhibitor/exhibitor-details.cfm?exhid=316995,,,,,,,,,partial,1
Berryfield Bottling,United States,Geneva,,Summer Fancy Food Show 2026,http://www.redjacketorchards.com,,+13157870105,,,Level 1 — 6111 — NewYork,https://sff2026.mapyourshow.com/8_0/exhibitor/exhibitor-details.cfm?exhid=28452,,,,,,,,,partial,1
Bertagni 1882 USA,Italy,Arcugnano,,Summer Fancy Food Show 2026,http://www.bertagni.it,,393703053129,,,Level 3 — 956,https://sff2026.mapyourshow.com/8_0/exhibitor/exhibitor-details.cfm?exhid=301549,,https://www.facebook.com/Bertagni1882,,,,,,,partial,1
BESE HELVACILIK SEKERLEME SAN VE TIC AS,Turkey,İZMİR,,Summer Fancy Food Show 2026,https://www.besegida.com/,,https://wa.me/905495222373,https://co.linkedin.com/company/bese-gida,https://www.instagram.com/besehelva,Level 3 — 1825 — Turkey,https://sff2026.mapyourshow.com/8_0/exhibitor/exhibitor-details.cfm?exhid=341738,,https://www.facebook.com/besehelva,,,,,,,partial,1
BESSAN MAKARNA GIDA SAN. VE TIC. A.S.,Turkey,Şehitkamil/GAZİANTEP,,Summer Fancy Food Show 2026,https://www.beslerpasta.com/,besler@beslermakarna.com,973-928-5915,https://www.linkedin.com/company/beslermakarna,https://www.instagram.com/beslerpasta,Level 1 — 5334,https://sff2026.mapyourshow.com/8_0/exhibitor/exhibitor-details.cfm?exhid=301209,,https://www.facebook.com/beslergroup,,,,,,,partial,2
Best in the West LLC,United States,Deming,,Summer Fancy Food Show 2026,https://losroast.com,sales@losroast.com,+15755450062,,https://www.instagram.com/losroast,Level 1 — 6360 — New Mexico,https://sff2026.mapyourshow.com/8_0/exhibitor/exhibitor-details.cfm?exhid=347343,,http://www.facebook.com/2008/fbml,,,,,,,partial,2
Best International Foods LLC,United States,Austin,,Summer Fancy Food Show 2026,https://www.beestsnacks.com/,,5129035939,,,Level 1 — 4309B — Included,https://sff2026.mapyourshow.com/8_0/exhibitor/exhibitor-details.cfm?exhid=344353,,,,,,,,,partial,1
Better Boba,United States,PORTLAND,,Summer Fancy Food Show 2026,https://thebetterboba.com/,,+15033806874,,https://www.instagram.com/thebetterboba,River Pavilion — 7018A — Debut District,https://sff2026.mapyourshow.com/8_0/exhibitor/exhibitor-details.cfm?exhid=347929,,https://www.facebook.com/tr,,,,,,,partial,1
Better Bovine,United States,Chicago,,Summer Fancy Food Show 2026,https://us.buybetterbovine.com,,6478286030,,,River Pavilion — 7224 — Debut District,https://sff2026.mapyourshow.com/8_0/exhibitor/exhibitor-details.cfm?exhid=346612,,,,,,,,,partial,1
Better with Almonds,Portugal,Castelo Branco,,Summer Fancy Food Show 2026,http://www.betterwithalmonds.com,,+351272094275,,,Level 3 — 125A — Portugal,https://sff2026.mapyourshow.com/8_0/exhibitor/exhibitor-details.cfm?exhid=348451,,,,,,,,,partial,1
BetterBody Foods LLC,United States,Lindon,,Summer Fancy Food Show 2026,https://www.betterbodyfoods.com/,contactus@betterbodyfoods.com,866-404-6582,,https://www.instagram.com/betterbodyfoods,Level 1 — 6011,https://sff2026.mapyourshow.com/8_0/exhibitor/exhibitor-details.cfm?exhid=134022,,https://www.facebook.com/betterbodyfoods,,,,,,,partial,2
Bibite Polara Srl,Italy,Modica,,Summer Fancy Food Show 2026,https://www.polara.it,info@polara.it,+390932941525,,https://www.instagram.com/bibitepolara,Level 3 — 3229 — Italy,https://sff2026.mapyourshow.com/8_0/exhibitor/exhibitor-details.cfm?exhid=315079,,https://www.facebook.com/BibitePolara,,,,,,,partial,2
Bifrost Kitchen LLC,United States,Boyceville,,Summer Fancy Food Show 2026,https://bifrostbutters.com/,,+116578180622,,,Level 1 — 4409A — Emerge CPG,https://sff2026.mapyourshow.com/8_0/exhibitor/exhibitor-details.cfm?exhid=347277,,,,,,,,,partial,1
BIG BEAR HONEY LLC,United States,ZEELAND,,Summer Fancy Food Show 2026,https://www.bigbearhoney.com,,+16168433452,,,Level 1 — 6421 — Michigan,https://sff2026.mapyourshow.com/8_0/exhibitor/exhibitor-details.cfm?exhid=347998,,,,,,,,,partial,1
Big Mama’s Foods,United States,Miami,,Summer Fancy Food Show 2026,https://bigmamafoods.com/,,3055239495,,,Level 1 — 6212 — SUSTA,https://sff2026.mapyourshow.com/8_0/exhibitor/exhibitor-details.cfm?exhid=336840,,,,,,,,,partial,1
Big Sky Brands Inc.,Canada,Toronto,,Summer Fancy Food Show 2026,https://www.bigskybrands.com,,(416) 599-5415,,,Level 1 — 5149 — Canada,https://sff2026.mapyourshow.com/8_0/exhibitor/exhibitor-details.cfm?exhid=104503,,,,,,,,,partial,1
Big Spoon Roasters,United States,Hillsborough,,Summer Fancy Food Show 2026,https://bigspoonroasters.com/,,919-245-8600,,,River Pavilion — 7323 — Good Food Mercantile (Sunday Only),https://sff2026.mapyourshow.com/8_0/exhibitor/exhibitor-details.cfm?exhid=178727,,,,,,,,,partial,1
Big Tiny General LLC,United States,Albany,,Summer Fancy Food Show 2026,http://www.oozwater.com,,+14125833310,,,Level 1 — 4307B — Included,https://sff2026.mapyourshow.com/8_0/exhibitor/exhibitor-details.cfm?exhid=347973,,,,,,,,,partial,1
Big Yum,Canada,Toronto,,Summer Fancy Food Show 2026,http://www.bigyum.com,hello@bigyum.com,(416) 661-9600,,,Level 1 — 5147 — Canada,https://sff2026.mapyourshow.com/8_0/exhibitor/exhibitor-details.cfm?exhid=347617,,https://www.facebook.com/profile.php,,,,,,,partial,2
"BILL Operations, LLC.",United States,San Jose,,Summer Fancy Food Show 2026,https://www.bill.com/,,+1116195127885,https://www.linkedin.com/company/bill,https://www.instagram.com/bill_hq,Level 3 — 1143 — Premier Providers,https://sff2026.mapyourshow.com/8_0/exhibitor/exhibitor-details.cfm?exhid=344307,,https://www.facebook.com/hq.bill,,,,,,,partial,1
Billie-Ann Plastics Pkg. Corp.,United States,Brooklyn,,Summer Fancy Food Show 2026,http://www.billieannplastics.com,info@billieannplastics.com,7184975555,,,Level 3 — 2863,https://sff2026.mapyourshow.com/8_0/exhibitor/exhibitor-details.cfm?exhid=8032,,,,,,,,,partial,2
"BINGO TSUKEMONO CO., LTD",Japan,Fukuyama,,Summer Fancy Food Show 2026,http://www.bingotukemono.jp/,,+81-84-972-8880,,https://www.instagram.com/bingotsukemono_official,Level 3 — 414 — Japan,https://sff2026.mapyourshow.com/8_0/exhibitor/exhibitor-details.cfm?exhid=347887,,https://www.facebook.com/bingotukemono,,,,,,,partial,1
BIOALIMENTA SRL,Italy,Fara San Martino,,Summer Fancy Food Show 2026,https://www.farabella.it,,+39 0872994053,,,Level 1 — 5040 — Italy,https://sff2026.mapyourshow.com/8_0/exhibitor/exhibitor-details.cfm?exhid=315086,,,,,,,,,partial,1
BIOCOMERCIO S.L.U,Spain,Villena,,Summer Fancy Food Show 2026,http://www.biocomercio.es,,965820462,,,Level 3 — 2307 — Spain,https://sff2026.mapyourshow.com/8_0/exhibitor/exhibitor-details.cfm?exhid=349127,,,,,,,,,partial,1
Bioitalia,United States,New York,,Summer Fancy Food Show 2026,https://usa.bioitalia.com/,usa@bioitalia.com,+393394773650,,https://www.instagram.com/bioitalia,Level 3 — 2958,https://sff2026.mapyourshow.com/8_0/exhibitor/exhibitor-details.cfm?exhid=347229,,https://www.facebook.com/bioitaliausa,,,,,,,partial,2
BIOTECH FOODS SL,Spain,SAN SEBASTIAN,,Summer Fancy Food Show 2026,http://www.biotech-foods.com,info@biotech-foods.com,0034629485040,https://www.linkedin.com/company/biotech-foods-sl,https://www.instagram.com/biotech_foods,Level 3 — 2210 — Spain,https://sff2026.mapyourshow.com/8_0/exhibitor/exhibitor-details.cfm?exhid=344392,,https://www.facebook.com/biotechfoodsspain,,,,,,,partial,2
"BIOVENEZIA - Venetian Roots, Organic Future",Italy,Portogruaro,,Summer Fancy Food Show 2026,https://www.biovenezia.it/,info@biovenezia.it,0039 3783063550,,,Level 1 — 4939A — Italy,https://sff2026.mapyourshow.com/8_0/exhibitor/exhibitor-details.cfm?exhid=348482,,,,,,,,,partial,2
"Birchall Tea, Imporient (UK)",United Kingdom,London,,Summer Fancy Food Show 2026,https://birchalltea.co.uk/,hr@imporient.com,02086990511,,https://instagram.com/birchalltea,Level 1 — 5819,https://sff2026.mapyourshow.com/8_0/exhibitor/exhibitor-details.cfm?exhid=347544,,https://www.facebook.com/birchalltea,,,,,,,partial,2
Birdy's Provisions,United States,Greenwich,,Summer Fancy Food Show 2026,https://birdysprovisions.com/,,(475) 333-6753,,,River Pavilion — 7424 — Good Food Mercantile (Sunday Only),https://sff2026.mapyourshow.com/8_0/exhibitor/exhibitor-details.cfm?exhid=344138,,,,,,,,,partial,1
"Biscottea Baking Co, LLC",United States,Seattle,,Summer Fancy Food Show 2026,https://www.biscottea.com/,,+13608601924,,,Level 1 — 3809,https://sff2026.mapyourshow.com/8_0/exhibitor/exhibitor-details.cfm?exhid=37751,,,,,,,,,partial,1
Biscottificio Grondona SpA,Italy,Genova,,Summer Fancy Food Show 2026,https://www.biscottificiogrondona.com/,info@biscottificiogrondona.com,+39010785901,https://www.linkedin.com/company/grondona-biscottificio-s-p-a,https://www.instagram.com/biscottificio_grondona,Level 1 — 4940B — Italy,https://sff2026.mapyourshow.com/8_0/exhibitor/exhibitor-details.cfm?exhid=316362,,https://www.facebook.com/tr,,,,,,,partial,2
Bitchin Sauce LLC,United States,Carlsbad,,Summer Fancy Food Show 2026,http://www.bitchinsauce.com/,,+17602247447,,,Level 1 — 5410,https://sff2026.mapyourshow.com/8_0/exhibitor/exhibitor-details.cfm?exhid=156132,,,,,,,,,partial,1
Bittermilk LLC,United States,North Charleston,,Summer Fancy Food Show 2026,http://www.bittermilk.com/,,843-641-0455,,https://instagram.com/DrinkBittermilk,Level 1 — 5813 — Beverage Pavilion,https://sff2026.mapyourshow.com/8_0/exhibitor/exhibitor-details.cfm?exhid=122724,,https://www.facebook.com/DrinkBittermilk,,,,,,,partial,1
Bixby Chocolate,United States,Rockland,,Summer Fancy Food Show 2026,http://www.bixbychocolate.com,,207-691-0648,,,"Level 3 — 2756 — Confectionery, Snacks and Sweets Pavilion",https://sff2026.mapyourshow.com/8_0/exhibitor/exhibitor-details.cfm?exhid=106234,,,,,,,,,partial,1
"Black Horse Initiative, LLC",United States,Wooster,,Summer Fancy Food Show 2026,https://www.blackhorseinitiative.com,hello@blackhorseinitiative.com,+13304390667,,https://www.instagram.com/blackhorseinitiative,Level 1 — 3409,https://sff2026.mapyourshow.com/8_0/exhibitor/exhibitor-details.cfm?exhid=348868,,http://www.facebook.com/2008/fbml,,,,,,,partial,2
Blackberry Patch Fruit Syrups,United States,Thomasville,,Summer Fancy Food Show 2026,http://www.blackberrypatch.com/,,(229) 558-9996,,,"Level 3 — 2246 — Confectionery, Snacks and Sweets Pavilion",https://sff2026.mapyourshow.com/8_0/exhibitor/exhibitor-details.cfm?exhid=2312,,,,,,,,,partial,1
Blake Hill Preserves,United States,Windsor,,Summer Fancy Food Show 2026,http://www.blakehillpreserves.com/,,802-674-4529 (6),,,Level 1 — 5547,https://sff2026.mapyourshow.com/8_0/exhibitor/exhibitor-details.cfm?exhid=112577,,,,,,,,,partial,1
"BLI (Thailand) Co., Ltd",Thailand,"Klongtoey, Bangkok",,Summer Fancy Food Show 2026,http://www.blithailand.com,kanokwan@blithailand.com,+66 2204 2580,,,Level 3 — 300 — Thailand,https://sff2026.mapyourshow.com/8_0/exhibitor/exhibitor-details.cfm?exhid=105932,,https://www.facebook.com/bliandexpointer,,,,,,,partial,2
Blue Circle Foods,United States,Washington,,Summer Fancy Food Show 2026,http://bluecirclefoods.com/,,2028554941,,,Level 1 — 5443,https://sff2026.mapyourshow.com/8_0/exhibitor/exhibitor-details.cfm?exhid=129054,,,,,,,,,partial,1
Blue Market S.A.C.,Peru,Lima,,Summer Fancy Food Show 2026,https://bluemarketfoods.com/,,+51993128317,,,Level 1 — 5280 — Peru,https://sff2026.mapyourshow.com/8_0/exhibitor/exhibitor-details.cfm?exhid=349289,,,,,,,,,partial,1
Blue Mountain Foods LLC,United States,El Paso,,Summer Fancy Food Show 2026,https://bluemountainpecans.com,,+119157015582,,,Level 3 — 877,https://sff2026.mapyourshow.com/8_0/exhibitor/exhibitor-details.cfm?exhid=347189,,,,,,,,,partial,1
"Blues Hog, LLC",United States,Washington,,Summer Fancy Food Show 2026,http://www.blueshog.com,,636-239-8900,,,Level 3 — 2574,https://sff2026.mapyourshow.com/8_0/exhibitor/exhibitor-details.cfm?exhid=127631,,,,,,,,,partial,1
Bobbysue's Nuts! LLC,United States,Chappaqua,,Summer Fancy Food Show 2026,http://www.bobbysuesnuts.com,getnuts@bobbysuesnuts.com,(877) 554-6887,,,"Level 3 — 2347 — Confectionery, Snacks and Sweets Pavilion",https://sff2026.mapyourshow.com/8_0/exhibitor/exhibitor-details.cfm?exhid=101802,,http://www.facebook.com/2008/fbml,,,,,,,partial,2
Bold Spoon Creamery,United States,Park Hills,,Summer Fancy Food Show 2026,https://www.boldspooncreamery.com/,user@domain.com,5732824918,,https://www.instagram.com/boldspooncream,Level 3 — 853,https://sff2026.mapyourshow.com/8_0/exhibitor/exhibitor-details.cfm?exhid=337358,,http://www.facebook.com/2008/fbml,,,,,,,partial,2
BOMBOM,South Korea,Gyeonggi-do,,Summer Fancy Food Show 2026,https://bombom-market.com/,,+82-10-8832-3947,,,Level 3 — 519 — Korea,https://sff2026.mapyourshow.com/8_0/exhibitor/exhibitor-details.cfm?exhid=348386,,,,,,,,,partial,1
Bomè S.p.a,Italy,Pieve di Bono - Prezzo,,Summer Fancy Food Show 2026,https://www.bome.it/,,+393311885369,,,Level 3 — 3311 — Italy,https://sff2026.mapyourshow.com/8_0/exhibitor/exhibitor-details.cfm?exhid=341652,,,,,,,,,partial,1
Bon Bon Bon,United States,Hamtramck,,Summer Fancy Food Show 2026,https://bonbonbon.com,bonbonbon@bonbonbon.com,3133161430,https://linkedin.com/company/bonbonbonchocolate,https://instagram.com/bonbonbonchocolate,River Pavilion — 7000B-M — SFA Spark Pavilion,https://sff2026.mapyourshow.com/8_0/exhibitor/exhibitor-details.cfm?exhid=347441,,https://facebook.com/bonbonbonchocolate,,,,,,,partial,2
Bon Vegan OÜ,Estonia,"Valgu küla, Märjamaa vald, Raplamaa",,Summer Fancy Food Show 2026,https://bon-vegan.com/,info@bon-vegan.com,+37256646779,,https://www.instagram.com/bonveganofficial,Level 1 — 5275 — Estonia,https://sff2026.mapyourshow.com/8_0/exhibitor/exhibitor-details.cfm?exhid=348557,,https://www.facebook.com/bonveganofficial,,,,,,,partial,2
Bon Vivant,France,Semur en Auxois,,Summer Fancy Food Show 2026,https://bonvivantfrance.com/,adv@bonvivantfrance.com,0380973962,,https://www.instagram.com/bonvivantsemur,Level 3 — 944,https://sff2026.mapyourshow.com/8_0/exhibitor/exhibitor-details.cfm?exhid=334991,,https://www.facebook.com/BonVivantFrance,,,,,,,partial,2
Bona Furtuna LLC,United States,Jackson,,Summer Fancy Food Show 2026,https://www.bonafurtuna.com/,,+18003808819,,,Level 1 — 6009,https://sff2026.mapyourshow.com/8_0/exhibitor/exhibitor-details.cfm?exhid=179745,,,,,,,,,partial,1
BONART GIDA SAN. TIC. A.S,Turkey,Kocaeli,,Summer Fancy Food Show 2026,https://www.bonartfood.com/,,https://api.whatsapp.com/send?phone=902626566000,https://www.linkedin.com/company/bonartfoodinc,https://www.instagram.com/bonart_official,Level 1 — 4845 — Turkey,https://sff2026.mapyourshow.com/8_0/exhibitor/exhibitor-details.cfm?exhid=306221,,https://www.facebook.com/bonartofficial,,,,,,,partial,1
BonBon - A Swedish Candy Co.,United States,New York,,Summer Fancy Food Show 2026,https://www.bonbonnyc.com,,212-786-0094,,,Level 1 — 3709,https://sff2026.mapyourshow.com/8_0/exhibitor/exhibitor-details.cfm?exhid=318033,,,,,,,,,partial,1
Bone Suckin' Foods,United States,Raleigh,,Summer Fancy Food Show 2026,http://www.bonesuckin.com/,,919-833-7647,,https://www.instagram.com/bonesuckinsauce,Level 1 — 6030,https://sff2026.mapyourshow.com/8_0/exhibitor/exhibitor-details.cfm?exhid=3806,,https://www.facebook.com/BarbecueSauce,,,,,,,partial,1
"Bones Brands, LLC",United States,Cape Coral,,Summer Fancy Food Show 2026,https://www.bonescoffee.com/,,+16627017418,,,Level 1 — 5825 — Beverage Pavilion,https://sff2026.mapyourshow.com/8_0/exhibitor/exhibitor-details.cfm?exhid=343985,,,,,,,,,partial,1
Bonolio SRL,Italy,Sciacca,,Summer Fancy Food Show 2026,https://www.bonolio.it/,,003992584500,https://www.linkedin.com/company/bonolio,https://www.instagram.com/bonodisicilia,Level 3 — 3228 — Italy,https://sff2026.mapyourshow.com/8_0/exhibitor/exhibitor-details.cfm?exhid=341646,,https://www.facebook.com/tr,,,,,,,partial,1
BONOMI SPA,Italy,Rovere' Veronese,,Summer Fancy Food Show 2026,https://www.fornobonomi.com,,0039 045 6509300,https://www.linkedin.com/company/forno-bonomi,https://www.instagram.com/fornobonomi,Level 3 — 3324 — Italy,https://sff2026.mapyourshow.com/8_0/exhibitor/exhibitor-details.cfm?exhid=315105,,https://www.facebook.com/fornobonomi,,,,,,,partial,1
Boost Foods LLC,United States,Carbondale,,Summer Fancy Food Show 2026,https://boostcous.com/,,+15128201458,,,River Pavilion — 7103B-M — SFA Spark Pavilion,https://sff2026.mapyourshow.com/8_0/exhibitor/exhibitor-details.cfm?exhid=348564,,,,,,,,,partial,1
Borgo de Medici USA Inc,United States,Aventura,,Summer Fancy Food Show 2026,http://www.borgodemedici.us,orders@borgodemedici.us,561-249-6654,,http://www.instagram.com/borgodemedici,Level 3 — 3147,https://sff2026.mapyourshow.com/8_0/exhibitor/exhibitor-details.cfm?exhid=128832,,https://www.facebook.com/BorgodeMedici,,,,,,,partial,2
BOSCO D'ORO,Italy,ASCOLI PICENO,,Summer Fancy Food Show 2026,https://www.boscodoro.com/,info@tcmspinelli.it,+39 073642913,,,Level 3 — 2410 — Italy,https://sff2026.mapyourshow.com/8_0/exhibitor/exhibitor-details.cfm?exhid=342376,,,,,,,,,partial,2
Bossen,United States,Hayward,,Summer Fancy Food Show 2026,http://www.bossenstore.com/,,(510) 324-0168,,,Level 1 — 5523 — Beverage Pavilion,https://sff2026.mapyourshow.com/8_0/exhibitor/exhibitor-details.cfm?exhid=129730,,,,,,,,,partial,1
Bountouris Olives,Greece,POLYGYROS,,Summer Fancy Food Show 2026,https://www.bountourisolives.com,info@bountourisolives.com,00302371300490,,https://www.instagram.com/bountouris_olives,Level 3 — 2020B — Greece,https://sff2026.mapyourshow.com/8_0/exhibitor/exhibitor-details.cfm?exhid=348441,,https://www.facebook.com/bountouris,,,,,,,partial,2
Boxcarr Handmade Cheese LLC,United States,Cedar Grove,,Summer Fancy Food Show 2026,https://www.boxcarrhandmadecheese.com/,Curd@boxcarrhandmadecheese.com,+18453804171,,https://www.instagram.com/boxcarrhandmadecheese,Level 3 — 674A — ACS Pavilion,https://sff2026.mapyourshow.com/8_0/exhibitor/exhibitor-details.cfm?exhid=347600,,http://www.facebook.com/2008/fbml,,,,,,,partial,2
BOZS AGRO GIDA SAN. VE TIC. LTD. STI,Turkey,MERSIN,,Summer Fancy Food Show 2026,https://bozsagro.com/,durmus@bozsagro.com,"https://api.whatsapp.com/send?phone=905449394829&text=Merhaba,",https://www.linkedin.com/company/bozs-agro-gida-san-ve-tic-ltd-sti,,Level 3 — 1604 — Turkey,https://sff2026.mapyourshow.com/8_0/exhibitor/exhibitor-details.cfm?exhid=348285,,,,,,,,,partial,2
Brainfood Industries,United States,Chicago,,Summer Fancy Food Show 2026,https://brainfoodmood.store/,,+13125153784,,,River Pavilion — 7014B — Debut District,https://sff2026.mapyourshow.com/8_0/exhibitor/exhibitor-details.cfm?exhid=347970,,,,,,,,,partial,1
Brar's,Canada,Mississauga,,Summer Fancy Food Show 2026,https://www.brars.com,info@oicfoods.com,(905) 302-8582,,https://www.instagram.com/brarsfoodculture,Level 1 — 5139 — Canada,https://sff2026.mapyourshow.com/8_0/exhibitor/exhibitor-details.cfm?exhid=316345,,https://www.facebook.com/BrarsFoodCulture,,,,,,,partial,2
Braswell Food Company,United States,Statesboro,,Summer Fancy Food Show 2026,https://www.braswells.com,,912-764-6191,,,Level 3 — 1671,https://sff2026.mapyourshow.com/8_0/exhibitor/exhibitor-details.cfm?exhid=26329,,,,,,,,,partial,1
Brazilian Coffee House Co.,Jordan,Amman,,Summer Fancy Food Show 2026,https://www.braziliancoffeehouse.co,,(9626) 416-3559,,,Level 3 — 1424 — Jordan,https://sff2026.mapyourshow.com/8_0/exhibitor/exhibitor-details.cfm?exhid=317155,,,,,,,,,partial,1
Bread Alone Bakery,United States,Lake Katrine,,Summer Fancy Food Show 2026,http://www.breadalone.com/,user@domain.com,845-657-3328,https://www.linkedin.com/company/bread-alone-bakery,https://www.instagram.com/breadalonebakery,Level 1 — 6118 — NewYork,https://sff2026.mapyourshow.com/8_0/exhibitor/exhibitor-details.cfm?exhid=155523,,http://www.facebook.com/2008/fbml,,,,,,,partial,2
brewfinity trailes pvt ltd,India,ujjain,,Summer Fancy Food Show 2026,https://thevedascare.com/,,9166277764,,,Level 1 — 5515 — Beverage Pavilion,https://sff2026.mapyourshow.com/8_0/exhibitor/exhibitor-details.cfm?exhid=344005,,,,,,,,,partial,1
BRIANNAS Fine Salad Dressing,United States,Brenham,,Summer Fancy Food Show 2026,http://www.briannas.com,,979-836-5978,,,Level 1 — 5834,https://sff2026.mapyourshow.com/8_0/exhibitor/exhibitor-details.cfm?exhid=27021,,,,,,,,,partial,1
Bridge,United States,New York,,Summer Fancy Food Show 2026,https://www.bridgemarketplace.com/,support@bridgemarketplace.com,+16466378304,https://www.linkedin.com/company/bridgemarketplace,https://www.instagram.com/bridgemarketplace,Level 3 — 1983,https://sff2026.mapyourshow.com/8_0/exhibitor/exhibitor-details.cfm?exhid=348618,,,,,,,,,partial,2
Bridor USA Inc.,United States,Vineland,,Summer Fancy Food Show 2026,https://america.bridor.com/,info@bridor.com,856-691-8000,https://www.linkedin.com/company/bridor-north-america,https://www.instagram.com/bridor_north_america,"Level 3 — 2661 — Confectionery, Snacks and Sweets Pavilion",https://sff2026.mapyourshow.com/8_0/exhibitor/exhibitor-details.cfm?exhid=124587,,https://www.facebook.com/BridorNorthAmerica,,,,,,,partial,2
BrightLeaf Tea,United States,BERKELEY,,Summer Fancy Food Show 2026,https://brightleafteas.com/,,5108686312,,,River Pavilion — 7306 — Good Food Mercantile (Sunday Only),https://sff2026.mapyourshow.com/8_0/exhibitor/exhibitor-details.cfm?exhid=344257,,,,,,,,,partial,1
Brioche Pasquier US / Galaxy Desserts,United States,Richmond,,Summer Fancy Food Show 2026,http://www.briochepasquierus.com,,5104393160,,,Level 1 — 5225,https://sff2026.mapyourshow.com/8_0/exhibitor/exhibitor-details.cfm?exhid=2266,,,,,,,,,partial,1
Brook37 The Atelier,United States,Princeton,,Summer Fancy Food Show 2026,https://www.brook37.com,,917-941-6456,,,Level 1 — 5520 — Beverage Pavilion,https://sff2026.mapyourshow.com/8_0/exhibitor/exhibitor-details.cfm?exhid=314157,,,,,,,,,partial,1
Brooklyn Cured LLC,United States,Brooklyn,,Summer Fancy Food Show 2026,http://www.brooklyncured.com,,917-282-2221,,,Level 3 — 951,https://sff2026.mapyourshow.com/8_0/exhibitor/exhibitor-details.cfm?exhid=125747,,,,,,,,,partial,1
Brooklyn Delhi,United States,Brooklyn,,Summer Fancy Food Show 2026,https://www.hotelmissiondeoro.com,,3234281158,,,Level 1 — 6143 — Brooklyn,https://sff2026.mapyourshow.com/8_0/exhibitor/exhibitor-details.cfm?exhid=120682,,,,,,,,,partial,1
Brooklyn Dumpling Grocery LLC,United States,New Jersey,,Summer Fancy Food Show 2026,https://www.brooklyndumpling.com,,+16503136003,,,Level 1 — 5359,https://sff2026.mapyourshow.com/8_0/exhibitor/exhibitor-details.cfm?exhid=342641,,,,,,,,,partial,1
"Brooklyn Food & Beverage, LLC",United States,Brooklyn,,Summer Fancy Food Show 2026,http://www.brooklynfoodandbeverage.com,user@domain.com,917-566-8018,,https://www.instagram.com/bklynfnb,Level 1 — 6144 — Brooklyn,https://sff2026.mapyourshow.com/8_0/exhibitor/exhibitor-details.cfm?exhid=102964,,http://www.facebook.com/2008/fbml,,,,,,,partial,2
BROOKLYN IMPORTS INC,United States,Carlstadt,,Summer Fancy Food Show 2026,https://brooklynimport.com/,,201-507-8818,,https://www.instagram.com/brooklynimportsinc,Level 3 — 1570,https://sff2026.mapyourshow.com/8_0/exhibitor/exhibitor-details.cfm?exhid=308452,,https://www.facebook.com/brooklynimportsinc,,,,,,,partial,1
Brother's Trading LLC,United States,San Gabriel,,Summer Fancy Food Show 2026,http://www.gemgemsweet.com,info@gemgemsweet.com,626-378-9323,,,Level 1 — 5237,https://sff2026.mapyourshow.com/8_0/exhibitor/exhibitor-details.cfm?exhid=126032,,https://www.facebook.com/gemgemsweet,,,,,,,partial,2
Brown Girl Mixers,United States,Atlanta,,Summer Fancy Food Show 2026,https://www.browngirlmixers.com/,Customers.Orders@browngirlmixers.com,+16787445954,,https://www.instagram.com/browngirlmixers,Level 1 — 6415A,https://sff2026.mapyourshow.com/8_0/exhibitor/exhibitor-details.cfm?exhid=341307,,http://www.facebook.com/2008/fbml,,,,,,,partial,2
BRY GIDA ORMAN URUNLERI ITH IHR SAN TIC LTD STI,Turkey,IZMIR,,Summer Fancy Food Show 2026,https://www.bryspices.com,,00905412160089,,,Level 3 — 1553,https://sff2026.mapyourshow.com/8_0/exhibitor/exhibitor-details.cfm?exhid=322338,,,,,,,,,partial,1
Bryant Park Consulting,United States,New York,,Summer Fancy Food Show 2026,https://www.bryantparkconsulting.com/,info@bryantparkconsulting.com,+12122877960,https://www.linkedin.com/company/bryant-park-consulting,,Level 3 — 1042A,https://sff2026.mapyourshow.com/8_0/exhibitor/exhibitor-details.cfm?exhid=342971,,http://www.facebook.com/2008/fbml,,,,,,,partial,2
BUAIZ ALIMENTOS,Brazil,Vitória,,Summer Fancy Food Show 2026,https://www.buaizalimentos.com.br/,,+55 27 98128-6290,https://br.linkedin.com/company/buaiz-alimentos,https://www.instagram.com/buaizalimentos,Level 3 — 134B — Brazil,https://sff2026.mapyourshow.com/8_0/exhibitor/exhibitor-details.cfm?exhid=317287,,https://www.facebook.com/BuaizAlimentos,,,,,,,partial,1
Buddies Foods LLC,United States,Fraser,,Summer Fancy Food Show 2026,https://chuckanddaves.com/,,+115869606120,,,Level 1 — 6422 — Michigan,https://sff2026.mapyourshow.com/8_0/exhibitor/exhibitor-details.cfm?exhid=347467,,,,,,,,,partial,1
Bueno Foods,United States,Albuquerque,,Summer Fancy Food Show 2026,https://buenofoods.com/,bffeedback@buenofoods.com,505-243-2722,,https://www.instagram.com/buenofoods,Level 1 — 6353 — New Mexico,https://sff2026.mapyourshow.com/8_0/exhibitor/exhibitor-details.cfm?exhid=128234,,https://www.facebook.com/BuenoFoods,,,,,,,partial,2
Burch Farms,United States,Faison,,Summer Fancy Food Show 2026,https://www.burch-farms.com/,info@burch-farms.com,+19102675781,https://www.linkedin.com/company/burchfarmsnc,https://www.instagram.com/burchfarmsnc,Level 1 — 6228 — SUSTA,https://sff2026.mapyourshow.com/8_0/exhibitor/exhibitor-details.cfm?exhid=347495,,https://www.facebook.com/burchfarmsnc,,,,,,,partial,2
Burhan & Mohammad Yaser Al Tamam Partners Co.,Jordan,Amman,,Summer Fancy Food Show 2026,https://www.altammamfactory.com.jo/,,962795529284,,,Level 3 — 1322 — Jordan,https://sff2026.mapyourshow.com/8_0/exhibitor/exhibitor-details.cfm?exhid=335641,,,,,,,,,partial,1
"Burlap and Barrel, Inc.",United States,New York,,Summer Fancy Food Show 2026,https://www.burlapandbarrel.com/,,+16462765342,,,Level 1 — 6150 — Brooklyn,https://sff2026.mapyourshow.com/8_0/exhibitor/exhibitor-details.cfm?exhid=211804,,,,,,,,,partial,1
Business France,France,Paris,,Summer Fancy Food Show 2026,https://www.marketplace.businessfrance.fr/,,0033130733433,https://www.linkedin.com/company/business-france/mycompany,https://www.instagram.com/businessfrance,Level 3 — 720 — France,https://sff2026.mapyourshow.com/8_0/exhibitor/exhibitor-details.cfm?exhid=129875,,,,,,,,,partial,1
Butcher's by Roli Roti,United States,San Leandro,,Summer Fancy Food Show 2026,https://www.butchers.co/,hello@roliroti.com,5107800300,https://www.linkedin.com/company/roli-roti,https://www.instagram.com/butchersbonebroth,Level 3 — 764 — Deli Pavilion,https://sff2026.mapyourshow.com/8_0/exhibitor/exhibitor-details.cfm?exhid=344064,,,,,,,,,partial,2
Butternut Mountain Farm,United States,Morrisville,,Summer Fancy Food Show 2026,http://www.butternutmountainfarm.com/,,802-888-3491,,,Level 3 — 2837,https://sff2026.mapyourshow.com/8_0/exhibitor/exhibitor-details.cfm?exhid=2031,,,,,,,,,partial,1
"Buunni Coffee, LLC",United States,Bronx,,Summer Fancy Food Show 2026,https://www.buunnicoffee.com/,,+12125688700,,,Level 1 — 6164A — NewYork,https://sff2026.mapyourshow.com/8_0/exhibitor/exhibitor-details.cfm?exhid=347677,,,,,,,,,partial,1
"BWI, Inc.",United States,Camarillo,,Summer Fancy Food Show 2026,http://www.bwi-imports.com,,818-991-6644,,,Level 3 — 1965,https://sff2026.mapyourshow.com/8_0/exhibitor/exhibitor-details.cfm?exhid=1688,,,,,,,,,partial,1
BY Foods,Portugal,Vila Nova de Gaia,,Summer Fancy Food Show 2026,https://byfoodsglobal.com/,info@byfoodsglobal.com,+351 223 228 201,https://www.linkedin.com/company/15231080,https://www.instagram.com/nata_pura,Level 3 — 121 — Portugal,https://sff2026.mapyourshow.com/8_0/exhibitor/exhibitor-details.cfm?exhid=315716,,https://www.facebook.com/natapura,,,,,,,partial,2
C'est Gourmet,United States,Framingham,,Summer Fancy Food Show 2026,https://www.cestgourmet.com/,,508-834-3836,,,"Level 3 — 2744 — Confectionery, Snacks and Sweets Pavilion",https://sff2026.mapyourshow.com/8_0/exhibitor/exhibitor-details.cfm?exhid=107812,,,,,,,,,partial,1
C'est Si Bon Pikliz,United States,Pomona,,Summer Fancy Food Show 2026,https://cestsibonpikliz.com/,,+19147879597,,,River Pavilion — 7127A — Debut District,https://sff2026.mapyourshow.com/8_0/exhibitor/exhibitor-details.cfm?exhid=347670,,,,,,,,,partial,1
"C. Howard Co., Inc.",United States,Bellport,,Summer Fancy Food Show 2026,https://www.chowardcompany.com,,+16312867940,,https://www.instagram.com/chowardcompany,Level 1 — 6164B — NewYork,https://sff2026.mapyourshow.com/8_0/exhibitor/exhibitor-details.cfm?exhid=38867,,https://www.facebook.com/chowardcompany,,,,,,,partial,1
"C.E. Zuercher & Co., Inc.",United States,Niles,,Summer Fancy Food Show 2026,https://www.zuerchercheese.com,web@zuerchercheese.com,8476477600,,https://www.instagram.com/zuercher_cheese,Level 3 — 465 — Deli Pavilion,https://sff2026.mapyourshow.com/8_0/exhibitor/exhibitor-details.cfm?exhid=1603,,,,,,,,,partial,2
C.Krueger's Finest Baked Goods,United States,Blacklick,,Summer Fancy Food Show 2026,https://ckruegers.com/,,+16147065786,,,River Pavilion — 7126A — Debut District,https://sff2026.mapyourshow.com/8_0/exhibitor/exhibitor-details.cfm?exhid=344893,,,,,,,,,partial,1
"Cabu, Inc",United States,Brooklyn,,Summer Fancy Food Show 2026,https://www.drinkcabu.com,,+17202190678,,,Level 1 — 5721 — Beverage Pavilion,https://sff2026.mapyourshow.com/8_0/exhibitor/exhibitor-details.cfm?exhid=344637,,,,,,,,,partial,1
CACAO CRUDO Srl,Italy,Palestrina,,Summer Fancy Food Show 2026,http://www.cacaocrudo.it,,0039 069537218,,,Level 3 — 3121 — Italy,https://sff2026.mapyourshow.com/8_0/exhibitor/exhibitor-details.cfm?exhid=348556,,,,,,,,,partial,1
CAFFE' BONOMI SPA,Italy,Binasco,,Summer Fancy Food Show 2026,http://www.caffebonomi.com,,0039 029052330,https://linkedin.com/company/caffe-bonomi-s,https://instagram.com/1886caffebonomi,Level 1 — 5037 — Italy,https://sff2026.mapyourshow.com/8_0/exhibitor/exhibitor-details.cfm?exhid=348489,,https://facebook.com/1886caffebonomi,,,,,,,partial,1
Caffe' Carraro S.p.A.,Italy,Schio,,Summer Fancy Food Show 2026,https://www.carraro1927.com/,,0445576910,https://it.linkedin.com/company/caffe-carraro-s.p.a.---unipersonale,https://www.instagram.com/caffecarraro_official,Level 3 — 2826 — Italy,https://sff2026.mapyourshow.com/8_0/exhibitor/exhibitor-details.cfm?exhid=314713,,https://www.facebook.com/CarraroCaffe,,,,,,,partial,1
Caffe' Trombetta S.p.A.,Italy,Pomezia,,Summer Fancy Food Show 2026,https://www.caffetrombetta.it,SERVIZIOCLIENTI@CAFFETROMBETTA.IT,+39069114221,,https://www.instagram.com/caffe_trombetta1890,Level 3 — 2725 — Italy,https://sff2026.mapyourshow.com/8_0/exhibitor/exhibitor-details.cfm?exhid=316880,,https://www.facebook.com/CaffeTrombettaspa,,,,,,,partial,2
Caffè Trucillo – Cesare Trucillo Spa,Italy,Salerno,,Summer Fancy Food Show 2026,https://www.trucillo.it/,info@trucillo.it,0039089301696,https://www.linkedin.com/company/cesare-trucillo-s-p-a,https://www.instagram.com/caffetrucillo,Level 3 — 2609 — Italy,https://sff2026.mapyourshow.com/8_0/exhibitor/exhibitor-details.cfm?exhid=316883,,https://www.facebook.com/caffetrucillo,,,,,,,partial,2
Calabro Cheese Corp.,United States,East Haven,,Summer Fancy Food Show 2026,http://www.calabrocheese.com,info@calabrocheese.com,(203) 469-1311,,https://www.instagram.com/calabro_theartofcheesemaking,Level 3 — 3168,https://sff2026.mapyourshow.com/8_0/exhibitor/exhibitor-details.cfm?exhid=5586,,,,,,,,,partial,2
California Milk Advisory Board,United States,Tracy,,Summer Fancy Food Show 2026,http://www.realcaliforniamilk.com,shop@2x.png,2094958255,,https://instagram.com/realcalifmilk,Level 3 — 536 — Deli Pavilion,https://sff2026.mapyourshow.com/8_0/exhibitor/exhibitor-details.cfm?exhid=28725,,https://www.facebook.com/RealCaliforniaMilk,,,,,,,partial,2
California Specialty Farms,United States,Los Angeles,,Summer Fancy Food Show 2026,https://www.californiaspecialtyfarms.com,sales@californiaspecialtyfarms.com,+13235872200,,https://www.instagram.com/californiaspecialtyfarms,Level 1 — 5858,https://sff2026.mapyourshow.com/8_0/exhibitor/exhibitor-details.cfm?exhid=318146,,http://www.facebook.com,,,,,,,partial,2
Calnort,Spain,Burgos,,Summer Fancy Food Show 2026,https://www.calnort.com,calnort@calnort.es,+34947298248,,,Level 1 — 5475 — Spain,https://sff2026.mapyourshow.com/8_0/exhibitor/exhibitor-details.cfm?exhid=335778,,,,,,,,,partial,2
Caltein LLC,United States,Queens,,Summer Fancy Food Show 2026,https://caltein.com/,,+16468207786,,,River Pavilion — 7021B — Debut District,https://sff2026.mapyourshow.com/8_0/exhibitor/exhibitor-details.cfm?exhid=341960,,,,,,,,,partial,1
Calvisius Caviar,United States,Boonton,,Summer Fancy Food Show 2026,http://www.calvisiususa.com/,,+1119738828222,,,Level 3 — 2166,https://sff2026.mapyourshow.com/8_0/exhibitor/exhibitor-details.cfm?exhid=118919,,,,,,,,,partial,1
Cambodia Rice Federation,Cambodia,Phnom Penh,,Summer Fancy Food Show 2026,https://www.crf.org.kh,,,,,Level 1 — 3512 — Cambodia,https://sff2026.mapyourshow.com/8_0/exhibitor/exhibitor-details.cfm?exhid=347242,,,,,,,,,partial,1
Campa LLC,Georgia,Mtskheta,,Summer Fancy Food Show 2026,http://www.campa.ge,contact@campa.ge,995599956816,https://www.linkedin.com/company/campajuice,https://instagram.com/campajuice,Level 3 — 2417 — Georgia,https://sff2026.mapyourshow.com/8_0/exhibitor/exhibitor-details.cfm?exhid=348151,,https://www.facebook.com/Campajuice,,,,,,,partial,2
CAMPO D'ORO S.r.l.,Italy,Sciacca,,Summer Fancy Food Show 2026,https://www.campodoro.com/,,39 092580100,,,"Level 3 — 2639 — Confectionery, Snacks and Sweets Pavilion",https://sff2026.mapyourshow.com/8_0/exhibitor/exhibitor-details.cfm?exhid=125482,,,,,,,,,partial,1
Campo Grande Inc,United States,Jersey City,,Summer Fancy Food Show 2026,https://eatcampogrande.com/,,6467171721,,,Level 3 — 1053,https://sff2026.mapyourshow.com/8_0/exhibitor/exhibitor-details.cfm?exhid=312062,,,,,,,,,partial,1
CANADA TC FOODS INC.,Canada,MARKHAM,,Summer Fancy Food Show 2026,https://tcfood.ca/,,647-426-7771,,,"Level 3 — 2466 — Confectionery, Snacks and Sweets Pavilion",https://sff2026.mapyourshow.com/8_0/exhibitor/exhibitor-details.cfm?exhid=347349,,,,,,,,,partial,1
Canadian Food Exporters Association,Canada,Port Perry,,Summer Fancy Food Show 2026,http://www.cfea.com,info@cfea.com,(416) 445-3747,https://www.linkedin.com/company/cfeacdn,https://www.instagram.com/cfeacdn,Level 1 — 5133 — Canada,https://sff2026.mapyourshow.com/8_0/exhibitor/exhibitor-details.cfm?exhid=4850,,https://www.facebook.com/canadianfoodexportersassociation,,,,,,,partial,2
Candify,United States,Lakewood,,Summer Fancy Food Show 2026,https://shopcandify.com/,,+112162502651,,,River Pavilion — 7209 — Debut District,https://sff2026.mapyourshow.com/8_0/exhibitor/exhibitor-details.cfm?exhid=347462,,,,,,,,,partial,1
CANIGOOIL,Spain,"Agullana, Girona",,Summer Fancy Food Show 2026,https://en.canigooil.com/,hola@canigooil.com,+34687235928,,https://www.instagram.com/canigooil,Level 1 — 5471 — Spain,https://sff2026.mapyourshow.com/8_0/exhibitor/exhibitor-details.cfm?exhid=348351,,,,,,,,,partial,2
CANNONE ALIMENTARE GLI ANTIPASTI SPA,Italy,CERIGNOLA,,Summer Fancy Food Show 2026,https://www.cannonealimentari.it/,info@cannonealimentari.it,+390885896606,,,Level 3 — 2507 — Italy,https://sff2026.mapyourshow.com/8_0/exhibitor/exhibitor-details.cfm?exhid=348443,,https://www.facebook.com/cannonealimentari,,,,,,,partial,2
Canuti Tradizione Italiana,Italy,Rimini,,Summer Fancy Food Show 2026,https://www.canuti.com,info@canuti.com,+39 0541 740102,,https://www.instagram.com/canutitradizioneitaliana,Level 3 — 2904 — Italy,https://sff2026.mapyourshow.com/8_0/exhibitor/exhibitor-details.cfm?exhid=317455,,https://www.facebook.com/canutitradizioneitaliana,,,,,,,partial,2
Capital Resources shpk,Albania,Tirane ( Vore),,Summer Fancy Food Show 2026,https://www.kraco.al/,,355692070209,,,Level 3 — 3358,https://sff2026.mapyourshow.com/8_0/exhibitor/exhibitor-details.cfm?exhid=300539,,,,,,,,,partial,1
Capurso Azienda Casearia Srl,Italy,Gioia Del Colle,,Summer Fancy Food Show 2026,https://www.gioiellalatticini.it,contact@gioiella.com,00393884078825,,https://www.instagram.com/gioiellalatticini,Level 3 — 3212 — Italy,https://sff2026.mapyourshow.com/8_0/exhibitor/exhibitor-details.cfm?exhid=315093,,https://www.facebook.com/gioiellalatt,,,,,,,partial,2
Caramel or blanc,France,GUERANDE,,Summer Fancy Food Show 2026,https://www.caramel-or-blanc.com/,commercial@caramel-or-blanc.com,+33788311171,,,Level 3 — 823A — France,https://sff2026.mapyourshow.com/8_0/exhibitor/exhibitor-details.cfm?exhid=341409,,,,,,,,,partial,2
Carandini US,Italy,Castelnuovo Rangone,,Summer Fancy Food Show 2026,https://carandini.us/,,0039059535320,,,Level 3 — 3245,https://sff2026.mapyourshow.com/8_0/exhibitor/exhibitor-details.cfm?exhid=306244,,,,,,,,,partial,1
Cargill Gourmet,United States,Wayzata,,Summer Fancy Food Show 2026,https://www.cargill.com/,,800-227-4455,,,Level 3 — 2960,https://sff2026.mapyourshow.com/8_0/exhibitor/exhibitor-details.cfm?exhid=319247,,,,,,,,,partial,1
"Carl Brandt, Inc.",United States,Fairfield,,Summer Fancy Food Show 2026,http://www.carlbrandt.com/,,+12032568133,,https://www.instagram.com/carlbrandtusa,"Level 3 — 2436 — Confectionery, Snacks and Sweets Pavilion",https://sff2026.mapyourshow.com/8_0/exhibitor/exhibitor-details.cfm?exhid=1731,,https://www.facebook.com/CarlBrandtUSA,,,,,,,partial,1
Carlino's Makers & Purveyors of Artisan Food,United States,Ardmore,,Summer Fancy Food Show 2026,http://www.cmimporting.com,,6106494046,,https://www.instagram.com/carlinosfoods,Level 3 — 3252,https://sff2026.mapyourshow.com/8_0/exhibitor/exhibitor-details.cfm?exhid=304613,,https://www.facebook.com/carlinosmarket,,,,,,,partial,1
Carmine's New York City's Legendary Italian Restaurant,United States,New York,,Summer Fancy Food Show 2026,https://carminesnyc.com/,,2017863909,,https://instagram.com/carminesnyc,Level 1 — 5420,https://sff2026.mapyourshow.com/8_0/exhibitor/exhibitor-details.cfm?exhid=335403,,https://www.facebook.com/tr,,,,,,,partial,1
Carousel Candies,United States,Geneva,,Summer Fancy Food Show 2026,https://www.carousel-candies.com,impallari@gmail.com,630-232-2500,,,"Level 3 — 2236 — Confectionery, Snacks and Sweets Pavilion",https://sff2026.mapyourshow.com/8_0/exhibitor/exhibitor-details.cfm?exhid=1046,,,,,,,,,partial,1
"Carr Valley Cheese Company, Inc.",United States,La Valle,,Summer Fancy Food Show 2026,http://www.carrvalleycheese.com/,,608-370-4144,,https://www.instagram.com/carrvalley,Level 3 — 448 — Deli Pavilion,https://sff2026.mapyourshow.com/8_0/exhibitor/exhibitor-details.cfm?exhid=133693,,https://www.facebook.com/carrvalleycheese,,,,,,,partial,1
Casa del Dolce Spa,Italy,Fara Gera d'Adda,,Summer Fancy Food Show 2026,https://www.casadeldolce.it/,,+39 0363 399044,,,Level 1 — 4945 — Italy,https://sff2026.mapyourshow.com/8_0/exhibitor/exhibitor-details.cfm?exhid=348485,,,,,,,,,partial,1
Casa Pons,United States,PARSIPPANY,,Summer Fancy Food Show 2026,https://pons1945.com/,pons.shop@grup-pons.coma,2012332563,https://www.linkedin.com/company/grup-pons,https://www.instagram.com/pons.oficial,Level 3 — 949,https://sff2026.mapyourshow.com/8_0/exhibitor/exhibitor-details.cfm?exhid=8989,,https://www.facebook.com/pons.oficial.global,,,,,,,partial,2
Casa Relvas,Portugal,Évora,,Summer Fancy Food Show 2026,https://casarelvas.pt/,,+351266988034,,,Level 3 — 127 — Portugal,https://sff2026.mapyourshow.com/8_0/exhibitor/exhibitor-details.cfm?exhid=348449,,,,,,,,,partial,1
Casa Santoña,Spain,Sevilla,,Summer Fancy Food Show 2026,https://casasantona.com/,info@casasantona.com,https://wa.me/34689725864,https://es.linkedin.com/company/casa-santo%C3%B1a,https://www.instagram.com/casa_santona,Level 1 — 5388,https://sff2026.mapyourshow.com/8_0/exhibitor/exhibitor-details.cfm?exhid=335467,,https://www.facebook.com/casa.santona.1,,,,,,,partial,2
Casale SpA,Italy,Casale di Felino,,Summer Fancy Food Show 2026,http://www.casalespa.com,casale@casalespa.com,+39 052 183 5401,https://www.linkedin.com/company/casale-spa,https://www.instagram.com/casale_prosciutti,Level 3 — 3249,https://sff2026.mapyourshow.com/8_0/exhibitor/exhibitor-details.cfm?exhid=233962,,https://www.facebook.com/profile.php,,,,,,,partial,2
"Casas de Hualdo North America, Inc.",United States,St.Johns,,Summer Fancy Food Show 2026,https://www.casasdehualdo.com,,904-755-6196,,,Level 3 — 859,https://sff2026.mapyourshow.com/8_0/exhibitor/exhibitor-details.cfm?exhid=257782,,,,,,,,,partial,1
Caseificio Dell'Alta Langa SRL,Italy,Torino,,Summer Fancy Food Show 2026,http://www.caseificioaltalanga.it/,,+39 0173 854174,,,Level 3 — 568 — Deli Pavilion,https://sff2026.mapyourshow.com/8_0/exhibitor/exhibitor-details.cfm?exhid=114994,,,,,,,,,partial,1
Castanhas Ouro Verde,Brazil,Jaru,,Summer Fancy Food Show 2026,https://castanhasouroverde.com/,,+55 69 99949-3901,,,Level 3 — 106B — Brazil,https://sff2026.mapyourshow.com/8_0/exhibitor/exhibitor-details.cfm?exhid=342586,,,,,,,,,partial,1
"Catalan Gourmet by Origin Brands, Inc.",United States,New York,,Summer Fancy Food Show 2026,http://www.catalangourmet.com,info@catalangourmet.com,212-673-2603,,https://www.instagram.com/catalangourmet,Level 3 — 1672,https://sff2026.mapyourshow.com/8_0/exhibitor/exhibitor-details.cfm?exhid=101130,,https://www.facebook.com/CatalanGourmetNY,,,,,,,partial,2
Caviar & Caviar,United States,Fort Lauderdale,,Summer Fancy Food Show 2026,http://www.sasaniancaviar.com,,954-746-4423,,,Level 3 — 758 — Deli Pavilion,https://sff2026.mapyourshow.com/8_0/exhibitor/exhibitor-details.cfm?exhid=103312,,,,,,,,,partial,1
Caviareat,Italy,Riano,,Summer Fancy Food Show 2026,https://www.caviareat.it,,+39 (06) 916500247,,,Level 3 — 3032 — Italy,https://sff2026.mapyourshow.com/8_0/exhibitor/exhibitor-details.cfm?exhid=348552,,,,,,,,,partial,1
CBL Natural Foods,Sri Lanka,Minuwangoda,,Summer Fancy Food Show 2026,https://cblnaturalfoods.com,,+94771038967,https://www.linkedin.com/company/cbl-natural-food-cluster,,Level 1 — 5240,https://sff2026.mapyourshow.com/8_0/exhibitor/exhibitor-details.cfm?exhid=316590,,,,,,,,,partial,1
CCS Creative,Canada,North York,,Summer Fancy Food Show 2026,http://www.woodtrays.com,,(416) 633-9733,,https://www.instagram.com/realwoodtrays,Level 3 — 274,https://sff2026.mapyourshow.com/8_0/exhibitor/exhibitor-details.cfm?exhid=126911,,https://www.facebook.com/realwoodtrays,,,,,,,partial,1
"CE Kitchen, Inc.",United States,Wilmington,,Summer Fancy Food Show 2026,https://www.cleaneatzkitchen.com/,,+19102080113,,,Level 1 — 5156,https://sff2026.mapyourshow.com/8_0/exhibitor/exhibitor-details.cfm?exhid=344103,,,,,,,,,partial,1
"Cellars at Jasper Hill, LLC",United States,Greensboro bend,,Summer Fancy Food Show 2026,http://www.jasperhillfarm.com,info@jasperhillfarm.com,802-533-2566,,https://www.instagram.com/jasperhillfarm,River Pavilion — 7439 — Good Food Mercantile (Sunday Only),https://sff2026.mapyourshow.com/8_0/exhibitor/exhibitor-details.cfm?exhid=244411,,http://www.facebook.com/2008/fbml,,,,,,,partial,2
Center for an Agricultural Economy,United States,Hardwick,,Summer Fancy Food Show 2026,https://www.caevt.org/,,802-472-5362,,,River Pavilion — 7107A — Debut District,https://sff2026.mapyourshow.com/8_0/exhibitor/exhibitor-details.cfm?exhid=337332,,,,,,,,,partial,1
"Cento Fine Foods, Inc.",United States,West Deptford,,Summer Fancy Food Show 2026,http://www.cento.com,,856-853-5445,,https://www.instagram.com/CentoFineFoods,Level 3 — 1938,https://sff2026.mapyourshow.com/8_0/exhibitor/exhibitor-details.cfm?exhid=1050,,https://www.facebook.com/CentoFineFoods,,,,,,,partial,1
Central Formaggi,Italy,Serrenti,,Summer Fancy Food Show 2026,http://www.central.it,commerciale@central.it,+39 070 937 1363,,https://www.instagram.com/central_formaggi,Level 3 — 752 — Deli Pavilion,https://sff2026.mapyourshow.com/8_0/exhibitor/exhibitor-details.cfm?exhid=301632,,https://www.facebook.com/p/Central-Formaggi-100077129750764,,,,,,,partial,2
Cepharos LLC,United States,RICHMOND,,Summer Fancy Food Show 2026,https://jinwuyan.com/,,+16468951205,,,River Pavilion — 7013A — SFA Spark Pavilion,https://sff2026.mapyourshow.com/8_0/exhibitor/exhibitor-details.cfm?exhid=344188,,,,,,,,,partial,1
CEREAL KING SRL,Italy,BARLETTA,,Summer Fancy Food Show 2026,http://www.cerealking.it,info@cerealking.it,+393474688249,https://www.linkedin.com/company/cerealking,,Level 3 — 2509 — Italy,https://sff2026.mapyourshow.com/8_0/exhibitor/exhibitor-details.cfm?exhid=348446,,,,,,,,,partial,2
"CERUTTI ""il caffe'""",Italy,Bra,,Summer Fancy Food Show 2026,https://caffe-cerutti.com/,info@caffe-cerutti.com,+390172457371,,https://www.instagram.com/ceruttiilcaffe,Level 3 — 3322A,https://sff2026.mapyourshow.com/8_0/exhibitor/exhibitor-details.cfm?exhid=341676,,https://www.facebook.com/caffecerutti,,,,,,,partial,2
Ceylon Plant Food (Pvt) Ltd,Sri Lanka,Lihiriyagama,,Summer Fancy Food Show 2026,https://ceylonplantfood.com/,info@ceyplalk.com,https://wa.me/94777894411,,,Level 1 — 3819,https://sff2026.mapyourshow.com/8_0/exhibitor/exhibitor-details.cfm?exhid=344083,,,,,,,,,partial,2
Cha's Organics,Canada,Saint-Laurent,,Summer Fancy Food Show 2026,https://www.chasorganics.com/,,15143698175,,,Level 1 — 4406B — Vegpreneur,https://sff2026.mapyourshow.com/8_0/exhibitor/exhibitor-details.cfm?exhid=317390,,,,,,,,,partial,1
chai tonics global LLC,United States,LAKEWAY,,Summer Fancy Food Show 2026,https://chaitonics.com/,,+17735627868,,,Level 1 — 4216 — The Jazba Collective,https://sff2026.mapyourshow.com/8_0/exhibitor/exhibitor-details.cfm?exhid=344066,,,,,,,,,partial,1
"CHAITIP CO., LTD.",Thailand,BANGKOK,,Summer Fancy Food Show 2026,http://www.chaitip.com,,+6624370168,,,Level 1 — 5061 — International Pavilion,https://sff2026.mapyourshow.com/8_0/exhibitor/exhibitor-details.cfm?exhid=317619,,,,,,,,,partial,1
Charlito's Cocina,United States,Germantown,,Summer Fancy Food Show 2026,http://www.charlitoscocina.com/,,(718)482-7890,,,River Pavilion — 7402 — Good Food Mercantile (Sunday Only),https://sff2026.mapyourshow.com/8_0/exhibitor/exhibitor-details.cfm?exhid=106570,,,,,,,,,partial,1
CHEEKY COCKTAILS,United States,BROOKLYN,,Summer Fancy Food Show 2026,https://www.cheekycocktails.co,,+16469923465,,,Level 1 — 6162B — NewYork,https://sff2026.mapyourshow.com/8_0/exhibitor/exhibitor-details.cfm?exhid=347926,,,,,,,,,partial,1
Cheerie Lane Inc.,United States,"Belvedere, Tiburon",,Summer Fancy Food Show 2026,https://cheerielanepopcorn.com,,+16467196153,,,Level 1 — 4820A — Naturally Network,https://sff2026.mapyourshow.com/8_0/exhibitor/exhibitor-details.cfm?exhid=328835,,,,,,,,,partial,1
Chef FLO-K Foods,United States,Minneapolis,,Summer Fancy Food Show 2026,https://www.africsauce.com,info@chefflokfoods.com,+17634001725,https://www.linkedin.com/company/afric-sauce-traditional,https://www.instagram.com/africsauce,Level 1 — 3821,https://sff2026.mapyourshow.com/8_0/exhibitor/exhibitor-details.cfm?exhid=348197,,https://www.facebook.com/AfricSauce,,,,,,,partial,2
Chef Poppin,United States,Stafford,,Summer Fancy Food Show 2026,https://www.chefpoppin.com/,,,,,Level 1 — 4400,https://sff2026.mapyourshow.com/8_0/exhibitor/exhibitor-details.cfm?exhid=337414,,,,,,,,,partial,1
Chelsea Market Baskets/Fine Food Marketing,United States,New York,,Summer Fancy Food Show 2026,https://www.chelsea-imports.com,wholesale@cmbffm.com,212-727-1484,,https://www.instagram.com/chelseaimports,Level 3 — 2368,https://sff2026.mapyourshow.com/8_0/exhibitor/exhibitor-details.cfm?exhid=7269,,https://www.facebook.com/chelseamarketbaskets,,,,,,,partial,2
Chenzi,United States,Hewlett,,Summer Fancy Food Show 2026,https://chenzi.co/,user@domain.com,+16786876237,,https://www.instagram.com/chenziofficial,Level 1 — 4607B — Startup CPG,https://sff2026.mapyourshow.com/8_0/exhibitor/exhibitor-details.cfm?exhid=346146,,http://www.facebook.com/2008/fbml,,,,,,,partial,2
Chevel Private Company,Turkey,İSTANBUL,,Summer Fancy Food Show 2026,https://www.chevel.net/,,(90) 530-952 19 01,,,Level 3 — 1705 — Turkey,https://sff2026.mapyourshow.com/8_0/exhibitor/exhibitor-details.cfm?exhid=338675,,,,,,,,,partial,1
Chicago Importing Company,United States,Huntley,,Summer Fancy Food Show 2026,http://www.chicagoimporting.com/,sales@chicagoimporting.com,847-669-2100,https://www.linkedin.com/company/chicago-importing-company/mycompany,https://www.instagram.com/chicagoimporting,"Level 3 — 2636 — Confectionery, Snacks and Sweets Pavilion",https://sff2026.mapyourshow.com/8_0/exhibitor/exhibitor-details.cfm?exhid=7838,,https://www.facebook.com/CHIImportingCo,,,,,,,partial,2
Chicka Chew LLC,United States,Kearny,,Summer Fancy Food Show 2026,http://www.chickachew.com,,+13125601442,,,River Pavilion — 7125A — Debut District,https://sff2026.mapyourshow.com/8_0/exhibitor/exhibitor-details.cfm?exhid=347627,,,,,,,,,partial,1
Chikka Chikka,United States,WALLKILL,,Summer Fancy Food Show 2026,https://chikkachikka.com/,,8456704668,,,Level 1 — 4206A — Included,https://sff2026.mapyourshow.com/8_0/exhibitor/exhibitor-details.cfm?exhid=338382,,,,,,,,,partial,1
China Chamber of Commerce of I/E of Foodstuffs Natives Products & Animal By-Prod,China,Beijing,,Summer Fancy Food Show 2026,https://www.cccfna.org.cn/,,861087109808,,,Level 1 — 5470 — China,https://sff2026.mapyourshow.com/8_0/exhibitor/exhibitor-details.cfm?exhid=28288,,,,,,,,,partial,1
CHIQUILIN SPICES,Spain,Novelda,,Summer Fancy Food Show 2026,https://www.chiquilin.com/,chiquilin@chiquilin.com,(+34) 965600292,https://www.linkedin.com/company/10264661,https://www.instagram.com/chiquilin.especias,Level 3 — 2325 — Spain,https://sff2026.mapyourshow.com/8_0/exhibitor/exhibitor-details.cfm?exhid=315001,,https://www.facebook.com/Chiquil,,,,,,,partial,2
Chizzzy (Askavaki LLC),Georgia,Tbilisi,,Summer Fancy Food Show 2026,https://www.chizzzy.com,,995555555567,,,Level 3 — 2405 — Georgia,https://sff2026.mapyourshow.com/8_0/exhibitor/exhibitor-details.cfm?exhid=348180,,,,,,,,,partial,1
Chocolake,Jordan,AMMAN,,Summer Fancy Food Show 2026,https://chocolake.com/,Info@chocolake.com.jo,+962780000772,https://www.linkedin.com/company/chocolakeco,https://www.instagram.com/chocolakeboutique,"Level 3 — 2541 — Confectionery, Snacks and Sweets Pavilion",https://sff2026.mapyourshow.com/8_0/exhibitor/exhibitor-details.cfm?exhid=335069,,https://www.facebook.com/@chocolakeboutique,,,,,,,partial,2
CHOCOLAT MATHEZ,France,LES HAUTS D'ANJOU,,Summer Fancy Food Show 2026,http://www.mathez.fr/,accueil@mathez.fr,0617492517,https://www.linkedin.com/company/chocolat-mathez,https://www.instagram.com/chocolat_mathez,Level 3 — 820 — France,https://sff2026.mapyourshow.com/8_0/exhibitor/exhibitor-details.cfm?exhid=223657,,https://www.facebook.com/chocolatmathez,,,,,,,partial,2
Chocolates TRAPA - EUROPRALINE SL,Spain,Dueñas,,Summer Fancy Food Show 2026,http://www.trapa.es,info@trapa.com,(+34)674391974,,https://www.instagram.com/chocolatestrapa,Level 1 — 5479 — Spain,https://sff2026.mapyourshow.com/8_0/exhibitor/exhibitor-details.cfm?exhid=346138,,https://www.facebook.com/tr,,,,,,,partial,2
Chos Bakeshop,United States,New York,,Summer Fancy Food Show 2026,https://chosbakeshop.com,,+117033388662,,,River Pavilion — 7229 — Debut District,https://sff2026.mapyourshow.com/8_0/exhibitor/exhibitor-details.cfm?exhid=347455,,,,,,,,,partial,1
CHUH Matcha,United States,Georgetown,,Summer Fancy Food Show 2026,https://www.chuhmatcha.com/,,+19082466139,,,River Pavilion — 7223 — Debut District,https://sff2026.mapyourshow.com/8_0/exhibitor/exhibitor-details.cfm?exhid=343805,,,,,,,,,partial,1
CIAO FOODS LLC,United States,Cornelius,,Summer Fancy Food Show 2026,https://www.ciao-sicily.com/,,+17043861987,,,Level 3 — 3355,https://sff2026.mapyourshow.com/8_0/exhibitor/exhibitor-details.cfm?exhid=341372,,,,,,,,,partial,1
Ciao Imports,United States,Medley,,Summer Fancy Food Show 2026,https://www.ciaoimports.com/,,866-249-0400,,,Level 3 — 3036,https://sff2026.mapyourshow.com/8_0/exhibitor/exhibitor-details.cfm?exhid=36823,,,,,,,,,partial,1
Cibo Vita - Natures Garden,United States,Totowa,,Summer Fancy Food Show 2026,https://cibovita.com/,burcu@cibovita.com,888-470-0006,https://www.linkedin.com/company/cibovita,,Level 1 — 5016,https://sff2026.mapyourshow.com/8_0/exhibitor/exhibitor-details.cfm?exhid=102319,,,,,,,,,partial,2
CIFT,United States,Toledo,,Summer Fancy Food Show 2026,https://ciftinnovation.org/,info@ciftinnovation.org,419-535-6000,https://www.linkedin.com/company/center-for-innovative-food-technology-cift-,,River Pavilion — 7118E — Debut District,https://sff2026.mapyourshow.com/8_0/exhibitor/exhibitor-details.cfm?exhid=305980,,https://www.facebook.com/NOCKCIFT,,,,,,,partial,2
Cindy's Kitchen,United States,Brockton,,Summer Fancy Food Show 2026,http://www.cindyskitchen.com/,annie@cindyskitchen.com,+15085832995,,https://www.instagram.com/cindyskitchen,Level 1 — 6311A — Massachusetts,https://sff2026.mapyourshow.com/8_0/exhibitor/exhibitor-details.cfm?exhid=179299,,http://www.facebook.com/cindyskitchen,,,,,,,partial,2
CINNAMOM,United States,Grand Blanc,,Summer Fancy Food Show 2026,https://www.cinnamombakery.com,order@cinnamombakery.com,+18108664342,,https://instagram.com/cinnamombakery,Level 1 — 5853,https://sff2026.mapyourshow.com/8_0/exhibitor/exhibitor-details.cfm?exhid=314161,,https://www.facebook.com/Cinnamombakery,,,,,,,partial,2
"City Rice Import Export Co.,Ltd",Cambodia,Thmor Korl,,Summer Fancy Food Show 2026,http://cityrice.com,info@cityrice.com,+85512 775 535,,,Level 1 — 3515 — Cambodia,https://sff2026.mapyourshow.com/8_0/exhibitor/exhibitor-details.cfm?exhid=348343,,https://www.facebook.com/cityrice,,,,,,,partial,2
Ciuti International,United States,Rancho Cucamonga,,Summer Fancy Food Show 2026,https://ciuti.com/,customerservice@ciuti.com,909-484-1414,https://www.linkedin.com/company/ciuti-international,https://www.instagram.com/ciutioil,Level 3 — 2949,https://sff2026.mapyourshow.com/8_0/exhibitor/exhibitor-details.cfm?exhid=118712,,https://www.facebook.com/ciutiinternational,,,,,,,partial,2
CLARA'S KITCHEN,United States,SAN LEANDRO,,Summer Fancy Food Show 2026,https://claraskitchen.co,,+14153123201,,https://www.instagram.com/eatclaraskitchen,Level 3 — 173,https://sff2026.mapyourshow.com/8_0/exhibitor/exhibitor-details.cfm?exhid=348177,,https://www.facebook.com/eatclaraskitchen,,,,,,,partial,1
Claudio's Kitchen LLC,United States,Brooklyn,,Summer Fancy Food Show 2026,https://www.claudioskitchennyc.com/,,+12012537568,,,Level 1 — 5441,https://sff2026.mapyourshow.com/8_0/exhibitor/exhibitor-details.cfm?exhid=314733,,,,,,,,,partial,1
Cleves Gourmet Products,United States,McKinney,,Summer Fancy Food Show 2026,https://clevesgourmetproducts.com/,,2144982451,,,Level 1 — 5760,https://sff2026.mapyourshow.com/8_0/exhibitor/exhibitor-details.cfm?exhid=343551,,,,,,,,,partial,1
Clif Family Winery & Farm LLC,United States,Saint Helena,,Summer Fancy Food Show 2026,https://www.cliffamily.com/,,707-968-0625,,,River Pavilion — 7313 — Good Food Mercantile (Sunday Only),https://sff2026.mapyourshow.com/8_0/exhibitor/exhibitor-details.cfm?exhid=101053,,,,,,,,,partial,1
Cocktail Crate LLC,United States,New York,,Summer Fancy Food Show 2026,http://www.cocktailcrate.com,info@cocktailcrate.com,718-316-2033,,https://www.instagram.com/cocktailcrate,Level 1 — 5963,https://sff2026.mapyourshow.com/8_0/exhibitor/exhibitor-details.cfm?exhid=120139,,https://www.facebook.com/CocktailCrate,,,,,,,partial,2
COCOBA CHOCOLATE,United Kingdom,STROOD,,Summer Fancy Food Show 2026,https://www.cocobachocolate.com,,+44 1 322 381 111,,,"Level 3 — 2241 — Confectionery, Snacks and Sweets Pavilion",https://sff2026.mapyourshow.com/8_0/exhibitor/exhibitor-details.cfm?exhid=316626,,,,,,,,,partial,1
Coconuts Brasil,Brazil,São Paulo,,Summer Fancy Food Show 2026,https://dreamscoconutcookie.com/,sales@coconutsbrasil.com.br,+55 11 99935-3388,,https://instagram.com/dreamscoconutcookie,Level 3 — 124B — Brazil,https://sff2026.mapyourshow.com/8_0/exhibitor/exhibitor-details.cfm?exhid=342580,,,,,,,,,partial,2
Coffee & Tea Junkie,United States,Dallas,,Summer Fancy Food Show 2026,https://www.coffeeandteajunkie.com,,972-743-4239,,,River Pavilion — 7241 — Debut District,https://sff2026.mapyourshow.com/8_0/exhibitor/exhibitor-details.cfm?exhid=305983,,,,,,,,,partial,1
Coffee By Design,United States,Portland,,Summer Fancy Food Show 2026,https://www.coffeebydesign.com/,,+12078317051,,,Level 1 — 4308 — Emerge CPG,https://sff2026.mapyourshow.com/8_0/exhibitor/exhibitor-details.cfm?exhid=313398,,,,,,,,,partial,1
Colavita USA,United States,Edison,,Summer Fancy Food Show 2026,https://www.colavita.com,usa@colavita.com,+17324048300,,https://instagram.com/colavitausa,Level 3 — 1836,https://sff2026.mapyourshow.com/8_0/exhibitor/exhibitor-details.cfm?exhid=5254,,https://www.facebook.com/tr,,,,,,,partial,2
COLDIRETTI,Italy,ROME,,Summer Fancy Food Show 2026,https://www.coldiretti.it/,,+39 0646821,,,Level 3 — 2718 — Italy,https://sff2026.mapyourshow.com/8_0/exhibitor/exhibitor-details.cfm?exhid=342720,,,,,,,,,partial,1
Colombo Importing U.S. Inc.,Canada,Woodbridge,,Summer Fancy Food Show 2026,http://www.jkoverweel.com,,732-225-2225,https://ca.linkedin.com/company/jan-k-overweel-limited,,Level 1 — 5163 — Canada,https://sff2026.mapyourshow.com/8_0/exhibitor/exhibitor-details.cfm?exhid=105837,,,,,,,,,partial,1
"Colonna Brothers, Inc.",United States,North Bergen,,Summer Fancy Food Show 2026,https://www.colonnabrothers.com,user@domain.com,2018641115,https://www.linkedin.com/company/colonna-brothers-inc,https://www.instagram.com/COLONNABROTHERSINC,Level 3 — 1851,https://sff2026.mapyourshow.com/8_0/exhibitor/exhibitor-details.cfm?exhid=312003,,http://www.facebook.com/2008/fbml,,,,,,,partial,2
Colorado Wassail Company,United States,Commerce City,,Summer Fancy Food Show 2026,https://www.wassail.com/,user@domain.com,7204866554,,,River Pavilion — 7005B — SFA Spark Pavilion,https://sff2026.mapyourshow.com/8_0/exhibitor/exhibitor-details.cfm?exhid=342038,,http://www.facebook.com/2008/fbml,,,,,,,partial,2
COMERCIAL MEXICANA INTERNATIONAL,United States,Bethpage,,Summer Fancy Food Show 2026,https://comercialmexicanaint.com/,salesone@comercialmexicanaint.com,+15163079655,https://www.linkedin.com/company/comercial-mexicana-internacional-inc/posts,https://www.instagram.com/comercialmexicanaint,Level 1 — 5708 — Beverage Pavilion,https://sff2026.mapyourshow.com/8_0/exhibitor/exhibitor-details.cfm?exhid=336460,,https://www.facebook.com/ComercialMexicanaInternacional,,,,,,,partial,2
"COMO CO., LTD.",Japan,Komak,,Summer Fancy Food Show 2026,https://comoshop-japan.com/,,+81-568-73-7090,,https://www.instagram.com/comobread_global_official,Level 3 — 410 — Japan,https://sff2026.mapyourshow.com/8_0/exhibitor/exhibitor-details.cfm?exhid=347885,,,,,,,,,partial,1
Compass Food Sales Company Limited,Canada,Aurora,,Summer Fancy Food Show 2026,https://www.compassfoodsales.com,sales@compassfoodsales.com,1-905-713-0167,,,Level 3 — 3073,https://sff2026.mapyourshow.com/8_0/exhibitor/exhibitor-details.cfm?exhid=348775,,,,,,,,,partial,2
Complete Design & Packaging,United States,Concord,,Summer Fancy Food Show 2026,https://completedesignpackaging.com,,+17047934400,https://www.linkedin.com/company/complete-design-,https://www.instagram.com/completedesignpackaging,Level 1 — 3718,https://sff2026.mapyourshow.com/8_0/exhibitor/exhibitor-details.cfm?exhid=348827,,https://www.facebook.com/2008/fbml,,,,,,,partial,1
CONDORELLI - I.D.B. Industria Dolciaria Belpasso SPA,Italy,Belpasso,,Summer Fancy Food Show 2026,https://condorelli.it/,condorelli@condorelli.it,+39 095913630,https://www.linkedin.com/company/condorelli-belpasso,https://www.instagram.com/condorelliofficial,Level 3 — 2711 — Italy,https://sff2026.mapyourshow.com/8_0/exhibitor/exhibitor-details.cfm?exhid=316886,,https://www.facebook.com/Condorelli.idb,,,,,,,partial,2
Conmigo Brands LLC,United States,Austin,,Summer Fancy Food Show 2026,https://www.pacojones.com/,paco@pacojones.com,+19177015068,,,Level 1 — 4417A — CPG Xperience,https://sff2026.mapyourshow.com/8_0/exhibitor/exhibitor-details.cfm?exhid=347537,,,,,,,,,partial,2
CONSERVAS ARLEQUÍN,Spain,Camargo,,Summer Fancy Food Show 2026,http://WWW.conservasarlequin.com,info@conservasarlequin.com,942254507,https://www.linkedin.com/company/conservas-y-salazones-arlequin-slu,https://www.instagram.com/conservas_arlequin,Level 3 — 2327 — Spain,https://sff2026.mapyourshow.com/8_0/exhibitor/exhibitor-details.cfm?exhid=348647,,https://www.facebook.com/conservasarlequin,,,,,,,partial,2
CONSERVAS OLASAGASTI,Spain,Markina-Xemein,,Summer Fancy Food Show 2026,https://www.conservasolasagasti.com/,info@conservasolasagasti.com,(+34) 946166251,https://es.linkedin.com/company/conservas-olasagasti?trk=public_profile_experience-item_profile-section-card_image-click,https://instagram.com/Olasagasti_es,Level 3 — 2107 — Spain,https://sff2026.mapyourshow.com/8_0/exhibitor/exhibitor-details.cfm?exhid=335742,,https://facebook.com/ConservasOlasagasti,,,,,,,partial,2
Conserve Italia,Italy,SAN LAZZARO DI SAVENA,,Summer Fancy Food Show 2026,https://conserveitalia.it,conserveitalia@ccci.it,39051688311,,,Level 3 — 3128B — Italy,https://sff2026.mapyourshow.com/8_0/exhibitor/exhibitor-details.cfm?exhid=42261,,,,,,,,,partial,2
Consorcio del Jamón Serrano Español,Spain,Valencia,,Summer Fancy Food Show 2026,https://perfectedbytime-usa.eu/,,(+1)(646) 458-1068,,,Level 3 — 2108 — Spain,https://sff2026.mapyourshow.com/8_0/exhibitor/exhibitor-details.cfm?exhid=345420,,,,,,,,,partial,1
Consorzio Aceto Balsamico Di Modena,Italy,Modena,,Summer Fancy Food Show 2026,https://www.consorziobalsamico.it,info@consorziobalsamico.it,+39 059 208621,,https://www.instagram.com/acetobalsamicomodena,Level 3 — 3221 — Italy,https://sff2026.mapyourshow.com/8_0/exhibitor/exhibitor-details.cfm?exhid=317486,,https://www.facebook.com/tr,,,,,,,partial,2
Consorzio Beume,Italy,Gifflenga,,Summer Fancy Food Show 2026,http://www.beume.it,info@vinartwine.com,+39 3398404327,,,Level 3 — 2625 — Italy,https://sff2026.mapyourshow.com/8_0/exhibitor/exhibitor-details.cfm?exhid=349118,,,,,,,,,partial,2
Consorzio del Formaggio Parmigiano Reggiano,Italy,Reggio Emilia,,Summer Fancy Food Show 2026,https://www.parmigianoreggiano.com/,marketing@parmigianoreggiano.it,0039 320 299 7461,https://www.linkedin.com/company/consorzio-del-formaggio-parmigiano-reggiano,https://www.instagram.com/parmigianoreggianoglobal,Level 3 — 2818 — Italy,https://sff2026.mapyourshow.com/8_0/exhibitor/exhibitor-details.cfm?exhid=31302,,https://www.facebook.com/parmigianoreggiano,,,,,,,partial,2
Consorzio del Prosciutto di Parma,Italy,Parma,,Summer Fancy Food Show 2026,https://parmacrown.com/,,+39 0521246211,,https://www.instagram.com/parmaham_usa,Level 3 — 2713 — Italy,https://sff2026.mapyourshow.com/8_0/exhibitor/exhibitor-details.cfm?exhid=39592,,https://www.facebook.com/pages/Prosciutto-di-Parma-USA/201252616563761,,,,,,,partial,1
Consorzio di tutela del Carciofo di Paestum IGP,Italy,Eboli,,Summer Fancy Food Show 2026,https://www.carciofodipaestum.it/,,0828 601213,,,Level 3 — 2603B — Italy,https://sff2026.mapyourshow.com/8_0/exhibitor/exhibitor-details.cfm?exhid=341667,,,,,,,,,partial,1
Consorzio di Tutela del Primitivo di Manduria Dop,Italy,Manduria,,Summer Fancy Food Show 2026,https://www.consorziotutelaprimitivo.com,consorziotutelaprimitivo@pec.it,+390999796696,,https://www.instagram.com/consorzioprimitivodimanduria,Level 3 — 2512 — Italy,https://sff2026.mapyourshow.com/8_0/exhibitor/exhibitor-details.cfm?exhid=348452,,https://www.facebook.com/consorzioprimitivodimanduria,,,,,,,partial,2
Consorzio di tutela dell'olio delle Colline Salernitane DOP,Italy,Battipaglia,,Summer Fancy Food Show 2026,http://psr321.dopcollinesalernitane.it/,,+39 339 424 4104,,,Level 3 — 2605B — Italy,https://sff2026.mapyourshow.com/8_0/exhibitor/exhibitor-details.cfm?exhid=341671,,,,,,,,,partial,1
Consorzio di Tutela della Finocchiona IGP,Italy,Firenze,,Summer Fancy Food Show 2026,https://www.finocchionaigp.it/,info@finocchionaigp.it,+393668997278,,https://instagram.com/finocchionaigp,Level 3 — 2921 — Italy,https://sff2026.mapyourshow.com/8_0/exhibitor/exhibitor-details.cfm?exhid=341639,,https://www.facebook.com/tr,,,,,,,partial,2
Consorzio di tutela della Melannurca Campana IGP,Italy,Caserta,,Summer Fancy Food Show 2026,https://www.melannurca.it/,info@melannurca.it,+39 339 424 4104,,,Level 3 — 2605A — Italy,https://sff2026.mapyourshow.com/8_0/exhibitor/exhibitor-details.cfm?exhid=341670,,,,,,,,,partial,2
Consorzio di tutela della Nocciola di Giffoni IGP,Italy,Giffoni Valle Piana,,Summer Fancy Food Show 2026,http://psr321.igpnoccioladigiffoni.it/,info@igpnoccioladigiffoni.it,+39 339 424 4104,,,Level 3 — 2601B — Italy,https://sff2026.mapyourshow.com/8_0/exhibitor/exhibitor-details.cfm?exhid=341669,,,,,,,,,partial,2
Consorzio di tutela della Rucola della Piana del Sele IGP,Italy,Eboli,,Summer Fancy Food Show 2026,https://www.consorziorucolaigp.it/,,+39 339 424 4104,,,Level 3 — 2601A — Italy,https://sff2026.mapyourshow.com/8_0/exhibitor/exhibitor-details.cfm?exhid=341668,,,,,,,,,partial,1
Consorzio Edamus,Italy,Battipaglia,,Summer Fancy Food Show 2026,https://www.edamus.it/,info@edamus.it,+39 339 424 4104,,https://www.instagram.com/consorzioedamus,Level 3 — 2603A — Italy,https://sff2026.mapyourshow.com/8_0/exhibitor/exhibitor-details.cfm?exhid=335586,,https://www.facebook.com/consorzioedamus,,,,,,,partial,2
Consorzio Gorgonzola,Italy,Novara,,Summer Fancy Food Show 2026,https://www.gorgonzola.com/,info@gorgonzola.com,00390321626613,https://it.linkedin.com/company/consorzio-per-la-tutela-del-formaggio-gorgonzola-dop,https://www.instagram.com/gorgonzoladop,Level 3 — 2923 — Italy,https://sff2026.mapyourshow.com/8_0/exhibitor/exhibitor-details.cfm?exhid=317489,,https://www.facebook.com/consorziogorgonzola,,,,,,,partial,2
Consorzio Latterie Virgilio,Italy,Mantova,,Summer Fancy Food Show 2026,https://www.consorzio-virgilio.it/,,+39 03763861,https://it.linkedin.com/company/consorzio-latterie-virgilio-societ%C3%A0-agricola-cooperativa,https://www.instagram.com/consorziovirgilio,Level 3 — 2630 — Italy,https://sff2026.mapyourshow.com/8_0/exhibitor/exhibitor-details.cfm?exhid=314709,,https://www.facebook.com/tr,,,,,,,partial,1
Consorzio Tutela Aceto Balsamico Tradizionale di Modena,Italy,Modena,,Summer Fancy Food Show 2026,https://www.balsamicotradizionale.it/,consorzio.tradizionale@mo.camcom.it,+39 059208604,https://www.linkedin.com/company/consorzio-aceto-balsamico-tradizionale-modena,https://www.instagram.com/balsamicotradizionale,Level 3 — 3219 — Italy,https://sff2026.mapyourshow.com/8_0/exhibitor/exhibitor-details.cfm?exhid=341630,,https://www.facebook.com/acetobalsamicotradizionaledop,,,,,,,partial,2
Consorzio Tutela Grana Padano,Italy,Desenzano Del Garda,,Summer Fancy Food Show 2026,https://www.granapadano.it/,,309109811,https://www.linkedin.com/company/consorzio-tutela-grana-padano,https://www.instagram.com/granapadano,Level 3 — 2927 — Italy,https://sff2026.mapyourshow.com/8_0/exhibitor/exhibitor-details.cfm?exhid=317491,,https://www.facebook.com/GranaPadano,,,,,,,partial,1
Consorzio Tutela Mozzarella Di Bufala Campana Dop,Italy,Caserta,,Summer Fancy Food Show 2026,https://www.mozzarelladop.it,info@mozzarelladop.it,0039 0823 424780,https://www.linkedin.com/company/consorzio-tutela-mozzarella-di-bufala-campana-dop,https://www.instagram.com/mozzarella_dop,Level 3 — 2925 — Italy,https://sff2026.mapyourshow.com/8_0/exhibitor/exhibitor-details.cfm?exhid=317490,,https://www.facebook.com/tr,,,,,,,partial,2
CONSORZIO TUTELA PECORINO ROMANO,Italy,MACOMER,,Summer Fancy Food Show 2026,https://www.pecorinoromano.com,info@pecorinoromano.com,+39078570537,,https://www.instagram.com/consorziopecorinoromano,Level 3 — 2828 — Italy,https://sff2026.mapyourshow.com/8_0/exhibitor/exhibitor-details.cfm?exhid=314765,,https://www.facebook.com/ConsorzioPecorinoRomanoDOP,,,,,,,partial,2
Consorzio Tutela Pecorino Toscano Dop,Italy,Grosseto,,Summer Fancy Food Show 2026,https://www.pecorinotoscanodop.it,info@pecorinotoscanodop.it,+39056420038,,https://www.instagram.com/pecorinotoscano,Level 3 — 2919 — Italy,https://sff2026.mapyourshow.com/8_0/exhibitor/exhibitor-details.cfm?exhid=315063,,https://www.facebook.com/pecorinotoscanodop,,,,,,,partial,2
Consorzio Tutela Speck Alto Adige,Italy,Bolzano,,Summer Fancy Food Show 2026,https://www.speck.it/,,+39 0471 300 381,https://www.linkedin.com/company/consorzio-tutela-speck-alto-adige,https://www.instagram.com/speckaltoadige,Level 3 — 2903 — Italy,https://sff2026.mapyourshow.com/8_0/exhibitor/exhibitor-details.cfm?exhid=335584,,,,,,,,,partial,1
Contra Group,Italy,Napoli,,Summer Fancy Food Show 2026,https://contra.it/,,393484302150,https://www.linkedin.com/company/10295856,https://www.instagram.com/contragroup_official,Level 3 — 3322B,https://sff2026.mapyourshow.com/8_0/exhibitor/exhibitor-details.cfm?exhid=301642,,https://www.facebook.com/contragroupofficial,,,,,,,partial,1
Conza Foods LLC,United States,Boston,,Summer Fancy Food Show 2026,https://www.conzacrumbs.com/,conzacrumbsmail@gmail.com,+115109091345,,,Level 1 — 4923B — Naturally Network,https://sff2026.mapyourshow.com/8_0/exhibitor/exhibitor-details.cfm?exhid=339106,,http://www.facebook.com/2008/fbml,,,,,,,partial,1
Coolioh! Candy,United States,Tucker,,Summer Fancy Food Show 2026,https://www.cooliohcandy.com/,fun@cooliohcandy.com,9125961996,,https://www.instagram.com/cooliohcandy_,"Level 3 — 2554 — Confectionery, Snacks and Sweets Pavilion",https://sff2026.mapyourshow.com/8_0/exhibitor/exhibitor-details.cfm?exhid=336210,,https://www.facebook.com/tr,,,,,,,partial,2
Coop's,United States,Newton,,Summer Fancy Food Show 2026,https://www.enjoycoops.com/,help@enjoycoops.com,(617) 269-1009,,https://www.instagram.com/coopshotfudge,Level 1 — 6016,https://sff2026.mapyourshow.com/8_0/exhibitor/exhibitor-details.cfm?exhid=108107,,https://www.facebook.com/coopsmicrocreamery,,,,,,,partial,2
Cooperativa Agropecuária Regional de Palmeira dos Índios - CARPIL,Brazil,Palmeira dos Índios,,Summer Fancy Food Show 2026,https://unicafes.org.br/,secretaria@unicafes.org.br,+55 82 99986-0747,https://linkedin.com/company/unicafesnacional,https://www.instagram.com/emporio_agricultura_familiar,Level 3 — 209B — Brazil,https://sff2026.mapyourshow.com/8_0/exhibitor/exhibitor-details.cfm?exhid=347951,,https://www.facebook.com/unicafesnacional,,,,,,,partial,2
COOPERATIVA DOS APICULTORES E AGRICULTORES FAMILIARES DO NORTE DE MINAS - COOPEMAPI,Brazil,Bocaiúva,,Summer Fancy Food Show 2026,https://www.meldasgerais.com.br,,+55 38 99892-0782,,,Level 3 — 211B — Brazil,https://sff2026.mapyourshow.com/8_0/exhibitor/exhibitor-details.cfm?exhid=347950,,,,,,,,,partial,1
Copper Moon Coffee LLC,United States,Lafayette,,Summer Fancy Food Show 2026,http://www.coppermooncoffee.com,,800-486-1198,,,Level 1 — 5707 — Beverage Pavilion,https://sff2026.mapyourshow.com/8_0/exhibitor/exhibitor-details.cfm?exhid=37858,,,,,,,,,partial,1
corecentrix LLC,United States,Lutz,,Summer Fancy Food Show 2026,http://centrixiq.com,info@centrixiq.com,+12019888578,https://linkedin.com/company/centrixiq,https://instagram.com/centrixiq,Level 3 — 2781,https://sff2026.mapyourshow.com/8_0/exhibitor/exhibitor-details.cfm?exhid=347676,,https://facebook.com/centrixiq,,,,,,,partial,2
Cornell AgriTech,United States,Geneva,,Summer Fancy Food Show 2026,https://agritech.cals.cornell.edu/,,+13157872214,,https://www.instagram.com/cornelluniversitycals,River Pavilion — 7020A — Debut District,https://sff2026.mapyourshow.com/8_0/exhibitor/exhibitor-details.cfm?exhid=200746,,https://www.facebook.com/CornellCALS,,,,,,,partial,1
Coro Foods,United States,Kent,,Summer Fancy Food Show 2026,https://corofoods.com,,253-236-8300,,,Level 3 — 651 — Deli Pavilion,https://sff2026.mapyourshow.com/8_0/exhibitor/exhibitor-details.cfm?exhid=244227,,,,,,,,,partial,1
Cortas Canning & Refrigerating Co. S.A.L,Lebanon,Jbeil,,Summer Fancy Food Show 2026,http://www.cortasfood.com/,jhamati@cortas.net,+9619791341,,https://www.instagram.com/cortasfood,Level 3 — 252,https://sff2026.mapyourshow.com/8_0/exhibitor/exhibitor-details.cfm?exhid=26842,,https://www.facebook.com/CortasFoodOfficial,,,,,,,partial,2
Corte Diletto Italia,Italy,Milano,,Summer Fancy Food Show 2026,https://www.coppadellamaga.it,info@cortediletto.co.uk,393447083936,,https://www.instagram.com/coppadellamaga,Level 3 — 3303 — Italy,https://sff2026.mapyourshow.com/8_0/exhibitor/exhibitor-details.cfm?exhid=348462,,https://www.facebook.com/CoppaDellaMagaUK,,,,,,,partial,2
Cosmopolitan Food Group,United States,Hoboken,,Summer Fancy Food Show 2026,http://www.cfgoil.com,cfgoil@cfgoil.com,https://wa.me/+902328334210?text=Hello%2C+I+am+contacting+you+via+your+website.,https://www.linkedin.com/company/cosmopolitan-food-group,https://www.instagram.com/cosmopolitanfoodgroup,Level 3 — 2969,https://sff2026.mapyourshow.com/8_0/exhibitor/exhibitor-details.cfm?exhid=100387,,https://www.facebook.com/profile.php,,,,,,,partial,2
Costelata,Brazil,Três Rios,,Summer Fancy Food Show 2026,https://www.costelata.com.br,nuvempago@2x.png,https://wa.me/5521971382847,,https://instagram.com/COSTELATA,Level 3 — 207A — Brazil,https://sff2026.mapyourshow.com/8_0/exhibitor/exhibitor-details.cfm?exhid=348774,,http://www.facebook.com/2008/fbml,,,,,,,partial,2
Cotto,United States,New York,,Summer Fancy Food Show 2026,https://getcotto.com/,,+19739003421,,,Level 1 — 4508A — Startup CPG,https://sff2026.mapyourshow.com/8_0/exhibitor/exhibitor-details.cfm?exhid=347275,,,,,,,,,partial,1
"Country Fresh Food & Confections, Inc.",United States,Oliver Springs,,Summer Fancy Food Show 2026,https://countryfreshfood.com/,,8654352655,,,Level 1 — 5305,https://sff2026.mapyourshow.com/8_0/exhibitor/exhibitor-details.cfm?exhid=2559,,,,,,,,,partial,1
Cox's Seafood,United States,Tampa,,Summer Fancy Food Show 2026,https://coxseafood.com/,,6122390045,https://www.linkedin.com/company/cox,https://www.instagram.com/coxseafood,Level 1 — 6225 — SUSTA,https://sff2026.mapyourshow.com/8_0/exhibitor/exhibitor-details.cfm?exhid=338218,,https://www.facebook.com/coxshrimpco,,,,,,,partial,1
Coyotas INC,United States,Cardiff By The Sea,,Summer Fancy Food Show 2026,http://www.eatcoyotas.com,,619-831-2825,,,Level 1 — 5363,https://sff2026.mapyourshow.com/8_0/exhibitor/exhibitor-details.cfm?exhid=301570,,,,,,,,,partial,1
CP Foods USA,New Zealand,Redwood Valley,,Summer Fancy Food Show 2026,https://www.cpau.com.au,,64021759813,,,Level 3 — 1052,https://sff2026.mapyourshow.com/8_0/exhibitor/exhibitor-details.cfm?exhid=343597,,,,,,,,,partial,1
CRATEA FOODS PC,Greece,ATHENS,,Summer Fancy Food Show 2026,https://www.creatfood.com/,info@creatfood.com,+30 6973 300015,,https://www.instagram.com/creatfoodies,Level 3 — 2131 — Greece,https://sff2026.mapyourshow.com/8_0/exhibitor/exhibitor-details.cfm?exhid=342675,,http://www.facebook.com/2008/fbml,,,,,,,partial,2
Crazy Monkey Baking,United States,Grand Rapids,,Summer Fancy Food Show 2026,http://www.crazymonkeybaking.com/,,419-903-0403,,,Level 1 — 6420 — Michigan,https://sff2026.mapyourshow.com/8_0/exhibitor/exhibitor-details.cfm?exhid=211647,,,,,,,,,partial,1
Creations Foods,United States,Ferndale,,Summer Fancy Food Show 2026,https://creationsfoods.com,sales@creationsfoods.com,360-332-2101,,,River Pavilion — 7115A — Debut District,https://sff2026.mapyourshow.com/8_0/exhibitor/exhibitor-details.cfm?exhid=309916,,http://www.facebook.com/2008/fbml,,,,,,,partial,2
"Creative Confectionaire, Inc",United States,Hastings,,Summer Fancy Food Show 2026,https://www.creativeconfectionaire.com/,CindynDave@CreativeConfectionaire.com,+16513246158,,,Level 1 — 3823,https://sff2026.mapyourshow.com/8_0/exhibitor/exhibitor-details.cfm?exhid=347530,,,,,,,,,partial,2
Creative Pea,Israel,Ofakim,,Summer Fancy Food Show 2026,https://shopcreativepea.com,,+97252795766,,,Level 3 — 107 — Israel,https://sff2026.mapyourshow.com/8_0/exhibitor/exhibitor-details.cfm?exhid=348608,,,,,,,,,partial,1
CREPINI,United States,Hopewell Junction,,Summer Fancy Food Show 2026,http://www.crepini.com/,,844-273-7464,,,Level 1 — 6126 — NewYork,https://sff2026.mapyourshow.com/8_0/exhibitor/exhibitor-details.cfm?exhid=38200,,,,,,,,,partial,1
CRO Quail Farms Inc.,Canada,Saint Anns,,Summer Fancy Food Show 2026,https://www.springcreekquail.ca/,egg-5@1x.webp,905-562-7277,https://www.linkedin.com/company/springcreekquail,https://www.instagram.com/springcreekquail,Level 3 — 1670,https://sff2026.mapyourshow.com/8_0/exhibitor/exhibitor-details.cfm?exhid=301270,,https://www.facebook.com/springcreekquail,,,,,,,partial,2
Croots Inc.,United States,Brooklyn,,Summer Fancy Food Show 2026,https://www.eatcroots.com,,6266734620,,,Level 1 — 4925B — Naturally Network,https://sff2026.mapyourshow.com/8_0/exhibitor/exhibitor-details.cfm?exhid=344536,,,,,,,,,partial,1
Cross Reach Inc.,Japan,Chiyoda-ku,,Summer Fancy Food Show 2026,https://xreach-inc.com/,,+8103-4213-4298,,,Level 1 — 4418,https://sff2026.mapyourshow.com/8_0/exhibitor/exhibitor-details.cfm?exhid=347526,,,,,,,,,partial,1
Crust Craft Inc.,Canada,Edmonton,,Summer Fancy Food Show 2026,https://panajinaan.com/,,+17804661333,,https://www.instagram.com/panajinaan,Level 1 — 4601,https://sff2026.mapyourshow.com/8_0/exhibitor/exhibitor-details.cfm?exhid=343780,,https://www.facebook.com/PanajiNaan,,,,,,,partial,1
Crystal Geyser Water Company,United States,Calistoga,,Summer Fancy Food Show 2026,http://www.crystalgeyserwatercompany.com,,707-942-0500,,,Level 1 — 6362,https://sff2026.mapyourshow.com/8_0/exhibitor/exhibitor-details.cfm?exhid=104469,,,,,,,,,partial,1
CUADRAT VALLEY,Spain,Lleida,,Summer Fancy Food Show 2026,https://www.cuadratvalley.com/,,+34609986542,,,Level 1 — 5469 — Spain,https://sff2026.mapyourshow.com/8_0/exhibitor/exhibitor-details.cfm?exhid=348352,,,,,,,,,partial,1
Cucina Foods Inc.,Canada,Newmarket,,Summer Fancy Food Show 2026,https://www.cucinafoods.com,info@cucinafoods.com,1-905-761-9331,,https://www.instagram.com/cucinafoods,Level 3 — 3044,https://sff2026.mapyourshow.com/8_0/exhibitor/exhibitor-details.cfm?exhid=347251,,https://www.facebook.com/tr,,,,,,,partial,2
Culinary Collective,United States,Mukiteo,,Summer Fancy Food Show 2026,http://www.culinarycollective.com/,,+14253989761,,,Level 3 — 952,https://sff2026.mapyourshow.com/8_0/exhibitor/exhibitor-details.cfm?exhid=26987,,,,,,,,,partial,1
Culture Foods Inc,United States,New York,,Summer Fancy Food Show 2026,https://sourmilk.com,,+17072999269,,https://www.instagram.com/getsourmilk,Level 1 — 4611B — Startup CPG,https://sff2026.mapyourshow.com/8_0/exhibitor/exhibitor-details.cfm?exhid=348632,,,,,,,,,partial,1
Curio Spice Co.,United States,Winchester,,Summer Fancy Food Show 2026,https://curiospice.com/,,617-945-1888,,,River Pavilion — 7336 — Good Food Mercantile (Sunday Only),https://sff2026.mapyourshow.com/8_0/exhibitor/exhibitor-details.cfm?exhid=314154,,,,,,,,,partial,1
Curious Elixirs LLC,United States,Marlboro,,Summer Fancy Food Show 2026,https://curiouselixirs.com/,,917-573-0070,,,Level 1 — 5021,https://sff2026.mapyourshow.com/8_0/exhibitor/exhibitor-details.cfm?exhid=335212,,,,,,,,,partial,1
"CW&B Farm Co.,Ltd",South Korea,Cheorwon-gun,,Summer Fancy Food Show 2026,"http://cwbm,kr",,010-3768-8311,,,Level 3 — 504 — Korea,https://sff2026.mapyourshow.com/8_0/exhibitor/exhibitor-details.cfm?exhid=342320,,,,,,,,,partial,1
CYNARA ARTOCHOKE LOVERS,Spain,Mula,,Summer Fancy Food Show 2026,http://www.cynara.net,,https://api.whatsapp.com/send?phone=34610119708,https://www.linkedin.com/company/alcachofascynara,https://www.instagram.com/alcachofascynara,Level 3 — 2112 — Spain,https://sff2026.mapyourshow.com/8_0/exhibitor/exhibitor-details.cfm?exhid=157708,,https://www.facebook.com/alcachofascynara,,,,,,,partial,1
Cypress Grove,United States,Arcata,,Summer Fancy Food Show 2026,https://www.cypressgrovecheese.com/,,(707) 825-1100,,https://www.instagram.com/cypressgrovers,Level 3 — 665 — ACS Pavilion,https://sff2026.mapyourshow.com/8_0/exhibitor/exhibitor-details.cfm?exhid=3180,,https://www.facebook.com/cypressgrove,,,,,,,partial,1
D'AMICO - D&D Italia SpA,Italy,Pontecagnano Faiano,,Summer Fancy Food Show 2026,https://www.damico.it/,info@damico.it,0892021232,https://www.linkedin.com/company/damico-d-e-d-italia-societa-benefit,https://www.instagram.com/damicoitalia,Level 3 — 2705 — Italy,https://sff2026.mapyourshow.com/8_0/exhibitor/exhibitor-details.cfm?exhid=313406,,https://www.facebook.com/DAmicoItalia,,,,,,,partial,2
"DA JUNG CO., LTD",South Korea,Gyeonggi-do,,Summer Fancy Food Show 2026,https://damizle.com/,sales3@damizle.com,+82-2-6395-6659,,,Level 3 — 518 — Korea,https://sff2026.mapyourshow.com/8_0/exhibitor/exhibitor-details.cfm?exhid=348353,,,,,,,,,partial,2
DA TERRINHA INDÚSTRIA E COMÉRCIO DE ALIMENTOS LTDA,Brazil,São Paulo,,Summer Fancy Food Show 2026,https://www.daterrinhaalimentos.com/,,+55 11 97990313,,,Level 1 — 5757,https://sff2026.mapyourshow.com/8_0/exhibitor/exhibitor-details.cfm?exhid=317106,,,,,,,,,partial,1
Dacate' Srl,Italy,Pomezia,,Summer Fancy Food Show 2026,https://www.goldenbrasilcoffee.it,,+39 0 689619720,,,Level 1 — 5042 — Italy,https://sff2026.mapyourshow.com/8_0/exhibitor/exhibitor-details.cfm?exhid=335693,,,,,,,,,partial,1
Dadu Ice Cream INC,United States,Chatsworth,,Summer Fancy Food Show 2026,https://www.bandifoods.com,Info@BandiFoods.com,+18882010733,,https://www.instagram.com/bandifoods,Level 3 — 1477,https://sff2026.mapyourshow.com/8_0/exhibitor/exhibitor-details.cfm?exhid=246195,,https://www.facebook.com/BandiFoods,,,,,,,partial,2
Daehan Mills Inc.,United States,Fort Lee,,Summer Fancy Food Show 2026,https://www.daehanmills.com/,,+12012330166,,,Level 1 — 5112,https://sff2026.mapyourshow.com/8_0/exhibitor/exhibitor-details.cfm?exhid=319653,,,,,,,,,partial,1
DAESANG WELLIFE,South Korea,Seoul,,Summer Fancy Food Show 2026,https://www.daesangwellife.com/,,+82221614257,,,Level 1 — 5070 — Korea,https://sff2026.mapyourshow.com/8_0/exhibitor/exhibitor-details.cfm?exhid=347589,,,,,,,,,partial,1
"Daiei Trading Co., Inc.",United States,College Point,,Summer Fancy Food Show 2026,https://daiei-trading.com,daiei@daiei-trading.com,7185398100,,,Level 1 — 4807,https://sff2026.mapyourshow.com/8_0/exhibitor/exhibitor-details.cfm?exhid=311411,,,,,,,,,partial,2
"Daily Fresh Foods (Cambodia) Co., Ltd.",Cambodia,Phnom Penh,,Summer Fancy Food Show 2026,http://dffcambodia.com,,+85560 688 883,,,Level 1 — 3517 — Cambodia,https://sff2026.mapyourshow.com/8_0/exhibitor/exhibitor-details.cfm?exhid=348342,,,,,,,,,partial,1
Dairy Farmers of Wisconsin,United States,Madison,,Summer Fancy Food Show 2026,https://wisconsincheese.com/,Hello@wisconsincheese.com,(608) 836-8820,,https://www.instagram.com/wisconsincheese,Level 3 — 336 — Deli Pavilion,https://sff2026.mapyourshow.com/8_0/exhibitor/exhibitor-details.cfm?exhid=8268,,https://www.facebook.com/wisconsincheese,,,,,,,partial,2
"DAISHO Co., Ltd.",Japan,Fukuoka-shi,,Summer Fancy Food Show 2026,https://www.daisho.co.jp/,,+81-92-611-9321,,https://www.instagram.com/daisho_oec,Level 3 — 422 — Japan,https://sff2026.mapyourshow.com/8_0/exhibitor/exhibitor-details.cfm?exhid=317569,,,,,,,,,partial,1
Daksh Foods Inc.,United States,Richmond,,Summer Fancy Food Show 2026,https://keyassnacks.com/,talktous@keyassnacks.com,8043811785,,https://www.instagram.com/keyaandco,Level 1 — 4516B — Startup CPG,https://sff2026.mapyourshow.com/8_0/exhibitor/exhibitor-details.cfm?exhid=307348,,http://www.facebook.com/2008/fbml,,,,,,,partial,2
Damascus Bakery Inc.,United States,Brooklyn,,Summer Fancy Food Show 2026,http://www.damascusbakery.com,,(718)855-1456,,https://www.instagram.com/DamascusBakeries,Level 1 — 5906,https://sff2026.mapyourshow.com/8_0/exhibitor/exhibitor-details.cfm?exhid=31380,,,,,,,,,partial,1
DAMLAYAG OLIVE OIL,Turkey,IZMIR,,Summer Fancy Food Show 2026,https://www.damlayag.com/,,00905333869404,,,Level 3 — 1716 — Turkey,https://sff2026.mapyourshow.com/8_0/exhibitor/exhibitor-details.cfm?exhid=315173,,,,,,,,,partial,1
Dandies Marshmallows,United States,Addison,,Summer Fancy Food Show 2026,http://www.chicagoveganfoods.com,info@chicagoveganfoods.com,(630) 629-9667,,http://instagram.com/squarespace,Level 1 — 5539,https://sff2026.mapyourshow.com/8_0/exhibitor/exhibitor-details.cfm?exhid=128462,,http://www.facebook.com/2008/fbml,,,,,,,partial,2
Dands Sal,Lebanon,Beirut,,Summer Fancy Food Show 2026,https://www.dandsthegoodsnacks.co.uk,,+9613518913,,,Level 1 — 3407,https://sff2026.mapyourshow.com/8_0/exhibitor/exhibitor-details.cfm?exhid=349058,,,,,,,,,partial,1
"Dangold, Inc.",United States,Flushing,,Summer Fancy Food Show 2026,http://www.dangoldinc.com,,(718)591-5286,,https://www.instagram.com/dangoldspices,Level 3 — 2162,https://sff2026.mapyourshow.com/8_0/exhibitor/exhibitor-details.cfm?exhid=3652,,https://www.facebook.com/Dangoldinc,,,,,,,partial,1
"Dano’s Granola, LLC",United States,Reston,,Summer Fancy Food Show 2026,http://www.danosgranola.com,info@danosgranola.com,+15717666154,,https://instagram.com/danosgranola,River Pavilion — 7400 — Good Food Mercantile (Sunday Only),https://sff2026.mapyourshow.com/8_0/exhibitor/exhibitor-details.cfm?exhid=349065,,http://www.facebook.com/2008/fbml,,,,,,,partial,2
DANPER TRUJILLO S.A.C.,Peru,TRUJILLO,,Summer Fancy Food Show 2026,https://danper.com/,contactanos@danper.com,+51959-770-861,https://www.linkedin.com/company/danperperu,https://www.instagram.com/danperperu,Level 3 — 1978,https://sff2026.mapyourshow.com/8_0/exhibitor/exhibitor-details.cfm?exhid=223319,,https://www.facebook.com/pages/DanPer/311526765706174,,,,,,,partial,2
Dare Foods,Canada,Cambridge,,Summer Fancy Food Show 2026,https://www.lapanzanella.com/,,519-502-1662,,https://www.instagram.com/la_panzanella,Level 3 — 864,https://sff2026.mapyourshow.com/8_0/exhibitor/exhibitor-details.cfm?exhid=2032,,https://www.facebook.com/LaPanzanella,,,,,,,partial,1
Date Better Snacks,United States,Los Angeles,,Summer Fancy Food Show 2026,https://datebettersnacks.com/,,323-829-9113,,,Level 1 — 4507B — Vegpreneur,https://sff2026.mapyourshow.com/8_0/exhibitor/exhibitor-details.cfm?exhid=322193,,,,,,,,,partial,1
Dave's Friggin' Awesome,United States,Falls Church,,Summer Fancy Food Show 2026,http://davesfrigginawesome.com,,703-596-9169,,https://www.instagram.com/davesfrigginawesome,Level 1 — 6234 — Virginia,https://sff2026.mapyourshow.com/8_0/exhibitor/exhibitor-details.cfm?exhid=179936,,,,,,,,,partial,1
Dave's Gourmet LLC,United States,San Rafael,,Summer Fancy Food Show 2026,http://www.davesgourmet.com/,,(415) 401-9100,,,Level 3 — 177,https://sff2026.mapyourshow.com/8_0/exhibitor/exhibitor-details.cfm?exhid=3606,,,,,,,,,partial,1
David Protein,United States,New York,,Summer Fancy Food Show 2026,https://davidprotein.com/,,+16469068955,,,Level 1 — 5944,https://sff2026.mapyourshow.com/8_0/exhibitor/exhibitor-details.cfm?exhid=339256,,,,,,,,,partial,1
David's Cookies,United States,Cedar Grove,,Summer Fancy Food Show 2026,https://foodservice.davidscookies.com,,973 227-2800.,,,"Level 3 — 2643 — Confectionery, Snacks and Sweets Pavilion",https://sff2026.mapyourshow.com/8_0/exhibitor/exhibitor-details.cfm?exhid=2113,,,,,,,,,partial,1
"Day-Lee Foods, Inc.",United States,Santa Fe Springs,,Summer Fancy Food Show 2026,http://www.dayleefoods.com,,(562) 802-6800,,,Level 3 — 969,https://sff2026.mapyourshow.com/8_0/exhibitor/exhibitor-details.cfm?exhid=100715,,,,,,,,,partial,1
DE MARCHI,Brazil,Jundiaí,,Summer Fancy Food Show 2026,https://www.demarchi.com.br/,,+55 11 4815-8400,https://www.linkedin.com/company/Demarchi,https://www.instagram.com/demarchioficial,Level 3 — 223A — Brazil,https://sff2026.mapyourshow.com/8_0/exhibitor/exhibitor-details.cfm?exhid=347954,,https://www.facebook.com/demarchioficial,,,,,,,partial,1
Deas S.A.,Greece,Kalyves Polygyrou,,Summer Fancy Food Show 2026,https://www.deasolives.gr,info@deasolives.gr,(+30) 697 335 3515,,https://www.instagram.com/deas_sa_greece,Level 3 — 2029 — Greece,https://sff2026.mapyourshow.com/8_0/exhibitor/exhibitor-details.cfm?exhid=315670,,https://www.facebook.com/DeasOlives,,,,,,,partial,2
Defaf AL Nahrayn For Food Industries and Beverages,Jordan,Al-Qustel,,Summer Fancy Food Show 2026,https://dnc-factory.com/,exportmanager@dnc-factory.com,962795071901,https://www.linkedin.com/company/defaf-al-nahrayn,https://www.instagram.com/defaf_alnahrayn,Level 3 — 1418 — Jordan,https://sff2026.mapyourshow.com/8_0/exhibitor/exhibitor-details.cfm?exhid=335645,,https://www.facebook.com/defal.alnahrayn,,,,,,,partial,2
DEFI Snacks LLC,United States,Chatham,,Summer Fancy Food Show 2026,https://www.defisnacks.com/,,732-589-1418,,,Level 1 — 4817 — Naturally Network,https://sff2026.mapyourshow.com/8_0/exhibitor/exhibitor-details.cfm?exhid=338102,,,,,,,,,partial,1
Del Grosso Foods Inc.,United States,Tipton,,Summer Fancy Food Show 2026,http://delgrossofoods.com,info@delgrossosauce.com,(202)957-1598,,https://www.instagram.com/delgrossodish,Level 1 — 6437 — Pennsylvania,https://sff2026.mapyourshow.com/8_0/exhibitor/exhibitor-details.cfm?exhid=34711,,https://www.facebook.com/LaFamigliaDelGrosso,,,,,,,partial,2
DeLallo Foods,United States,Mt Pleasant,,Summer Fancy Food Show 2026,https://www.delallo.com,OnlineOrders@delallo.com,+17249252222,,https://www.instagram.com/delallofoods,Level 3 — 2836,https://sff2026.mapyourshow.com/8_0/exhibitor/exhibitor-details.cfm?exhid=26163,,https://www.facebook.com/tr,,,,,,,partial,2
DELENCANTO FOODS,Ecuador,Quito,,Summer Fancy Food Show 2026,https://www.delencantoec.com/,info@delencantoec.com,+593 99 166 0023,,https://www.instagram.com/delencanto_ec,Level 3 — 324B — Ecuador,https://sff2026.mapyourshow.com/8_0/exhibitor/exhibitor-details.cfm?exhid=348919,,https://www.facebook.com/Delencantoec,,,,,,,partial,2
Delicius Rizzoli SpA,Italy,San Polo Di Torrile,,Summer Fancy Food Show 2026,https://www.delicius.it,,+390521813525,https://www.linkedin.com/company/delicius-rizzoli-s,https://www.instagram.com/delicius_official,Level 3 — 3230 — Italy,https://sff2026.mapyourshow.com/8_0/exhibitor/exhibitor-details.cfm?exhid=315151,,https://www.facebook.com/delicius,,,,,,,partial,1
DELISHOUS INC,United States,Plano,,Summer Fancy Food Show 2026,https://delishous.com/,,+15516558427,,,River Pavilion — 7114A — SFA Spark Pavilion,https://sff2026.mapyourshow.com/8_0/exhibitor/exhibitor-details.cfm?exhid=348277,,,,,,,,,partial,1
Deliziosi LLC,United States,Fort Myers,,Summer Fancy Food Show 2026,http://www.pansardo.com/,,239-247-2235,https://www.linkedin.com/company/pansardo-llc-italian-food-specialties,https://www.instagram.com/poderosoformaggidisardegna,Level 3 — 3145,https://sff2026.mapyourshow.com/8_0/exhibitor/exhibitor-details.cfm?exhid=132409,,https://www.facebook.com/Pansardofoods,,,,,,,partial,1
Delta Cafés,Portugal,Lisboa,,Summer Fancy Food Show 2026,https://deltacafes.com/,%20info@gruponabeiro.com,+351218624700,https://www.linkedin.com/company/delta-cafes,https://www.instagram.com/delta_cafes,Level 3 — 119 — Portugal,https://sff2026.mapyourshow.com/8_0/exhibitor/exhibitor-details.cfm?exhid=348425,,https://www.facebook.com/DeltaCafes,,,,,,,partial,2
"DELTOP CO.,LTD.",South Korea,Jeollabuk-do,,Summer Fancy Food Show 2026,https://www.deltop.co.kr,info@deltop.co.kr,82-31-8035-3345,,,Level 3 — 611 — Korea,https://sff2026.mapyourshow.com/8_0/exhibitor/exhibitor-details.cfm?exhid=348392,,,,,,,,,partial,2
"DeMedici Imports, Ltd.",United States,Elizabeth,,Summer Fancy Food Show 2026,http://www.demedici.com,,(908) 372-0965,https://www.linkedin.com/company/demedici-imports,https://www.instagram.com/demedici_imports,Level 3 — 2036,https://sff2026.mapyourshow.com/8_0/exhibitor/exhibitor-details.cfm?exhid=1355,,https://www.facebook.com/tr,,,,,,,partial,1
Department of Foreign Trade of Thailand,Thailand,"Amphur Muang, Nonthaburi,",,Summer Fancy Food Show 2026,https://www.dft.go.th/,,+6625474820,,,Level 3 — 306 — Thailand,https://sff2026.mapyourshow.com/8_0/exhibitor/exhibitor-details.cfm?exhid=341917,,,,,,,,,partial,1
Desert Creek Honey,United States,Blue Ridge,,Summer Fancy Food Show 2026,http://www.desertcreekhoney.com,info@desertcreekhoney.com,+12143855039,,https://www.instagram.com/desertcreekhoney,Level 3 — 2855,https://sff2026.mapyourshow.com/8_0/exhibitor/exhibitor-details.cfm?exhid=245081,,https://www.facebook.com/desertcreekhoney,,,,,,,partial,2
Desert Dust,United States,Palm Desert,,Summer Fancy Food Show 2026,https://www.desertdust.com,,2137062658,,,River Pavilion — 7307 — Good Food Mercantile (Sunday Only),https://sff2026.mapyourshow.com/8_0/exhibitor/exhibitor-details.cfm?exhid=302042,,,,,,,,,partial,1
Despensa do Arimugue,Brazil,Santa Cruz Cabrália,,Summer Fancy Food Show 2026,http://www.arimubee.com,user@domain.com,+19543834799,,https://www.instagram.com/arimubee,Level 3 — 104 — Brazil,https://sff2026.mapyourshow.com/8_0/exhibitor/exhibitor-details.cfm?exhid=347955,,http://www.facebook.com/2008/fbml,,,,,,,partial,2
Desserts on US,United States,Arcata,,Summer Fancy Food Show 2026,http://www.dessertsonus.com,customerservice@dessertsonus.com,1-707-822-0160,,,"Level 3 — 2758 — Confectionery, Snacks and Sweets Pavilion",https://sff2026.mapyourshow.com/8_0/exhibitor/exhibitor-details.cfm?exhid=7668,,,,,,,,,partial,2
Dexpa,United States,Cumming,,Summer Fancy Food Show 2026,https://www.dexpa.fr,,7708877412,,,Level 3 — 168,https://sff2026.mapyourshow.com/8_0/exhibitor/exhibitor-details.cfm?exhid=32408,,,,,,,,,partial,1
DI MARCO NORTH AMERICA CORPORATION,United States,New York,,Summer Fancy Food Show 2026,https://www.dimarco.it/,,+1 (917) 656-48,https://www.linkedin.com/company/di-marco-fine-italian-bakers,https://www.instagram.com/dimarco_professional,Level 3 — 3331 — Italy,https://sff2026.mapyourshow.com/8_0/exhibitor/exhibitor-details.cfm?exhid=341673,,https://www.facebook.com/dimarco.professional,,,,,,,partial,1
Diano Casearia SPA,Italy,Sassano,,Summer Fancy Food Show 2026,https://www.dianocasearia.com,commerciale@dianocasearia.com,+39 0975-728008,,https://www.instagram.com/dianocasearia,Level 3 — 3122 — Italy,https://sff2026.mapyourshow.com/8_0/exhibitor/exhibitor-details.cfm?exhid=316835,,https://www.facebook.com/profile.php,,,,,,,partial,2
DICOCO AGRO INDUSTRIAL LTDA,Brazil,Paraipaba,,Summer Fancy Food Show 2026,https://www.dikoko.com.br/,,+55 85 99866-0005,,,Level 3 — 225B — Brazil,https://sff2026.mapyourshow.com/8_0/exhibitor/exhibitor-details.cfm?exhid=342589,,,,,,,,,partial,1
Dilly Artisan Foods LLC,United States,Lancaster,,Summer Fancy Food Show 2026,https://dillyfoods.com/,info@dillyfoods.com,+17173934240,,https://www.instagram.com/dillyartisanfoods,Level 1 — 6435A — Pennsylvania,https://sff2026.mapyourshow.com/8_0/exhibitor/exhibitor-details.cfm?exhid=342676,,https://www.facebook.com/dillyartisanfoods,,,,,,,partial,2
Dimes Gida,,,,Summer Fancy Food Show 2026,https://www.dimes.com.tr,,,https://www.linkedin.com/company/nobel-pazarlama,https://www.instagram.com/dimes.tr,Level 3 — 1807 — Turkey,https://sff2026.mapyourshow.com/8_0/exhibitor/exhibitor-details.cfm?exhid=304241,,https://www.facebook.com/dimestr,,,,,,,partial,1
Direct Plus Food Group,Canada,Langley Township,,Summer Fancy Food Show 2026,https://directplus.ca/,info@directplus.ca,(778) 847-4995,https://www.linkedin.com/company/direct-plus-food-group,,Level 1 — 5135 — Canada,https://sff2026.mapyourshow.com/8_0/exhibitor/exhibitor-details.cfm?exhid=337714,,,,,,,,,partial,2
DIRTY VIRGO,United States,New York,,Summer Fancy Food Show 2026,https://drinkdirtyvirgo.com/,,+15106048848,,,River Pavilion — 7134 — Debut District,https://sff2026.mapyourshow.com/8_0/exhibitor/exhibitor-details.cfm?exhid=341976,,,,,,,,,partial,1
Distinctive Food Imports,United States,Cleveland,,Summer Fancy Food Show 2026,https://www.EuroUSA.com,,2167140506,,https://www.instagram.com/eurousainc,Level 3 — 178,https://sff2026.mapyourshow.com/8_0/exhibitor/exhibitor-details.cfm?exhid=1131,,https://www.facebook.com/EuroUSAInc,,,,,,,partial,1
Diva Delights Inc.,Canada,Winnipeg,,Summer Fancy Food Show 2026,https://www.divadelights.ca/,support@webador.com,+1 2048854376,https://linkedin.com/company/diva-delights-ltd,https://instagram.com/divadelightscanada,"Level 3 — 2174 — Confectionery, Snacks and Sweets Pavilion",https://sff2026.mapyourshow.com/8_0/exhibitor/exhibitor-details.cfm?exhid=322109,,,,,,,,,partial,2
Divanis Cheese,Greece,TRIKALA,,Summer Fancy Food Show 2026,https://www.divanischeese.com/,info@divanischeese.com,0030 2431084142,,,Level 3 — 1924 — Greece,https://sff2026.mapyourshow.com/8_0/exhibitor/exhibitor-details.cfm?exhid=348432,,https://www.facebook.com/DivanisCheese,,,,,,,partial,2
Divine Healing Saffron,United States,Rancho santa margarita,,Summer Fancy Food Show 2026,https://www.healingsaffron.com,,949-290-9016,,,Level 3 — 1057,https://sff2026.mapyourshow.com/8_0/exhibitor/exhibitor-details.cfm?exhid=244773,,,,,,,,,partial,1
Dixie Grace's Boiled Peanuts,United States,Elizabeth,,Summer Fancy Food Show 2026,https://dixiegracesboiledpeanuts.com/,,908-493-6788,,,Level 1 — 6020,https://sff2026.mapyourshow.com/8_0/exhibitor/exhibitor-details.cfm?exhid=335908,,,,,,,,,partial,1
Dizzy Lizzie's Farm LLC,United States,Erieville,,Summer Fancy Food Show 2026,https://dizzylizziesfarm.com/,,+13156627565,,,Level 1 — 6125B — NewYork,https://sff2026.mapyourshow.com/8_0/exhibitor/exhibitor-details.cfm?exhid=343205,,,,,,,,,partial,1
DOK DALL'AVA SRL,Italy,SAN DANIELE DEL FRIULI,,Summer Fancy Food Show 2026,http://www.dokdallava.com,info@dokdallava.com,+39 0432 957335,,https://www.instagram.com/prosciutti_dok,Level 1 — 5043 — Italy,https://sff2026.mapyourshow.com/8_0/exhibitor/exhibitor-details.cfm?exhid=348491,,https://www.facebook.com,,,,,,,partial,2
DOLCIARIA GADESCHI S.P.A.,Italy,Corte de' Frati,,Summer Fancy Food Show 2026,https://www.gadeschi.it,,+39 0372 93 156,,,Level 3 — 3225 — Italy,https://sff2026.mapyourshow.com/8_0/exhibitor/exhibitor-details.cfm?exhid=348460,,,,,,,,,partial,1
DOMREMY CO. LTD.,Japan,Adachi-ku,,Summer Fancy Food Show 2026,https://www.domremy.com,,+81-3-5284-1941,,https://www.instagram.com/domremyofficial,Level 3 — 434 — Japan,https://sff2026.mapyourshow.com/8_0/exhibitor/exhibitor-details.cfm?exhid=315263,,,,,,,,,partial,1
"Don Gastronom USA, LLC",United States,Fort Lauderdale,,Summer Fancy Food Show 2026,https://www.dongastronom.es/,info@dongastronom.es,9543303317,,,Level 3 — 1154,https://sff2026.mapyourshow.com/8_0/exhibitor/exhibitor-details.cfm?exhid=301099,,,,,,,,,partial,2
Don's Prepared Foods,United States,Schwenksville,,Summer Fancy Food Show 2026,http://www.donspreparedfoods.com,,484-991-1000,,https://www.instagram.com/melaniesmedleys,Level 3 — 1968,https://sff2026.mapyourshow.com/8_0/exhibitor/exhibitor-details.cfm?exhid=100188,,https://www.facebook.com/pages/Dons-Salads/180043958699495,,,,,,,partial,1
Don't Worry Snacks,United States,Spring,,Summer Fancy Food Show 2026,https://dontworrysnacks.com/,,346-414-1406,,,"Level 3 — 2458 — Confectionery, Snacks and Sweets Pavilion",https://sff2026.mapyourshow.com/8_0/exhibitor/exhibitor-details.cfm?exhid=317828,,,,,,,,,partial,1
DONA,United States,Brooklyn,,Summer Fancy Food Show 2026,https://drinkdona.com/,,(718) 210-0431,,,Level 1 — 6135 — Brooklyn,https://sff2026.mapyourshow.com/8_0/exhibitor/exhibitor-details.cfm?exhid=123462,,,,,,,,,partial,1
Dorrel Sweets LLC,United States,Pacoima,,Summer Fancy Food Show 2026,https://dorrelsweets.com/,,+19173347681,,,River Pavilion — 7002A-S — SFA Spark Pavilion,https://sff2026.mapyourshow.com/8_0/exhibitor/exhibitor-details.cfm?exhid=349281,,,,,,,,,partial,1
Dr. Sebi's Office,United States,Los Angeles,,Summer Fancy Food Show 2026,https://drsebis.com,,+13108382490,,,Level 1 — 3704,https://sff2026.mapyourshow.com/8_0/exhibitor/exhibitor-details.cfm?exhid=348188,,,,,,,,,partial,1
"drench, llc",United States,West Bloomfield,,Summer Fancy Food Show 2026,https://drenchitclean.com/,,248-320-3500,,,Level 1 — 6425 — Michigan,https://sff2026.mapyourshow.com/8_0/exhibitor/exhibitor-details.cfm?exhid=305438,,,,,,,,,partial,1
Driftless Provisions LLC,United States,VIROQUA,,Summer Fancy Food Show 2026,https://driftlessprovisions.com/,,920-860-0481,,,Level 3 — 772 — Deli Pavilion,https://sff2026.mapyourshow.com/8_0/exhibitor/exhibitor-details.cfm?exhid=321513,,,,,,,,,partial,1
DRINK BK BEST LLC,United States,New York,,Summer Fancy Food Show 2026,https://www.drinkbkbest.com/,,+16467520645,,,Level 1 — 4722 — Naturally Network,https://sff2026.mapyourshow.com/8_0/exhibitor/exhibitor-details.cfm?exhid=317977,,,,,,,,,partial,1
Drink Dotti,United States,Brooklyn,,Summer Fancy Food Show 2026,https://drinkdotti.com,,+12488079868,,,Level 1 — 6162A — NewYork,https://sff2026.mapyourshow.com/8_0/exhibitor/exhibitor-details.cfm?exhid=347972,,,,,,,,,partial,1
Drink Quincy Inc.,United States,Brooklyn,,Summer Fancy Food Show 2026,https://drinkquincy.com/,,+12032479498,,,Level 1 — 4506B — Startup CPG,https://sff2026.mapyourshow.com/8_0/exhibitor/exhibitor-details.cfm?exhid=344411,,,,,,,,,partial,1
"Drumroll Snacks, Inc",United States,Austin,,Summer Fancy Food Show 2026,https://eatdrumroll.com/,,+16309080749,,,"Level 3 — 2474 — Confectionery, Snacks and Sweets Pavilion",https://sff2026.mapyourshow.com/8_0/exhibitor/exhibitor-details.cfm?exhid=347592,,,,,,,,,partial,1
Drybox Gida Sanayi ve Dis Ticaret AS,Turkey,ISTANBUL,,Summer Fancy Food Show 2026,https://www.tastedrybox.com/,,9174884048,,,Level 1 — 4909,https://sff2026.mapyourshow.com/8_0/exhibitor/exhibitor-details.cfm?exhid=312876,,,,,,,,,partial,1
"Due Vittorie USA, Inc.",Italy,Soliera,,Summer Fancy Food Show 2026,http://www.duevittorie.com,,+393450640418,,,Level 3 — 3227 — Italy,https://sff2026.mapyourshow.com/8_0/exhibitor/exhibitor-details.cfm?exhid=114226,,,,,,,,,partial,1
"Dufour Pastry Kitchens, Inc.",United States,Bronx,,Summer Fancy Food Show 2026,http://www.dufourpastrykitchens.com/,,+17184028800,,,Level 3 — 942,https://sff2026.mapyourshow.com/8_0/exhibitor/exhibitor-details.cfm?exhid=1598,,,,,,,,,partial,1
DULCA SL,Spain,Peñaranda de Bracamonte,,Summer Fancy Food Show 2026,http://www.dulca.es,,34923541018,,,Level 1 — 5382 — Spain,https://sff2026.mapyourshow.com/8_0/exhibitor/exhibitor-details.cfm?exhid=348168,,,,,,,,,partial,1
"Dulzura Borincana, Inc.",Puerto Rico,Moca,,Summer Fancy Food Show 2026,http://www.dulzuraborincana.com/,mercadeo@dulzuraborincana.com,(787) 818-1630,,https://www.instagram.com/dulzura_borincana,Level 1 — 5333,https://sff2026.mapyourshow.com/8_0/exhibitor/exhibitor-details.cfm?exhid=130799,,https://www.facebook.com/DulzuraBorincanainc,,,,,,,partial,2
DURANCOCOA,Ecuador,Duran,,Summer Fancy Food Show 2026,https://www.durancocoa.org/,,+593 994 841 237,,,Level 3 — 330B — Ecuador,https://sff2026.mapyourshow.com/8_0/exhibitor/exhibitor-details.cfm?exhid=336238,,,,,,,,,partial,1
Dusted,United States,Sarasota,,Summer Fancy Food Show 2026,https://www.orderitdusted.com/,,+19418663764,,,Level 1 — 6219 — SUSTA,https://sff2026.mapyourshow.com/8_0/exhibitor/exhibitor-details.cfm?exhid=314744,,,,,,,,,partial,1
Dutch Cheese Makers Corp.,United States,Garden City,,Summer Fancy Food Show 2026,https://www.artikaas.com/,,516-874-0439,,https://www.instagram.com/artikaasgouda,Level 3 — 558 — Deli Pavilion,https://sff2026.mapyourshow.com/8_0/exhibitor/exhibitor-details.cfm?exhid=129859,,https://www.facebook.com/Artikaas-Cheese-100772228684833,,,,,,,partial,1
"Dutch Gold Honey, Inc.",United States,Lancaster,,Summer Fancy Food Show 2026,http://www.dutchgoldhoney.com,info@dutchgoldhoney.com,7173931716,,,Level 1 — 5411,https://sff2026.mapyourshow.com/8_0/exhibitor/exhibitor-details.cfm?exhid=1877,,https://www.facebook.com/dutchgoldhoney,,,,,,,partial,2
"East Coast Kombucha Company, LLC",United States,Norwalk,,Summer Fancy Food Show 2026,https://eastcoastkombucha.com/,info@eastcoastkombucha.com,+12039042121,,https://www.instagram.com/eastcoastkombucha,River Pavilion — 7115B — Debut District,https://sff2026.mapyourshow.com/8_0/exhibitor/exhibitor-details.cfm?exhid=341995,,https://www.facebook.com/eastcoastkombucha,,,,,,,partial,2
East Shore Specialty Foods Inc.,United States,Hartland,,Summer Fancy Food Show 2026,https://www.eastshorefoods.com/,,+12623678988,,,"Level 3 — 2264 — Confectionery, Snacks and Sweets Pavilion",https://sff2026.mapyourshow.com/8_0/exhibitor/exhibitor-details.cfm?exhid=1607,,,,,,,,,partial,1
EASY DRINKS,Brazil,São Caetano do Sul,,Summer Fancy Food Show 2026,https://easydrinks.us/,,+55 11 98196-7997,,,Level 3 — 122A — Brazil,https://sff2026.mapyourshow.com/8_0/exhibitor/exhibitor-details.cfm?exhid=347949,,,,,,,,,partial,1
"Eat Wandel, LLC",United States,Brooklyn,,Summer Fancy Food Show 2026,https://www.eatwandel.com,,3125105566,,,Level 1 — 6139 — Brooklyn,https://sff2026.mapyourshow.com/8_0/exhibitor/exhibitor-details.cfm?exhid=319764,,,,,,,,,partial,1
Eatz & Treatz LLC,United States,Hartville,,Summer Fancy Food Show 2026,https://www.eatztreatz.com/,info@eatztreatz.com,+13307146774,,https://www.instagram.com/_eatzandtreatz,River Pavilion — 7126B — Debut District,https://sff2026.mapyourshow.com/8_0/exhibitor/exhibitor-details.cfm?exhid=347992,,https://www.facebook.com/eatzandtreatz,,,,,,,partial,2
Eclat Chocolate,United States,West Chester,,Summer Fancy Food Show 2026,http://eclatchocolate.com,,610-692-5206,,,River Pavilion — 7410 — Good Food Mercantile (Sunday Only),https://sff2026.mapyourshow.com/8_0/exhibitor/exhibitor-details.cfm?exhid=155900,,,,,,,,,partial,1
ECOSAC,Peru,Piura,,Summer Fancy Food Show 2026,https://www.ecosac.com,info@ecosac.com,51923350795,,,Level 1 — 5379 — Peru,https://sff2026.mapyourshow.com/8_0/exhibitor/exhibitor-details.cfm?exhid=308769,,,,,,,,,partial,2
ECR Software Corporation,United States,Boone,,Summer Fancy Food Show 2026,http://www.ecrs.com,,(828) 265-2907,,,Level 3 — 2582,https://sff2026.mapyourshow.com/8_0/exhibitor/exhibitor-details.cfm?exhid=105365,,https://www.facebook.com/ECRSoftware,,,,,,,partial,1
"Eden Foods, Inc.",United States,Clinton,,Summer Fancy Food Show 2026,http://www.edenfoods.com/,,800-248-0301,,,Level 3 — 1160,https://sff2026.mapyourshow.com/8_0/exhibitor/exhibitor-details.cfm?exhid=1368,,,,,,,,,partial,1
Eesti Pagar AS,Estonia,Paide,,Summer Fancy Food Show 2026,https://export.eestipagar.ee/,export@eestipagar.ee,+372 384 9260,https://www.linkedin.com/company/eestipagar,https://instagram.com/eestipagar_bakery,Level 1 — 5271 — Estonia,https://sff2026.mapyourshow.com/8_0/exhibitor/exhibitor-details.cfm?exhid=342651,,https://www.facebook.com/EestiPagar,,,,,,,partial,2
"Effie's Homemade, LLC",United States,Hyde Park,,Summer Fancy Food Show 2026,http://www.effieshomemade.com,,617-364-9300,,,Level 3 — 572 — Deli Pavilion,https://sff2026.mapyourshow.com/8_0/exhibitor/exhibitor-details.cfm?exhid=42237,,,,,,,,,partial,1
EGK GIDA ITHALAT IHRACAT SAN TIC Ltd.,Turkey,Istanbul,,Summer Fancy Food Show 2026,https://forevacikolata.com.tr/,,+905334318250,,,"Level 3 — 2243 — Confectionery, Snacks and Sweets Pavilion",https://sff2026.mapyourshow.com/8_0/exhibitor/exhibitor-details.cfm?exhid=306717,,,,,,,,,partial,1
Egypt Expo & Convention Authority - EECA.,Egypt,NASER CITY,,Summer Fancy Food Show 2026,http://www.eeca.gov.eg/,shakwa@eeca.gov.eg,01029929856,,https://www.instagram.com/egyptexpoandconvention,Level 3 — 200 — Egypt,https://sff2026.mapyourshow.com/8_0/exhibitor/exhibitor-details.cfm?exhid=104176,,https://www.facebook.com/EECAAuthority,,,,,,,partial,2
eJam,United States,Santa Ana,,Summer Fancy Food Show 2026,https://eatshameless.com/,,9492295386,,,Level 1 — 5342,https://sff2026.mapyourshow.com/8_0/exhibitor/exhibitor-details.cfm?exhid=338472,,,,,,,,,partial,1
El Horno Chimi,United States,La Jolla,,Summer Fancy Food Show 2026,https://www.elhornochimi.com,info@elhornochimi.com,+13105044692,,https://www.instagram.com/elhornochimi,River Pavilion — 7116A — SFA Spark Pavilion,https://sff2026.mapyourshow.com/8_0/exhibitor/exhibitor-details.cfm?exhid=348763,,https://www.facebook.com/profile.php,,,,,,,partial,2
ELASION SA,Greece,IERAPETRA,,Summer Fancy Food Show 2026,https://elasion.gr/,info@elasion.gr,00302842092365,https://www.linkedin.com/company/elasion,https://www.instagram.com/elasion.gr,Level 3 — 1247,https://sff2026.mapyourshow.com/8_0/exhibitor/exhibitor-details.cfm?exhid=306510,,https://www.facebook.com/Elasion.gr,,,,,,,partial,2
ELBAK S.A.,Greece,Falani,,Summer Fancy Food Show 2026,http://www.elbak.com,peach@elbak.gr,2410 549550,,,Level 3 — 1929 — Greece,https://sff2026.mapyourshow.com/8_0/exhibitor/exhibitor-details.cfm?exhid=342148,,https://www.facebook.com/ELBAK-111104827247054,,,,,,,partial,2
Elite Naturel USA LLC,United States,NYC,,Summer Fancy Food Show 2026,https://www.elitenaturel.com,support@elitenaturel.com,https://wa.me/05496347400,https://www.linkedin.com/company/elite-naturel,https://www.instagram.com/elitenaturelorganic,Level 1 — 5817 — Beverage Pavilion,https://sff2026.mapyourshow.com/8_0/exhibitor/exhibitor-details.cfm?exhid=307162,,https://www.facebook.com/elitenaturel,,,,,,,partial,2
"Elmhurst Milked, LLC",United States,Elma,,Summer Fancy Food Show 2026,https://www.elmhurstmilked.com,,1231231231,,,Level 1 — 6060,https://sff2026.mapyourshow.com/8_0/exhibitor/exhibitor-details.cfm?exhid=155476,,,,,,,,,partial,1
ELSALAM FACTORY,Egypt,Giza,,Summer Fancy Food Show 2026,http://ELSALAMCO.COM,isis@elsalamco.com,+201144112220,,https://instagram.com,Level 3 — 214 — Egypt,https://sff2026.mapyourshow.com/8_0/exhibitor/exhibitor-details.cfm?exhid=348436,,https://www.facebook.com/profile.php,,,,,,,partial,2
ELVAN GIDA SAN. VE TIC. A.S.,Turkey,ISTANBUL,,Summer Fancy Food Show 2026,https://www.elvan.com.tr/,,https://api.whatsapp.com/send?phone=,https://tr.linkedin.com/company/elvangroup1,https://www.instagram.com/elvangroup,Level 3 — 1600 — Turkey,https://sff2026.mapyourshow.com/8_0/exhibitor/exhibitor-details.cfm?exhid=306660,,https://tr-tr.facebook.com/elvangroup,,,,,,,partial,1
Elves Delights,United States,Santa Fe Springs,,Summer Fancy Food Show 2026,https://elvesdelights.com/,,+14242020770,,,Level 1 — 4503,https://sff2026.mapyourshow.com/8_0/exhibitor/exhibitor-details.cfm?exhid=347263,,,,,,,,,partial,1
"Ember LifeSciences, Inc.",United States,Westlake Village,,Summer Fancy Food Show 2026,https://www.emberlifesciences.com/,sales@emberlifesciences.com,+18053721330,,,Level 3 — 382,https://sff2026.mapyourshow.com/8_0/exhibitor/exhibitor-details.cfm?exhid=347364,,,,,,,,,partial,2
Emmi Desserts,United States,Kenilworth,,Summer Fancy Food Show 2026,https://www.emmidesserts.com,,908-241-9191,,,Level 3 — 1664,https://sff2026.mapyourshow.com/8_0/exhibitor/exhibitor-details.cfm?exhid=1532,,,,,,,,,partial,1
Emmi Roth,United States,Stoughton,,Summer Fancy Food Show 2026,https://www.emmiroth.com/,,(608) 285-9800,https://www.linkedin.com/company/emmiroth,,Level 3 — 438 — Deli Pavilion,https://sff2026.mapyourshow.com/8_0/exhibitor/exhibitor-details.cfm?exhid=3288,,https://www.facebook.com/emmirothcheese,,,,,,,partial,1
EMPACADORA BILBO SA BILBOSA,Ecuador,Montecristi,,Summer Fancy Food Show 2026,https://www.bilbo-sa.com,infor@bilbosa.com,+59352578696,,,Level 3 — 2055,https://sff2026.mapyourshow.com/8_0/exhibitor/exhibitor-details.cfm?exhid=347554,,,,,,,,,partial,2
Empacadora de Aguacate San Jose,Mexico,Morelia,,Summer Fancy Food Show 2026,https://avoolio.mx/,sales@avoolio.mx,+52 4434911941,,https://www.instagram.com/avoolio.mx,Level 1 — 6270,https://sff2026.mapyourshow.com/8_0/exhibitor/exhibitor-details.cfm?exhid=347265,,https://www.facebook.com/avoolio.mx,,,,,,,partial,2
Empacados USA,United States,San antonio,,Summer Fancy Food Show 2026,https://empacados.com/,clientes@empacados.com,https://wa.me/528112533222,,https://www.instagram.com/grupoempacados,"Level 3 — 2551 — Confectionery, Snacks and Sweets Pavilion",https://sff2026.mapyourshow.com/8_0/exhibitor/exhibitor-details.cfm?exhid=337385,,https://www.facebook.com/tr,,,,,,,partial,2
Encore Specialty Foods LLC,United States,Hingham,,Summer Fancy Food Show 2026,http://www.encorefoods.com,info@encorefoods.com,781-749-7491,,,Level 3 — 1866,https://sff2026.mapyourshow.com/8_0/exhibitor/exhibitor-details.cfm?exhid=31229,,https://www.facebook.com,,,,,,,partial,2
Enescorp International LLC,United States,Northampton,,Summer Fancy Food Show 2026,https://www.enescorp.org,,908-963-8111,,,"Level 3 — 2459 — Confectionery, Snacks and Sweets Pavilion",https://sff2026.mapyourshow.com/8_0/exhibitor/exhibitor-details.cfm?exhid=304820,,,,,,,,,partial,1
Enterprise Georgia,Georgia,Tbilisi,,Summer Fancy Food Show 2026,https://www.enterprisegeorgia.gov.ge/,info@gedc.ge,995322960010,,,Level 3 — 2300 — Georgia,https://sff2026.mapyourshow.com/8_0/exhibitor/exhibitor-details.cfm?exhid=300703,,https://www.facebook.com/tr,,,,,,,partial,2
"Enzo Olive Oil Company/P-R Farms, Inc.",United States,Clovis,,Summer Fancy Food Show 2026,https://www.enzooliveoil.com/,,559-299-7278,,,River Pavilion — 7332 — Good Food Mercantile (Sunday Only),https://sff2026.mapyourshow.com/8_0/exhibitor/exhibitor-details.cfm?exhid=107222,,,,,,,,,partial,1
Enzo's of Arthur Avenue Food Products,United States,Rye,,Summer Fancy Food Show 2026,https://www.enzosauce.com/,,718-328-5807,https://il.linkedin.com/company/wix-com?trk=public_jobs_topcard_logo,https://www.instagram.com/enzosfoodproducts,Level 3 — 3072,https://sff2026.mapyourshow.com/8_0/exhibitor/exhibitor-details.cfm?exhid=314160,,https://www.facebook.com/?locale=en_GB,,,,,,,partial,1
Enzymefarm Agricultural Union Corporation,South Korea,Jeollanam-do,,Summer Fancy Food Show 2026,https://fathers-hill.shop/,hoju33000@naver.com,010-7383-0864,,,Level 3 — 529 — Korea,https://sff2026.mapyourshow.com/8_0/exhibitor/exhibitor-details.cfm?exhid=348466,,,,,,,,,partial,2
EON – Eclectic Flavours P.C,Greece,Thessaloniki,,Summer Fancy Food Show 2026,https://www.eonflavours.com/,we@eonflavours.com,+302392024426,,https://www.instagram.com/eonflavours,Level 3 — 2020A — Greece,https://sff2026.mapyourshow.com/8_0/exhibitor/exhibitor-details.cfm?exhid=348442,,https://www.facebook.com/eonflavours,,,,,,,partial,2
Epicure Foods Corp.,United States,Flanders,,Summer Fancy Food Show 2026,http://www.efccorp.com,info@efccorp.com,908-527-8080,,,Level 3 — 636 — Deli Pavilion,https://sff2026.mapyourshow.com/8_0/exhibitor/exhibitor-details.cfm?exhid=8973,,,,,,,,,partial,2
Epicurean Beverages,United States,Atlanta,,Summer Fancy Food Show 2026,http://www.epicureanbeverages.com/,,770-457-0300,,,Level 1 — 5511 — Beverage Pavilion,https://sff2026.mapyourshow.com/8_0/exhibitor/exhibitor-details.cfm?exhid=31170,,,,,,,,,partial,1
ERIS FOOD,Turkey,ISTANBUL,,Summer Fancy Food Show 2026,https://erislergida.com.tr/,,(90) 533-663 98 88,,,Level 3 — 1710 — Turkey,https://sff2026.mapyourshow.com/8_0/exhibitor/exhibitor-details.cfm?exhid=348213,,,,,,,,,partial,1
EROGLU YERLI URUNLER LTD STI OLIVE & OLIVE OIL,Turkey,AYDIN,,Summer Fancy Food Show 2026,https://www.erogluzeytin.com.tr/,contact@erogluzeytin.com.tr,https://wa.me/+905416308473,https://www.linkedin.com/company/ero,https://www.instagram.com/eroglu.olive,Level 3 — 1827 — Turkey,https://sff2026.mapyourshow.com/8_0/exhibitor/exhibitor-details.cfm?exhid=348214,,,,,,,,,partial,2
ERORHAN GIDA SANAYI VE TICARET LTD. STI.,Turkey,AYDIN,,Summer Fancy Food Show 2026,https://www.erorhan.com.tr/,info@erorhan.com.tr,(90) 506-726 80 56,,https://www.instagram.com/erorhanoliveoil,Level 3 — 1712 — Turkey,https://sff2026.mapyourshow.com/8_0/exhibitor/exhibitor-details.cfm?exhid=348215,,http://www.facebook.com/facebook,,,,,,,partial,2
ESCAL,France,Strasbourg,,Summer Fancy Food Show 2026,http://www.escal.fr,info@escal.fr,06 02 09 15 34,,,Level 3 — 825 — France,https://sff2026.mapyourshow.com/8_0/exhibitor/exhibitor-details.cfm?exhid=347610,,,,,,,,,partial,2
Esprit Gourmand Inc,United States,Miami,,Summer Fancy Food Show 2026,https://www.espritgourmand.com/,ca@espritgourmand.com,+13053606684,https://www.linkedin.com/company/espritgourmand,https://www.instagram.com/espritgourmand_officiel,"Level 3 — 2367 — Confectionery, Snacks and Sweets Pavilion",https://sff2026.mapyourshow.com/8_0/exhibitor/exhibitor-details.cfm?exhid=344682,,https://www.facebook.com/lespritgourmand,,,,,,,partial,2
Essse Caffè S.p.a.,Italy,Anzola Dell'emilia,,Summer Fancy Food Show 2026,https://www.essssecaffe.it,,+39 0516425711,,,Level 3 — 3300 — Italy,https://sff2026.mapyourshow.com/8_0/exhibitor/exhibitor-details.cfm?exhid=314700,,,,,,,,,partial,1
Estonian Food Industry Association,Estonia,Tallinn,,Summer Fancy Food Show 2026,https://www.toiduliit.ee,info@toiduliit.ee,+3726484621,https://www.linkedin.com/company/eesti-toiduainet-stuse-liit,,Level 1 — 5269 — Estonia,https://sff2026.mapyourshow.com/8_0/exhibitor/exhibitor-details.cfm?exhid=300571,,https://www.facebook.com/toiduliit,,,,,,,partial,2
"Etelka, Inc.",United States,New York,,Summer Fancy Food Show 2026,https://www.eatetelka.com/,,+19144413809,,,Level 1 — 4617A — Startup CPG,https://sff2026.mapyourshow.com/8_0/exhibitor/exhibitor-details.cfm?exhid=344071,,,,,,,,,partial,1
ETG Food Products Inc.,Canada,Mississauga,,Summer Fancy Food Show 2026,https://www.etgworld.com/,,6475251747,https://linkedin.com/company/export-trading-group,,Level 1 — 5137 — Canada,https://sff2026.mapyourshow.com/8_0/exhibitor/exhibitor-details.cfm?exhid=310269,,https://facebook.com/exporttrading,,,,,,,partial,1
Ethical Brands Inc,United States,Shrewsbury,,Summer Fancy Food Show 2026,https://www.explorecuisine.com/,,+17327478800,,,Level 3 — 1956,https://sff2026.mapyourshow.com/8_0/exhibitor/exhibitor-details.cfm?exhid=123438,,,,,,,,,partial,1
Eurimac - European Pasta Company S.A.,Greece,Kilkis,,Summer Fancy Food Show 2026,https://www.eurimac.gr,info@eurimac.gr,30 2341000000,https://www.linkedin.com/company/eurimac-sa,,Level 3 — 2019 — Greece,https://sff2026.mapyourshow.com/8_0/exhibitor/exhibitor-details.cfm?exhid=315671,,https://www.facebook.com/tr,,,,,,,partial,2
"Euro-American Brands, LLC",United States,Paramus,,Summer Fancy Food Show 2026,http://www.euroamericanbrands.com,info@euroamericanbrands.com,201-368-2624,,https://www.instagram.com/euroamericanbrands,Level 3 — 1464,https://sff2026.mapyourshow.com/8_0/exhibitor/exhibitor-details.cfm?exhid=1053,,http://www.facebook.com/2008/fbml,,,,,,,partial,2
European Cheestories,Spain,Madrid,,Summer Fancy Food Show 2026,https://cheestories.eu/,,+34915062860,,,Level 3 — 2232 — Spain,https://sff2026.mapyourshow.com/8_0/exhibitor/exhibitor-details.cfm?exhid=337265,,,,,,,,,partial,1
"European Imports, Inc.",United States,Arlington Heights,,Summer Fancy Food Show 2026,http://www.eiltd.com/,319support@euroimp.sysco.com,8019499020,https://www.linkedin.com/company/european-imports-a-sysco-company,https://www.instagram.com/europeanimports,Level 3 — 1636,https://sff2026.mapyourshow.com/8_0/exhibitor/exhibitor-details.cfm?exhid=1098,,https://www.facebook.com/europeanimportssysco,,,,,,,partial,2
"Evanly Bakes, LLC",United States,New Kensington,,Summer Fancy Food Show 2026,https://www.evanlybakes.com/,evanlybakes@gmail.com,+19185278431,,http://instagram.com/evanlybakes,Level 1 — 6449 — Pennsylvania,https://sff2026.mapyourshow.com/8_0/exhibitor/exhibitor-details.cfm?exhid=341483,,http://www.facebook.com/2008/fbml,,,,,,,partial,1
Evergreen USA LLC,United States,Union City,,Summer Fancy Food Show 2026,http://www.evergreenusa.co,info@evergreenusa.us,551-333-1119,,,"Level 3 — 2255 — Confectionery, Snacks and Sweets Pavilion",https://sff2026.mapyourshow.com/8_0/exhibitor/exhibitor-details.cfm?exhid=212321,,,,,,,,,partial,2
Every Body Eat®,United States,Evanston,,Summer Fancy Food Show 2026,http://www.everybodyeating.com,,+17708780767,,,Level 1 — 4915 — Naturally Network,https://sff2026.mapyourshow.com/8_0/exhibitor/exhibitor-details.cfm?exhid=300442,,,,,,,,,partial,1
"Everydaze Korea Co., Ltd",South Korea,,,Summer Fancy Food Show 2026,http://www.everydaze.com,,718-888-0317,,,Level 1 — 5126,https://sff2026.mapyourshow.com/8_0/exhibitor/exhibitor-details.cfm?exhid=268703,,,,,,,,,partial,1
Evie's Snacks,United States,Houston,,Summer Fancy Food Show 2026,https://eviessnacks.com/,,+16092001699,,,River Pavilion — 7421 — Good Food Mercantile (Sunday Only),https://sff2026.mapyourshow.com/8_0/exhibitor/exhibitor-details.cfm?exhid=318559,,,,,,,,,partial,1
Evofruit LLC,United States,San Antonio,,Summer Fancy Food Show 2026,https://www.evofruit.com,,+12103432233,,,Level 1 — 4221,https://sff2026.mapyourshow.com/8_0/exhibitor/exhibitor-details.cfm?exhid=347638,,,,,,,,,partial,1
Exelnut,Portugal,Idanha-a-Nova,,Summer Fancy Food Show 2026,https://exelnut.eu/,sales@exelnut.com,+351926713,,,Level 3 — 129 — Portugal,https://sff2026.mapyourshow.com/8_0/exhibitor/exhibitor-details.cfm?exhid=348450,,,,,,,,,partial,2
"Expert Logistics Gateway, LLC.",United States,Edison,,Summer Fancy Food Show 2026,https://www.mayersharvest.com/,info@mayersharvest.com,+19723029560,,https://www.instagram.com/mayer_northamerica,"Level 3 — 2350 — Confectionery, Snacks and Sweets Pavilion",https://sff2026.mapyourshow.com/8_0/exhibitor/exhibitor-details.cfm?exhid=346671,,http://www.facebook.com/2008/fbml,,,,,,,partial,2
EXPOCORZA CIA LTDA,Ecuador,Quito,,Summer Fancy Food Show 2026,https://www.expocorza.com/,,+593 99 527 3065,,https://www.instagram.com,Level 3 — 330A — Ecuador,https://sff2026.mapyourshow.com/8_0/exhibitor/exhibitor-details.cfm?exhid=336133,,https://www.facebook.com,,,,,,,partial,1
Export IL,Israel,Kibbutz Amir,,Summer Fancy Food Show 2026,https://exportil.com/,info@exportil.com,972-4-9990959,https://www.linkedin.com/company/export-il,https://www.instagram.com/export_il,"Level 3 — 2351 — Confectionery, Snacks and Sweets Pavilion",https://sff2026.mapyourshow.com/8_0/exhibitor/exhibitor-details.cfm?exhid=318987,,https://www.facebook.com/exportil,,,,,,,partial,2
Extra Virgin Alliance (NAOOA),United States,Neptune,,Summer Fancy Food Show 2026,https://www.aboutoliveoil.org/,,732-922-3008,https://www.linkedin.com/company/naooa,https://www.instagram.com/about_oliveoil,Level 3 — 3336,https://sff2026.mapyourshow.com/8_0/exhibitor/exhibitor-details.cfm?exhid=307912,,https://www.facebook.com/aboutoliveoil.naooa,,,,,,,partial,1
F.lli DE CECCO di FILIPPO – FARA S. MARTINO – S.P.A.,Italy,FARA S. MARTINO,,Summer Fancy Food Show 2026,http://www.dececcousa.com,dececco@dececco.it,+12126612336,,https://www.instagram.com/dececco_pasta,Level 3 — 2611 — Italy,https://sff2026.mapyourshow.com/8_0/exhibitor/exhibitor-details.cfm?exhid=28769,,https://www.facebook.com/PastaDeCecco,,,,,,,partial,2
F.lli Masella srl – Biscottificio Casilino,Italy,San Cesareo,,Summer Fancy Food Show 2026,http://www.biscottificiocasilino.com,,00390645428102,,,Level 3 — 3119 — Italy,https://sff2026.mapyourshow.com/8_0/exhibitor/exhibitor-details.cfm?exhid=348525,,,,,,,,,partial,1
Faaji LLC,United States,Passaic,,Summer Fancy Food Show 2026,https://www.drinkzzai.com/,,+19292718775,,,River Pavilion — 7130B — Debut District,https://sff2026.mapyourshow.com/8_0/exhibitor/exhibitor-details.cfm?exhid=347682,,,,,,,,,partial,1
"Factor75, LLC",United States,Aurora,,Summer Fancy Food Show 2026,https://www.factor75.com,,6308853704,,,Level 1 — 4928 — Naturally Network,https://sff2026.mapyourshow.com/8_0/exhibitor/exhibitor-details.cfm?exhid=318810,,,,,,,,,partial,1
FADE GIDA YATIRIM SAN. TIC.A.S.,Turkey,İZMİR,,Summer Fancy Food Show 2026,https://www.fadefood.com/,info@fadefood.com,(90) 232-846 22 71,,,Level 3 — 1823 — Turkey,https://sff2026.mapyourshow.com/8_0/exhibitor/exhibitor-details.cfm?exhid=342128,,,,,,,,,partial,2
"FAGE USA Dairy Industry, Inc.",United States,Johnstown,,Summer Fancy Food Show 2026,http://usa.fage,,+15187625912,,,Level 1 — 5644,https://sff2026.mapyourshow.com/8_0/exhibitor/exhibitor-details.cfm?exhid=25219,,,,,,,,,partial,1
Fahman Enterprises Inc,United States,Dallas,,Summer Fancy Food Show 2026,https://fahmanfood.com/,,214-503-6768,,,Level 3 — 1355,https://sff2026.mapyourshow.com/8_0/exhibitor/exhibitor-details.cfm?exhid=335339,,,,,,,,,partial,1
FAIRE Wholesale,United States,San Francisco,,Summer Fancy Food Show 2026,https://www.faire.com,,831-917-3917,,https://www.instagram.com/faire_wholesale,Level 1 — 5314,https://sff2026.mapyourshow.com/8_0/exhibitor/exhibitor-details.cfm?exhid=257773,,https://www.facebook.com/fairewholesale,,,,,,,partial,1
Fallot,France,BEAUNE,,Summer Fancy Food Show 2026,https://www.fallot.com/,,33380221002,,https://www.instagram.com/m6officiel,Level 3 — 933B — France,https://sff2026.mapyourshow.com/8_0/exhibitor/exhibitor-details.cfm?exhid=312640,,https://facebook.com/moutardesfallot,,,,,,,partial,1
Family Food Company Inc.,United States,Commerce,,Summer Fancy Food Show 2026,http://www.familyfoodsinternational.com,,310-715-2698,,,Level 3 — 1356,https://sff2026.mapyourshow.com/8_0/exhibitor/exhibitor-details.cfm?exhid=30904,,,,,,,,,partial,1
Family Kitchen Ravioli,United States,Flanders,,Summer Fancy Food Show 2026,https://www.familykitchen.co/,user@domain.com,9735573447,,https://www.instagram.com/familykitchenravioli,Level 1 — 6319 — New Jersey,https://sff2026.mapyourshow.com/8_0/exhibitor/exhibitor-details.cfm?exhid=338612,,http://www.facebook.com/2008/fbml,,,,,,,partial,2
Family Recipes P.c.,Greece,Paiania,,Summer Fancy Food Show 2026,https://www.deargreece.gr,info@deargreece.gr,+302106640280,,https://www.instagram.com/dear_greece,Level 3 — 1930 — Greece,https://sff2026.mapyourshow.com/8_0/exhibitor/exhibitor-details.cfm?exhid=317189,,https://www.facebook.com/deargreece,,,,,,,partial,2
"Fantis Foods, Inc.",United States,Carlstadt,,Summer Fancy Food Show 2026,http://www.fantisfoods.com,,+12019336200,,,Level 3 — 760 — Deli Pavilion,https://sff2026.mapyourshow.com/8_0/exhibitor/exhibitor-details.cfm?exhid=1504,,,,,,,,,partial,1
Far Out Nuts LLC,United States,Grand Forks,,Summer Fancy Food Show 2026,https://www.faroutnuts.com/,colleen@faroutnuts.com,+17012159871,,http://instagram.com/faroutnuts,Level 1 — 6341 — Vermont,https://sff2026.mapyourshow.com/8_0/exhibitor/exhibitor-details.cfm?exhid=341356,,http://www.facebook.com/2008/fbml,,,,,,,partial,2
Farchioni Olii Spa,Italy,Giano dell'Umbria,,Summer Fancy Food Show 2026,https://oliofarchioni.com,,+39 074292951,https://www.linkedin.com/company/olio-farchioni,https://www.instagram.com/terredelacustodia,Level 1 — 4935 — Italy,https://sff2026.mapyourshow.com/8_0/exhibitor/exhibitor-details.cfm?exhid=305315,,https://www.facebook.com/OlioFarchioni,,,,,,,partial,1
Farm's Elite LTD,United States,Paramus,,Summer Fancy Food Show 2026,https://farmselite.com/,,0034663975693,,,Level 3 — 3055,https://sff2026.mapyourshow.com/8_0/exhibitor/exhibitor-details.cfm?exhid=307687,,,,,,,,,partial,1
"FARMJOA Co., Ltd.",South Korea,Iksan-si,,Summer Fancy Food Show 2026,https://farmjoa.net/,,010-4632-6739,,,Level 3 — 625 — Korea,https://sff2026.mapyourshow.com/8_0/exhibitor/exhibitor-details.cfm?exhid=342319,,,,,,,,,partial,1
Farmwell,United States,Warners,,Summer Fancy Food Show 2026,https://drinknaturao.com,,215-694-0057,,,Level 1 — 4809,https://sff2026.mapyourshow.com/8_0/exhibitor/exhibitor-details.cfm?exhid=309605,,,,,,,,,partial,1
Fashion City International Corp.,United States,Chino,,Summer Fancy Food Show 2026,https://fashioncityus.com/,,9099621254 107,,,"Level 3 — 2745 — Confectionery, Snacks and Sweets Pavilion",https://sff2026.mapyourshow.com/8_0/exhibitor/exhibitor-details.cfm?exhid=336266,,,,,,,,,partial,1
Fast & Organic,Poland,Warsaw,,Summer Fancy Food Show 2026,https://www.kigcp.pl,kigcp@kigcp.pl,+48 226 309 611,,,Level 3 — 2418 — EU,https://sff2026.mapyourshow.com/8_0/exhibitor/exhibitor-details.cfm?exhid=133367,,,,,,,,,partial,2
FASTFORWARD TRADING COMPANY LLC,United States,Miami,,Summer Fancy Food Show 2026,https://fastfwdus.com/,info@fastfwdus.com,http://wa.me/17868225585,,https://instagram.com/fastforward_us,Level 3 — 1981,https://sff2026.mapyourshow.com/8_0/exhibitor/exhibitor-details.cfm?exhid=337470,,http://www.facebook.com/fastfwdus,,,,,,,partial,2
Fat Witch Bakery Inc.,United States,New York,,Summer Fancy Food Show 2026,http://www.fatwitch.com,,+12128071335,,,Level 1 — 4207 — La Dolce Sicilia,https://sff2026.mapyourshow.com/8_0/exhibitor/exhibitor-details.cfm?exhid=37422,,,,,,,,,partial,1
Fattorie Garofalo Spa,Italy,Capua,,Summer Fancy Food Show 2026,https://www.fattoriegarofalo.it,info@fattoriegarofalo.it,00390823620044,https://it.linkedin.com/company/fattorie-garofalo,https://www.instagram.com/fattoriegarofalo,Level 3 — 3310 — Italy,https://sff2026.mapyourshow.com/8_0/exhibitor/exhibitor-details.cfm?exhid=348479,,https://www.facebook.com/fattoriegarofalo,,,,,,,partial,2
Favuzzi International Inc,Canada,Laval,,Summer Fancy Food Show 2026,http://www.favuzzi.com,support@favuzzi.com,5142771234,https://www.linkedin.com/company/favuzzi-international-inc-,https://www.instagram.com/_favuzzi,Level 1 — 5339,https://sff2026.mapyourshow.com/8_0/exhibitor/exhibitor-details.cfm?exhid=308917,,https://www.facebook.com/FamigliaFavuzzi,,,,,,,partial,2
Fazlani Exports Pvt Ltd,India,Navi Mumbai,,Summer Fancy Food Show 2026,http://www.readytoeat.com/,,908-448-2824,,https://www.instagram.com/sausome.in,Level 1 — 5213,https://sff2026.mapyourshow.com/8_0/exhibitor/exhibitor-details.cfm?exhid=102939,,https://www.facebook.com/tr,,,,,,,partial,1
Felicetti US Inc.,United States,Charlotte,,Summer Fancy Food Show 2026,https://shopfelicettipasta.com,,914-649-7143,,,Level 3 — 1555,https://sff2026.mapyourshow.com/8_0/exhibitor/exhibitor-details.cfm?exhid=29867,,,,,,,,,partial,1
FELICIA - ANDRIANI,Italy,Gravina In Puglia,,Summer Fancy Food Show 2026,https://felicia.us/,,0039 0803255801,,https://www.instagram.com/felicia_northamerica,Level 3 — 3231 — Italy,https://sff2026.mapyourshow.com/8_0/exhibitor/exhibitor-details.cfm?exhid=316896,,https://www.facebook.com/PastaFeliciaUS,,,,,,,partial,1
"Female Rage, LLC",United States,Washington,,Summer Fancy Food Show 2026,https://femaleragehotsauce.com/,,3016414515,,,River Pavilion — 7225 — Debut District,https://sff2026.mapyourshow.com/8_0/exhibitor/exhibitor-details.cfm?exhid=343757,,,,,,,,,partial,1
"Fermin USA, Inc.",United States,New York,,Summer Fancy Food Show 2026,http://www.ferminiberico.com,,212-997-3161,,,Level 3 — 1254,https://sff2026.mapyourshow.com/8_0/exhibitor/exhibitor-details.cfm?exhid=41650,,,,,,,,,partial,1
Ferrarelle,Italy,Milano,,Summer Fancy Food Show 2026,https://www.ferrarelle.it/,,3902574608,,,Level 3 — 3328 — Italy,https://sff2026.mapyourshow.com/8_0/exhibitor/exhibitor-details.cfm?exhid=314724,,,,,,,,,partial,1
Ferrari & Franceschetti Spa,Italy,Minerbe,,Summer Fancy Food Show 2026,https://www.ista.it,info@ista.it,+39 044 264 0011,,https://www.instagram.com/ista.ferrarifranceschetti,Level 3 — 2404 — Italy,https://sff2026.mapyourshow.com/8_0/exhibitor/exhibitor-details.cfm?exhid=245184,,https://www.facebook.com/IstaFerrariFranceschetti,,,,,,,partial,2
FERRER TRADICIONAL,Spain,Santpedor,,Summer Fancy Food Show 2026,http://www.c-ferrer.com,,(+34) 938272512,,https://www.instagram.com/conservesferrer,Level 1 — 5370 — Spain,https://sff2026.mapyourshow.com/8_0/exhibitor/exhibitor-details.cfm?exhid=246063,,https://www.facebook.com/tr,,,,,,,partial,1
Fiasconaro SRL,Italy,Castelbuono,,Summer Fancy Food Show 2026,http://www.fiasconaro.com,,+390921677132,,,Level 3 — 2719 — Italy,https://sff2026.mapyourshow.com/8_0/exhibitor/exhibitor-details.cfm?exhid=212425,,,,,,,,,partial,1
FiberGourmet INC.,United States,Miami Beach,,Summer Fancy Food Show 2026,https://fibergourmet.com/,,+17865041758,,,Level 1 — 4420,https://sff2026.mapyourshow.com/8_0/exhibitor/exhibitor-details.cfm?exhid=155848,,,,,,,,,partial,1
Ficacci Olive Company,Italy,Castel Madama,,Summer Fancy Food Show 2026,https://minitrio.ficacci.com,,+39 774 450 151,,,Level 3 — 1351,https://sff2026.mapyourshow.com/8_0/exhibitor/exhibitor-details.cfm?exhid=119746,,,,,,,,,partial,1
Ficosota Food EAD,Bulgaria,Shumen,,Summer Fancy Food Show 2026,http://www.ficosota.com,,+359 2 808 0610,https://www.linkedin.com/company/ficosota-syntez,https://www.instagram.com/ficosota_fmcg,Level 3 — 845,https://sff2026.mapyourshow.com/8_0/exhibitor/exhibitor-details.cfm?exhid=246473,,https://www.facebook.com/tr,,,,,,,partial,1
FIDA S.p.A.,Italy,Castagnole Lanze,,Summer Fancy Food Show 2026,https://www.fidacandies.it/,,0141 878410,,,Level 3 — 2627 — Italy,https://sff2026.mapyourshow.com/8_0/exhibitor/exhibitor-details.cfm?exhid=335705,,,,,,,,,partial,1
Fiddyment Farms,United States,Rocklin,,Summer Fancy Food Show 2026,http://www.fiddymentfarms.com/,,916-645-7244,,,"Level 3 — 2266 — Confectionery, Snacks and Sweets Pavilion",https://sff2026.mapyourshow.com/8_0/exhibitor/exhibitor-details.cfm?exhid=131503,,,,,,,,,partial,1
Field Trip - Defender,United States,Westport,,Summer Fancy Food Show 2026,http://www.fieldtripsnacks.com,info@fieldtripsnacks.com,(646) 681-8600,,https://www.instagram.com/fieldtripsnacks,Level 1 — 5436,https://sff2026.mapyourshow.com/8_0/exhibitor/exhibitor-details.cfm?exhid=106564,,http://www.facebook.com/2008/fbml,,,,,,,partial,2
Figa Foods,United States,New York,,Summer Fancy Food Show 2026,https://figafoods.com/,,9149242387,,,Level 1 — 4609B — Startup CPG,https://sff2026.mapyourshow.com/8_0/exhibitor/exhibitor-details.cfm?exhid=341578,,,,,,,,,partial,1
Figgitaboutit Jam LLC,United States,Clinton Corners,,Summer Fancy Food Show 2026,https://figgitaboutit.com,hi@typemade.mx,+118453325280,,https://www.instagram.com/figgitaboutitjam,River Pavilion — 7201 — Debut District,https://sff2026.mapyourshow.com/8_0/exhibitor/exhibitor-details.cfm?exhid=347360,,,,,,,,,partial,2
FILIERA ITALIA,Italy,ROME,,Summer Fancy Food Show 2026,http://www.filieraitalia.it,,+39 064682534,,,Level 3 — 2825 — Italy,https://sff2026.mapyourshow.com/8_0/exhibitor/exhibitor-details.cfm?exhid=349116,,,,,,,,,partial,1
"Filippo Berio USA, Ltd.",United States,Lyndhurst,,Summer Fancy Food Show 2026,https://www.filippoberio.com,,201-525-2900,https://www.linkedin.com/company/filippo-berio-usa-ltd,https://www.instagram.com/filippoberio_us,Level 3 — 3258,https://sff2026.mapyourshow.com/8_0/exhibitor/exhibitor-details.cfm?exhid=257932,,https://www.facebook.com/FilippoBerioUS,,,,,,,partial,1
Fine and Raw,United States,Brooklyn,,Summer Fancy Food Show 2026,https://www.fineandraw.com,,718-366-3633,,,Level 1 — 6141 — Brooklyn,https://sff2026.mapyourshow.com/8_0/exhibitor/exhibitor-details.cfm?exhid=306533,,,,,,,,,partial,1
Fine Food Holdings Pty Ltd,Australia,Victoria,,Summer Fancy Food Show 2026,http://finefoodholdings.com.au,,630-621-2070,,,Level 3 — 650 — Deli Pavilion,https://sff2026.mapyourshow.com/8_0/exhibitor/exhibitor-details.cfm?exhid=155672,,,,,,,,,partial,1
Fine Foods Trading Corp.,United States,Union City,,Summer Fancy Food Show 2026,http://www.finecaviar.com/,,973-772-2221,,,Level 3 — 2953,https://sff2026.mapyourshow.com/8_0/exhibitor/exhibitor-details.cfm?exhid=108100,,,,,,,,,partial,1
Fine Italian Food,United States,Bolingbrook,,Summer Fancy Food Show 2026,http://www.fineitalianfood.com,,6309040002,,,Level 3 — 2142,https://sff2026.mapyourshow.com/8_0/exhibitor/exhibitor-details.cfm?exhid=30066,,,,,,,,,partial,1
Fine Snacks,United States,Woodbridge,,Summer Fancy Food Show 2026,https://www.peakapop.com,,202-469-1951,,,"Level 3 — 2550 — Confectionery, Snacks and Sweets Pavilion",https://sff2026.mapyourshow.com/8_0/exhibitor/exhibitor-details.cfm?exhid=245507,,,,,,,,,partial,1
Finesaler LLC,United States,Mamaroneck,,Summer Fancy Food Show 2026,https://www.finesaler.com/,hello@finesaler.com,914-732-3111,https://www.linkedin.com/company/finesaler-llc,https://www.instagram.com/finesaler,Level 3 — 733 — France,https://sff2026.mapyourshow.com/8_0/exhibitor/exhibitor-details.cfm?exhid=101806,,,,,,,,,partial,2
Finger Foods Soups LLC,United States,Bloomfield,,Summer Fancy Food Show 2026,https://www.fingerfoodsfarm.com/,info@fingerfoodsfarm.com,+19738659459,,https://www.instagram.com/fingerfoodsfarm,River Pavilion — 7024A — Debut District,https://sff2026.mapyourshow.com/8_0/exhibitor/exhibitor-details.cfm?exhid=346929,,https://www.facebook.com/profile.php,,,,,,,partial,2
FingerLakes Farms LLC,United States,Seneca Falls,,Summer Fancy Food Show 2026,https://ilovenyfarms.com/,,+16178660763,https://www.linkedin.com/company/fingerlakes-farms,https://www.instagram.com/flxfarms,Level 1 — 6116B,https://sff2026.mapyourshow.com/8_0/exhibitor/exhibitor-details.cfm?exhid=342963,,https://www.facebook.com/flxfarms,,,,,,,partial,1
Fiorucci Foods,United States,Chesterfield,,Summer Fancy Food Show 2026,https://www.sigma-alimentos.com/,,811-009-8911,https://www.linkedin.com/company/alfa-corporativo,,Level 3 — 547 — Deli Pavilion,https://sff2026.mapyourshow.com/8_0/exhibitor/exhibitor-details.cfm?exhid=306293,,https://www.facebook.com/ALFA_MX-171743202921942,,,,,,,partial,1
Firehook,United States,Chantilly,,Summer Fancy Food Show 2026,http://www.firehook.com,,+17035198020,,,Level 1 — 5354,https://sff2026.mapyourshow.com/8_0/exhibitor/exhibitor-details.cfm?exhid=112960,,,,,,,,,partial,1
Firelli Hot Sauce,Italy,Langhirano,,Summer Fancy Food Show 2026,https://www.firelli.com/,,+390521864205,,,Level 3 — 2628 — Italy,https://sff2026.mapyourshow.com/8_0/exhibitor/exhibitor-details.cfm?exhid=348457,,,,,,,,,partial,1
"First Canned Food (Thai) Co.,Ltd",Thailand,Dumnoen Saduak District,,Summer Fancy Food Show 2026,https://www.fcfthai.com/,inquiry@fcfthai.com,+66-32-254985,,,Level 1 — 5716 — Beverage Pavilion,https://sff2026.mapyourshow.com/8_0/exhibitor/exhibitor-details.cfm?exhid=335939,,,,,,,,,partial,2
First Light Farms,United States,El Segundo,,Summer Fancy Food Show 2026,https://www.firstlight.farm/,,+13102130810,,https://www.instagram.com/firstlightgrassfed,Level 1 — 6038,https://sff2026.mapyourshow.com/8_0/exhibitor/exhibitor-details.cfm?exhid=343782,,https://www.facebook.com/firstlightfoodsnz,,,,,,,partial,1
"Fischer & Wieser Specialty Foods, Inc.",United States,Fredericksburg,,Summer Fancy Food Show 2026,http://www.fwfarmstead.com/,,+18309977194,,,Level 1 — 5013,https://sff2026.mapyourshow.com/8_0/exhibitor/exhibitor-details.cfm?exhid=1684,,,,,,,,,partial,1
Fishbowl,United States,Orem,,Summer Fancy Food Show 2026,https://www.fishbowlinventory.com/,,800-774-7085,https://www.linkedin.com/company/fishbowl-inventory,,Level 3 — 481,https://sff2026.mapyourshow.com/8_0/exhibitor/exhibitor-details.cfm?exhid=335139,,https://www.facebook.com/fishbowl.inventory,,,,,,,partial,1
Fishfa Agri World Limited,India,RAJKOT,,Summer Fancy Food Show 2026,https://www.peanutji.com/,,+91 9428890762,,,Level 3 — 2372,https://sff2026.mapyourshow.com/8_0/exhibitor/exhibitor-details.cfm?exhid=347401,,,,,,,,,partial,1
Fishwife Tinned Seafood Co,United States,Pasadena,,Summer Fancy Food Show 2026,https://eatfishwife.com/,,8182120994,,,Level 1 — 5456,https://sff2026.mapyourshow.com/8_0/exhibitor/exhibitor-details.cfm?exhid=337114,,,,,,,,,partial,1
Fito Peru Export Import S.A.C.,Peru,Lima,,Summer Fancy Food Show 2026,https://www.fitoperu.com.pe/,,https://wa.me/934171694,,https://www.instagram.com/hanan.peruvian,Level 1 — 5278 — Peru,https://sff2026.mapyourshow.com/8_0/exhibitor/exhibitor-details.cfm?exhid=349288,,https://www.facebook.com/fitoperuoficial,,,,,,,partial,1
Five Acre Farms,United States,Brooklyn,,Summer Fancy Food Show 2026,https://www.fiveacrefarms.com/,,+19173318269,https://www.linkedin.com/company/five-acre-farms,https://instagram.com/fiveacrefarms,Level 1 — 6115 — NewYork,https://sff2026.mapyourshow.com/8_0/exhibitor/exhibitor-details.cfm?exhid=127357,,https://www.facebook.com/fiveacrefarms,,,,,,,partial,1
FLAMIGNI SRL,Italy,FORLI',,Summer Fancy Food Show 2026,https://www.flamigni.it/,flamigni@flamigni.it,+39054383200,,https://www.instagram.com/flamigni1930,Level 3 — 2531 — Italy,https://sff2026.mapyourshow.com/8_0/exhibitor/exhibitor-details.cfm?exhid=341502,,https://www.facebook.com/flamigni1930,,,,,,,partial,2
Flathau's Fine Foods,United States,Petal,,Summer Fancy Food Show 2026,https://flathausfinefoods.com/,,601-606-3899,,,Level 1 — 5934,https://sff2026.mapyourshow.com/8_0/exhibitor/exhibitor-details.cfm?exhid=26395,,,,,,,,,partial,1
Flexible Pouches,United States,Houston,,Summer Fancy Food Show 2026,https://flexiblepouches.com/,info@flexiblepouches.com,+18326468836,,,Level 3 — 776 — Deli Pavilion,https://sff2026.mapyourshow.com/8_0/exhibitor/exhibitor-details.cfm?exhid=348266,,,,,,,,,partial,2
"FLOR DE LA JARA, LLC",United States,New York,,Summer Fancy Food Show 2026,https://www.flordelajara.com/,,(929) 541-1481,,,River Pavilion — 7138 — Debut District,https://sff2026.mapyourshow.com/8_0/exhibitor/exhibitor-details.cfm?exhid=335447,,,,,,,,,partial,1
Flora Foods Inc.,United States,Coral Springs,,Summer Fancy Food Show 2026,http://www.florafoods.com,,(954)785-3100,,,Level 3 — 2770,https://sff2026.mapyourshow.com/8_0/exhibitor/exhibitor-details.cfm?exhid=4090,,,,,,,,,partial,1
FLORBÚ,Spain,Burgos,,Summer Fancy Food Show 2026,https://laflorburgalesa.es/,,+34947298361,,,Level 1 — 5477 — Spain,https://sff2026.mapyourshow.com/8_0/exhibitor/exhibitor-details.cfm?exhid=317545,,,,,,,,,partial,1
FLORESTAL,Brazil,Lajeado,,Summer Fancy Food Show 2026,https://www.florestal.com.br/,sac@florestal.com,+55 51 99559-4036,,,Level 3 — 227B — Brazil,https://sff2026.mapyourshow.com/8_0/exhibitor/exhibitor-details.cfm?exhid=347956,,,,,,,,,partial,2
Flows Tasty Treats,United States,Newark City,,Summer Fancy Food Show 2026,https://flowstastytreats.com/,,917-340-2108,,,Level 1 — 4119,https://sff2026.mapyourshow.com/8_0/exhibitor/exhibitor-details.cfm?exhid=314822,,,,,,,,,partial,1
FOI USA LLC,United States,Toms river,,Summer Fancy Food Show 2026,https://www.originallyfoods.com,sales@originallyfoods.com,+905337652068,https://www.linkedin.com/company/originallyfoods,https://www.instagram.com/originallyfoods,Level 1 — 4716A — Naturally Network,https://sff2026.mapyourshow.com/8_0/exhibitor/exhibitor-details.cfm?exhid=348698,,,,,,,,,partial,2
Folkland Foods,United States,WATERFORD,,Summer Fancy Food Show 2026,https://folklandfoods.com/,info@folklandfoods.com,+18147922070,,https://instagram.com/folklandfoods,Level 1 — 6446 — Pennsylvania,https://sff2026.mapyourshow.com/8_0/exhibitor/exhibitor-details.cfm?exhid=341289,,,,,,,,,partial,2
Fondo Montebello USA Inc.,United States,Houston,,Summer Fancy Food Show 2026,https://fondomontebello.us/,info@fondomontebello.us,0039 3338198656,,,Level 3 — 2670,https://sff2026.mapyourshow.com/8_0/exhibitor/exhibitor-details.cfm?exhid=306640,,,,,,,,,partial,2
Food Alliance for exporting agricultural crops,Egypt,monofiya,,Summer Fancy Food Show 2026,http://www.foodallianceco.com,,002238921297,,,Level 3 — 325 — Egypt,https://sff2026.mapyourshow.com/8_0/exhibitor/exhibitor-details.cfm?exhid=348434,,,,,,,,,partial,1
Food Export Association of the Midwest USA,United States,Chicago,,Summer Fancy Food Show 2026,https://www.foodexport.org,info@foodexport.org,8605196083,https://www.linkedin.com/company/food-export-midwest-and-food-export-northeast,https://instagram.com/foodexportsusa,Level 1 — 6439 — Pennsylvania,https://sff2026.mapyourshow.com/8_0/exhibitor/exhibitor-details.cfm?exhid=301333,,https://www.facebook.com/FoodExports,,,,,,,partial,2
Food for Life Baking Co.,United States,Corona,,Summer Fancy Food Show 2026,https://www.foodforlife.com/,,+19512795090,,https://www.instagram.com/foodforlifebaking,Level 3 — 755 — Deli Pavilion,https://sff2026.mapyourshow.com/8_0/exhibitor/exhibitor-details.cfm?exhid=343968,,https://www.facebook.com/FoodforLifeBaking,,,,,,,partial,1
"Food Ireland, Inc",United States,Mount Vernon,,Summer Fancy Food Show 2026,http://www.foodirelandwholesale.com/,,914-699-5000,,http://www.instagram.com,Level 3 — 137,https://sff2026.mapyourshow.com/8_0/exhibitor/exhibitor-details.cfm?exhid=36186,,http://www.facebook.com,,,,,,,partial,1
Food Maison,United States,New York,,Summer Fancy Food Show 2026,http://www.food-maison.com/,info@food-maison.com,212-229-1633,,,Level 3 — 946,https://sff2026.mapyourshow.com/8_0/exhibitor/exhibitor-details.cfm?exhid=5479,,,,,,,,,partial,2
Food Matters Again,United States,Brooklyn,,Summer Fancy Food Show 2026,http://www.foodmattersagain.com,,+17183613183,,,Level 3 — 155,https://sff2026.mapyourshow.com/8_0/exhibitor/exhibitor-details.cfm?exhid=107416,,,,,,,,,partial,1
Food To Live,United States,Brooklyn,,Summer Fancy Food Show 2026,https://foodtolive.com,help@foodtolive.com,347-713-4968,,https://www.instagram.com/foodtolive,Level 1 — 6133 — Brooklyn,https://sff2026.mapyourshow.com/8_0/exhibitor/exhibitor-details.cfm?exhid=212541,,https://www.facebook.com/foodtolive,,,,,,,partial,2
"FoodBerry Co., Ltd",South Korea,Gyeongsangbuk-do,,Summer Fancy Food Show 2026,http://www.foodberry.co.kr,,+821024504196,,,Level 3 — 506 — Korea,https://sff2026.mapyourshow.com/8_0/exhibitor/exhibitor-details.cfm?exhid=348400,,,,,,,,,partial,1
"FoodMatch, Inc.",United States,New York,,Summer Fancy Food Show 2026,http://www.foodmatch.com/,logo@2x.png,212-244-5050,https://www.linkedin.com/company/foodmatch,https://www.instagram.com/eatdivina,Level 3 — 458 — Deli Pavilion,https://sff2026.mapyourshow.com/8_0/exhibitor/exhibitor-details.cfm?exhid=7271,,https://www.facebook.com/FOODMatch,,,,,,,partial,2
Foods and Wines from Spain,United States,New York,,Summer Fancy Food Show 2026,https://www.foodswinesfromspain.com/,,(+1) 2126614859,,https://www.instagram.com/spainfoodwine,Level 3 — 2104 — Spain,https://sff2026.mapyourshow.com/8_0/exhibitor/exhibitor-details.cfm?exhid=7419,,https://www.facebook.com/FoodsWinesFromSpain,,,,,,,partial,1
For Good Granola,United States,Downers Grove,,Summer Fancy Food Show 2026,https://www.forgoodgranola.com,,630-776-8460,,,River Pavilion — 7312 — Good Food Mercantile (Sunday Only),https://sff2026.mapyourshow.com/8_0/exhibitor/exhibitor-details.cfm?exhid=268816,,,,,,,,,partial,1
Forchewn LLC,United States,Long Island City,,Summer Fancy Food Show 2026,https://www.forchewn.com,,+19082426808,,,Level 1 — 4714A — Naturally Network,https://sff2026.mapyourshow.com/8_0/exhibitor/exhibitor-details.cfm?exhid=344537,,,,,,,,,partial,1
Forest Food LLC,United States,Atherton,,Summer Fancy Food Show 2026,https://www.forestfoodusa.com/,info@forestfoodusa.com,+16503134713,,http://instagram.com/squarespace,"Level 3 — 2377 — Confectionery, Snacks and Sweets Pavilion",https://sff2026.mapyourshow.com/8_0/exhibitor/exhibitor-details.cfm?exhid=343635,,http://www.facebook.com/2008/fbml,,,,,,,partial,2
Forever Cheese,United States,New York,,Summer Fancy Food Show 2026,https://www.forevercheese.com,info@forevercheese.com,7187770772,https://www.linkedin.com/company/forever-cheese,https://www.instagram.com/forevercheeseco,Level 3 — 1364,https://sff2026.mapyourshow.com/8_0/exhibitor/exhibitor-details.cfm?exhid=31428,,https://www.facebook.com/tr,,,,,,,partial,2
Forged Beverage LLC,United States,Dallas,,Summer Fancy Food Show 2026,https://www.drinkladybird.com/,,+115129927268,,https://www.instagram.com/ladybirdsoda,Level 1 — 5619 — Beverage Pavilion,https://sff2026.mapyourshow.com/8_0/exhibitor/exhibitor-details.cfm?exhid=343988,,https://www.facebook.com/drinkladybird,,,,,,,partial,1
Foris Extraordinary Meats,United States,Columbus,,Summer Fancy Food Show 2026,https://www.forismeats.com/,,+16146705726,,,River Pavilion — 7122B — Debut District,https://sff2026.mapyourshow.com/8_0/exhibitor/exhibitor-details.cfm?exhid=341489,,,,,,,,,partial,1
Fornji Bakery,Jordan,Khalda,,Summer Fancy Food Show 2026,https://fornagibakeri.com,,00962791514229,,,Level 3 — 1426 — Jordan,https://sff2026.mapyourshow.com/8_0/exhibitor/exhibitor-details.cfm?exhid=348329,,,,,,,,,partial,1
"Fortune Favors, LLC",United States,Cottage Grove,,Summer Fancy Food Show 2026,https://www.fortunefavorsnuts.com,,+16087091077,,,"Level 3 — 2558 — Confectionery, Snacks and Sweets Pavilion",https://sff2026.mapyourshow.com/8_0/exhibitor/exhibitor-details.cfm?exhid=223816,,,,,,,,,partial,1
Foster's Pickled Products,United States,Pasco,,Summer Fancy Food Show 2026,http://www.fostersasparagus.com/,,+18552616395,,,Level 3 — 1843,https://sff2026.mapyourshow.com/8_0/exhibitor/exhibitor-details.cfm?exhid=108795,,,,,,,,,partial,1
FOTIADIS FINE FOODS S.A.,Greece,KASTORIA,,Summer Fancy Food Show 2026,https://arosis.gr/,contact@arosis.gr,+30 24670 71792,,https://www.instagram.com/arosisgreece,Level 3 — 2129 — Greece,https://sff2026.mapyourshow.com/8_0/exhibitor/exhibitor-details.cfm?exhid=314477,,https://www.facebook.com/tr,,,,,,,partial,2
Fourth Creek Foods,United States,Rumson,,Summer Fancy Food Show 2026,https://www.fourthcreekfoods.com,,8774778725,,,Level 1 — 6024,https://sff2026.mapyourshow.com/8_0/exhibitor/exhibitor-details.cfm?exhid=126695,,,,,,,,,partial,1
Francesco Caricato Azienda Agricola,Italy,San Pietro in Lama,,Summer Fancy Food Show 2026,http://www.caricato.it,info@caricato.it,+393299447354,,,Level 3 — 2504 — Italy,https://sff2026.mapyourshow.com/8_0/exhibitor/exhibitor-details.cfm?exhid=348439,,https://www.facebook.com/Caricato1815,,,,,,,partial,2
FRANCO VICENZI S.r.l.,Italy,MOMBARUZZO,,Summer Fancy Food Show 2026,http://www.cavaliervicenzi.com,info@cavaliervicenzi.com,+39014177024,,https://www.instagram.com/amaretticavaliervicenzi,Level 3 — 2530 — Italy,https://sff2026.mapyourshow.com/8_0/exhibitor/exhibitor-details.cfm?exhid=349117,,https://www.facebook.com/amarettivicenzi,,,,,,,partial,2
Frantoio Muraglia (Muraglia Savino & C. Soc.agr.semplice),Italy,Andria,,Summer Fancy Food Show 2026,https://www.frantoiomuraglia.it,,0039 08831950959,,https://www.instagram.com/frantoiomuraglia,Level 3 — 2626 — Italy,https://sff2026.mapyourshow.com/8_0/exhibitor/exhibitor-details.cfm?exhid=317495,,https://www.facebook.com/frantoiomuraglia,,,,,,,partial,1
FRANTOIO PRUNETI SRL,Italy,San Polo In Chianti,,Summer Fancy Food Show 2026,https://www.pruneti.it/,frantoio@pruneti.it,055-855-5091,,,Level 3 — 2972,https://sff2026.mapyourshow.com/8_0/exhibitor/exhibitor-details.cfm?exhid=334603,,https://www.facebook.com/tr,,,,,,,partial,2
Freda's Gourmet,United States,Los Angeles,,Summer Fancy Food Show 2026,https://www.fredasgourmet.com,user@domain.com,+13233468919,,https://www.instagram.com/fredasgourmet,River Pavilion — 7140 — Debut District,https://sff2026.mapyourshow.com/8_0/exhibitor/exhibitor-details.cfm?exhid=309418,,http://www.facebook.com/2008/fbml,,,,,,,partial,2
"Freedom Fluid, LLC",United States,Boston,,Summer Fancy Food Show 2026,https://www.drinkfreedomfluid.com,,+15085749512,,,River Pavilion — 7108A — SFA Spark Pavilion,https://sff2026.mapyourshow.com/8_0/exhibitor/exhibitor-details.cfm?exhid=348223,,,,,,,,,partial,1
Freedom Foods LLC,United States,Randolph,,Summer Fancy Food Show 2026,http://www.freedom-foods.com/,,+18027280070,,,Level 1 — 6338 — Vermont,https://sff2026.mapyourshow.com/8_0/exhibitor/exhibitor-details.cfm?exhid=102177,,,,,,,,,partial,1
Freekeh Harvest,United States,Bloomfield Hills,,Summer Fancy Food Show 2026,http://www.freekehharvest.com,info@freekehharvest.com,248-404-8446,https://www.linkedin.com/company/freekeh-harvest/about,https://www.instagram.com/freekehharvest,"Level 3 — 2369 — Confectionery, Snacks and Sweets Pavilion",https://sff2026.mapyourshow.com/8_0/exhibitor/exhibitor-details.cfm?exhid=314583,,https://www.facebook.com/freekehharvest,,,,,,,partial,2
Freezcake,United States,Hollywood,,Summer Fancy Food Show 2026,https://www.freezcake.com/,,954-405-2179,,,Level 1 — 6209 — SUSTA,https://sff2026.mapyourshow.com/8_0/exhibitor/exhibitor-details.cfm?exhid=304718,,,,,,,,,partial,1
French Broad Chocolates,United States,Asheville,,Summer Fancy Food Show 2026,https://www.frenchbroadchocolates.com/,,828-450-4570,,,River Pavilion — 7327 — Good Food Mercantile (Sunday Only),https://sff2026.mapyourshow.com/8_0/exhibitor/exhibitor-details.cfm?exhid=178269,,,,,,,,,partial,1
French Feast,United States,Oakland,,Summer Fancy Food Show 2026,http://frenchfeast.com/,,201-731-3102,,,Level 1 — 5956,https://sff2026.mapyourshow.com/8_0/exhibitor/exhibitor-details.cfm?exhid=125373,,,,,,,,,partial,1
French Home LLC,United States,Holliston,,Summer Fancy Food Show 2026,https://frenchhome.com,,5082311189,,,Level 3 — 870,https://sff2026.mapyourshow.com/8_0/exhibitor/exhibitor-details.cfm?exhid=333711,,,,,,,,,partial,1
French Squirrel,United States,New York,,Summer Fancy Food Show 2026,https://frenchsquirrel.com/,,+13109207448,,,River Pavilion — 7112A — SFA Spark Pavilion,https://sff2026.mapyourshow.com/8_0/exhibitor/exhibitor-details.cfm?exhid=343909,,,,,,,,,partial,1
FRESHMORE INC,United States,Ridgewood,,Summer Fancy Food Show 2026,https://www.freshmoreny.com/,contact@freshmoreinc.com,9293109598,,https://instagram.com/freshmore_inc,Level 1 — 5824 — Beverage Pavilion,https://sff2026.mapyourshow.com/8_0/exhibitor/exhibitor-details.cfm?exhid=314108,,,,,,,,,partial,2
FRIESLAND CAMPINA Engro Pakistan Limited,United States,,,Summer Fancy Food Show 2026,https://www.frieslandcampina.com/,,92 321 8755000,,,Level 1 — 5174 — Pakistan,https://sff2026.mapyourshow.com/8_0/exhibitor/exhibitor-details.cfm?exhid=338077,,,,,,,,,partial,1
FrieslandCampina Consumer Dairy US,United States,Paramus,,Summer Fancy Food Show 2026,https://www.frieslandcampina.us,ConsumerDairyUS@frieslandcampina.com,201-655-7730,,,Level 3 — 658 — Deli Pavilion,https://sff2026.mapyourshow.com/8_0/exhibitor/exhibitor-details.cfm?exhid=7161,,,,,,,,,partial,2
FRİGO-PAK GIDA MADDELERİ SANAYİ VE TİCARET ANONİM ŞİRKETİ,Turkey,İSTANBUL,,Summer Fancy Food Show 2026,http://www.frigopak.com.tr,,(90) 850-560 01 10,,https://www.instagram.com/frigopak_turkiye,Level 3 — 1718 — Turkey,https://sff2026.mapyourshow.com/8_0/exhibitor/exhibitor-details.cfm?exhid=342129,,https://www.facebook.com/frigopakturkiye,,,,,,,partial,1
From the Farm,United States,Southampton,,Summer Fancy Food Show 2026,https://fromthefarmco.com/,,+18432905714,,https://www.instagram.com/fromthefarm_co,Level 1 — 4923A — Naturally Network,https://sff2026.mapyourshow.com/8_0/exhibitor/exhibitor-details.cfm?exhid=347989,,,,,,,,,partial,1
Fromagerie Guilloteau,France,PELUSSIN,,Summer Fancy Food Show 2026,https://www.fromagerie-guilloteau.com/,Sainte-Maure_2019_02-06.2028@2x.jpg,+19175194801,,,Level 3 — 831 — France,https://sff2026.mapyourshow.com/8_0/exhibitor/exhibitor-details.cfm?exhid=125066,,,,,,,,,partial,2
FROMAGERIES ARNAUD,France,POLIGNY,,Summer Fancy Food Show 2026,https://www.juraflore.com,,384371423,,,Level 3 — 827 — France,https://sff2026.mapyourshow.com/8_0/exhibitor/exhibitor-details.cfm?exhid=314959,,https://www.facebook.com/juraflorefortdesrousses,,,,,,,partial,1
Frontier Co-op,United States,Norway,,Summer Fancy Food Show 2026,http://www.frontiercoop.com,,319-227-7996,,,Level 1 — 5025,https://sff2026.mapyourshow.com/8_0/exhibitor/exhibitor-details.cfm?exhid=41565,,,,,,,,,partial,1
Frost Buttercream,United States,New York,,Summer Fancy Food Show 2026,https://frostbuttercream.com/,,9179299280,,,Level 1 — 4825 — Naturally Network,https://sff2026.mapyourshow.com/8_0/exhibitor/exhibitor-details.cfm?exhid=336283,,,,,,,,,partial,1
"Frosting Factory, LLC",United States,Troy,,Summer Fancy Food Show 2026,https://frostingfactory.com/,,+15185777452,,,River Pavilion — 7028B — Debut District,https://sff2026.mapyourshow.com/8_0/exhibitor/exhibitor-details.cfm?exhid=347520,,,,,,,,,partial,1
Fructus Meran AG,Italy,Vilpiano,,Summer Fancy Food Show 2026,https://www.fructus.it/,info@fructus.it,+390471676511,https://www.linkedin.com/company/fructus-meran-ag,https://www.instagram.com/fructusmeran,Level 1 — 4812,https://sff2026.mapyourshow.com/8_0/exhibitor/exhibitor-details.cfm?exhid=338460,,https://www.facebook.com/fructus.meran,,,,,,,partial,2
FRUGA Beverage Company LLC,United States,Miami,,Summer Fancy Food Show 2026,https://drinkfruga.com/,,+13056800585,,,Level 1 — 4612,https://sff2026.mapyourshow.com/8_0/exhibitor/exhibitor-details.cfm?exhid=348162,,,,,,,,,partial,1
Fruit-a-Peel,United States,Lawrence,,Summer Fancy Food Show 2026,http://www.purebitessnacks.com,,347-223-2587,,,Level 1 — 5449,https://sff2026.mapyourshow.com/8_0/exhibitor/exhibitor-details.cfm?exhid=301641,,,,,,,,,partial,1
FRUITICANA FOODS,Pakistan,Shikehupura,,Summer Fancy Food Show 2026,https://fruiticana.com.pk/,info@fruiticana.com.pk,+92 316 6800000,,https://www.instagram.com/fruiticanaofficial,Level 1 — 5182 — Pakistan,https://sff2026.mapyourshow.com/8_0/exhibitor/exhibitor-details.cfm?exhid=349091,,https://www.facebook.com/fruiticanafoods,,,,,,,partial,2
Fruition Chocolate,United States,Shokan,,Summer Fancy Food Show 2026,http://www.fruitionchocolateworks.com,,845-657-6717,,,River Pavilion — 7311 — Good Food Mercantile (Sunday Only),https://sff2026.mapyourshow.com/8_0/exhibitor/exhibitor-details.cfm?exhid=211656,,,,,,,,,partial,1
Fruition Logistics,United States,Franklin Park,,Summer Fancy Food Show 2026,https://www.fruitionlogistics.com,info@fruitionlogistics.com,312-620-1225,https://www.linkedin.com/company/fruition-logistics,https://www.instagram.com/fruitionlogistics,Level 3 — 2280,https://sff2026.mapyourshow.com/8_0/exhibitor/exhibitor-details.cfm?exhid=334891,,https://www.facebook.com/FruitionLogistics,,,,,,,partial,2
Full of Beans Kitchen LLC,United States,New York City,,Summer Fancy Food Show 2026,https://fullofbeanskitchen.com/,,19174216152,,,River Pavilion — 7022B — Debut District,https://sff2026.mapyourshow.com/8_0/exhibitor/exhibitor-details.cfm?exhid=335519,,,,,,,,,partial,1
Fulle Foods Inc.,United States,New York,,Summer Fancy Food Show 2026,https://getfulle.com,hello@getfulle.com,+19177508593,https://www.linkedin.com/company/getfulle,https://www.instagram.com/drinkfulle,Level 1 — 4714B — Naturally Network,https://sff2026.mapyourshow.com/8_0/exhibitor/exhibitor-details.cfm?exhid=348226,,,,,,,,,partial,2
Fun Times Soda Pop,United States,Frisco,,Summer Fancy Food Show 2026,https://www.funtimessodapop.com,hello@funtimessodapop.com,+14694033084,https://www.linkedin.com/company/fun-times-soda,https://www.instagram.com/funtimessoda,River Pavilion — 7234 — Debut District,https://sff2026.mapyourshow.com/8_0/exhibitor/exhibitor-details.cfm?exhid=348650,,https://www.facebook.com/Funtimessoda,,,,,,,partial,2
FUNDO LA NORIA S.A.C.,Peru,TACNA,,Summer Fancy Food Show 2026,https://www.fln.com.pe,gerencia@fln.com.pe,https://wa.me/51977212031,https://www.linkedin.com/company/fundo-la-noria,https://www.instagram.com/lanoriaaceitunas,Level 1 — 5274 — Peru,https://sff2026.mapyourshow.com/8_0/exhibitor/exhibitor-details.cfm?exhid=317670,,https://www.facebook.com/LaNoriaAceitunas,,,,,,,partial,2
Future Foods / PAOW!,United States,Ormond Beach,,Summer Fancy Food Show 2026,https://www.getpaow.com,navLine@200x.png,+17863905226,https://www.linkedin.com/company/GetPAOW,https://www.instagram.com/GetPAOW,Level 1 — 3602,https://sff2026.mapyourshow.com/8_0/exhibitor/exhibitor-details.cfm?exhid=345018,,https://Facebook.com/GetPAOW,,,,,,,partial,2
Fuzzee,United States,Alexandria,,Summer Fancy Food Show 2026,http://www.drinkfuzzee.com,,+12028707046,,,River Pavilion — 7101B-M — SFA Spark Pavilion,https://sff2026.mapyourshow.com/8_0/exhibitor/exhibitor-details.cfm?exhid=346890,,,,,,,,,partial,1
"GAEMI FOOD Co.,Ltd.",South Korea,Seongnam,,Summer Fancy Food Show 2026,https://www.kemyfood.co.kr/,contact@kemyfood.co.kr,+821097152566,,,Level 3 — 510 — Korea,https://sff2026.mapyourshow.com/8_0/exhibitor/exhibitor-details.cfm?exhid=337520,,https://www.facebook.com/tr,,,,,,,partial,2
Gala Deluxe Corporation,United States,Alhambra,,Summer Fancy Food Show 2026,http://www.galadeluxe.com/,info@galadeluxe.com,+16264277168,https://www.linkedin.com/company/gala-deluxe,https://www.instagram.com/galadeluxe_la,Level 1 — 5220,https://sff2026.mapyourshow.com/8_0/exhibitor/exhibitor-details.cfm?exhid=132908,,https://www.facebook.com/pages/category/Product-Service/Gala-de-Luxe-185068382001012,,,,,,,partial,2
GALA EXPORT,Ecuador,Ambato,,Summer Fancy Food Show 2026,https://www.galaexportec.com/,ventas@galaexportec.com,+593984784101,https://www.linkedin.com/company/107765268/admin/dashboard,https://www.instagram.com/galaexport,Level 3 — 328B — Ecuador,https://sff2026.mapyourshow.com/8_0/exhibitor/exhibitor-details.cfm?exhid=348917,,https://www.facebook.com/GalaExportEc,,,,,,,partial,2
Galaxy Global International llc,United States,Lawrenceville,,Summer Fancy Food Show 2026,https://www.ggifoods.com,op@ggifoods.com,+14705357677,,,Level 1 — 5358,https://sff2026.mapyourshow.com/8_0/exhibitor/exhibitor-details.cfm?exhid=306565,,,,,,,,,partial,2
GALEN USA LLC,United States,The Woodlands,,Summer Fancy Food Show 2026,https://galenusa.com/,sales@galenusa.com,+18322966078,,,Level 3 — 2140,https://sff2026.mapyourshow.com/8_0/exhibitor/exhibitor-details.cfm?exhid=337344,,,,,,,,,partial,2
Galil Brands,United States,Hauppauge,,Summer Fancy Food Show 2026,https://galilbrands.com/,,(516)496-7400,,,Level 1 — 5534,https://sff2026.mapyourshow.com/8_0/exhibitor/exhibitor-details.cfm?exhid=8129,,,,,,,,,partial,1
GALLONI F.LLI SPA,Italy,LANGHIRANO,,Summer Fancy Food Show 2026,https://www.galloniprosciutto.it,info@galloniprosciutto.it,00390521354211,https://www.linkedin.com/company/f-lli-galloni-s-pa-/about,https://www.instagram.com/galloniprosciutto,Level 3 — 2804 — Italy,https://sff2026.mapyourshow.com/8_0/exhibitor/exhibitor-details.cfm?exhid=314706,,https://www.facebook.com/galloniprosciutto,,,,,,,partial,2
Gamsa Foods Inc.,United States,New York,,Summer Fancy Food Show 2026,https://gamsafoods.com/,,2012924514,,,River Pavilion — 7129A — Debut District,https://sff2026.mapyourshow.com/8_0/exhibitor/exhibitor-details.cfm?exhid=338691,,,,,,,,,partial,1
Garam Goddess,United States,Saugerties,,Summer Fancy Food Show 2026,https://garamgoddess.com/,,+13152255170,,,River Pavilion — 7325 — Good Food Mercantile (Sunday Only),https://sff2026.mapyourshow.com/8_0/exhibitor/exhibitor-details.cfm?exhid=347392,,,,,,,,,partial,1
Garcia De La Cruz Organic Extra Virgin Olive Oil,Spain,Madridejos,,Summer Fancy Food Show 2026,https://www.garciadelacruzoliveoil.com,,+34 925 46 04 96,,,Level 3 — 2329 — Spain,https://sff2026.mapyourshow.com/8_0/exhibitor/exhibitor-details.cfm?exhid=317550,,,,,,,,,partial,1
Garden Fresh Industries LLC,United States,Monroe Township,,Summer Fancy Food Show 2026,https://gardenfreshllc.com/,info@gardenfreshllc.com,3472419827,,,Level 1 — 5871,https://sff2026.mapyourshow.com/8_0/exhibitor/exhibitor-details.cfm?exhid=338464,,https://www.facebook.com/AmericanFoodBeverage,,,,,,,partial,2
"Garland, LLC",United States,Miami,,Summer Fancy Food Show 2026,http://www.garlandfood.net,moreinfo@garlandfood.net,305-636-1607 (104),https://www.linkedin.com/company/garland-food,https://www.instagram.com/garland.food,Level 3 — 1474,https://sff2026.mapyourshow.com/8_0/exhibitor/exhibitor-details.cfm?exhid=212800,,https://www.facebook.com/GarlandFoodUSA,,,,,,,partial,2
Garofalo Pasta USA,United States,New York,,Summer Fancy Food Show 2026,https://www.pasta-garofalo.com/,,646 581 9340,,,Level 3 — 3060,https://sff2026.mapyourshow.com/8_0/exhibitor/exhibitor-details.cfm?exhid=118510,,https://www.facebook.com/tr,,,,,,,partial,1
"GAS Familia, s.r.o.",Slovakia,Stara Lubovna,,Summer Fancy Food Show 2026,https://www.gasfamilia.com/,sekretariat@gas-familia.sk,+421905827134,,,Level 1 — 3717,https://sff2026.mapyourshow.com/8_0/exhibitor/exhibitor-details.cfm?exhid=347543,,,,,,,,,partial,2
"Gearharts Fine Chocolates, Inc.",United States,Charlottesville,,Summer Fancy Food Show 2026,http://www.gearhartschocolates.com,,+14349729100,,,Level 1 — 6239 — Virginia,https://sff2026.mapyourshow.com/8_0/exhibitor/exhibitor-details.cfm?exhid=101890,,,,,,,,,partial,1
GELPASS GROUP,France,Armentières,,Summer Fancy Food Show 2026,https://www.gelpassgroup.com,gelpass@gelpass.com,359096627,,,Level 3 — 826A — France,https://sff2026.mapyourshow.com/8_0/exhibitor/exhibitor-details.cfm?exhid=315326,,,,,,,,,partial,2
Gemini Food Corporation,United States,City of Industry,,Summer Fancy Food Show 2026,https://geminifoodcorp.com/,moreinfo@geminifood.com,(909) 839-0018,,https://www.instagram.com/gemini.food.us,"Level 3 — 2356 — Confectionery, Snacks and Sweets Pavilion",https://sff2026.mapyourshow.com/8_0/exhibitor/exhibitor-details.cfm?exhid=326020,,https://www.facebook.com/Gemini-Food-Corporation-267182817477,,,,,,,partial,2
Gemsa Oils,United States,La Mirada,,Summer Fancy Food Show 2026,https://www.gemsaoils.com,,714-521-1736,,,Level 1 — 5842,https://sff2026.mapyourshow.com/8_0/exhibitor/exhibitor-details.cfm?exhid=155401,,,,,,,,,partial,1
Gen Grinders,Turkey,İzmir,,Summer Fancy Food Show 2026,https://gengrinders.com/,info@gengrinders.com,+43 6706060631,,https://www.instagram.com/gengrinders,Level 1 — 6026,https://sff2026.mapyourshow.com/8_0/exhibitor/exhibitor-details.cfm?exhid=344259,,,,,,,,,partial,2
Genan company,Egypt,Wadi al natrun,,Summer Fancy Food Show 2026,https://genanfoods.com/,info@genanfoods.com,1112686720,,,Level 3 — 309 — Egypt,https://sff2026.mapyourshow.com/8_0/exhibitor/exhibitor-details.cfm?exhid=336135,,,,,,,,,partial,2
Geoplant LLC,Georgia,Ozurgeti,,Summer Fancy Food Show 2026,http://www.gurieli.ge,,995599949459,,,Level 3 — 2302 — Georgia,https://sff2026.mapyourshow.com/8_0/exhibitor/exhibitor-details.cfm?exhid=348148,,,,,,,,,partial,1
George Frozen Foods,United States,Linden,,Summer Fancy Food Show 2026,https://fastikusa.com/,gffcorp@gmail.com,+19176558915,,https://www.instagram.com/fastik_usa,Level 1 — 6056,https://sff2026.mapyourshow.com/8_0/exhibitor/exhibitor-details.cfm?exhid=339237,,,,,,,,,partial,1
GEORGIA'S NATURAL ORGANIC,Georgia,Tbilisi,,Summer Fancy Food Show 2026,http://georgiasnatural.com/,,0995599502123,,,Level 1 — 5613 — Beverage Pavilion,https://sff2026.mapyourshow.com/8_0/exhibitor/exhibitor-details.cfm?exhid=246950,,https://www.facebook.com/tr,,,,,,,partial,1
Georgian AgroProduct LLC,Georgia,Gurjaani,,Summer Fancy Food Show 2026,https://gefruit.ge/,mailtoinfo@gefruit.ge,0995599923392,,https://www.instagram.com/ancora_themes,Level 3 — 2306 — Georgia,https://sff2026.mapyourshow.com/8_0/exhibitor/exhibitor-details.cfm?exhid=335526,,https://www.facebook.com/AncoraThemes,,,,,,,partial,2
Georgian Nectar LLC,Georgia,Kareli,,Summer Fancy Food Show 2026,http://georgiannectar.ge/,info@georgiannectar.ge,0995599218910,,,Level 3 — 2407 — Georgia,https://sff2026.mapyourshow.com/8_0/exhibitor/exhibitor-details.cfm?exhid=317709,,,,,,,,,partial,2
Georgoudis S.A.,Greece,Velestino,,Summer Fancy Food Show 2026,https://parthenonolives.gr/,info@olives.gr,+30 2425024025,,,Level 3 — 1932 — Greece,https://sff2026.mapyourshow.com/8_0/exhibitor/exhibitor-details.cfm?exhid=315494,,,,,,,,,partial,2
Gerrit J. Verburg Company,United States,Fenton,,Summer Fancy Food Show 2026,http://www.gerritjverburg.com,,(810) 750-9779,,,Level 1 — 5207,https://sff2026.mapyourshow.com/8_0/exhibitor/exhibitor-details.cfm?exhid=7003,,,,,,,,,partial,1
GESAS GENEL GIDA SAN. VE TIC. A.S.,Turkey,KONYA,,Summer Fancy Food Show 2026,https://www.gesas.com.tr/,,(90) 332-235 88 82,,,Level 1 — 4847 — Turkey,https://sff2026.mapyourshow.com/8_0/exhibitor/exhibitor-details.cfm?exhid=348301,,,,,,,,,partial,1
GetUp Import,United States,Miami,,Summer Fancy Food Show 2026,https://www.getupimport.com,Info@getupimport.com,+19178681965,https://www.linkedin.com/company/wix-com,https://www.instagram.com/wix,Level 1 — 5457,https://sff2026.mapyourshow.com/8_0/exhibitor/exhibitor-details.cfm?exhid=313768,,https://www.facebook.com/WixStudio,,,,,,,partial,2
GF Lala Land,United States,Washington DC,,Summer Fancy Food Show 2026,http://www.gflalaland.com,,202-320-0786,,,River Pavilion — 7118A — SFA Spark Pavilion,https://sff2026.mapyourshow.com/8_0/exhibitor/exhibitor-details.cfm?exhid=344247,,,,,,,,,partial,1
Ghalley Holdings Ltd.,Canada,Surrey,,Summer Fancy Food Show 2026,http://theunjunked.com,,(778) 551-2271,,,Level 1 — 5133 — Canada,https://sff2026.mapyourshow.com/8_0/exhibitor/exhibitor-details.cfm?exhid=337740,,,,,,,,,partial,1
Ghani Mines Pvt Ltd.,Pakistan,Lahore,,Summer Fancy Food Show 2026,https://ghanigroup.com.pk/,info@ghanigroup.com.pk,00923212222249,https://www.linkedin.com/company/ghanigroupcompk,https://www.instagram.com/ghanigroupofcompanies,Level 1 — 5176 — Pakistan,https://sff2026.mapyourshow.com/8_0/exhibitor/exhibitor-details.cfm?exhid=327592,,https://www.facebook.com/GhaniGroupofCompanies,,,,,,,partial,2
GHODAWAT CONSUMER LIMITED,India,Kolhapur,,Summer Fancy Food Show 2026,https://ghodawatconsumer.com/,fmcg@ghodawat.com,+918140052727,https://in.linkedin.com/company/ghodawatconsumr,https://www.instagram.com/ghodawatconsumer,Level 3 — 2271,https://sff2026.mapyourshow.com/8_0/exhibitor/exhibitor-details.cfm?exhid=347481,,https://www.facebook.com/ghodawatconsumer,,,,,,,partial,2
Giacinto Callipo Conserve Alimentari S.r.l.,Italy,Pizzo,,Summer Fancy Food Show 2026,https://www.callipo.com,servizioconsumatori@callipogroup.com,+39096399621,https://www.linkedin.com/company/callipo-group/about,https://www.instagram.com/tonnocallipo,Level 3 — 2610 — Italy,https://sff2026.mapyourshow.com/8_0/exhibitor/exhibitor-details.cfm?exhid=315091,,https://www.facebook.com/tonnocallipo,,,,,,,partial,2
Giant Food System,United States,Newark,,Summer Fancy Food Show 2026,https://www.giantfoodusa.com/,,6468478556,,,Level 1 — 5116,https://sff2026.mapyourshow.com/8_0/exhibitor/exhibitor-details.cfm?exhid=337064,,,,,,,,,partial,1
Giesen Group Ltd.,New Zealand,Christchurch,,Summer Fancy Food Show 2026,https://www.giesenwines.com,,+15102907642,,http://instagram.com/giesenwines,Level 1 — 4318 — CPG Xperience,https://sff2026.mapyourshow.com/8_0/exhibitor/exhibitor-details.cfm?exhid=347376,,https://www.facebook.com/giesenwines,,,,,,,partial,1
Gigantic LLC,United States,New York,,Summer Fancy Food Show 2026,https://www.giganticcandy.com,,+19175384771,,,Level 1 — 4512B — Startup CPG,https://sff2026.mapyourshow.com/8_0/exhibitor/exhibitor-details.cfm?exhid=303168,,,,,,,,,partial,1
Ginja Snap,United States,Woodbury Heights,,Summer Fancy Food Show 2026,https://ginjasnap.com/,,+12155945546,,,River Pavilion — 7031A — Debut District,https://sff2026.mapyourshow.com/8_0/exhibitor/exhibitor-details.cfm?exhid=346479,,,,,,,,,partial,1
Giorgitsminda Cellar LLC,Georgia,Tbilisi,,Summer Fancy Food Show 2026,https://gc-winery.com/,,+995557991198,,,Level 3 — 2415 — Georgia,https://sff2026.mapyourshow.com/8_0/exhibitor/exhibitor-details.cfm?exhid=349237,,,,,,,,,partial,1
"Girin Company,inc",South Korea,Chungcheongnam-do,,Summer Fancy Food Show 2026,https://www.badasoop.co.kr/,badasooop@naver.com,+82-10-4052-3944,,https://www.instagram.com/badasoop,Level 3 — 607 — Korea,https://sff2026.mapyourshow.com/8_0/exhibitor/exhibitor-details.cfm?exhid=348387,,https://www.facebook.com/tr,,,,,,,partial,2
Giuseppe Calvi & C. Srl,Italy,Imperia,,Summer Fancy Food Show 2026,http://www.oliocalvi.it,,+393357236335,,,Level 1 — 4948 — Italy,https://sff2026.mapyourshow.com/8_0/exhibitor/exhibitor-details.cfm?exhid=348504,,,,,,,,,partial,1
Giusti USA Inc.,United States,Atlanta,,Summer Fancy Food Show 2026,https://giusti.com/,,973-845-0113,,,Level 3 — 2851,https://sff2026.mapyourshow.com/8_0/exhibitor/exhibitor-details.cfm?exhid=301061,,,,,,,,,partial,1
GL INTERNATIONAL CORPORATION,United States,COLUMBIA,,Summer Fancy Food Show 2026,https://www.gliok.com,info@gliok.com,410-736-8305,,,"Level 3 — 2553 — Confectionery, Snacks and Sweets Pavilion",https://sff2026.mapyourshow.com/8_0/exhibitor/exhibitor-details.cfm?exhid=301118,,https://www.facebook.com/GL-International-Corporation-1019164178123705,,,,,,,partial,2
GLASS CANNED WINES,Spain,Sant Sadurní d'Anoia,,Summer Fancy Food Show 2026,https://glasscannedwines.com/,hola@glasscannedwines.com,+34610256856,https://www.linkedin.com/company/glasscannedwines,https://www.instagram.com/glasscannedwines,Level 1 — 5374 — Spain,https://sff2026.mapyourshow.com/8_0/exhibitor/exhibitor-details.cfm?exhid=348309,,https://www.facebook.com/Glasscannedwines,,,,,,,partial,2
"Global Appetite, Inc.",Canada,Mississauga,,Summer Fancy Food Show 2026,https://www.globalappetite.com/,,416-979-2800,,,Level 3 — 3346,https://sff2026.mapyourshow.com/8_0/exhibitor/exhibitor-details.cfm?exhid=303941,,,,,,,,,partial,1
Global Commodities Traders Inc.,Canada,Mississauga,,Summer Fancy Food Show 2026,https://gltraders.com/,info@gltraders.com,+12892331649,https://www.linkedin.com/company/global-commodities-traders-inc,,Level 1 — 5157 — Canada,https://sff2026.mapyourshow.com/8_0/exhibitor/exhibitor-details.cfm?exhid=325806,,,,,,,,,partial,2
GLOBAL FUTURA INC,United States,JERICHO ATRIUM,,Summer Fancy Food Show 2026,https://www.globaloils.us,info@globaloils.us,https://wa.me/13474462333,https://www.linkedin.com/company/globalfutura,http://instagram.com/globalfutura,Level 1 — 5558,https://sff2026.mapyourshow.com/8_0/exhibitor/exhibitor-details.cfm?exhid=335293,,https://www.facebook.com/tr,,,,,,,partial,2
Global Resources Direct,United States,Saint Petersburg,,Summer Fancy Food Show 2026,https://www.globalresourcesdirect.com,,7736365974,,https://www.instagram.com/global_resources_direct,River Pavilion — 7019B — SFA Spark Pavilion,https://sff2026.mapyourshow.com/8_0/exhibitor/exhibitor-details.cfm?exhid=344796,,,,,,,,,partial,1
Global Tradelink Japan Co Ltd,Japan,Tokyo,,Summer Fancy Food Show 2026,https://www.ebinetokyo.com/,product_info_01@2x.jpg,81-70-9103-6037,,,"Level 3 — 2274 — Confectionery, Snacks and Sweets Pavilion",https://sff2026.mapyourshow.com/8_0/exhibitor/exhibitor-details.cfm?exhid=347435,,,,,,,,,partial,2
GLOBENATURAL SUPERFOODS S.A.C.,Peru,LIMA,,Summer Fancy Food Show 2026,,,,,,Level 1 — 5373 — Peru,https://sff2026.mapyourshow.com/8_0/exhibitor/exhibitor-details.cfm?exhid=336363,,,,,,,,,partial,1
GMA-FOOD LLC,United States,Lutz,,Summer Fancy Food Show 2026,https://gmafood.com/,Info@gmafood.com,646-469-8599,,,Level 3 — 1566,https://sff2026.mapyourshow.com/8_0/exhibitor/exhibitor-details.cfm?exhid=301143,,,,,,,,,partial,2
GMI Trading LLC,United States,South Plainfield,,Summer Fancy Food Show 2026,https://www.gmi-trading.com,orders@gmi-trading.com,7183181888,https://www.linkedin.com/company/gmi-trading-llc,https://www.instagram.com/gmi_trading_llc,Level 1 — 5364,https://sff2026.mapyourshow.com/8_0/exhibitor/exhibitor-details.cfm?exhid=312430,,https://www.facebook.com/people/GMI-Trading-LLC/61580162705744,,,,,,,partial,2
Go A Little Nuts!,United States,Los Molinos,,Summer Fancy Food Show 2026,https://goalittlenuts.com/,,+15309259416,,,Level 1 — 5538,https://sff2026.mapyourshow.com/8_0/exhibitor/exhibitor-details.cfm?exhid=335219,,,,,,,,,partial,1
Godshall's,United States,Souderton,,Summer Fancy Food Show 2026,https://godshalls.com/,shipping@godshalls.com,215-256-8867,https://www.linkedin.com/company/godshall,https://www.instagram.com/godshalls,Level 1 — 5111,https://sff2026.mapyourshow.com/8_0/exhibitor/exhibitor-details.cfm?exhid=304152,,https://www.facebook.com/GodshallsQualityMeats,,,,,,,partial,2
GOLD HARVEST KURUYEMIS GIDA VE TARIM URUNLERI SAN. VE TIC. A.S,Turkey,ESKİŞEHİR,,Summer Fancy Food Show 2026,https://www.goldharvest.com.tr/,info@goldharvest.com.tr,(90) 537-470 65 56,,https://www.instagram.com/goldharvest.tr,Level 3 — 1713 — Turkey,https://sff2026.mapyourshow.com/8_0/exhibitor/exhibitor-details.cfm?exhid=342130,,https://www.facebook.com/goldharvesttr,,,,,,,partial,2
Gold Sands Enterprise Inc,United States,Houston,,Summer Fancy Food Show 2026,https://goldsandsent.com,,+17138515178,,,Level 1 — 5848,https://sff2026.mapyourshow.com/8_0/exhibitor/exhibitor-details.cfm?exhid=347357,,,,,,,,,partial,1
"Golden BRM Trading, LLC",United States,Tomball,,Summer Fancy Food Show 2026,https://brm-agro.com,INFO@BRM-AGRO.COM,+16178995196,,,Level 1 — 3817,https://sff2026.mapyourshow.com/8_0/exhibitor/exhibitor-details.cfm?exhid=348056,,,,,,,,,partial,2
Golden Granary Company,Thailand,Phra Nakhon Si Ayutthaya,,Summer Fancy Food Show 2026,https://www.goldengranary.com/,,66851511115,,,Level 3 — 312 — Thailand,https://sff2026.mapyourshow.com/8_0/exhibitor/exhibitor-details.cfm?exhid=343016,,,,,,,,,partial,1
Golden Grapes di Dario Brucculeri,Italy,Castrofilippo,,Summer Fancy Food Show 2026,https://www.goldengrapes.it,dario@goldengrapes.it,+393482268105,,https://www.instagram.com/la_foresteria_di_golden_grapes,Level 1 — 4213B — La Dolce Sicilia,https://sff2026.mapyourshow.com/8_0/exhibitor/exhibitor-details.cfm?exhid=348160,,https://www.facebook.com/pages/category/Hotel---Lodging/La-Foresteria-di-Golden-Grapes-824428474563330,,,,,,,partial,2
"Golden Rice (Cambodia) Co.,Ltd",Cambodia,Kompong Speu,,Summer Fancy Food Show 2026,http://goldenricecambodia.com,,+85512704709,,,Level 1 — 3518 — Cambodia,https://sff2026.mapyourshow.com/8_0/exhibitor/exhibitor-details.cfm?exhid=348345,,https://www.facebook.com/cambodiagoldenrice,,,,,,,partial,1
Golden Samosas LLC,United States,Kearny,,Summer Fancy Food Show 2026,https://petite-ile.com/,,9086991898,,,River Pavilion — 7131A — Debut District,https://sff2026.mapyourshow.com/8_0/exhibitor/exhibitor-details.cfm?exhid=336891,,,,,,,,,partial,1
Golden Sleeve Inc.,United States,San Mateo,,Summer Fancy Food Show 2026,https://golden-sleeve.com,bill@golden-sleeve. com,+16503781205,,,River Pavilion — 7236 — Debut District,https://sff2026.mapyourshow.com/8_0/exhibitor/exhibitor-details.cfm?exhid=344334,,,,,,,,,partial,2
"Golden Star Rice Mill and Import Export Co.,Ltd",Cambodia,Battambang,,Summer Fancy Food Show 2026,http://goldenstarrice.com,,+85561 316 666,,,Level 1 — 3512 — Cambodia,https://sff2026.mapyourshow.com/8_0/exhibitor/exhibitor-details.cfm?exhid=348348,,,,,,,,,partial,1
Golden Star Wholesale,United States,Troy,,Summer Fancy Food Show 2026,http://www.mosulkubba.com/,info@mosulkubba.com,(248) 268-2882,,,Level 1 — 5859,https://sff2026.mapyourshow.com/8_0/exhibitor/exhibitor-details.cfm?exhid=134344,,,,,,,,,partial,2
Goldholly,United States,New York,,Summer Fancy Food Show 2026,https://goldholly.com/,,+119178555983,,,Level 1 — 4824B — Naturally Network,https://sff2026.mapyourshow.com/8_0/exhibitor/exhibitor-details.cfm?exhid=341432,,,,,,,,,partial,1
Golding,United States,Hazelwood,,Summer Fancy Food Show 2026,https://www.goldingblends.com,adminsupport@goldingff.com,6362214263,,,Level 3 — 1470,https://sff2026.mapyourshow.com/8_0/exhibitor/exhibitor-details.cfm?exhid=312409,,,,,,,,,partial,2
GOLFERA USA INC,United States,Union,,Summer Fancy Food Show 2026,https://www.golfera.us,info@golfera.us,(201) 428-4225,,https://www.instagram.com/golferausa,Level 3 — 2848,https://sff2026.mapyourshow.com/8_0/exhibitor/exhibitor-details.cfm?exhid=302723,,https://www.facebook.com/golferaUSA,,,,,,,partial,2
Good Girl Chocolate LLC,United States,Oklahoma City,,Summer Fancy Food Show 2026,https://goodgirlchocolate.com/,,(405) 314-3492,,,Level 1 — 6256 — Oklahoma,https://sff2026.mapyourshow.com/8_0/exhibitor/exhibitor-details.cfm?exhid=337406,,,,,,,,,partial,1
Good Greed,United States,New york,,Summer Fancy Food Show 2026,https://goodgreedsnacks.com/,,+19054096699,,,Level 1 — 4619B — Startup CPG,https://sff2026.mapyourshow.com/8_0/exhibitor/exhibitor-details.cfm?exhid=347273,,,,,,,,,partial,1
Good Journey LLC,United States,Anaheim,,Summer Fancy Food Show 2026,https://goodjourneydonuts.com/,,+17149208879,,,Level 1 — 4313,https://sff2026.mapyourshow.com/8_0/exhibitor/exhibitor-details.cfm?exhid=344104,,,,,,,,,partial,1
Good Now Foods,United States,Seattle,,Summer Fancy Food Show 2026,https://www.goodnowfoods.com,rick@goodnowfoods.com,+12062507722,https://www.linkedin.com/company/goodnowfoods,,Level 3 — 1150,https://sff2026.mapyourshow.com/8_0/exhibitor/exhibitor-details.cfm?exhid=310922,,,,,,,,,partial,2
"Good Source Foods, Inc.",United States,St. Francis,,Summer Fancy Food Show 2026,https://www.goodsourcefoods.com/,bophet@goodsourcefoods.com,4144834260,,https://www.instagram.com/good_source_foods,Level 1 — 5740,https://sff2026.mapyourshow.com/8_0/exhibitor/exhibitor-details.cfm?exhid=343961,,http://www.facebook.com/2008/fbml,,,,,,,partial,2
GoodMood Kombucha,United States,New York,,Summer Fancy Food Show 2026,https://www.goodmoodkombucha.com/,,+16176336096,,,Level 1 — 4309A — Included,https://sff2026.mapyourshow.com/8_0/exhibitor/exhibitor-details.cfm?exhid=343117,,,,,,,,,partial,1
Goshen Foods,United States,LONG IS CITY,,Summer Fancy Food Show 2026,https://www.goshenfoods.com/,orders@goshenfoods.com,+19177903723,,http://www.instagram.com/goshen_foods,Level 1 — 4718A — Naturally Network,https://sff2026.mapyourshow.com/8_0/exhibitor/exhibitor-details.cfm?exhid=348225,,,,,,,,,partial,2
Gourmet Foods International,United States,Decatur,,Summer Fancy Food Show 2026,https://www.gfifoods.com,info@gfifoods.com,404-688-1315,https://www.linkedin.com/company/gourmet-foods-international,https://www.instagram.com/gfifoods,Level 3 — 1336,https://sff2026.mapyourshow.com/8_0/exhibitor/exhibitor-details.cfm?exhid=29249,,https://www.facebook.com/gourmetfoodsinternational,,,,,,,partial,2
Gourmet House,United States,Huntington,,Summer Fancy Food Show 2026,http://www.gourmethouse.com,,+15166127407,,,Level 3 — 2868,https://sff2026.mapyourshow.com/8_0/exhibitor/exhibitor-details.cfm?exhid=101926,,,,,,,,,partial,1
Gourmet International,United States,Grand Rapids,,Summer Fancy Food Show 2026,http://www.gourmetint.com,info@gourmetint.com,616-698-0666,https://www.linkedin.com/company/gourmetinternational,https://www.instagram.com/gourmetintusa,"Level 3 — 2337 — Confectionery, Snacks and Sweets Pavilion",https://sff2026.mapyourshow.com/8_0/exhibitor/exhibitor-details.cfm?exhid=7538,,,,,,,,,partial,2
Gourmet News,United States,Tucson,,Summer Fancy Food Show 2026,https://www.gourmetnews.com,,520-721-1300,,,Level 1 — 5929,https://sff2026.mapyourshow.com/8_0/exhibitor/exhibitor-details.cfm?exhid=1135,,,,,,,,,partial,1
Gourmet Selections LLC,United States,Key Biscayne,,Summer Fancy Food Show 2026,http://gourmet-selections.com/,,+13053964685,,,Level 1 — 6042,https://sff2026.mapyourshow.com/8_0/exhibitor/exhibitor-details.cfm?exhid=156335,,https://www.facebook.com/WordPresscom,,,,,,,partial,1
Gracie Baked,United States,Brooklyn,,Summer Fancy Food Show 2026,https://www.graciebaked.com,,+12035718632,,,River Pavilion — 7023A — Debut District,https://sff2026.mapyourshow.com/8_0/exhibitor/exhibitor-details.cfm?exhid=347400,,,,,,,,,partial,1
GRAINON,South Korea,Seoul,,Summer Fancy Food Show 2026,https://grainon.com/,,GRAINON,,,Level 1 — 5181 — Korea,https://sff2026.mapyourshow.com/8_0/exhibitor/exhibitor-details.cfm?exhid=349243,,,,,,,,,partial,1
GRAMAS GIDA SANAYI A.S,Turkey,Germencik/Aydin,,Summer Fancy Food Show 2026,https://www.gramasfood.com/,usa@gramasfood.com,3059859343,,,Level 1 — 5419,https://sff2026.mapyourshow.com/8_0/exhibitor/exhibitor-details.cfm?exhid=301619,,,,,,,,,partial,2
Grand River Honey Co,United States,Hettinger,,Summer Fancy Food Show 2026,https://www.dakotahoney.com,,+17015673434,,,Level 1 — 6339 — Vermont,https://sff2026.mapyourshow.com/8_0/exhibitor/exhibitor-details.cfm?exhid=348280,,,,,,,,,partial,1
Grandpapa's Snack Company,United States,Detroit,,Summer Fancy Food Show 2026,http://www.grandpapasdetroit.com,,+12489390322,,,Level 1 — 6419 — Michigan,https://sff2026.mapyourshow.com/8_0/exhibitor/exhibitor-details.cfm?exhid=347552,,,,,,,,,partial,1
GRAU NUTS,Spain,Artesa de LLeida,,Summer Fancy Food Show 2026,https://graunuts.com/,grau@graunuts.com,0034640679472,https://es.linkedin.com/company/graunuts,https://www.instagram.com/grau_nuts,Level 3 — 2212 — Spain,https://sff2026.mapyourshow.com/8_0/exhibitor/exhibitor-details.cfm?exhid=342958,,,,,,,,,partial,2
GRB DAIRY FOODS,India,Karnataka,,Summer Fancy Food Show 2026,https://www.grbdairyfood.com,,+14243328839,https://www.linkedin.com/company/grb-dairy-foods-pvt-ltd,https://www.instagram.com/grbofficialpage,Level 3 — 355,https://sff2026.mapyourshow.com/8_0/exhibitor/exhibitor-details.cfm?exhid=348319,,https://www.facebook.com/grb.dairy,,,,,,,partial,1
GREAT AND TASTY LLC,United States,ORLANDO,,Summer Fancy Food Show 2026,https://greatandtasty.us/,,+19546077990,,,River Pavilion — 7116B — SFA Spark Pavilion,https://sff2026.mapyourshow.com/8_0/exhibitor/exhibitor-details.cfm?exhid=347597,,,,,,,,,partial,1
GREAT TRADE EXHIBITIONS,Greece,"Athens, Chalandri area",,Summer Fancy Food Show 2026,https://www.greatexhibitions.gr/,,30210 7755080,,,Level 3 — 1919 — Greece,https://sff2026.mapyourshow.com/8_0/exhibitor/exhibitor-details.cfm?exhid=122975,,,,,,,,,partial,1
GREATER THAN Inc,United States,Louisville,,Summer Fancy Food Show 2026,https://www.drinkgt.com,,+19169389097,,,River Pavilion — 7007B — SFA Spark Pavilion,https://sff2026.mapyourshow.com/8_0/exhibitor/exhibitor-details.cfm?exhid=127070,,,,,,,,,partial,1
GreatRiver Trade LLC,United States,Hicksville,,Summer Fancy Food Show 2026,https://greatrivertrade.com,support@greatrivertrade.com,+115162542685,,,Level 1 — 3719,https://sff2026.mapyourshow.com/8_0/exhibitor/exhibitor-details.cfm?exhid=347352,,,,,,,,,partial,2
"Green Dirt Farm, LLC",United States,Weston,,Summer Fancy Food Show 2026,http://www.greendirtfarm.com/,,+18163862156,,,Level 3 — 676A — ACS Pavilion,https://sff2026.mapyourshow.com/8_0/exhibitor/exhibitor-details.cfm?exhid=114599,,,,,,,,,partial,1
Green Mountain Nut Butter LLC,United States,Hardwick,,Summer Fancy Food Show 2026,https://www.greenmountainpb.com/,user@domain.com,+18027309873,,https://www.instagram.com/greenmountainpeanutbutter,River Pavilion — 7111A — Debut District,https://sff2026.mapyourshow.com/8_0/exhibitor/exhibitor-details.cfm?exhid=342195,,http://www.facebook.com/2008/fbml,,,,,,,partial,2
Green Sheep Inc,United States,Chicago,,Summer Fancy Food Show 2026,https://drinkopenwater.com/,,+16303735635,,,Level 1 — 5609 — Beverage Pavilion,https://sff2026.mapyourshow.com/8_0/exhibitor/exhibitor-details.cfm?exhid=339316,,,,,,,,,partial,1
Green Square Enterprises LLC,United States,Hudson,,Summer Fancy Food Show 2026,https://cirrus9candy.com/,,+15163739221,,,River Pavilion — 7024B — Debut District,https://sff2026.mapyourshow.com/8_0/exhibitor/exhibitor-details.cfm?exhid=344350,,,,,,,,,partial,1
Greenline Express Transportation Inc,United States,West Sacramento,,Summer Fancy Food Show 2026,https://greenlinex.net,Dispatch@greenlineexpress.info,+19167442811,,,Level 3 — 780,https://sff2026.mapyourshow.com/8_0/exhibitor/exhibitor-details.cfm?exhid=348648,,,,,,,,,partial,2
GreenWill Global LLC,United States,SAN JOSE,,Summer Fancy Food Show 2026,https://www.greenwillglobal.net/,,+14086233532,,,Level 1 — 6070,https://sff2026.mapyourshow.com/8_0/exhibitor/exhibitor-details.cfm?exhid=339372,,,,,,,,,partial,1
GREENWINLINE SRL,Italy,BELPASSO ITALY,,Summer Fancy Food Show 2026,https://www.itanut.com,info@itanut.com,+393428728170,,,Level 1 — 4118,https://sff2026.mapyourshow.com/8_0/exhibitor/exhibitor-details.cfm?exhid=348629,,,,,,,,,partial,2
Grissitalia Srl,Italy,Alessandria,,Summer Fancy Food Show 2026,https://www.grissitalia.it,info@grissitalia.it,39013159153,https://www.linkedin.com/company/grissitalia-s,https://www.instagram.com/il_buon_pane,Level 3 — 3208 — Italy,https://sff2026.mapyourshow.com/8_0/exhibitor/exhibitor-details.cfm?exhid=335574,,https://www.facebook.com/ilbuonpane.grissitalia,,,,,,,partial,2
Groovy Coffee,United States,"Great Neck, NY",,Summer Fancy Food Show 2026,https://groovycoffee.com/,,+19175735601,,,River Pavilion — 7143 — Debut District,https://sff2026.mapyourshow.com/8_0/exhibitor/exhibitor-details.cfm?exhid=337486,,,,,,,,,partial,1
Growee Foods,United States,Atlanta,,Summer Fancy Food Show 2026,https://groweefoods.com/,,857-277-2892,,,Level 1 — 4515,https://sff2026.mapyourshow.com/8_0/exhibitor/exhibitor-details.cfm?exhid=306080,,,,,,,,,partial,1
GRUPO ALIMENTARIO IAN,Spain,Villafranca,,Summer Fancy Food Show 2026,http://www.grupoian.com,,(+34) 948843360,,,Level 3 — 2207 — Spain,https://sff2026.mapyourshow.com/8_0/exhibitor/exhibitor-details.cfm?exhid=315233,,,,,,,,,partial,1
Grupo Attiva,Brazil,Bananal,,Summer Fancy Food Show 2026,https://aguaattiva.com.br/,sac@aguaattiva.com.br,+55 24 99204-1554,https://www.linkedin.com/company/attiva-%C3%A1gua-mineral,https://www.instagram.com/aguaattiva,Level 3 — 108B — Brazil,https://sff2026.mapyourshow.com/8_0/exhibitor/exhibitor-details.cfm?exhid=342571,,https://www.facebook.com/tr,,,,,,,partial,2
"GRUPO ENTREPINARES, S.L.U.",Spain,Valladolid,,Summer Fancy Food Show 2026,https://www.entrepinares.es/,,+(34) 983 45 77 25,,,Level 1 — 5380 — Spain,https://sff2026.mapyourshow.com/8_0/exhibitor/exhibitor-details.cfm?exhid=348169,,,,,,,,,partial,1
Grupo Santa Elena S.A.,Peru,Lima,,Summer Fancy Food Show 2026,https://santaelena.com.pe,,+51933815171,,,Level 1 — 5276 — Peru,https://sff2026.mapyourshow.com/8_0/exhibitor/exhibitor-details.cfm?exhid=349290,,,,,,,,,partial,1
Gruppo Fini S.p.A.,Italy,Ravarino,,Summer Fancy Food Show 2026,https://nonsolobuono.it/,,+39 059259244,,,Level 3 — 3204 — Italy,https://sff2026.mapyourshow.com/8_0/exhibitor/exhibitor-details.cfm?exhid=317445,,https://www.facebook.com/tr,,,,,,,partial,1
GRUPPO MILO SPA,Italy,Milano,,Summer Fancy Food Show 2026,http://www.gruppomilo.it,,080 3735950,,https://www.instagram.com/casa_milo,Level 3 — 2632 — Italy,https://sff2026.mapyourshow.com/8_0/exhibitor/exhibitor-details.cfm?exhid=335585,,https://www.facebook.com/tr,,,,,,,partial,1
"Guac Shop, LLC",United States,PERRYSBURG,,Summer Fancy Food Show 2026,https://www.guac-shop.com/,,4194905989,,,River Pavilion — 7122A — Debut District,https://sff2026.mapyourshow.com/8_0/exhibitor/exhibitor-details.cfm?exhid=338392,,,,,,,,,partial,1
Guglielmi Saverio di Guglielmi Riccardo e Vincenzo snc,Italy,ANDRIA,,Summer Fancy Food Show 2026,https://olioguglielmi.it/,info@olioguglielmi.it,+39(0)883591815,,https://www.instagram.com/olioguglielmi,Level 3 — 2515 — Italy,https://sff2026.mapyourshow.com/8_0/exhibitor/exhibitor-details.cfm?exhid=317437,,https://www.facebook.com/guglielmidal1954,,,,,,,partial,2
Guittard Chocolate Co.,United States,Burlingame,,Summer Fancy Food Show 2026,http://www.guittard.com/,info@guittard.com,650-697-4427,https://www.linkedin.com/company/guittard-chocolate-company,https://www.instagram.com/guittardchocolate,"Level 3 — 2542 — Confectionery, Snacks and Sweets Pavilion",https://sff2026.mapyourshow.com/8_0/exhibitor/exhibitor-details.cfm?exhid=1949,,https://www.facebook.com/GuittardChocolate,,,,,,,partial,2
GULF CANNING COMPANY (GCC),Egypt,AL SADAT CITY,,Summer Fancy Food Show 2026,https://gulfcanningeg.com/,contact@mysite.com,00201155082222,,,Level 3 — 212 — Egypt,https://sff2026.mapyourshow.com/8_0/exhibitor/exhibitor-details.cfm?exhid=336142,,,,,,,,,partial,2
GUNEYLILER FOOD,Turkey,ADANA,,Summer Fancy Food Show 2026,https://www.guneyliler.com.tr,info@guneyliler.com.tr,03224411999,,,Level 3 — 1709 — Turkey,https://sff2026.mapyourshow.com/8_0/exhibitor/exhibitor-details.cfm?exhid=345588,,https://www.facebook.com/G,,,,,,,partial,2
GuS - Grown-up Soda,United States,New York,,Summer Fancy Food Show 2026,http://www.drinkgus.com,info@drinkgus.com,2123557454,,https://www.instagram.com/grownupsoda,Level 1 — 5723 — Beverage Pavilion,https://sff2026.mapyourshow.com/8_0/exhibitor/exhibitor-details.cfm?exhid=29898,,https://www.facebook.com/GrownupSoda,,,,,,,partial,2
"Gustiamo, Inc.",United States,Bronx,,Summer Fancy Food Show 2026,http://www.gustiamo.com,,7188602949,,https://www.instagram.com/gustiamo,Level 3 — 2843,https://sff2026.mapyourshow.com/8_0/exhibitor/exhibitor-details.cfm?exhid=32226,,https://www.facebook.com/tr,,,,,,,partial,1
Gyeonggido Business & Science Accelerator,South Korea,Suwon-si,,Summer Fancy Food Show 2026,https://www.gbsa.or.kr/,,+82-10-6400-7838,,https://www.instagram.com/smartgbsa,Level 1 — 3502 — Korea,https://sff2026.mapyourshow.com/8_0/exhibitor/exhibitor-details.cfm?exhid=343143,,https://www.facebook.com/smartgbsa,,,,,,,partial,1
Gymkhana Fine Foods,United States,Dover,,Summer Fancy Food Show 2026,https://www.gymkhanafinefoods.com,,+15125852149,,,Level 1 — 5343,https://sff2026.mapyourshow.com/8_0/exhibitor/exhibitor-details.cfm?exhid=344011,,,,,,,,,partial,1
"H.ON CO.,LTD.",South Korea,Jeonbuk-do,,Summer Fancy Food Show 2026,https://www.hon-korea.,,063-902-0730,,,Level 3 — 503 — Korea,https://sff2026.mapyourshow.com/8_0/exhibitor/exhibitor-details.cfm?exhid=348464,,,,,,,,,partial,1
HACI HASAN OGULLARI BAKLAVA AND BOREK,Turkey,BURSA,,Summer Fancy Food Show 2026,http://www.hacihasanogullari.com.tr/,,0095339340307,,,Level 1 — 4850 — Turkey,https://sff2026.mapyourshow.com/8_0/exhibitor/exhibitor-details.cfm?exhid=348297,,,,,,,,,partial,1
"HAEYEAREUM CO., LTD",South Korea,Sinan-gun,,Summer Fancy Food Show 2026,http://www.hyrsalt.com,info@hyrsalt.com,010-3426-0473,,https://www.instagram.com/haeyeareum_official,Level 3 — 508 — Korea,https://sff2026.mapyourshow.com/8_0/exhibitor/exhibitor-details.cfm?exhid=315185,,https://www.facebook.com/HAEYEAREUM,,,,,,,partial,2
Haider Corp,United States,Farmers Branch,,Summer Fancy Food Show 2026,https://drinkfizzpop.com/,,+19724888806,,,Level 1 — 6216 — SUSTA,https://sff2026.mapyourshow.com/8_0/exhibitor/exhibitor-details.cfm?exhid=107601,,,,,,,,,partial,1
"HAITAI, INC",United States,Cerritos,,Summer Fancy Food Show 2026,https://www.haitaiic.co.kr/,,+19258528973,,,Level 1 — 5659,https://sff2026.mapyourshow.com/8_0/exhibitor/exhibitor-details.cfm?exhid=347370,,,,,,,,,partial,1
Haitoglou Bros S.A.,Greece,Thessaloniki,,Summer Fancy Food Show 2026,http://haifoods.com/,info@haifoods.com,302310389700,,,Level 3 — 1458,https://sff2026.mapyourshow.com/8_0/exhibitor/exhibitor-details.cfm?exhid=179789,,,,,,,,,partial,2
Hale and Hearty,United States,Brooklyn,,Summer Fancy Food Show 2026,https://haleandhearty.com/,info@haleandhearty.com,7186401854,,https://www.instagram.com/haleandheartysoup,Level 1 — 6158 — NewYork,https://sff2026.mapyourshow.com/8_0/exhibitor/exhibitor-details.cfm?exhid=338471,,https://www.facebook.com/haleandhearty,,,,,,,partial,2
Hammont LLC,United States,Manchester,,Summer Fancy Food Show 2026,https://www.hammont.com,,8334266668,,,Level 1 — 6321 — New Jersey,https://sff2026.mapyourshow.com/8_0/exhibitor/exhibitor-details.cfm?exhid=313199,,,,,,,,,partial,1
HAMPYEONG COUNTY,South Korea,Hampyeong-gun,,Summer Fancy Food Show 2026,https://www.hampyeong.go.kr/,jhchoi@k2fm.co.kr,+82-61-320-1902,,https://www.instagram.com/hampyeong,Level 1 — 5076 — Korea,https://sff2026.mapyourshow.com/8_0/exhibitor/exhibitor-details.cfm?exhid=347983,,https://www.facebook.com/hampyeong,,,,,,,partial,2
Hana Food,United States,Springfield,,Summer Fancy Food Show 2026,https://www.hanafoodinc.com,,8044562043,,,Level 1 — 5916,https://sff2026.mapyourshow.com/8_0/exhibitor/exhibitor-details.cfm?exhid=303295,,,,,,,,,partial,1
Hanmandoo Food,South Korea,Yangju-si,,Summer Fancy Food Show 2026,https://www.hanmandoo.co.kr/,,+82808705000,,,Level 1 — 5171 — Korea,https://sff2026.mapyourshow.com/8_0/exhibitor/exhibitor-details.cfm?exhid=347984,,,,,,,,,partial,1
Hanwool Food Co.,South Korea,Gyeongsangnam-do,,Summer Fancy Food Show 2026,https://www.hanwollfood.com,,+82-55-328-0551,,,Level 3 — 609 — Korea,https://sff2026.mapyourshow.com/8_0/exhibitor/exhibitor-details.cfm?exhid=317059,,,,,,,,,partial,1
HAPPY GLOBAL,United States,Richardson,,Summer Fancy Food Show 2026,https://happyglobalinc.com/,,+12146564197,,,"Level 3 — 2340 — Confectionery, Snacks and Sweets Pavilion",https://sff2026.mapyourshow.com/8_0/exhibitor/exhibitor-details.cfm?exhid=338617,,,,,,,,,partial,1
Haram-Christensen Corp.,United States,Carlstadt,,Summer Fancy Food Show 2026,http://www.haramchris.com/,sales@haramchris.com,201-507-8544,,,Level 3 — 1748,https://sff2026.mapyourshow.com/8_0/exhibitor/exhibitor-details.cfm?exhid=1147,,http://www.facebook.com/2008/fbml,,,,,,,partial,2
Hardy Beverages LLC,United States,Memphis,,Summer Fancy Food Show 2026,https://www.hardybeverages.com/,hello@hardybeverages.com,+19017792010,,https://www.instagram.com/drinkmorehtwo,Level 1 — 5821,https://sff2026.mapyourshow.com/8_0/exhibitor/exhibitor-details.cfm?exhid=341349,,http://www.facebook.com/2008/fbml,,,,,,,partial,2
Harney & Sons Tea Company,United States,Millerton,,Summer Fancy Food Show 2026,http://www.harney.com,,518-789-2100,,https://instagram.com/harneytea,Level 1 — 5833,https://sff2026.mapyourshow.com/8_0/exhibitor/exhibitor-details.cfm?exhid=2329,,https://facebook.com/harneytea,,,,,,,partial,1
Harvest Foods S.A.E.,Egypt,Giza,,Summer Fancy Food Show 2026,https://www.harvestfoods.com.eg,,+202 38204528,https://www.linkedin.com/company/harvest-foods-egypt,,Level 3 — 315 — Egypt,https://sff2026.mapyourshow.com/8_0/exhibitor/exhibitor-details.cfm?exhid=348424,,,,,,,,,partial,1
"HASHO HARVEST, LLC",United States,Brooklyn,,Summer Fancy Food Show 2026,https://turkslarder.com/,hello@turkslarder.com,+16466320202,https://linkedin.com/company/turks-larder,,River Pavilion — 7005A — SFA Spark Pavilion,https://sff2026.mapyourshow.com/8_0/exhibitor/exhibitor-details.cfm?exhid=347673,,,,,,,,,partial,2
HB CORPORATION,South Korea,Nam-gu,,Summer Fancy Food Show 2026,http://www.foodtrade.co.kr,hbfoodnt@gmail.com,010-4147-1078,,,Level 3 — 601 — Korea,https://sff2026.mapyourshow.com/8_0/exhibitor/exhibitor-details.cfm?exhid=113855,,,,,,,,,partial,1
HC PACKAGING VIETNAM CO. LTD,Vietnam,SHANGHAI,,Summer Fancy Food Show 2026,https://www.hcpackagingasia.com/,sales@hcpackagingasia.com,86-17717376816,,https://www.instagram.com/hcpackaging_asia,Level 1 — 5909,https://sff2026.mapyourshow.com/8_0/exhibitor/exhibitor-details.cfm?exhid=338679,,https://www.facebook.com/profile.php,,,,,,,partial,2
"Health Garden of NY, Inc",United States,Paterson,,Summer Fancy Food Show 2026,http://www.healthgardenusa.com/,,718-791-6362,,,Level 1 — 5869,https://sff2026.mapyourshow.com/8_0/exhibitor/exhibitor-details.cfm?exhid=130419,,,,,,,,,partial,1
HEALTH&BEAUTY,South Korea,"Wansan-gu, Jeonju-si",,Summer Fancy Food Show 2026,https://www.hnbclub.co.kr/,hnbclub@hnbclub.co.kr,+821073212135,,https://www.instagram.com/hnbclub_,Level 3 — 521 — Korea,https://sff2026.mapyourshow.com/8_0/exhibitor/exhibitor-details.cfm?exhid=342298,,https://www.facebook.com/hnbclub,,,,,,,partial,2
"Healthy On You, LLC",United States,Rancho Santa Fe,,Summer Fancy Food Show 2026,https://healthyonyou.com/,,+1 760-213-9360,,,Level 1 — 4823 — Naturally Network,https://sff2026.mapyourshow.com/8_0/exhibitor/exhibitor-details.cfm?exhid=343684,,,,,,,,,partial,1
Heartland NY Inc,United States,Flushing,,Summer Fancy Food Show 2026,https://heartlandnystore.com/,,718-445-2962,,,Level 1 — 4614,https://sff2026.mapyourshow.com/8_0/exhibitor/exhibitor-details.cfm?exhid=338500,,,,,,,,,partial,1
Heathcote Bakery LLC,United States,New Rochelle,,Summer Fancy Food Show 2026,https://heathcotebakery.com/,,+16462564661,,,Level 1 — 4919A — Naturally Network,https://sff2026.mapyourshow.com/8_0/exhibitor/exhibitor-details.cfm?exhid=348357,,,,,,,,,partial,1
HEATONIST,United States,Brooklyn,,Summer Fancy Food Show 2026,https://heatonist.com,,+117185990838,,,Level 1 — 6010,https://sff2026.mapyourshow.com/8_0/exhibitor/exhibitor-details.cfm?exhid=312199,,,,,,,,,partial,1
Heavenly Caramels,United States,Ogden,,Summer Fancy Food Show 2026,https://heavenlycaramels.com/,,8013993007,,,"Level 3 — 2349 — Confectionery, Snacks and Sweets Pavilion",https://sff2026.mapyourshow.com/8_0/exhibitor/exhibitor-details.cfm?exhid=41835,,,,,,,,,partial,1
Heavenly Organics,United States,Longmont,,Summer Fancy Food Show 2026,https://heavenlyorganics.com/,,+19497016519,,,"Level 3 — 2560 — Confectionery, Snacks and Sweets Pavilion",https://sff2026.mapyourshow.com/8_0/exhibitor/exhibitor-details.cfm?exhid=105556,,,,,,,,,partial,1
"Heiwa Food Industry Co., Ltd.",Japan,Setagaya-ku,,Summer Fancy Food Show 2026,https://www.heiwa-food.co.jp/,,+81-3-5752-5219,,https://www.instagram.com/heiwafoods,Level 3 — 403 — Japan,https://sff2026.mapyourshow.com/8_0/exhibitor/exhibitor-details.cfm?exhid=347881,,https://www.facebook.com/heiwafoods,,,,,,,partial,1
HELADOS ESTIU,Spain,Riba-roja de Turia,,Summer Fancy Food Show 2026,http://www.helados-estiu.com,administracion@helados-estiu.com,(+34) 961653855,,,Level 3 — 2104 — Spain,https://sff2026.mapyourshow.com/8_0/exhibitor/exhibitor-details.cfm?exhid=335731,,,,,,,,,partial,2
HELIS DRAJE GIDA SAN. VE TIC. LTD. STI.,Turkey,ISTANBUL,,Summer Fancy Food Show 2026,https://helisdraje.com/,info@helisdraje.com,(90) 507-579 54 81,,https://www.instagram.com/helisdragee,Level 1 — 4849 — Turkey,https://sff2026.mapyourshow.com/8_0/exhibitor/exhibitor-details.cfm?exhid=348302,,https://www.facebook.com/helisdraje,,,,,,,partial,2
Hell's Kitchen Hot Sauce LLC,United States,Long Island City,,Summer Fancy Food Show 2026,https://www.hellskitchenhotsauce.com,info@hellskitchenhotsauce.com,+12129560638,,https://www.instagram.com/hellskitchenhotsauce,Level 1 — 6138 — Brooklyn,https://sff2026.mapyourshow.com/8_0/exhibitor/exhibitor-details.cfm?exhid=246420,,https://www.facebook.com/tr,,,,,,,partial,2
HELLAS WORLD TRANSPORT OVERSEAS,Greece,THESSALONIKI,,Summer Fancy Food Show 2026,https://gr.linkedin.com/,,0030 2310514444,https://www.linkedin.com/company/linkedin/jobs,,Level 3 — 2125 — Greece,https://sff2026.mapyourshow.com/8_0/exhibitor/exhibitor-details.cfm?exhid=349149,,,,,,,,,partial,1
Hemsi Tarim Urunleri Tic. Ve San. A.s.,Turkey,Izmir,,Summer Fancy Food Show 2026,https://www.hemsi.com,,(90) 232-441 58 80,,,Level 3 — 1818 — Turkey,https://sff2026.mapyourshow.com/8_0/exhibitor/exhibitor-details.cfm?exhid=315174,,,,,,,,,partial,1
Heritage International Foods LLC,United States,St Cloud,,Summer Fancy Food Show 2026,https://heritageinternationalfoods.com/,,+14072326092,,,Level 3 — 167,https://sff2026.mapyourshow.com/8_0/exhibitor/exhibitor-details.cfm?exhid=348141,,,,,,,,,partial,1
Heritage Kulfi,United States,Princeton,,Summer Fancy Food Show 2026,http://heritagekulfi.com,,609-436-0234,,,Level 1 — 4726 — Naturally Network,https://sff2026.mapyourshow.com/8_0/exhibitor/exhibitor-details.cfm?exhid=305412,,,,,,,,,partial,1
Hero Nutritional Food Industries,Egypt,Cairo,,Summer Fancy Food Show 2026,http://www.heromea.com,Info@hero.com.eg,(+02) 022.759.7900,https://www.linkedin.com/company/30742815/admin,https://www.instagram.com/herogroupcomms,Level 3 — 331 — Egypt,https://sff2026.mapyourshow.com/8_0/exhibitor/exhibitor-details.cfm?exhid=244233,,,,,,,,,partial,2
HEYKIM,South Korea,Seoul,,Summer Fancy Food Show 2026,https://heykim-gim.com/,heykim@heykim-gim.com,+821073057912,,https://instagram.com/heykim_gim,Level 1 — 5080 — Korea,https://sff2026.mapyourshow.com/8_0/exhibitor/exhibitor-details.cfm?exhid=348882,,https://www.facebook.com/tr,,,,,,,partial,2
Hippocratic essentials P.C.,Greece,Larissa,,Summer Fancy Food Show 2026,https://www.hippocraticessentials.com/,info@hippocraticessentials.com,+306933355779,https://gr.linkedin.com/company/hippocratic-essentials-tm,,Level 3 — 1925 — Greece,https://sff2026.mapyourshow.com/8_0/exhibitor/exhibitor-details.cfm?exhid=336116,,https://www.facebook.com/hippocraticessentials,,,,,,,partial,2
HIT THE TEA,South Korea,Seoul,,Summer Fancy Food Show 2026,https://www.supermatcha.com/,admin@hitthetea.com,+1821020199925,,https://www.instagram.com/supermatcha.official,Level 1 — 4416,https://sff2026.mapyourshow.com/8_0/exhibitor/exhibitor-details.cfm?exhid=344315,,https://www.facebook.com/tr,,,,,,,partial,2
Hive to Table Honey Farms,United States,N Little Rock,,Summer Fancy Food Show 2026,https://hivetotablehoneyfarms.com/,info@hivetotablehoney.com,2292421726,,,Level 1 — 5239,https://sff2026.mapyourshow.com/8_0/exhibitor/exhibitor-details.cfm?exhid=307756,,,,,,,,,partial,2
HMG Trading Inc.,United States,Schaumburg,,Summer Fancy Food Show 2026,https://hmgtr.com/,info@hmgtr.com,+12242667173,,,"Level 3 — 2452 — Confectionery, Snacks and Sweets Pavilion",https://sff2026.mapyourshow.com/8_0/exhibitor/exhibitor-details.cfm?exhid=339819,,,,,,,,,partial,2
HMTO,Egypt,Cairo,,Summer Fancy Food Show 2026,https://www.hmto-hnas.com/,info@hmto-hnas.com,+201050101051,https://www.linkedin.com/company/hmtoforfoodindustries,https://www.instagram.com/hmtosweets,Level 3 — 204 — Egypt,https://sff2026.mapyourshow.com/8_0/exhibitor/exhibitor-details.cfm?exhid=336900,,,,,,,,,partial,2
Hoboken Farms,United States,Clifton,,Summer Fancy Food Show 2026,https://www.hobokenfarms.com,,800-854-4644,,,Level 1 — 5344,https://sff2026.mapyourshow.com/8_0/exhibitor/exhibitor-details.cfm?exhid=179038,,,,,,,,,partial,1
Hoja Group Holding LLC,United States,Melbourne,,Summer Fancy Food Show 2026,https://www.hojalicious.com,sales@hojalicious.com,+15164417442,,https://www.instagram.com/hojalicious,"Level 3 — 2344 — Confectionery, Snacks and Sweets Pavilion",https://sff2026.mapyourshow.com/8_0/exhibitor/exhibitor-details.cfm?exhid=223513,,http://www.facebook.com/2008/fbml,,,,,,,partial,2
HOL Nutrition LLC,United States,New York,,Summer Fancy Food Show 2026,https://www.holhealthclub.com/,hello@holhealthclub.com,+116307959497,https://www.linkedin.com/company/holhealthclub,https://www.instagram.com/holhealthclub,Level 1 — 4514A — Startup CPG,https://sff2026.mapyourshow.com/8_0/exhibitor/exhibitor-details.cfm?exhid=347525,,https://www.facebook.com/people/HOL-Health-Club/61578028852009,,,,,,,partial,2
Holland American Food CO. Inc,United States,Grand Rapids,,Summer Fancy Food Show 2026,http://www.hollandamericanfood.com,,616-531-2012,,,Level 1 — 5247,https://sff2026.mapyourshow.com/8_0/exhibitor/exhibitor-details.cfm?exhid=38978,,,,,,,,,partial,1
Holy Perogy!,Canada,Toronto,,Summer Fancy Food Show 2026,https://holyperogy.com/,hello@holyperogy.com,(416) 661-9600,,https://www.instagram.com/holyperogyusa,Level 1 — 5145 — Canada,https://sff2026.mapyourshow.com/8_0/exhibitor/exhibitor-details.cfm?exhid=314730,,https://www.facebook.com/holyperogyus,,,,,,,partial,2
Honey Department LLC,United States,New York,,Summer Fancy Food Show 2026,https://honeydepartment.org/,,(315) 559-7509,,,Level 1 — 4613B — Startup CPG,https://sff2026.mapyourshow.com/8_0/exhibitor/exhibitor-details.cfm?exhid=347681,,,,,,,,,partial,1
Honey Mouth LLC,United States,West Chester,,Summer Fancy Food Show 2026,https://www.honeymouth.co,,+12158728604,,,River Pavilion — 7216 — Debut District,https://sff2026.mapyourshow.com/8_0/exhibitor/exhibitor-details.cfm?exhid=344115,,,,,,,,,partial,1
HONG KONG MAN YUEN TRADING LIMITED,Hong Kong,Wan Chai,,Summer Fancy Food Show 2026,https://www.antrilea.com/,,00852-96877559,,,Level 3 — 3349,https://sff2026.mapyourshow.com/8_0/exhibitor/exhibitor-details.cfm?exhid=347674,,,,,,,,,partial,1
"Honma Co., Ltd",Japan,Sapporo-shi,,Summer Fancy Food Show 2026,https://www.e-honma.co.jp/,,+81-0011-851-1264,,,Level 3 — 406 — Japan,https://sff2026.mapyourshow.com/8_0/exhibitor/exhibitor-details.cfm?exhid=317572,,,,,,,,,partial,1
Hook & Arrow,United States,Branford,,Summer Fancy Food Show 2026,https://www.hookandarrow.co/,,+12034332320,,,River Pavilion — 7113A — Debut District,https://sff2026.mapyourshow.com/8_0/exhibitor/exhibitor-details.cfm?exhid=318518,,,,,,,,,partial,1
"Hosan Co., Ltd.",South Korea,Icheon-si,,Summer Fancy Food Show 2026,https://www.koreanproducts.net/,hosting@gabia.com,02-564-9941,,,Level 3 — 629 — Korea,https://sff2026.mapyourshow.com/8_0/exhibitor/exhibitor-details.cfm?exhid=335873,,,,,,,,,partial,2
Hotel Starlino Maraschino Cherries,United States,Louisville,,Summer Fancy Food Show 2026,https://www.starlinocherries.com/,,(502) 377-5595,,,Level 3 — 473 — Deli Pavilion,https://sff2026.mapyourshow.com/8_0/exhibitor/exhibitor-details.cfm?exhid=341481,,,,,,,,,partial,1
HOTI HIMALAYAN SALT PVT LTD,Pakistan,islamabad,,Summer Fancy Food Show 2026,https://hotisalt.com/,info@hotisalt.com,+923225000044,https://www.linkedin.com/company/hoti-himalayan-salt-pvt-ltd,https://www.instagram.com/hotisalt,Level 1 — 6014,https://sff2026.mapyourshow.com/8_0/exhibitor/exhibitor-details.cfm?exhid=338126,,https://www.facebook.com/hotisalt,,,,,,,partial,2
"House of Ruhieh, LLC",United States,San Clemente,,Summer Fancy Food Show 2026,https://www.eatdaramel.com/,,+19495107999,,,River Pavilion — 7121B — Debut District,https://sff2026.mapyourshow.com/8_0/exhibitor/exhibitor-details.cfm?exhid=347448,,,,,,,,,partial,1
House of Spices (India) Inc.,United States,New Hyde Park,,Summer Fancy Food Show 2026,https://www.houseofspicesindia.com,,+17185074600,,,Level 3 — 2158,https://sff2026.mapyourshow.com/8_0/exhibitor/exhibitor-details.cfm?exhid=3744,,,,,,,,,partial,1
Hudson Kitchen,United States,Kearny,,Summer Fancy Food Show 2026,https://www.thehudsonkitchen.com/,hello@thehudsonkitchen.com,646-319-5137,https://www.linkedin.com/company/hudson-kitchen,http://instagram.com/thehudsonkitchen,River Pavilion — 7121A — Debut District,https://sff2026.mapyourshow.com/8_0/exhibitor/exhibitor-details.cfm?exhid=308361,,http://www.facebook.com/2008/fbml,,,,,,,partial,2
"Hudson Pecan Co., Inc",United States,Ocilla,,Summer Fancy Food Show 2026,https://www.hudsonpecan.com/,,229-468-9473,,,Level 1 — 6407 — Georgia,https://sff2026.mapyourshow.com/8_0/exhibitor/exhibitor-details.cfm?exhid=301159,,,,,,,,,partial,1
Hudson Valley Farms,United States,Ferndale,,Summer Fancy Food Show 2026,http://www.hudsonvalleyfoiegras.com,,516-457-0076,,,Level 3 — 2150,https://sff2026.mapyourshow.com/8_0/exhibitor/exhibitor-details.cfm?exhid=41959,,,,,,,,,partial,1
Hundredweight LLC,United States,woodside,,Summer Fancy Food Show 2026,https://www.hundredweightice.com,,+15189560723,,,Level 1 — 5645,https://sff2026.mapyourshow.com/8_0/exhibitor/exhibitor-details.cfm?exhid=348628,,,,,,,,,partial,1
Hussam subhi amin &Partners ( jawhart alsharq),Jordan,Irbid,,Summer Fancy Food Show 2026,https://jawhart-alsharq.com/,,798005000,,https://www.instagram.com/jawharat_sharq,Level 3 — 1425,https://sff2026.mapyourshow.com/8_0/exhibitor/exhibitor-details.cfm?exhid=343073,,https://www.facebook.com/jawharatalsharq,,,,,,,partial,1
Hwangsooyun Traditional foods,South Korea,Jeonbuk-do,,Summer Fancy Food Show 2026,https://4namme.com/,4nammemiso@naver.com,+82 010-2449-220,,https://www.instagram.com,Level 3 — 502 — Korea,https://sff2026.mapyourshow.com/8_0/exhibitor/exhibitor-details.cfm?exhid=348627,,https://www.facebook.com/profile.php,,,,,,,partial,2
Iberia Food LLC,Georgia,Mtskheta,,Summer Fancy Food Show 2026,https://iberiafood.ge/,info@iberiafood.ge,995598333655,,,Level 3 — 2413 — Georgia,https://sff2026.mapyourshow.com/8_0/exhibitor/exhibitor-details.cfm?exhid=348149,,,,,,,,,partial,2
IBERICOS FISAN,Spain,"GUIJUELO, SALAMANCA",,Summer Fancy Food Show 2026,https://www.fisan.com,fisan@fisan.es,(+34)617362283,https://www.linkedin.com/company/ibericos-fisan,https://www.instagram.com/ibericosfisan,Level 1 — 5384 — Spain,https://sff2026.mapyourshow.com/8_0/exhibitor/exhibitor-details.cfm?exhid=315012,,http://www.facebook.com/IbericosFisan,,,,,,,partial,2
"ID Foodlab Co., Ltd.",South Korea,Seoul,,Summer Fancy Food Show 2026,https://www.idfoodlab.com/,info@idrnd.com,0082-2-812-7123,,,Level 1 — 4113,https://sff2026.mapyourshow.com/8_0/exhibitor/exhibitor-details.cfm?exhid=347479,,,,,,,,,partial,2
ID Images/Shelf2Cart,United States,Brunswick,,Summer Fancy Food Show 2026,https://www.idimages.com/,,330-220-7300,https://www.linkedin.com/company/id-images-llc,https://www.instagram.com/i.d.images,Level 1 — 5924,https://sff2026.mapyourshow.com/8_0/exhibitor/exhibitor-details.cfm?exhid=314589,,https://www.facebook.com/pages/ID-Images-LLC/269663826453270,,,,,,,partial,1
Idaho Milk Products,United States,Jerome,,Summer Fancy Food Show 2026,https://www.idahomilkproducts.com/,sales@idahomilk.us,2089616802,https://www.linkedin.com/company/idaho-milk-products,https://www.instagram.com/idahomilkproducts,Level 3 — 1058,https://sff2026.mapyourshow.com/8_0/exhibitor/exhibitor-details.cfm?exhid=307863,,https://www.facebook.com/idahomilkproducts,,,,,,,partial,2
IDB SRL,Italy,Badia Polesine,,Summer Fancy Food Show 2026,https://idbgroup.it/,,+39 0425 596211,,,Level 3 — 3113 — Italy,https://sff2026.mapyourshow.com/8_0/exhibitor/exhibitor-details.cfm?exhid=314725,,,,,,,,,partial,1
IDILIA FOODS CORPORATION,United States,Coral Gables,,Summer Fancy Food Show 2026,https://www.idiliafoods.com/,,(786) 935-6629,https://www.linkedin.com/company/idilia-foods,,"Level 3 — 2548 — Confectionery, Snacks and Sweets Pavilion",https://sff2026.mapyourshow.com/8_0/exhibitor/exhibitor-details.cfm?exhid=317552,,,,,,,,,partial,1
IDM Südtirol - Alto Adige,Italy,Bolzano,,Summer Fancy Food Show 2026,https://www.idm-suedtirol.com/,info@idm-suedtirol.com,+390471094000,https://www.linkedin.com/company/18166950,https://www.instagram.com/idm.suedtirol.altoadige,Level 3 — 2911 — Italy,https://sff2026.mapyourshow.com/8_0/exhibitor/exhibitor-details.cfm?exhid=323577,,https://www.facebook.com/IDM.Suedtirol.AltoAdige/posts/pfbid0PVPDkLp8Av23YaFw7P6ey2vQM7tgdxM99snpEyaCnhc1eSxZqUEjttcyaEdEvmXml,,,,,,,partial,2
IDS BORJOMI,Georgia,Tblisi,,Summer Fancy Food Show 2026,https://borjomi.com/,,79264557419,,https://www.instagram.com/borjomi_global,Level 3 — 2403 — Georgia,https://sff2026.mapyourshow.com/8_0/exhibitor/exhibitor-details.cfm?exhid=329482,,https://www.facebook.com/BorjomiGlobal,,,,,,,partial,1
Iftekhar Ahmed & Co,Pakistan,Karachi,,Summer Fancy Food Show 2026,https://iac-fruit.com/,info@iac-fruit.com,+92 321 8272772,https://www.linkedin.com/company/iftekhar-ahmed-,https://www.instagram.com/iacfruitnation,Level 1 — 5622 — Beverage Pavilion,https://sff2026.mapyourshow.com/8_0/exhibitor/exhibitor-details.cfm?exhid=338003,,https://www.facebook.com/IftekharAhmedCo,,,,,,,partial,2
"IGAGOE Co.,Ltd",Japan,Iga-shi,,Summer Fancy Food Show 2026,https://igagoe.co.jp,,+81-595-22-0252,,,Level 3 — 428 — Japan,https://sff2026.mapyourshow.com/8_0/exhibitor/exhibitor-details.cfm?exhid=314689,,,,,,,,,partial,1
IGM Holdings Inc,United States,BROOKLYN,,Summer Fancy Food Show 2026,http://www.justjuicedtt.com,info@justjuicedtt.com,https://wa.me/message/2YFWMZB7IFPUJ1,,,Level 1 — 6247B,https://sff2026.mapyourshow.com/8_0/exhibitor/exhibitor-details.cfm?exhid=347478,,https://www.facebook.com/juicejuicednatralfreshjuices,,,,,,,partial,2
Igoeti LLC,Georgia,Kaspi,,Summer Fancy Food Show 2026,https://igoetispices.ge/,,995599082224,,https://www.instagram.com/spicesigoeti,Level 3 — 2308 — Georgia,https://sff2026.mapyourshow.com/8_0/exhibitor/exhibitor-details.cfm?exhid=335527,,https://www.facebook.com/profile.php,,,,,,,partial,1
Il Bagolaro SSA,Italy,Nerola,,Summer Fancy Food Show 2026,http://www.olio.perlavita.it,,+39 3459781967,,,Level 3 — 3123 — Italy,https://sff2026.mapyourshow.com/8_0/exhibitor/exhibitor-details.cfm?exhid=342383,,,,,,,,,partial,1
IL MONDO DI LAURA SRL,Italy,Roma,,Summer Fancy Food Show 2026,http://mondodilaura.com,info@mondodilaura.com,+39065880966,,https://www.instagram.com/biscottificio_mondodilaura,Level 3 — 3022 — Italy,https://sff2026.mapyourshow.com/8_0/exhibitor/exhibitor-details.cfm?exhid=348526,,http://www.facebook.com/2008/fbml,,,,,,,partial,2
Il Mulino New York,United States,New York,,Summer Fancy Food Show 2026,https://www.imny.com,,917-647-2845,,https://www.instagram.com/ilmulinonyc,Level 1 — 6113 — NewYork,https://sff2026.mapyourshow.com/8_0/exhibitor/exhibitor-details.cfm?exhid=318010,,https://www.facebook.com/Il-Mulino-Restaurants-110302014956093,,,,,,,partial,1
Il Pastaio Spa,Italy,Berlingo,,Summer Fancy Food Show 2026,https://www.ilpastaiobs.it,info@ilpastaiobs.it,+39030611858,,,Level 3 — 2906 — Italy,https://sff2026.mapyourshow.com/8_0/exhibitor/exhibitor-details.cfm?exhid=317453,,,,,,,,,partial,2
Il Tartufo di Paolo,Italy,Spello,,Summer Fancy Food Show 2026,https://www.iltartufodipaolo.com,info@iltartufodipaolo.com,393486425098,,,Level 1 — 4955 — Italy,https://sff2026.mapyourshow.com/8_0/exhibitor/exhibitor-details.cfm?exhid=348488,,,,,,,,,partial,2
"ILMI Food CO., LTD.",South Korea,Sejong,,Summer Fancy Food Show 2026,https://www.ilmi-food.com/,ilmi@ilmi-food.com,82+10-7367-1006,,,Level 3 — 248,https://sff2026.mapyourshow.com/8_0/exhibitor/exhibitor-details.cfm?exhid=343685,,,,,,,,,partial,2
India Trade Promotion Organisation (ITPO),India,New Dehli,,Summer Fancy Food Show 2026,http://www.indiatradefair.com,,+91 11 2337 1322,,,Level 1 — 4732 — India,https://sff2026.mapyourshow.com/8_0/exhibitor/exhibitor-details.cfm?exhid=4511,,,,,,,,,partial,1
"India Tree, Inc.",United States,Seattle,,Summer Fancy Food Show 2026,http://www.indiatree.com,orders@indiatree.com,+12062700293,,https://www.instagram.com/indiatree,Level 1 — 5446,https://sff2026.mapyourshow.com/8_0/exhibitor/exhibitor-details.cfm?exhid=2182,,https://www.facebook.com/IndiaTreeGourmet,,,,,,,partial,2
Indochina Rice Mill Limited,Cambodia,Kampong Chhnang,,Summer Fancy Food Show 2026,http://rice.com.kh,info@rice.com.kh,+85589 577 666,,,Level 1 — 3521 — Cambodia,https://sff2026.mapyourshow.com/8_0/exhibitor/exhibitor-details.cfm?exhid=348306,,https://www.facebook.com/Rice-U-1224530094237639,,,,,,,partial,2
Industria Dolciaria Quaranta s.r.l,Italy,Caravaggio,,Summer Fancy Food Show 2026,https://www.quaranta.it,info@quaranta.it,0039036353897,https://www.linkedin.com/company/industria-dolciaria-quaranta-srl/mycompany,https://www.instagram.com/industriadolciariaquaranta,Level 3 — 3202 — Italy,https://sff2026.mapyourshow.com/8_0/exhibitor/exhibitor-details.cfm?exhid=315118,,,,,,,,,partial,2
"Ines Rosales USA, LLC",United States,Arlington,,Summer Fancy Food Show 2026,https://inesrosales.com/,telefono30@inesrosales.com,844-354-7872 (2),,https://www.instagram.com/inesrosalessau,Level 3 — 669 — ACS Pavilion,https://sff2026.mapyourshow.com/8_0/exhibitor/exhibitor-details.cfm?exhid=123276,,https://www.facebook.com/inesrosalessau,,,,,,,partial,2
Infin8 Brands USA LLC.,United States,Cranford,,Summer Fancy Food Show 2026,https://www.infin8brands.com,,+19056044066,,,Level 1 — 3811,https://sff2026.mapyourshow.com/8_0/exhibitor/exhibitor-details.cfm?exhid=302632,,,,,,,,,partial,1
Instituto para la Competitividad Empresarial de Castilla y León,Spain,"Arroyo de la encomienda, Valladolid",,Summer Fancy Food Show 2026,http://www.ade.jcyl.es,,983 32 41 64 (0034),,,Level 1 — 5376 — Spain,https://sff2026.mapyourshow.com/8_0/exhibitor/exhibitor-details.cfm?exhid=211530,,,,,,,,,partial,1
Inter Europol S.A.,Poland,Marki,,Summer Fancy Food Show 2026,https://www.intereuropol.pl/,zamowienia@intereuropol.pl,0664770139,,,Level 3 — 641 — Deli Pavilion,https://sff2026.mapyourshow.com/8_0/exhibitor/exhibitor-details.cfm?exhid=336229,,https://www.facebook.com/tr,,,,,,,partial,2
Intercomm Foods Sa,Greece,Larissa,,Summer Fancy Food Show 2026,https://www.intercomm.gr,infosec@intercomm.gr,30 2410575092,,,Level 3 — 1919 — Greece,https://sff2026.mapyourshow.com/8_0/exhibitor/exhibitor-details.cfm?exhid=315505,,,,,,,,,partial,2
International Delicacies Inc,United States,Richmond,,Summer Fancy Food Show 2026,http://www.cucinaandamore.com,,510-669-2444,,,"Level 3 — 2237 — Confectionery, Snacks and Sweets Pavilion",https://sff2026.mapyourshow.com/8_0/exhibitor/exhibitor-details.cfm?exhid=3924,,,,,,,,,partial,1
International Spice,United States,Lakewood,,Summer Fancy Food Show 2026,http://intspice.com,sales@intspice.com,609-838-1717 (206),,https://www.instagram.com/international.spice,Level 1 — 6317 — New Jersey,https://sff2026.mapyourshow.com/8_0/exhibitor/exhibitor-details.cfm?exhid=246319,,,,,,,,,partial,2
InterSource Inc.,United States,Rockaway,,Summer Fancy Food Show 2026,http://inter-sourceinc.com,sales@inter-sourceinc.com,973-543-3132,,https://www.instagram.com/intersourcecheese,Level 3 — 647 — Deli Pavilion,https://sff2026.mapyourshow.com/8_0/exhibitor/exhibitor-details.cfm?exhid=112492,,https://www.facebook.com/InterSourceCheese,,,,,,,partial,2
INTERVAL,France,Trappes,,Summer Fancy Food Show 2026,http://www.intervalexport.com,contact@intervalexport.com,+33134890602,https://www.linkedin.com/company/intervalexport,https://www.instagram.com/cheeseinterval,Level 3 — 829 — France,https://sff2026.mapyourshow.com/8_0/exhibitor/exhibitor-details.cfm?exhid=37693,,https://www.facebook.com/intervalcheese,,,,,,,partial,2
"IOS Naturals, LLC",United States,ORANGE CITY,,Summer Fancy Food Show 2026,http://www.iosorganic.com,,973-922-3323,,https://www.instagram.com,Level 1 — 5722 — Beverage Pavilion,https://sff2026.mapyourshow.com/8_0/exhibitor/exhibitor-details.cfm?exhid=301112,,https://www.facebook.com,,,,,,,partial,1
Irie Brew Kombucha,United States,JERSEY CITY,,Summer Fancy Food Show 2026,https://iriebrewkombucha.com/,,+115187039893,,,River Pavilion — 7123A — Debut District,https://sff2026.mapyourshow.com/8_0/exhibitor/exhibitor-details.cfm?exhid=347547,,,,,,,,,partial,1
Isigny Sainte Mere,France,ISIGNY SAINTE-MERE,,Summer Fancy Food Show 2026,https://www.isigny-ste-mere.com/,legal@isysme.com,231513333,https://fr.linkedin.com/company/isigny-ste-m-re,https://www.instagram.com/isignystemere,Level 3 — 921 — France,https://sff2026.mapyourshow.com/8_0/exhibitor/exhibitor-details.cfm?exhid=317388,,https://www.facebook.com/Cooperative.Isigny.Ste.Mere,,,,,,,partial,2
iSpice Foods LLC,United States,Cortland,,Summer Fancy Food Show 2026,https://www.ispicefoods.com/,,5145056015,,,Level 3 — 158,https://sff2026.mapyourshow.com/8_0/exhibitor/exhibitor-details.cfm?exhid=343474,,,,,,,,,partial,1
IST CANDY MANUFACTURER SDN. BHD,Malaysia,MELAKA,,Summer Fancy Food Show 2026,https://www.ckqfood.com/,info@ckqfood.com,https://api.whatsapp.com/send?phone=+86-13534848988&text=Hello,,,"Level 3 — 2252 — Confectionery, Snacks and Sweets Pavilion",https://sff2026.mapyourshow.com/8_0/exhibitor/exhibitor-details.cfm?exhid=346477,,,,,,,,,partial,2
ISTANBUL CEREALS PULSES OIL SEEDS AND PRODUCTS EXPORTERS’ ASSOCIATION,Turkey,İSTANBUL,,Summer Fancy Food Show 2026,https://ihbir.org.tr/,,0 212 454 05 00,,,Level 1 — 4864 — Turkey,https://sff2026.mapyourshow.com/8_0/exhibitor/exhibitor-details.cfm?exhid=342111,,,,,,,,,partial,1
Italcaffè S.p.A.,Italy,Ceparana,,Summer Fancy Food Show 2026,http://www.italcaffe.it,info@italcaffe.it,390187933711,https://www.linkedin.com/company/italcaffe-s-p-a,https://www.instagram.com/italcaffe_official,Level 1 — 4938A — Italy,https://sff2026.mapyourshow.com/8_0/exhibitor/exhibitor-details.cfm?exhid=348496,,https://www.facebook.com/italcaffe,,,,,,,partial,2
"ITALIAN FOOD DELIGHT, LLC",United States,MANCHESTER,,Summer Fancy Food Show 2026,https://italianfooddelight.com/,info@italianfooddelight.com,9082670267,,,Level 3 — 2568,https://sff2026.mapyourshow.com/8_0/exhibitor/exhibitor-details.cfm?exhid=341684,,,,,,,,,partial,2
Italian Products & Beyond,United States,Warren,,Summer Fancy Food Show 2026,http://www.italianproducts.com,,201-770-9130,,https://www.instagram.com/italianproductsandbeyond,Level 3 — 1957,https://sff2026.mapyourshow.com/8_0/exhibitor/exhibitor-details.cfm?exhid=100085,,https://www.facebook.com/italianproductsandbeyond,,,,,,,partial,1
ITALIAN TRADE COMMISSION,United States,New York,,Summer Fancy Food Show 2026,https://www.ice.it,,+12129801500,https://www.linkedin.com/company/itaitaliantradeagency,https://www.instagram.com/itatradeagency,Level 3 — 2704 — Italy,https://sff2026.mapyourshow.com/8_0/exhibitor/exhibitor-details.cfm?exhid=4346,,,,,,,,,partial,1
Italy Oils - Oleificio dal 1920 srl,Italy,Formia,,Summer Fancy Food Show 2026,http://www.italyoils.com,,+39 3335203629,,,Level 3 — 3127 — Italy,https://sff2026.mapyourshow.com/8_0/exhibitor/exhibitor-details.cfm?exhid=342370,,,,,,,,,partial,1
Ithaca Milk,United States,Interlaken,,Summer Fancy Food Show 2026,https://www.ithacamilk.com,info@ithacamilk.com,+16075326455,https://www.linkedin.com/company/ithacamilk,https://www.instagram.com/therealithacamilk,Level 1 — 6116A,https://sff2026.mapyourshow.com/8_0/exhibitor/exhibitor-details.cfm?exhid=348018,,https://www.facebook.com/ithacamilk,,,,,,,partial,2
ITO EN (North America) INC.,United States,Irving,,Summer Fancy Food Show 2026,http://www.itoen.com/,,(718)250-4000,,,Level 1 — 5508 — Beverage Pavilion,https://sff2026.mapyourshow.com/8_0/exhibitor/exhibitor-details.cfm?exhid=28290,,,,,,,,,partial,1
Ivy's Gourmet,United States,Stratford,,Summer Fancy Food Show 2026,https://www.ivysgourmet.com/,,+12035155010,,,"Level 3 — 2557 — Confectionery, Snacks and Sweets Pavilion",https://sff2026.mapyourshow.com/8_0/exhibitor/exhibitor-details.cfm?exhid=342948,,,,,,,,,partial,1
"IWAI SESAME OIL CO., LTD.",Japan,Yokohama-shi,,Summer Fancy Food Show 2026,https://www.iwainogomaabura.co.jp/,,+81-45-441-2033,,https://www.instagram.com/iwai_sesameoil,Level 3 — 408 — Japan,https://sff2026.mapyourshow.com/8_0/exhibitor/exhibitor-details.cfm?exhid=341781,,,,,,,,,partial,1
Ixora Food LLC,United States,Anchorage,,Summer Fancy Food Show 2026,http://www.ixorafood.com,jia@ixorafood.com,907-350-5501,,http://instagram.com/ixorafoodllc,Level 3 — 2364,https://sff2026.mapyourshow.com/8_0/exhibitor/exhibitor-details.cfm?exhid=334396,,http://www.facebook.com/2008/fbml,,,,,,,partial,2
J.W. Raye & Co Inc.,United States,Eastport,,Summer Fancy Food Show 2026,http://www.rayesmustard.com,,2078534451,,,Level 1 — 4306 — Emerge CPG,https://sff2026.mapyourshow.com/8_0/exhibitor/exhibitor-details.cfm?exhid=27915,,,,,,,,,partial,1
Jabin LLC,United States,Raleigh,,Summer Fancy Food Show 2026,https://drinkjabin.com,,+19199096075,,,Level 1 — 6221 — SUSTA,https://sff2026.mapyourshow.com/8_0/exhibitor/exhibitor-details.cfm?exhid=348536,,,,,,,,,partial,1
"Jack's Alimentary Supply, Inc. (JASI)",United States,Lowell,,Summer Fancy Food Show 2026,https://jasifoodsupply.com/,info@jasifoodsupply.com,978-902-5310,,,Level 1 — 6312 — Massachusetts,https://sff2026.mapyourshow.com/8_0/exhibitor/exhibitor-details.cfm?exhid=301258,,,,,,,,,partial,2
Jack's Dad's Hummus,United States,Long Island City,,Summer Fancy Food Show 2026,https://www.jacksdadshummus.com/,,+12032490683,,,River Pavilion — 7023B — Debut District,https://sff2026.mapyourshow.com/8_0/exhibitor/exhibitor-details.cfm?exhid=317401,,,,,,,,,partial,1
Jacquet Brossard,France,PARIS CEDEX 14,,Summer Fancy Food Show 2026,https://www.jacquetbrossard.com,service.consommateurs@jacquetbrossard.com,+33 (0)1 83 61 63 00,https://www.linkedin.com/company/jacquet-brossard,,"Level 3 — 2354 — Confectionery, Snacks and Sweets Pavilion",https://sff2026.mapyourshow.com/8_0/exhibitor/exhibitor-details.cfm?exhid=201128,,,,,,,,,partial,2
Jam Packed Jams LLC,United States,Edina,,Summer Fancy Food Show 2026,https://www.jampackdjams.com/,,9179218141,,,Level 1 — 4521B,https://sff2026.mapyourshow.com/8_0/exhibitor/exhibitor-details.cfm?exhid=347909,,,,,,,,,partial,1
JAMBAR,United States,San Rafael,,Summer Fancy Food Show 2026,https://jambar.com,,877-526-2279,,,Level 3 — 975,https://sff2026.mapyourshow.com/8_0/exhibitor/exhibitor-details.cfm?exhid=314445,,,,,,,,,partial,1
Jamie's Farm,United States,New York,,Summer Fancy Food Show 2026,https://www.jamies-farm.com,,856-367-1454,,,Level 1 — 6147B — Brooklyn,https://sff2026.mapyourshow.com/8_0/exhibitor/exhibitor-details.cfm?exhid=244288,,,,,,,,,partial,1
Jamones Aljomar S. A.,Spain,"Guijuelo, Salamanca",,Summer Fancy Food Show 2026,http://www.aljomar.com,,34 923 580 190,,,Level 3 — 1451,https://sff2026.mapyourshow.com/8_0/exhibitor/exhibitor-details.cfm?exhid=124061,,,,,,,,,partial,1
Jamones Ibéricos Blázquez,Spain,Madrid,,Summer Fancy Food Show 2026,https://www.jamonesblazquez.com,ventaonline@grupo-blazquez.com,+34 923215528,https://www.linkedin.com/company/blazquez,https://www.instagram.com/jamonblazquez,Level 3 — 1573,https://sff2026.mapyourshow.com/8_0/exhibitor/exhibitor-details.cfm?exhid=314998,,https://www.facebook.com/JamonBlazquez,,,,,,,partial,2
Janet's Finest Compotes,United States,Woodbury,,Summer Fancy Food Show 2026,https://www.janetsfinest.com,,866-266-7683,,,Level 3 — 667 — ACS Pavilion,https://sff2026.mapyourshow.com/8_0/exhibitor/exhibitor-details.cfm?exhid=304743,,,,,,,,,partial,1
Jannis S.a.,Greece,Kilkis,,Summer Fancy Food Show 2026,https://www.jannis.gr/,HAZELNUT2@2x.png,00302341075610,,https://www.instagram.com/jannis_pastelia,Level 3 — 2032B — Greece,https://sff2026.mapyourshow.com/8_0/exhibitor/exhibitor-details.cfm?exhid=315491,,https://www.facebook.com/tr,,,,,,,partial,2
Japan External Trade Organization (JETRO) New York,United States,New York,,Summer Fancy Food Show 2026,https://www.jetro.go.jp/,,+12129970400,https://www.linkedin.com/company/13316587/admin/page-posts/published,,Level 3 — 401 — Japan,https://sff2026.mapyourshow.com/8_0/exhibitor/exhibitor-details.cfm?exhid=102983,,https://www.facebook.com/jetro.info,,,,,,,partial,1
Japan Gold USA,United States,Poway,,Summer Fancy Food Show 2026,http://www.japangoldusa.com,sales@japangoldusa.com,8584861707,,https://instagram.com/squarespace,Level 3 — 1347,https://sff2026.mapyourshow.com/8_0/exhibitor/exhibitor-details.cfm?exhid=100717,,http://www.facebook.com/2008/fbml,,,,,,,partial,2
"Jardin Co., Ltd.",South Korea,SEOUL,,Summer Fancy Food Show 2026,http://jardin.co.kr/,,+82-2-6226-3886,,,Level 3 — 524 — Korea,https://sff2026.mapyourshow.com/8_0/exhibitor/exhibitor-details.cfm?exhid=348395,,,,,,,,,partial,1
Jaydobo,United States,Hebron,,Summer Fancy Food Show 2026,https://jaydobo.com/,,+17018700037,,,Level 1 — 6342,https://sff2026.mapyourshow.com/8_0/exhibitor/exhibitor-details.cfm?exhid=342213,,,,,,,,,partial,1
JBS,Brazil,SÃO PAULO,,Summer Fancy Food Show 2026,https://jbsglobal.com,,+55 11 96331-9240,,,Level 3 — 225A — Brazil,https://sff2026.mapyourshow.com/8_0/exhibitor/exhibitor-details.cfm?exhid=348831,,,,,,,,,partial,1
JBT Marel Corporation,United States,Lakeland,,Summer Fancy Food Show 2026,https://www.jbtmarel.com,,+118048222158,https://www.linkedin.com/company/jbtmarel,,Level 3 — 383,https://sff2026.mapyourshow.com/8_0/exhibitor/exhibitor-details.cfm?exhid=347507,,https://www.facebook.com/JBTMarel,,,,,,,partial,1
Jesse Jams,United States,Santa Monica,,Summer Fancy Food Show 2026,http://jessejams.us,,+19545911490,,,River Pavilion — 7000A-M — SFA Spark Pavilion,https://sff2026.mapyourshow.com/8_0/exhibitor/exhibitor-details.cfm?exhid=348835,,,,,,,,,partial,1
JFC International Inc.,United States,Los Angeles,,Summer Fancy Food Show 2026,http://www.jfc.com,,323 887 5283,,https://www.instagram.com/jfcinternational,Level 3 — 1764,https://sff2026.mapyourshow.com/8_0/exhibitor/exhibitor-details.cfm?exhid=37058,,https://www.facebook.com/tr,,,,,,,partial,1
"JIAXING NEWWAY INTERNATIONAL EXHIBITION CO., LTD.",China,Jiaxing,,Summer Fancy Food Show 2026,https://www.xilongglass.com/,Chenzhenqi@xilong-glass.com,https://api.whatsapp.com/send?phone=8618321137362,,,Level 1 — 3714,https://sff2026.mapyourshow.com/8_0/exhibitor/exhibitor-details.cfm?exhid=347410,,,,,,,,,partial,2
Jindilli,United States,Chicago,,Summer Fancy Food Show 2026,https://www.jindillifarms.com/,,+16308282998,,,River Pavilion — 7232 — Debut District,https://sff2026.mapyourshow.com/8_0/exhibitor/exhibitor-details.cfm?exhid=307601,,,,,,,,,partial,1
Jiro Group,United States,Brooklyn,,Summer Fancy Food Show 2026,https://www.jittogroup.com/,jittogroup@yahoo.com,+17182307888,,,Level 1 — 5119,https://sff2026.mapyourshow.com/8_0/exhibitor/exhibitor-details.cfm?exhid=343483,,,,,,,,,partial,1
JJ Trading Inc,United States,Manassas Plark,,Summer Fancy Food Show 2026,https://jjtradinginc.net/,,5715357193,,,Level 3 — 3077,https://sff2026.mapyourshow.com/8_0/exhibitor/exhibitor-details.cfm?exhid=344297,,,,,,,,,partial,1
JK GLOBAL INC.,South Korea,Chungcheongbuk-do,,Summer Fancy Food Show 2026,http://www.jkginc.co.kr/,jkg@jkginc.net,+82-2-3012-8442,,,Level 3 — 501 — Korea,https://sff2026.mapyourshow.com/8_0/exhibitor/exhibitor-details.cfm?exhid=348465,,,,,,,,,partial,2
"JKL Specialty Foods, Inc.",United States,Stamford,,Summer Fancy Food Show 2026,http://www.asianmenusauces.com,,+12035413990,,,Level 1 — 5022,https://sff2026.mapyourshow.com/8_0/exhibitor/exhibitor-details.cfm?exhid=29456,,,,,,,,,partial,1
Jodl Verpackungen GmbH,Austria,Lenzing,,Summer Fancy Food Show 2026,https://www.jodl.at/,office@jodl.at,+ 43 6648173476,https://www.linkedin.com/company/jodl-verpackungen,https://www.instagram.com/jodl_verpackungen,Level 3 — 1255,https://sff2026.mapyourshow.com/8_0/exhibitor/exhibitor-details.cfm?exhid=343820,,https://www.facebook.com/JodlVerpackungen,,,,,,,partial,2
Joe Tea & Joe Chips,United States,Upper Montclair,,Summer Fancy Food Show 2026,http://www.joetea.com,,973-744-7502,,,Level 1 — 5610 — Beverage Pavilion,https://sff2026.mapyourshow.com/8_0/exhibitor/exhibitor-details.cfm?exhid=105852,,,,,,,,,partial,1
"JOEUN FOOD TECH CO., LTD.",South Korea,Chungcheongnam-Do,,Summer Fancy Food Show 2026,http://joeunfd.com/,,+82-70-4831-6116,,,Level 3 — 526 — Korea,https://sff2026.mapyourshow.com/8_0/exhibitor/exhibitor-details.cfm?exhid=348391,,,,,,,,,partial,1
Joey Nordic Kitchen Corp,Canada,Bloomfield,,Summer Fancy Food Show 2026,https://www.leoanddragon.com,joseph@leoanddragon.com,4167372731,https://www.linkedin.com/company/leo-dragon,,Level 1 — 4518A — Startup CPG,https://sff2026.mapyourshow.com/8_0/exhibitor/exhibitor-details.cfm?exhid=343136,,,,,,,,,partial,2
Joon Pistachios,United States,Los Angeles,,Summer Fancy Food Show 2026,https://eatjoonfoods.com/,,+19143646920,,,Level 1 — 4616,https://sff2026.mapyourshow.com/8_0/exhibitor/exhibitor-details.cfm?exhid=343813,,,,,,,,,partial,1
Jordan Exporters Association,Jordan,Amman,,Summer Fancy Food Show 2026,http://www.jordanexporters.org/,info@jordanexporters.org,+96 265 685 603,https://www.linkedin.com/company/jordan-exporters-association-jea/posts,https://www.instagram.com/jordanexporters,Level 3 — 1318 — Jordan,https://sff2026.mapyourshow.com/8_0/exhibitor/exhibitor-details.cfm?exhid=178332,,https://web.facebook.com/JordanExportersAssociationjea,,,,,,,partial,2
Jordan Valley Food al Bayrouty,Jordan,Amman,,Summer Fancy Food Show 2026,https://www.albayrouty.com/,info@albayrouty.com,962796385003,,https://www.instagram.com/al_bayrouty,Level 3 — 1328 — Jordan,https://sff2026.mapyourshow.com/8_0/exhibitor/exhibitor-details.cfm?exhid=337768,,https://facebook.com/albayrouty.jo,,,,,,,partial,2
"Josephine's Baking Company, LLC",United States,Quincy,,Summer Fancy Food Show 2026,https://josephinesbakingco.com,,617-676-5647,,,Level 1 — 4826A — Naturally Network,https://sff2026.mapyourshow.com/8_0/exhibitor/exhibitor-details.cfm?exhid=334838,,,,,,,,,partial,1
Joyfull Bakery,United States,South San Francisco,,Summer Fancy Food Show 2026,https://www.joyfullbakery.com/,user@domain.com,+16509528889,https://www.linkedin.com/company/joyfullbakery,http://instagram.com/joyfullbakery,Level 3 — 646 — Deli Pavilion,https://sff2026.mapyourshow.com/8_0/exhibitor/exhibitor-details.cfm?exhid=133142,,http://www.facebook.com/2008/fbml,,,,,,,partial,2
JSC Telavi Wine Cellar,Georgia,Telavi,,Summer Fancy Food Show 2026,https://marani.ge,marani@marani.ge,995577410020,,https://www.instagram.com/marani_wines,Level 3 — 2409 — Georgia,https://sff2026.mapyourshow.com/8_0/exhibitor/exhibitor-details.cfm?exhid=348216,,https://www.facebook.com/tr,,,,,,,partial,2
JT SNACK LLC,United States,Rancho Cucamonga,,Summer Fancy Food Show 2026,https://www.jixxsnacks.com,,+16266242889,,,Level 1 — 5345,https://sff2026.mapyourshow.com/8_0/exhibitor/exhibitor-details.cfm?exhid=347243,,,,,,,,,partial,1
JU WANG USA FOOD GROUP COMPANY LIMIT,United States,Bayshore,,Summer Fancy Food Show 2026,https://www.jwasianfood.com/,info@jwasianfood.com,+12037880667,,,Level 1 — 3619,https://sff2026.mapyourshow.com/8_0/exhibitor/exhibitor-details.cfm?exhid=342623,,,,,,,,,partial,2
JUNGLE BERRY FACTORY,Brazil,Muaná,,Summer Fancy Food Show 2026,https://jungleberryfranchise.com/,,+351 967 628 402,,https://instagram.com/jungleberry.uk,Level 3 — 201B — Brazil,https://sff2026.mapyourshow.com/8_0/exhibitor/exhibitor-details.cfm?exhid=347965,,https://www.facebook.com/jungleberry.uk,,,,,,,partial,1
"Juniper Granola, LLC.",United States,ROCHESTER,,Summer Fancy Food Show 2026,https://junebars.com/,,+13152263339,,,River Pavilion — 7022A — Debut District,https://sff2026.mapyourshow.com/8_0/exhibitor/exhibitor-details.cfm?exhid=338567,,,,,,,,,partial,1
JurneeWellness LLC,United States,Somerville,,Summer Fancy Food Show 2026,https://drinkjournee.com/,,+16176427783,,,Level 1 — 4822A — Naturally Network,https://sff2026.mapyourshow.com/8_0/exhibitor/exhibitor-details.cfm?exhid=347969,,,,,,,,,partial,1
JUST 6 ICE CREAM LLC,United States,WEST ORANGE,,Summer Fancy Food Show 2026,http://www.icecreamuniversity.org,,+19736691060,,,"Level 3 — 2755 — Confectionery, Snacks and Sweets Pavilion",https://sff2026.mapyourshow.com/8_0/exhibitor/exhibitor-details.cfm?exhid=347240,,,,,,,,,partial,1
Just About Foods LLC,Mexico,Guadalajara,,Summer Fancy Food Show 2026,https://www.justaboutfoods.com/,,760-439-8900,,,Level 1 — 5236,https://sff2026.mapyourshow.com/8_0/exhibitor/exhibitor-details.cfm?exhid=212564,,,,,,,,,partial,1
"Just Bagels Mfg, Inc.",United States,Bronx,,Summer Fancy Food Show 2026,http://www.justbagels.com,,718-328-9700,,,Level 1 — 6148 — Brooklyn,https://sff2026.mapyourshow.com/8_0/exhibitor/exhibitor-details.cfm?exhid=127024,,,,,,,,,partial,1
Just Ingredients,United States,Orem,,Summer Fancy Food Show 2026,https://justingredients.us/,,8887063374,,,Level 1 — 5713 — Beverage Pavilion,https://sff2026.mapyourshow.com/8_0/exhibitor/exhibitor-details.cfm?exhid=335306,,,,,,,,,partial,1
K. Sidrane,United States,Farmingdale,,Summer Fancy Food Show 2026,https://www.ksidrane.com,orders@ksidrane.com,6313936974,,,Level 1 — 5312,https://sff2026.mapyourshow.com/8_0/exhibitor/exhibitor-details.cfm?exhid=311486,,https://www.facebook.com/k.sidrane,,,,,,,partial,2
"K.R.S. Spicy Food Co., Ltd.",Thailand,Pathumthani,,Summer Fancy Food Show 2026,https://krsspicyfood.com/,info@krsspicyfood.com,+662 5696317,,https://www.instagram.com/jlek.official,Level 1 — 5412,https://sff2026.mapyourshow.com/8_0/exhibitor/exhibitor-details.cfm?exhid=316254,,https://www.facebook.com/jlek.page,,,,,,,partial,2
KacePack Limited,Hong Kong,Hong Kong,,Summer Fancy Food Show 2026,https://kacepack.com,,(852) 39746181,,,Level 1 — 4115,https://sff2026.mapyourshow.com/8_0/exhibitor/exhibitor-details.cfm?exhid=346154,,,,,,,,,partial,1
Kagoshima Meat Export Federation,Japan,Kagoshima-shi,,Summer Fancy Food Show 2026,http://en.k-meat.net/,,+81-099-286-3219,,,Level 3 — 415 — Japan,https://sff2026.mapyourshow.com/8_0/exhibitor/exhibitor-details.cfm?exhid=129135,,,,,,,,,partial,1
Kala Italian Food Corporation,United States,New York,,Summer Fancy Food Show 2026,https://www.kalaitalianfood.com,info@kalaitalianfood.com,+19178380113,,https://www.instagram.com,Level 1 — 4110 — La Dolce Sicilia,https://sff2026.mapyourshow.com/8_0/exhibitor/exhibitor-details.cfm?exhid=348913,,,,,,,,,partial,2
KALE FLOUR,Turkey,EDIRNE,,Summer Fancy Food Show 2026,https://www.kaleflour.com/,export@kaleflour.com,(90) 284-714 14 03,,,Level 1 — 4861 — Turkey,https://sff2026.mapyourshow.com/8_0/exhibitor/exhibitor-details.cfm?exhid=348303,,https://www.facebook.com/kaleflour.milling,,,,,,,partial,2
Kameya Foods Corporation,Japan,Mishima-shi,,Summer Fancy Food Show 2026,https://kameya-foods.co.jp/,,+81-55-988-5555,,,Level 3 — 429 — Japan,https://sff2026.mapyourshow.com/8_0/exhibitor/exhibitor-details.cfm?exhid=301374,,,,,,,,,partial,1
KANZEN MEAL (U.S.A.) INC.,United States,Torrance,,Summer Fancy Food Show 2026,https://www.kanzenmeal.com/,,1234567789,https://www.linkedin.com/company/kanzen-meal-u-s-a-inc/jobs,https://www.instagram.com/kanzen_meal,Level 1 — 5416,https://sff2026.mapyourshow.com/8_0/exhibitor/exhibitor-details.cfm?exhid=337541,,https://www.facebook.com/tr,,,,,,,partial,1
KARANA HEF S.A.S,Ecuador,Quito,,Summer Fancy Food Show 2026,https://karanahef.com/,trade@karanahef.com,+593 96 415 5818,,https://www.instagram.com/karana.ec,Level 3 — 328A — Ecuador,https://sff2026.mapyourshow.com/8_0/exhibitor/exhibitor-details.cfm?exhid=342773,,https://www.facebook.com/profile.php,,,,,,,partial,2
Karma Sauce,United States,Rochester,,Summer Fancy Food Show 2026,http://www.karmasauce.com,,585-264-1100,,,Level 1 — 6154 — NewYork,https://sff2026.mapyourshow.com/8_0/exhibitor/exhibitor-details.cfm?exhid=245193,,,,,,,,,partial,1
Karry Food Industries,Egypt,CAIRO,,Summer Fancy Food Show 2026,https://karryfoods.com/,Info@Karryfoods.com,00201000844117,https://www.linkedin.com/company/101654588,https://www.instagram.com/karry_food_industries,Level 1 — 5964,https://sff2026.mapyourshow.com/8_0/exhibitor/exhibitor-details.cfm?exhid=343839,,https://www.facebook.com/karryfoods,,,,,,,partial,2
Kasia's Deli Inc.,United States,Chicago,,Summer Fancy Food Show 2026,http://www.kasiasdeli.com,info@kasiasdeli.com,312-666-2900,,https://www.instagram.com/kasiasdeli,Level 3 — 474,https://sff2026.mapyourshow.com/8_0/exhibitor/exhibitor-details.cfm?exhid=31793,,https://www.facebook.com/kasiasdeli,,,,,,,partial,2
"Kava Haven, Inc",United States,Chicago,,Summer Fancy Food Show 2026,https://kavahaven.com/,,+117734696959,,,Level 1 — 4624,https://sff2026.mapyourshow.com/8_0/exhibitor/exhibitor-details.cfm?exhid=343733,,,,,,,,,partial,1
Kawasho Foods USA Inc.,United States,New York,,Summer Fancy Food Show 2026,https://www.geishabrand.com/,,2128417434,,,Level 3 — 1374,https://sff2026.mapyourshow.com/8_0/exhibitor/exhibitor-details.cfm?exhid=325706,,,,,,,,,partial,1
Kayco,United States,Bayonne,,Summer Fancy Food Show 2026,https://www.kayco.com/,customercare@kayco.com,718-369-4600,,,Level 3 — 1149,https://sff2026.mapyourshow.com/8_0/exhibitor/exhibitor-details.cfm?exhid=311388,,,,,,,,,partial,2
Kayfoods,United States,Albany,,Summer Fancy Food Show 2026,http://www.kayfoods.co,user@domain.com,+15186521715,,https://www.instagram.com/chowandciaofoods,Level 1 — 6246 — North Dakota,https://sff2026.mapyourshow.com/8_0/exhibitor/exhibitor-details.cfm?exhid=349082,,http://www.facebook.com/2008/fbml,,,,,,,partial,2
Kazerooni Brothers BSC,Bahrain,Salmabad,,Summer Fancy Food Show 2026,https://www.kazbro.com,,0097336605565,,,Level 3 — 1148,https://sff2026.mapyourshow.com/8_0/exhibitor/exhibitor-details.cfm?exhid=346664,,,,,,,,,partial,1
KCHUP Corporation,South Korea,Jeonbuk-do,,Summer Fancy Food Show 2026,https://www.kchup.co.kr/,kchupinfo@gmail.com,+8225355023,,https://www.instagram.com/kchup_official,Level 1 — 5078 — Korea,https://sff2026.mapyourshow.com/8_0/exhibitor/exhibitor-details.cfm?exhid=348031,,https://www.facebook.com/tr,,,,,,,partial,1
KeHE Distributors LLC,United States,Naperville,,Summer Fancy Food Show 2026,http://www.kehe.com,jane.doe@email.com,(630) 343-0000,https://www.linkedin.com/company/kehe-distributors-inc,https://instagram.com/keheusa,Level 3 — 236 — Deli Pavilion,https://sff2026.mapyourshow.com/8_0/exhibitor/exhibitor-details.cfm?exhid=7772,,https://www.facebook.com/KeHEUS,,,,,,,partial,2
Keicha Matcha,United States,Huntington Beach,,Summer Fancy Food Show 2026,https://www.keichamatcha.com/,,714-907-0030,,,Level 1 — 5607 — Beverage Pavilion,https://sff2026.mapyourshow.com/8_0/exhibitor/exhibitor-details.cfm?exhid=156190,,,,,,,,,partial,1
Kel's Kitchen Table,United States,South Hackensack,,Summer Fancy Food Show 2026,https://www.kelskitchentable.com/,,2019839684,,,River Pavilion — 7129B — Debut District,https://sff2026.mapyourshow.com/8_0/exhibitor/exhibitor-details.cfm?exhid=337492,,,,,,,,,partial,1
Kemushi LLC,United States,Brooklyn,,Summer Fancy Food Show 2026,https://kemushisauce.com/,,9175764728,,,Level 1 — 6159A — NewYork,https://sff2026.mapyourshow.com/8_0/exhibitor/exhibitor-details.cfm?exhid=337011,,,,,,,,,partial,1
Kencko,United States,New York,,Summer Fancy Food Show 2026,https://www.kencko.com/,,+16162536256,,,Level 1 — 6046,https://sff2026.mapyourshow.com/8_0/exhibitor/exhibitor-details.cfm?exhid=343966,,,,,,,,,partial,1
Kennesaw Fruit and Juice,United States,Pompano Beach,,Summer Fancy Food Show 2026,https://www.kennesawjuice.com/,,954-782-9800 8,https://www.linkedin.com/company/kennesaw-juice-company,https://www.instagram.com/kennesawjuice,Level 1 — 4108 — La Dolce Sicilia,https://sff2026.mapyourshow.com/8_0/exhibitor/exhibitor-details.cfm?exhid=310372,,https://www.facebook.com/KennesawJuice,,,,,,,partial,1
KENT BORINGER (SOYYIGIT GIDA SAN VE TIC AS),Turkey,ISTANBUL,,Summer Fancy Food Show 2026,https://www.kentboringerusa.com/,,(90) 212-886 32 00,,,Level 1 — 4862 — Turkey,https://sff2026.mapyourshow.com/8_0/exhibitor/exhibitor-details.cfm?exhid=348304,,,,,,,,,partial,1
Kessho LLC,United States,AUSTIN,,Summer Fancy Food Show 2026,https://kessho.com/,,737-326-3416,,,Level 1 — 5138,https://sff2026.mapyourshow.com/8_0/exhibitor/exhibitor-details.cfm?exhid=322349,,,,,,,,,partial,1
Kestrel Coffee Roasters,United States,South Burlington,,Summer Fancy Food Show 2026,https://kestrelcoffees.com/,candj@kestrelcoffees.com,+18025284034,,https://www.instagram.com/kestrelcoffees,Level 1 — 6335B — Vermont,https://sff2026.mapyourshow.com/8_0/exhibitor/exhibitor-details.cfm?exhid=347491,,https://www.facebook.com/kestrelcoffees,,,,,,,partial,2
Kevala International LLC,United States,Paramount,,Summer Fancy Food Show 2026,http://www.kevala.net,,877-953-8252,,,Level 3 — 1359,https://sff2026.mapyourshow.com/8_0/exhibitor/exhibitor-details.cfm?exhid=117516,,,,,,,,,partial,1
Khaled Daoud Alnatsheh & Partners Co.,Jordan,Almoqableen,,Summer Fancy Food Show 2026,https://www.aloqabnuts.com/,info@aloqabnuts.com,96264202230,,https://www.instagram.com/fancy_jordan,Level 3 — 1531 — Jordan,https://sff2026.mapyourshow.com/8_0/exhibitor/exhibitor-details.cfm?exhid=335649,,https://www.facebook.com/people/Fancy-Jordan/61570763993580,,,,,,,partial,2
Khmer Foods Group Co.Ltd,Cambodia,Phnom Penh,,Summer Fancy Food Show 2026,http://khmerfood.com.kh,,+85512977888,,,Level 1 — 3520 — Cambodia,https://sff2026.mapyourshow.com/8_0/exhibitor/exhibitor-details.cfm?exhid=348344,,,,,,,,,partial,1
KIMBO SpA,Italy,Melito di Napoli,,Summer Fancy Food Show 2026,https://kimbo.it/,,0817011200,,,Level 3 — 2604B — Italy,https://sff2026.mapyourshow.com/8_0/exhibitor/exhibitor-details.cfm?exhid=316457,,,,,,,,,partial,1
"Kimnori USA, Inc. / KwangcheonKim Co., Ltd. / KOTRA LA",United States,Cerritos,,Summer Fancy Food Show 2026,http://kimnoriusa.com/,shong@kimnoriusa.com,562-926-4988,,,Level 3 — 871,https://sff2026.mapyourshow.com/8_0/exhibitor/exhibitor-details.cfm?exhid=132150,,https://www.facebook.com/tr,,,,,,,partial,2
King Arthur Baking Company,United States,White River Junction,,Summer Fancy Food Show 2026,https://www.kingarthurbaking.com,customercare@kingarthurbaking.com,802-299-2240,https://www.linkedin.com/company/king-arthur-baking-company,https://www.instagram.com/kingarthurbaking,"Level 3 — 2750 — Confectionery, Snacks and Sweets Pavilion",https://sff2026.mapyourshow.com/8_0/exhibitor/exhibitor-details.cfm?exhid=31803,,https://www.facebook.com/kingarthurbaking,,,,,,,partial,2
King Asia Foods ltd,United Kingdom,Doncaster,,Summer Fancy Food Show 2026,https://kingasia.co.uk/,info@kingasia.co.uk,+441302760070,https://www.linkedin.com/company/king-asia-foods-ltd-,https://www.instagram.com/mayflowertastesgood,Level 1 — 4618,https://sff2026.mapyourshow.com/8_0/exhibitor/exhibitor-details.cfm?exhid=347463,,https://www.facebook.com/profile.php,,,,,,,partial,2
King Cheese Corp.,United States,Monrovia,,Summer Fancy Food Show 2026,http://www.kingcheese.com,info@kingcheese.com,626-599-8585,,https://www.instagram.com/kingcheesecorp_monrovia,Level 3 — 3248,https://sff2026.mapyourshow.com/8_0/exhibitor/exhibitor-details.cfm?exhid=335005,,https://www.facebook.com/kingcheesecorp,,,,,,,partial,2
KING DUQUE,Ecuador,Quito,,Summer Fancy Food Show 2026,https://www.kingduquechocolate.com/,info@kingduquechocolate.com,+593986210358,,,Level 3 — 320A — Ecuador,https://sff2026.mapyourshow.com/8_0/exhibitor/exhibitor-details.cfm?exhid=348918,,https://www.facebook.com/kingduqueusa,,,,,,,partial,2
Kirat SRL,Italy,Modica,,Summer Fancy Food Show 2026,https://www.kirat.it,info@kirat.it,https://wa.me/3661990209,,https://www.instagram.com/kirat_caramelle_artigianali,Level 1 — 4215 — La Dolce Sicilia,https://sff2026.mapyourshow.com/8_0/exhibitor/exhibitor-details.cfm?exhid=348619,,https://www.facebook.com/caramellekirat,,,,,,,partial,2
Kirdag Ltd / Perfect Delights,Turkey,Aydin,,Summer Fancy Food Show 2026,https://kirlioglu.com/,info@kirlioglu.com,201-936-6242,,,Level 1 — 5355,https://sff2026.mapyourshow.com/8_0/exhibitor/exhibitor-details.cfm?exhid=307300,,,,,,,,,partial,2
KIRIKA CORPORATION,United States,Marina Del Rey,,Summer Fancy Food Show 2026,https://www.kirikacorporation.com/,rika-jessica@kirikacorporation.com,3108978033,,https://www.instagram.com/annaxxphoto,Level 1 — 3615,https://sff2026.mapyourshow.com/8_0/exhibitor/exhibitor-details.cfm?exhid=306721,,,,,,,,,partial,2
Kittylamb LLC,United States,Portland,,Summer Fancy Food Show 2026,https://www.kittylamb.com/,Asset_1_300x_39836c8d-a12c-49d1-b663-f3723f486dab_230x@2x.png,2038859695,,https://www.instagram.com/kittylamb_official,Level 1 — 4820B — Naturally Network,https://sff2026.mapyourshow.com/8_0/exhibitor/exhibitor-details.cfm?exhid=318068,,,,,,,,,partial,2
Kiwow Inc.,Canada,North York,,Summer Fancy Food Show 2026,https://kiwow.ca/,merrick@kiwow.ca,14165643911,,https://www.instagram.com/kiwow_inc,River Pavilion — 7000A-S — SFA Spark Pavilion,https://sff2026.mapyourshow.com/8_0/exhibitor/exhibitor-details.cfm?exhid=348146,,https://www.facebook.com/p/Kiwow-Inc-61566405407510,,,,,,,partial,2
"KJ WORLD FOODS Co., Ltd.",Thailand,Phanatnikom,,Summer Fancy Food Show 2026,https://www.kaijaerice.com,kaijaerice.gp@gmail.com,(66) 33–047-341,,https://www.instagram.com/kaijaerice.gp,Level 1 — 5024,https://sff2026.mapyourshow.com/8_0/exhibitor/exhibitor-details.cfm?exhid=268587,,https://www.facebook.com/kaijaepage,,,,,,,partial,1
KKOKDAM,United States,GYEONGGI-DO,,Summer Fancy Food Show 2026,https://kdmwholesale.com/,sales@kdmwholesale.com,+12138629224,,,Level 3 — 516 — Korea,https://sff2026.mapyourshow.com/8_0/exhibitor/exhibitor-details.cfm?exhid=335867,,,,,,,,,partial,2
"KLG Candies, LLC",United States,Durham,,Summer Fancy Food Show 2026,http://klgcandies.com,info@klgcandies.com,919-727-4363,,,Level 1 — 5315,https://sff2026.mapyourshow.com/8_0/exhibitor/exhibitor-details.cfm?exhid=104142,,,,,,,,,partial,2
Klondike Cheese Co.,United States,Monroe,,Summer Fancy Food Show 2026,http://www.klondikecheese.com,,6083253021,,,Level 3 — 444 — Deli Pavilion,https://sff2026.mapyourshow.com/8_0/exhibitor/exhibitor-details.cfm?exhid=8142,,,,,,,,,partial,1
"Kloo Ventures, LLC.",United States,Los Angeles,,Summer Fancy Food Show 2026,https://drinkkloo.com/,,(551) 655-8655,,http://instagram.com/drinkkloo,Level 1 — 4311 — Included,https://sff2026.mapyourshow.com/8_0/exhibitor/exhibitor-details.cfm?exhid=337205,,http://facebook.com/drinkkloo,,,,,,,partial,1
Knockroe INC,United States,BRONX,,Summer Fancy Food Show 2026,https://bonya-yogurt.com/,,+19143136905,,,Level 1 — 5442,https://sff2026.mapyourshow.com/8_0/exhibitor/exhibitor-details.cfm?exhid=338697,,,,,,,,,partial,1
Know Brainer Foods,United States,Boulder,,Summer Fancy Food Show 2026,https://maxsweets.com/,,+13038865466,,https://www.instagram.com/lovemaxsweets,Level 1 — 6058,https://sff2026.mapyourshow.com/8_0/exhibitor/exhibitor-details.cfm?exhid=347875,,https://www.facebook.com/lovemaxsweets,,,,,,,partial,1
KOBIRA Corporation,Japan,KAGOSHIMA,,Summer Fancy Food Show 2026,https://www.kobira.co.jp,,+1815057843630,,,Level 3 — 416 — Japan,https://sff2026.mapyourshow.com/8_0/exhibitor/exhibitor-details.cfm?exhid=302844,,,,,,,,,partial,1
Koeze Company,United States,Grand Rapids,,Summer Fancy Food Show 2026,https://koezebrands.com/,service@koeze.com,888-253-6887,,,Level 1 — 5108,https://sff2026.mapyourshow.com/8_0/exhibitor/exhibitor-details.cfm?exhid=33067,,,,,,,,,partial,2
KOFOKOTSIOS AND PSATHAS OE,Greece,THERMI,,Summer Fancy Food Show 2026,https://klea.gr/,%20info@klea.gr,+30 6944660977,,https://www.instagram.com/klea_premium,Level 3 — 2022B — Greece,https://sff2026.mapyourshow.com/8_0/exhibitor/exhibitor-details.cfm?exhid=344238,,https://www.facebook.com/kleapremium,,,,,,,partial,2
Kohinoor Foods Limited,India,Faridabad,,Summer Fancy Food Show 2026,https://www.kohinoorfoods.in/,info@kohinoorfoods.in,+91 9891089090,,,Level 1 — 3703,https://sff2026.mapyourshow.com/8_0/exhibitor/exhibitor-details.cfm?exhid=347193,,https://www.facebook.com/KohinoorFoodsLtd,,,,,,,partial,2
Kolkata Chai Co,United States,New York,,Summer Fancy Food Show 2026,https://www.kolkatachai.co,support@kolkatachai.co,6178777353,,https://www.instagram.com/kolkatachaico,Level 1 — 6149 — Brooklyn,https://sff2026.mapyourshow.com/8_0/exhibitor/exhibitor-details.cfm?exhid=339496,,,,,,,,,partial,2
Konex-Tiva Ltd,Bulgaria,Sofia,,Summer Fancy Food Show 2026,http://www.konex-tiva.com,office@konex-tiva.com,+359 29 585 830,,,Level 3 — 1858,https://sff2026.mapyourshow.com/8_0/exhibitor/exhibitor-details.cfm?exhid=8942,,,,,,,,,partial,2
Konopelski Meats LLC,United States,Sinking Spring,,Summer Fancy Food Show 2026,https://konopelskimeats.com/,meats@konopelski.com,610-777-6388,,https://www.instagram.com/konopelskimeats,Level 3 — 350 — Deli Pavilion,https://sff2026.mapyourshow.com/8_0/exhibitor/exhibitor-details.cfm?exhid=305374,,https://m.facebook.com/KonopelskiMeats,,,,,,,partial,2
Konscious Kitchen Inc,Canada,Toronto,,Summer Fancy Food Show 2026,https://konsciouskitchen.com/,,6472419666,,https://instagram.com/konsciouskitchen_,River Pavilion — 7432 — Good Food Mercantile (Sunday Only),https://sff2026.mapyourshow.com/8_0/exhibitor/exhibitor-details.cfm?exhid=348624,,https://www.facebook.com/ThePaleoPalateCafe,,,,,,,partial,1
"Kontos Foods, Inc.",United States,Paterson,,Summer Fancy Food Show 2026,http://www.flatbread.com,info@kontos.com,9732782800,,https://www.instagram.com/kontosfoods,Level 3 — 468 — Deli Pavilion,https://sff2026.mapyourshow.com/8_0/exhibitor/exhibitor-details.cfm?exhid=7625,,https://www.facebook.com/Kontosfoods,,,,,,,partial,2
Koops,United States,Pleasant Prairie,,Summer Fancy Food Show 2026,https://koopsmustard.com,,262-947-3500 (611),,,Level 3 — 544 — Deli Pavilion,https://sff2026.mapyourshow.com/8_0/exhibitor/exhibitor-details.cfm?exhid=246116,,,,,,,,,partial,1
Korea Agro-Fisheries & Food Trade Corp.,United States,New York,,Summer Fancy Food Show 2026,https://www.at.or.kr,,917-232-6959,,https://www.instagram.com/atstory.official,Level 3 — 500 — Korea,https://sff2026.mapyourshow.com/8_0/exhibitor/exhibitor-details.cfm?exhid=35298,,https://www.facebook.com/atatstory,,,,,,,partial,1
Korea Citrus Export,South Korea,Jeju,,Summer Fancy Food Show 2026,https://k-citrus.co.kr,kor-citrus@naver.com,064-720-1140,,https://www.instagram.com/korean_citrus,Level 3 — 507 — Korea,https://sff2026.mapyourshow.com/8_0/exhibitor/exhibitor-details.cfm?exhid=348401,,https://www.facebook.com/korea.citrus,,,,,,,partial,2
Korean Bros,United States,Orem,,Summer Fancy Food Show 2026,https://www.korean-bros.com/,,+18016515539,,https://www.instagram.com/thekoreanbros,Level 1 — 5556,https://sff2026.mapyourshow.com/8_0/exhibitor/exhibitor-details.cfm?exhid=347997,,,,,,,,,partial,1
"Korean Noodles Co., Ltd.",South Korea,Gyeonggi-do,,Summer Fancy Food Show 2026,https://thenoodletree.com/,,+82 10 72382108,,,Level 3 — 250,https://sff2026.mapyourshow.com/8_0/exhibitor/exhibitor-details.cfm?exhid=344367,,,,,,,,,partial,1
Kosmos Q,United States,Oklahoma City,,Summer Fancy Food Show 2026,https://kosmosq.com/,info@kosmosq.com,+14054939198,,https://www.instagram.com/kosmosq,Level 1 — 6053,https://sff2026.mapyourshow.com/8_0/exhibitor/exhibitor-details.cfm?exhid=330446,,https://www.facebook.com/KosmosQ,,,,,,,partial,2
Kosterina,United States,East Northport,,Summer Fancy Food Show 2026,https://www.larkfield.com,,9177715142,,,Level 1 — 6161 — NewYork,https://sff2026.mapyourshow.com/8_0/exhibitor/exhibitor-details.cfm?exhid=305358,,,,,,,,,partial,1
Kourantidis Nikolaos,Greece,Sindos,,Summer Fancy Food Show 2026,https://regina-foods.gr/,,+30 2310706481,,,Level 3 — 2018 — Greece,https://sff2026.mapyourshow.com/8_0/exhibitor/exhibitor-details.cfm?exhid=269102,,,,,,,,,partial,1
"Kradjian Importing Co., Inc.",United States,Glendale,,Summer Fancy Food Show 2026,https://www.kraimpco.com,,626 222 3554,,,Level 3 — 159,https://sff2026.mapyourshow.com/8_0/exhibitor/exhibitor-details.cfm?exhid=4446,,,,,,,,,partial,1
Krinos Foods LLC,United States,Bronx,,Summer Fancy Food Show 2026,https://krinos.com,,(718) 729-9000,https://www.linkedin.com/company/krinosfoods,https://www.instagram.com/krinosfoods,Level 3 — 1442,https://sff2026.mapyourshow.com/8_0/exhibitor/exhibitor-details.cfm?exhid=1259,,,,,,,,,partial,1
"Kruger North America, Inc",United States,Oak Park,,Summer Fancy Food Show 2026,http://www.krueger-company.com/,info@krueger-group.com,+17088513670,,,River Pavilion — 7035 — Debut District,https://sff2026.mapyourshow.com/8_0/exhibitor/exhibitor-details.cfm?exhid=121589,,,,,,,,,partial,2
Kubo Tea,United States,Sparks,,Summer Fancy Food Show 2026,https://kubotea.com/,,+16303860008,,https://www.instagram.com/kubo_tea,River Pavilion — 7146 — Debut District,https://sff2026.mapyourshow.com/8_0/exhibitor/exhibitor-details.cfm?exhid=346669,,https://www.facebook.com/KuboTea,,,,,,,partial,1
KULKAO S. A.,Peru,"LIMA, MIRAFLORES",,Summer Fancy Food Show 2026,https://www.kulkao.com,info@kulkao.com,+511 987 209 668,https://www.linkedin.com/company/kulkao,https://www.instagram.com/kulkao_s.a,Level 1 — 6369,https://sff2026.mapyourshow.com/8_0/exhibitor/exhibitor-details.cfm?exhid=305293,,,,,,,,,partial,2
"Kurata Foods Co., Ltd.",Japan,Fukuyama-shi,,Summer Fancy Food Show 2026,https://www.fukuyama-ramen.com/,,+81-084-945-6200,,,Level 3 — 409B — Japan,https://sff2026.mapyourshow.com/8_0/exhibitor/exhibitor-details.cfm?exhid=337637,,https://www.facebook.com/kuratafoods,,,,,,,partial,1
"Kurly Global, Inc.",United States,Dover,,Summer Fancy Food Show 2026,https://www.kurlyusa.com/,,+16463548850,,,Level 3 — 3353,https://sff2026.mapyourshow.com/8_0/exhibitor/exhibitor-details.cfm?exhid=347523,,,,,,,,,partial,1
Kuze Fuku & Sons,United States,Newberg,,Summer Fancy Food Show 2026,http://kuzefukuandsons.com,,(503) 538-2929,,,Level 1 — 5210,https://sff2026.mapyourshow.com/8_0/exhibitor/exhibitor-details.cfm?exhid=244875,,,,,,,,,partial,1
KUZEYDEN ICECEK SAN. VE TIC. A.S.,Turkey,ISTANBUL,,Summer Fancy Food Show 2026,https://www.kuzeydensu.com/,,(90) 537-259 27 04,,https://www.instagram.com/reels,Level 1 — 4838 — Turkey,https://sff2026.mapyourshow.com/8_0/exhibitor/exhibitor-details.cfm?exhid=348298,,https://www.facebook.com/tr,,,,,,,partial,1
LA DISPENSA DI CAMPAGNA SRLU,Italy,"CASTAGNETO CARDUCCI, FRAZ. DONORATICO",,Summer Fancy Food Show 2026,https://www.ladispensadicampagna.com,info@ladispensadicampagna.com,+39 0565 774105,,,Level 1 — 4959 — Italy,https://sff2026.mapyourshow.com/8_0/exhibitor/exhibitor-details.cfm?exhid=347207,,,,,,,,,partial,2
LA DORIA SpA,Italy,Angri,,Summer Fancy Food Show 2026,https://www.gruppoladoria.it/,recruiting@gruppoladoria.it,0815166200,https://www.linkedin.com/company/gruppo-la-doria,,Level 3 — 2606 — Italy,https://sff2026.mapyourshow.com/8_0/exhibitor/exhibitor-details.cfm?exhid=314714,,,,,,,,,partial,2
La Fabbrica della Pasta di Gragnano,Italy,Gragnano,,Summer Fancy Food Show 2026,https://www.lafabbricadellapastadigragnano.com/,,+39 081 8011487,https://www.linkedin.com/company/la-fabbrica-della-pasta-di-gragnano-s-r-l-,https://www.instagram.com/lafabbricadellapastadigragnano,Level 3 — 3124 — Italy,https://sff2026.mapyourshow.com/8_0/exhibitor/exhibitor-details.cfm?exhid=313801,,https://www.facebook.com/LaFabbricaDellaPastaDiGragnano,,,,,,,partial,1
LA FABRIQUE COOKIES,France,GENNEVILLIERS,,Summer Fancy Food Show 2026,https://lafabrique-cookies.fr/,malinjean@gmail.com,06 01 03 27 84,,https://www.instagram.com/lafabriquecookies,Level 3 — 730 — France,https://sff2026.mapyourshow.com/8_0/exhibitor/exhibitor-details.cfm?exhid=347615,,https://www.facebook.com/lafabrique.cookies,,,,,,,partial,1
LA FRENCH S'IL VOUS PLAIT,France,LA BAULE-ESCOUBLAC,,Summer Fancy Food Show 2026,http://www.lafrenchsvp.com,,06 61 02 55 50,,https://www.instagram.com/lafrenchsvp,Level 3 — 726 — France,https://sff2026.mapyourshow.com/8_0/exhibitor/exhibitor-details.cfm?exhid=347613,,https://www.facebook.com/LaFrenchsvp,,,,,,,partial,1
La Galvanina S.p.A,Italy,RIMINI,,Summer Fancy Food Show 2026,https://www.galvanina.com/,,0039 335 7892023,https://www.linkedin.com/company/galvanina,https://www.instagram.com/lagalvanina,Level 3 — 3312 — Italy,https://sff2026.mapyourshow.com/8_0/exhibitor/exhibitor-details.cfm?exhid=130378,,https://www.facebook.com/galvanina,,,,,,,partial,1
La Goulue LLC,United States,Houston,,Summer Fancy Food Show 2026,https://www.lagoulue.us/,,+12148764746,,,Level 1 — 4208B — Included,https://sff2026.mapyourshow.com/8_0/exhibitor/exhibitor-details.cfm?exhid=317804,,,,,,,,,partial,1
La Linea Verde Soc. Agr. SpA,Italy,Manerbio,,Summer Fancy Food Show 2026,https://lalineaverde.it/,dpo@lalineaverde.it,390309373611,https://www.linkedin.com/company/la-linea-verde-spa,https://www.instagram.com/dimmidisi_official,Level 1 — 5034 — Italy,https://sff2026.mapyourshow.com/8_0/exhibitor/exhibitor-details.cfm?exhid=348495,,https://www.facebook.com/DimmidiSi.Italia,,,,,,,partial,2
La Milpa Tortillas,United States,Hastings on Hudson,,Summer Fancy Food Show 2026,https://www.milparosa.com/,orders@milparosa.com,+18454471053,,http://instagram.com/milparosa,Level 1 — 6127 — NewYork,https://sff2026.mapyourshow.com/8_0/exhibitor/exhibitor-details.cfm?exhid=313446,,http://www.facebook.com/2008/fbml,,,,,,,partial,2
LA MOLE - F.LLI MILAN SRL,Italy,Caselle T.se,,Summer Fancy Food Show 2026,https://www.la-mole.it/,info@la-mole.com,+39 0119912469,https://www.linkedin.com/company/lamoleitalianfood,https://instagram.com/lamole_italianfood,Level 3 — 2526 — Italy,https://sff2026.mapyourshow.com/8_0/exhibitor/exhibitor-details.cfm?exhid=335698,,https://www.facebook.com/lamoleitalianfood,,,,,,,partial,2
"LA NOGALERA USA, Inc.",United States,EL PASO,,Summer Fancy Food Show 2026,https://www.lanogalera.com/,sales@lanogalera.biz,214-764-6801,https://www.linkedin.com/company/lanogalera,https://www.instagram.com/lanogaleragroup,Level 1 — 5158,https://sff2026.mapyourshow.com/8_0/exhibitor/exhibitor-details.cfm?exhid=303787,,https://www.facebook.com/watch/LaNogaleraGroup,,,,,,,partial,2
"La Pasta, Inc.",United States,Silver Spring,,Summer Fancy Food Show 2026,http://www.lapastainc.com,info@lapastainc.com,(301) 588-1111,,https://www.instagram.com/lapasta_inc,Level 3 — 1754,https://sff2026.mapyourshow.com/8_0/exhibitor/exhibitor-details.cfm?exhid=102888,,https://www.facebook.com/LaPastaInc,,,,,,,partial,2
LA RAVIOLE FRANCAISE,France,SAULCE SUR RHONE,,Summer Fancy Food Show 2026,https://laraviolefrancaise.fr/,contact@laraviolefrancaise.fr,336 63 35 40 69,,https://www.instagram.com/laraviolefrancaise,Level 3 — 724 — France,https://sff2026.mapyourshow.com/8_0/exhibitor/exhibitor-details.cfm?exhid=347611,,https://www.facebook.com/profile.php,,,,,,,partial,2
LA RUSTICHELLA TRUFFLES,Italy,SAN CESAREO,,Summer Fancy Food Show 2026,https://larustichellatruffles.com,info@larustichella.com,+39 3386010830,,,"Level 3 — 2644 — Confectionery, Snacks and Sweets Pavilion",https://sff2026.mapyourshow.com/8_0/exhibitor/exhibitor-details.cfm?exhid=26511,,,,,,,,,partial,2
La Tourangelle,United States,Woodland,,Summer Fancy Food Show 2026,http://www.latourangelle.com/,contact@latourangelle.com,510-970-9960,https://www.linkedin.com/company/la-tourangelle,https://www.instagram.com/latourangelle,Level 1 — 6005,https://sff2026.mapyourshow.com/8_0/exhibitor/exhibitor-details.cfm?exhid=28411,,https://www.facebook.com/latourangelleusa,,,,,,,partial,2
la trafila llc,United States,Brooklyn,,Summer Fancy Food Show 2026,https://www.latrafilapasta.com/,info@latrafilapasta.com,+19179227949,,https://www.instagram.com/la_trafila,Level 3 — 2774,https://sff2026.mapyourshow.com/8_0/exhibitor/exhibitor-details.cfm?exhid=342673,,https://www.facebook.com/latrafilapasta,,,,,,,partial,2
LA VALLE - ALFONSO SELLITTO SPA,Italy,Mercato San Severino,,Summer Fancy Food Show 2026,https://www.sellittospa.it,,089893450,,,Level 3 — 3226 — Italy,https://sff2026.mapyourshow.com/8_0/exhibitor/exhibitor-details.cfm?exhid=315085,,https://www.facebook.com/Alfonso-Sellitto-SpA-412187765587837/timeline,,,,,,,partial,1
La Vie Tea,United States,Montclair,,Summer Fancy Food Show 2026,https://lavietea.co/,LVT_Logo_38percent_x55@2x.png,+18622763276,,https://www.instagram.com/lavietea.co,Level 1 — 4921B — Naturally Network,https://sff2026.mapyourshow.com/8_0/exhibitor/exhibitor-details.cfm?exhid=346605,,,,,,,,,partial,2
LABELS LAB Inc.,United States,Las Vegas,,Summer Fancy Food Show 2026,https://labelslab.com/,info@labelslab.com,http://wa.me/+19544951708,,https://www.instagram.com/labels.lab,Level 1 — 5945,https://sff2026.mapyourshow.com/8_0/exhibitor/exhibitor-details.cfm?exhid=313526,,https://www.facebook.com/labels.lab.us,,,,,,,partial,2
"LaClare Creamery, LLC",United States,Malone,,Summer Fancy Food Show 2026,http://www.laclarefamilycreamery,,715-250-0247,,,Level 3 — 775 — ACS Pavilion,https://sff2026.mapyourshow.com/8_0/exhibitor/exhibitor-details.cfm?exhid=127979,,,,,,,,,partial,1
Lactalis Deli,United States,New York,,Summer Fancy Food Show 2026,https://lactalisamericangroup.com/,USA-Lactalis-Communications@us.lactalis.com,2127586666,https://www.linkedin.com/company/lactalis-american-group,https://www.instagram.com/lactalisusa,Level 3 — 356 — Deli Pavilion,https://sff2026.mapyourshow.com/8_0/exhibitor/exhibitor-details.cfm?exhid=7160,,https://www.facebook.com/LactalisUSA,,,,,,,partial,2
Lady Babka,United States,Round Rock,,Summer Fancy Food Show 2026,https://ladybabka.com/,info@ladybabka.com,5127668857,,https://www.instagram.com/lady.babka.co,Level 1 — 6214 — SUSTA,https://sff2026.mapyourshow.com/8_0/exhibitor/exhibitor-details.cfm?exhid=335491,,http://facebook.com/ladybabkaco,,,,,,,partial,2
Lady Edison,United States,Chapel Hill,,Summer Fancy Food Show 2026,https://ladyedisonpork.com/,ladyedison_logotypeblack_180x@2x.png,+17735754836,,https://www.instagram.com/ladyedisonpork,River Pavilion — 7422 — Good Food Mercantile (Sunday Only),https://sff2026.mapyourshow.com/8_0/exhibitor/exhibitor-details.cfm?exhid=341963,,https://www.facebook.com/Lady-Edison-1891461071177205,,,,,,,partial,2
LAITERIE COOPERATIVE DE PAMPLIE,France,PAMPLIE,,Summer Fancy Food Show 2026,https://www.osmosisnetwork.fr,,33 (0)5 49 03 18 80,,,Level 3 — 728B — France,https://sff2026.mapyourshow.com/8_0/exhibitor/exhibitor-details.cfm?exhid=314960,,,,,,,,,partial,1
Lakanto,United States,Orem,,Summer Fancy Food Show 2026,https://www.lakanto.com/,sara.c@lakanto.com,800-513-7936,,https://www.instagram.com/lakanto,Level 1 — 5009,https://sff2026.mapyourshow.com/8_0/exhibitor/exhibitor-details.cfm?exhid=157597,,https://www.facebook.com/Lakanto,,,,,,,partial,2
"Lalasweet Co., LTD.",South Korea,SEOUL,,Summer Fancy Food Show 2026,https://lalasweet.kr/,contact@lalasweet.kr,+82.2.6953.1831,,http://instagram.com/lalasweet_icecream,Level 3 — 623 — Korea,https://sff2026.mapyourshow.com/8_0/exhibitor/exhibitor-details.cfm?exhid=348403,,https://www.facebook.com/tr,,,,,,,partial,2
Land and Local,United States,Healdsburg,,Summer Fancy Food Show 2026,https://www.landandlocal.com,,+18185151324,,http://www.instagram.com/landandlocal,River Pavilion — 7419 — Good Food Mercantile (Sunday Only),https://sff2026.mapyourshow.com/8_0/exhibitor/exhibitor-details.cfm?exhid=346129,,,,,,,,,partial,1
"LANDALUZ, Central de Servicios S.L",Spain,Seville ( Andalusia),,Summer Fancy Food Show 2026,https://www.landaluz.es,info@landaluz.es,+34954234849,,https://www.instagram.com/landaluz_cluster,Level 1 — 5388,https://sff2026.mapyourshow.com/8_0/exhibitor/exhibitor-details.cfm?exhid=338432,,https://www.facebook.com/LANDALUZAlimentosdeAndalucia,,,,,,,partial,2
Lantic Maple,Canada,Granby,,Summer Fancy Food Show 2026,https://lanticmaple.com/,marketplace-amazon@2x.png,1-888-775-1111,,,Level 1 — 5058 — Canada,https://sff2026.mapyourshow.com/8_0/exhibitor/exhibitor-details.cfm?exhid=348823,,,,,,,,,partial,2
LASSO Foods LLC,United States,New York,,Summer Fancy Food Show 2026,https://eatlasso.com/,,+18034939775,,https://www.instagram.com/eatlasso,Level 1 — 3707,https://sff2026.mapyourshow.com/8_0/exhibitor/exhibitor-details.cfm?exhid=347987,,https://www.facebook.com/profile.php,,,,,,,partial,1
Lassonde Specialty Foods,United States,Boardman,,Summer Fancy Food Show 2026,https://www.ghughessauce.com,user@domain.com,3307436050,,https://www.instagram.com/ghugheszerosugar,Level 3 — 1853,https://sff2026.mapyourshow.com/8_0/exhibitor/exhibitor-details.cfm?exhid=1961,,http://www.facebook.com/2008/fbml,,,,,,,partial,2
Lasu Duona Ltd,Lithuania,Rokiskis,,Summer Fancy Food Show 2026,https://www.lasuduona.lt/,info@lasuduona.lt,061412247,,https://www.instagram.com/lasuduona,Level 3 — 1376,https://sff2026.mapyourshow.com/8_0/exhibitor/exhibitor-details.cfm?exhid=347606,,https://www.facebook.com/duona.lasu,,,,,,,partial,2
"Lata Shop, Inc.",United States,Brooklyn,,Summer Fancy Food Show 2026,https://lata.shop/,hola@lata.shop,+1 347 337 1489,https://www.linkedin.com/company/lata-shop,https://www.instagram.com/get.lata,Level 3 — 1746,https://sff2026.mapyourshow.com/8_0/exhibitor/exhibitor-details.cfm?exhid=338421,,https://www.facebook.com/Get.Lata,,,,,,,partial,2
Latrovalis & Co. Process & Standarization of Table Olives,Greece,Serres,,Summer Fancy Food Show 2026,http://www.latrovalis.com,info@latrovalis.eu,+30 232 104 6761,https://gr.linkedin.com/company/latrovalis,https://www.instagram.com/latrovalisolivesdeelicious,Level 3 — 1457,https://sff2026.mapyourshow.com/8_0/exhibitor/exhibitor-details.cfm?exhid=246315,,https://www.facebook.com/latrovalis.eu,,,,,,,partial,2
Laura Chenel,United States,Sonoma,,Summer Fancy Food Show 2026,https://laurachenel.com,psherman@wallaby.com,707-364-5170,https://www.linkedin.com/company/laura-chenel,https://instagram.com/laurachenel,Level 3 — 670 — ACS Pavilion,https://sff2026.mapyourshow.com/8_0/exhibitor/exhibitor-details.cfm?exhid=35338,,https://www.facebook.com/laurachenel,,,,,,,partial,2
Lauretana SPA,Italy,Graglia,,Summer Fancy Food Show 2026,https://www.lauretana.com,,+390152442811,,https://www.instagram.com/acqua_lauretana,Level 3 — 2622 — Italy,https://sff2026.mapyourshow.com/8_0/exhibitor/exhibitor-details.cfm?exhid=316466,,https://www.facebook.com/lauretana.it,,,,,,,partial,1
Le Carline,Italy,Pramaggiore,,Summer Fancy Food Show 2026,https://lecarline.com/,,0039 0421799741,,,Level 1 — 4939B — Italy,https://sff2026.mapyourshow.com/8_0/exhibitor/exhibitor-details.cfm?exhid=348483,,,,,,,,,partial,1
Le Gruyere AOP,Switzerland,Pringy,,Summer Fancy Food Show 2026,http://www.gruyere.com,interprofession@gruyere.com,+41 (0) 26 921 84 10,https://www.linkedin.com/company/gruyereaop,https://www.instagram.com/gruyere_aop,Level 3 — 747 — Deli Pavilion,https://sff2026.mapyourshow.com/8_0/exhibitor/exhibitor-details.cfm?exhid=111295,,https://www.facebook.com/GruyereAOP,,,,,,,partial,2
LE VIE DEL TARTUFO / TARTUFI JIMMY,Italy,PIETRALUNGA,,Summer Fancy Food Show 2026,https://www.jimmytartufi.it/,,+390759460452,,,Level 3 — 3131 — Italy,https://sff2026.mapyourshow.com/8_0/exhibitor/exhibitor-details.cfm?exhid=314539,,,,,,,,,partial,1
Le Waf the artisan Waffle,United States,Carnelian Bay,,Summer Fancy Food Show 2026,http://www.lewaf.com/,info@lewaf.com,530-581-0600,,https://www.instagram.com/mikadothemes,Level 3 — 3167,https://sff2026.mapyourshow.com/8_0/exhibitor/exhibitor-details.cfm?exhid=129634,,https://www.facebook.com/Mikado-Themes-884182241781117,,,,,,,partial,2
LEAVEYOURS SRL,Italy,Biella,,Summer Fancy Food Show 2026,https://naturalboom.it/,,+39 333 924 006,https://www.linkedin.com/company/naturalboom,https://www.instagram.com/mentaldrinknaturalboom,Level 3 — 3354,https://sff2026.mapyourshow.com/8_0/exhibitor/exhibitor-details.cfm?exhid=341677,,https://www.facebook.com/nutrelatuamente,,,,,,,partial,1
Lee Bros Foodservices Inc,United States,San Jose,,Summer Fancy Food Show 2026,http://www.leebros.com,,+14082750700,,,Level 3 — 1049,https://sff2026.mapyourshow.com/8_0/exhibitor/exhibitor-details.cfm?exhid=121948,,,,,,,,,partial,1
Lentiful,United States,Broomfield,,Summer Fancy Food Show 2026,http://www.eatlentiful.com,michaelsilber@gmail.com,720-272-8024,,https://www.instagram.com/lentiful,Level 1 — 4827 — Naturally Network,https://sff2026.mapyourshow.com/8_0/exhibitor/exhibitor-details.cfm?exhid=310070,,https://www.facebook.com/Lentiful,,,,,,,partial,1
Lentil Telepathy,United States,Oceanside,,Summer Fancy Food Show 2026,https://www.lentiltelepathy.com/,,+13104864039,,https://www.instagram.com/lentiltelepathy,"Level 3 — 2373 — Confectionery, Snacks and Sweets Pavilion",https://sff2026.mapyourshow.com/8_0/exhibitor/exhibitor-details.cfm?exhid=343595,,https://www.facebook.com/LentilTelepathy,,,,,,,partial,1
Ler V Group Inc,United States,Rowland Heights,,Summer Fancy Food Show 2026,https://www.lervgroup.com,,+16266215520,https://www.linkedin.com/company/wix-com,,Level 3 — 1772,https://sff2026.mapyourshow.com/8_0/exhibitor/exhibitor-details.cfm?exhid=347641,,https://www.facebook.com/wix,,,,,,,partial,1
Les Collines,United States,Craryville,,Summer Fancy Food Show 2026,https://www.lescollines.shop,,+13475599531,,https://www.instagram.com/lescollinespreserves,Level 1 — 4310A — Emerge CPG,https://sff2026.mapyourshow.com/8_0/exhibitor/exhibitor-details.cfm?exhid=347874,,https://www.facebook.com/profile.php,,,,,,,partial,1
Let Them Eat Candles,United States,Glencoe,,Summer Fancy Food Show 2026,http://www.letthemeatcandles.com/,LTEC4Esc-singles-swirls1_x360@2x.jpg,+18479998743,,https://www.instagram.com/letthemeatcandles,"Level 3 — 2552 — Confectionery, Snacks and Sweets Pavilion",https://sff2026.mapyourshow.com/8_0/exhibitor/exhibitor-details.cfm?exhid=133606,,https://www.facebook.com/LetThemEatCandles,,,,,,,partial,2
Levoni America,United States,Millville,,Summer Fancy Food Show 2026,http://www.levoni.us,Info.us@levoni.com,(640)252-500,,https://www.instagram.com/levonisalumi,Level 3 — 2854,https://sff2026.mapyourshow.com/8_0/exhibitor/exhibitor-details.cfm?exhid=155978,,https://www.facebook.com/levonisalumi,,,,,,,partial,2
Lezzettar A.S.,Turkey,Istanbul,,Summer Fancy Food Show 2026,https://lezzafoods.com/,info@lezzafoods.com,https://api.whatsapp.com/send?text=https%3A%2F%2Flezzafoods.com%2Fyou-are-invited-to-our-stand-at-world-food-istanbul%2F,,https://www.instagram.com/lezzafoods,Level 3 — 1877,https://sff2026.mapyourshow.com/8_0/exhibitor/exhibitor-details.cfm?exhid=301334,,,,,,,,,partial,2
Life Plus Style Gourmet LLC,United States,Holtsville,,Summer Fancy Food Show 2026,https://lpsgourmet.com/,ecom-swiper@11.css,516-823-3001,,https://www.instagram.com/lifeplusstylegourmet,Level 1 — 5012,https://sff2026.mapyourshow.com/8_0/exhibitor/exhibitor-details.cfm?exhid=117720,,https://www.facebook.com/profile.php,,,,,,,partial,2
"Lifeway Foods, Inc.",United States,Morton Grove,,Summer Fancy Food Show 2026,https://www.lifewaykefir.com,,(847) 967-1010,,http://instagram.com/lifewaykefir,Level 1 — 5638,https://sff2026.mapyourshow.com/8_0/exhibitor/exhibitor-details.cfm?exhid=1342,,http://www.facebook.com/lifewaykefir,,,,,,,partial,1
Ligao Foods USA Inc.,United States,Anaheim,,Summer Fancy Food Show 2026,https://www.ligaofoods.com,,9097809800,,,Level 3 — 270,https://sff2026.mapyourshow.com/8_0/exhibitor/exhibitor-details.cfm?exhid=334605,,,,,,,,,partial,1
Liguria - The Italian Riviera,Italy,Genova,,Summer Fancy Food Show 2026,https://lamialiguria.it/,agenziainliguria@pec.it,+39 010 530821,,https://www.instagram.com/lamialiguria,Level 1 — 4934 — Italy,https://sff2026.mapyourshow.com/8_0/exhibitor/exhibitor-details.cfm?exhid=341664,,https://www.facebook.com/lamialiguria.official,,,,,,,partial,2
Liguria International,Italy,Genoa,,Summer Fancy Food Show 2026,https://www.liguriainternational.it,info@liguriainternational.it,0039-108403266,https://it.linkedin.com/company/liguria-international,https://www.instagram.com/liguriainternational,Level 1 — 4936 — Italy,https://sff2026.mapyourshow.com/8_0/exhibitor/exhibitor-details.cfm?exhid=335580,,https://www.facebook.com/liguriainternational,,,,,,,partial,2
Like Air,United States,Madison,,Summer Fancy Food Show 2026,https://www.likeair.com/,help@likeairsnacks.com,908-672-7285,,https://www.instagram.com/likeairsnacks,Level 1 — 6328 — New Jersey,https://sff2026.mapyourshow.com/8_0/exhibitor/exhibitor-details.cfm?exhid=327053,,https://www.facebook.com/likeairsnacks,,,,,,,partial,2
Lil Bucks LLC,United States,Trout Valley,,Summer Fancy Food Show 2026,https://lovelilbucks.com/,hola@lilbucks.com,3039034630,,https://instagram.com/lovelilbucks,Level 1 — 4724 — Naturally Network,https://sff2026.mapyourshow.com/8_0/exhibitor/exhibitor-details.cfm?exhid=341568,,,,,,,,,partial,2
LINCET,France,SALIGNY,,Summer Fancy Food Show 2026,https://fromagerie-lincet.net/,,0033386978397,https://www.linkedin.com/company/fromagerie-lincet/posts,https://www.instagram.com/fromagerielincet,Level 3 — 933A — France,https://sff2026.mapyourshow.com/8_0/exhibitor/exhibitor-details.cfm?exhid=302328,,https://www.facebook.com/fromagerielincet,,,,,,,partial,1
Linear LLC,United States,duarte,,Summer Fancy Food Show 2026,https://www.linearbar.com/,linda@linearbar.com,+118186404878,,https://www.instagram.com/linear_bar,Level 3 — 276,https://sff2026.mapyourshow.com/8_0/exhibitor/exhibitor-details.cfm?exhid=344279,,https://www.facebook.com/linearbar,,,,,,,partial,2
Liodry Foods S.p.A.,Italy,Gattatico,,Summer Fancy Food Show 2026,http://www.liodryfoods.com,info@liodryfoods.com,0039-0522908725,https://www.linkedin.com/company/liodry-foods,,Level 1 — 5044 — Italy,https://sff2026.mapyourshow.com/8_0/exhibitor/exhibitor-details.cfm?exhid=348494,,,,,,,,,partial,2
Liokareas Greek Imports,United States,Bethel Park,,Summer Fancy Food Show 2026,https://www.liokareas.com,sales@liokareas.com,412-551-8934,,https://www.instagram.com/liokareas,Level 3 — 1759,https://sff2026.mapyourshow.com/8_0/exhibitor/exhibitor-details.cfm?exhid=305336,,https://www.facebook.com/tr,,,,,,,partial,2
Lioni Latticini Mozzarella Company,United States,Union,,Summer Fancy Food Show 2026,http://www.lionimozzarella.com/,info@lionimozzarella.com,908-686-6061,,https://www.instagram.com/lionilatticini,Level 3 — 2064,https://sff2026.mapyourshow.com/8_0/exhibitor/exhibitor-details.cfm?exhid=3324,,,,,,,,,partial,2
Lipari Foods Operating Company LLC,United States,Warren,,Summer Fancy Food Show 2026,https://www.liparifoods.com,,+18108362170,https://www.linkedin.com/company/lipari-foods,,Level 3 — 3149,https://sff2026.mapyourshow.com/8_0/exhibitor/exhibitor-details.cfm?exhid=102810,,https://www.facebook.com/liparifoods,,,,,,,partial,1
LIQUID INTELLIGENCE LTD,Canada,North Vancouver,,Summer Fancy Food Show 2026,https://drinkaelo.com,hello@drinkaelo.com,6049702976,,https://www.instagram.com/drinkaelo,River Pavilion — 7331 — Good Food Mercantile (Sunday Only),https://sff2026.mapyourshow.com/8_0/exhibitor/exhibitor-details.cfm?exhid=343720,,https://www.facebook.com/drinkaelo,,,,,,,partial,2
Little Latke,United States,Dallas,,Summer Fancy Food Show 2026,https://www.littlelatke.com/,hello@littlelatke.com,+12144602169,,https://www.instagram.com/little.latke,Level 1 — 4522 — Startup CPG,https://sff2026.mapyourshow.com/8_0/exhibitor/exhibitor-details.cfm?exhid=347524,,,,,,,,,partial,2
Little Sesame,United States,Forestville,,Summer Fancy Food Show 2026,https://www.eatlittlesesame.com/,,+19782108090,https://www.linkedin.com/company/little-sesame,https://www.instagram.com/eatlittlesesame,Level 1 — 4814,https://sff2026.mapyourshow.com/8_0/exhibitor/exhibitor-details.cfm?exhid=318275,,https://www.facebook.com/EatLittleSesame,,,,,,,partial,1
Little Twists LLC,United States,New York,,Summer Fancy Food Show 2026,https://eatlittletwists.com/,,+15614796196,,,Level 1 — 4619A — Startup CPG,https://sff2026.mapyourshow.com/8_0/exhibitor/exhibitor-details.cfm?exhid=347968,,,,,,,,,partial,1
Little Waves Coffee Roasters,United States,Durham,,Summer Fancy Food Show 2026,https://littlewaves.coffee,four_logos_reordered_single_new_white40_background_b8996c41-53e8-4999-9eef-5bb243731cc9_380x@2x.png,(919) 213-0760,,https://www.instagram.com/littlewaves.coffee,River Pavilion — 7408 — Good Food Mercantile (Sunday Only),https://sff2026.mapyourshow.com/8_0/exhibitor/exhibitor-details.cfm?exhid=347810,,https://www.facebook.com/littlewavescoffee,,,,,,,partial,2
Little Yellow Elephant Inc,United States,Los Angeles,,Summer Fancy Food Show 2026,https://yelophant.com,,+16305701419,,https://www.instagram.com/yelophant2020,Level 3 — 1159,https://sff2026.mapyourshow.com/8_0/exhibitor/exhibitor-details.cfm?exhid=346877,,,,,,,,,partial,1
Live a little PURA,United States,Pittsburgh,,Summer Fancy Food Show 2026,https://drinkpura.co/,,+18008017302,,https://www.instagram.com/livealittlepura,Level 1 — 5614 — Beverage Pavilion,https://sff2026.mapyourshow.com/8_0/exhibitor/exhibitor-details.cfm?exhid=315706,,,,,,,,,partial,1
LLC Prestige Concept,United States,Staten Island,,Summer Fancy Food Show 2026,https://greenapple.itemcatalog.biz/,platomarketllc@gmail.com,6468771378,,,Level 1 — 6327 — New Jersey,https://sff2026.mapyourshow.com/8_0/exhibitor/exhibitor-details.cfm?exhid=312252,,,,,,,,,partial,1
LMC Foods,United States,Farmingdale,,Summer Fancy Food Show 2026,https://lmc-foods.com,,+15613767874,,,Level 1 — 3716,https://sff2026.mapyourshow.com/8_0/exhibitor/exhibitor-details.cfm?exhid=348523,,,,,,,,,partial,1
"Loacker USA, Inc.",United States,Jersey City,,Summer Fancy Food Show 2026,http://loackerusa.com,,212-742-8510,,https://www.instagram.com/loacker,"Level 3 — 2440 — Confectionery, Snacks and Sweets Pavilion",https://sff2026.mapyourshow.com/8_0/exhibitor/exhibitor-details.cfm?exhid=124137,,https://www.facebook.com/Loacker,,,,,,,partial,1
"Loc Maria Biscuits, Inc",United States,Miami,,Summer Fancy Food Show 2026,http://www.locmaria.fr/,,786-281-1851,,,"Level 3 — 2453 — Confectionery, Snacks and Sweets Pavilion",https://sff2026.mapyourshow.com/8_0/exhibitor/exhibitor-details.cfm?exhid=131839,,,,,,,,,partial,1
LOCOCO Company LLC,United States,Park City,,Summer Fancy Food Show 2026,https://lococomagic.com/,,+13129616920,,https://instagram.com/lococo_magic,River Pavilion — 7103B-S — SFA Spark Pavilion,https://sff2026.mapyourshow.com/8_0/exhibitor/exhibitor-details.cfm?exhid=349294,,,,,,,,,partial,1
LOHSO LLC,United States,New York,,Summer Fancy Food Show 2026,https://mylohso.com/,hi@mylohso.com,+18473730860,,https://www.instagram.com/solohso,Level 1 — 4925A — Naturally Network,https://sff2026.mapyourshow.com/8_0/exhibitor/exhibitor-details.cfm?exhid=347584,,,,,,,,,partial,2
LOI,United States,New York,,Summer Fancy Food Show 2026,http://theloilife.com,info@loibrand.com,212-713-0016,,https://www.instagram.com/chefmarialoi,Level 1 — 5648,https://sff2026.mapyourshow.com/8_0/exhibitor/exhibitor-details.cfm?exhid=190093,,https://www.facebook.com/chefmarialoi,,,,,,,partial,2
Londaridzeebis Bio Ghvino LLC,Georgia,Tbilisi,,Summer Fancy Food Show 2026,https://imedavineyards.com/,ImedaVineyards@proton.me,+995599190898,,,Level 3 — 2411 — Georgia,https://sff2026.mapyourshow.com/8_0/exhibitor/exhibitor-details.cfm?exhid=349236,,,,,,,,,partial,2
Long Weekend,United States,New York,,Summer Fancy Food Show 2026,https://eatlongweekend.com/,,+17168671470,,https://instagram.com/eatlongweekend,Level 1 — 4201,https://sff2026.mapyourshow.com/8_0/exhibitor/exhibitor-details.cfm?exhid=341566,,https://www.facebook.com/eatlongweekend,,,,,,,partial,1
Loopini Inc.,United States,New york,,Summer Fancy Food Show 2026,https://eatloopini.com/,info@eatloopini.com,3322718862,https://www.linkedin.com/company/loopini,https://www.instagram.com/loopini,Level 1 — 4720 — Naturally Network,https://sff2026.mapyourshow.com/8_0/exhibitor/exhibitor-details.cfm?exhid=336198,,https://www.facebook.com/profile.php,,,,,,,partial,2
"Lor Eak Heng Sek Meas Rice Co.,Ltd",Cambodia,Phnom Penh,,Summer Fancy Food Show 2026,http://lehsekmeasrice.com,,+85587686768,,,Level 1 — 3514 — Cambodia,https://sff2026.mapyourshow.com/8_0/exhibitor/exhibitor-details.cfm?exhid=348347,,,,,,,,,partial,1
"Lotito Foods, Inc",United States,Edison,,Summer Fancy Food Show 2026,https://www.lotitofoods.com,info@lotitofoods.com,732 248 0222,https://www.linkedin.com/company/lotito-foods,,"Level 3 — 2650 — Confectionery, Snacks and Sweets Pavilion",https://sff2026.mapyourshow.com/8_0/exhibitor/exhibitor-details.cfm?exhid=2322,,https://www.facebook.com/pages/Lotito,,,,,,,partial,2
Lotte Int'l America Corp,United States,City of Industry,,Summer Fancy Food Show 2026,https://milkisusa.myshopify.com/,,+12136888806,,https://www.instagram.com/milkisusa,Level 1 — 5322,https://sff2026.mapyourshow.com/8_0/exhibitor/exhibitor-details.cfm?exhid=310031,,,,,,,,,partial,1
Louis François,France,Collegian,,Summer Fancy Food Show 2026,https://www.louisfrancois.com,clients@louisfrancois.com,+33 164627420,http://www.linkedin.com/company/louis-francois,http://www.instagram.com/louisfrancois_ingredients,Level 3 — 929 — France,https://sff2026.mapyourshow.com/8_0/exhibitor/exhibitor-details.cfm?exhid=317435,,,,,,,,,partial,2
LOVE CORN,United States,Ho-Ho-Kus,,Summer Fancy Food Show 2026,https://www.lovecorn.com,,+15514276027,,,Level 1 — 6316 — Massachusetts,https://sff2026.mapyourshow.com/8_0/exhibitor/exhibitor-details.cfm?exhid=302831,,,,,,,,,partial,1
Lovetta,United States,Garfield,,Summer Fancy Food Show 2026,https://lovettas.com/,,+18628234849,,,Level 3 — 1574,https://sff2026.mapyourshow.com/8_0/exhibitor/exhibitor-details.cfm?exhid=341061,,,,,,,,,partial,1
Lowtide Goods LLC,United States,Chicago,,Summer Fancy Food Show 2026,https://lowtidegoods.com/,,+12076103231,,,River Pavilion — 7012B — Debut District,https://sff2026.mapyourshow.com/8_0/exhibitor/exhibitor-details.cfm?exhid=341426,,,,,,,,,partial,1
LQC Inc.,United States,NORWOOD,,Summer Fancy Food Show 2026,http://www.cocogoodsco.com,,860-680-3819,,,Level 1 — 5915,https://sff2026.mapyourshow.com/8_0/exhibitor/exhibitor-details.cfm?exhid=310691,,,,,,,,,partial,1
"Luba Libations, Inc",United States,Sturgeon Bay,,Summer Fancy Food Show 2026,https://drinkluba.com/,,+19205075822,,,Level 1 — 5725 — Beverage Pavilion,https://sff2026.mapyourshow.com/8_0/exhibitor/exhibitor-details.cfm?exhid=343020,,,,,,,,,partial,1
Luciana Mosconi srl,Italy,Matelica,,Summer Fancy Food Show 2026,https://www.lucianamosconi.com/,,00390737787424,,,Level 3 — 2624 — Italy,https://sff2026.mapyourshow.com/8_0/exhibitor/exhibitor-details.cfm?exhid=341663,,,,,,,,,partial,1
LVBImports LLC,United States,Costa Mesa,,Summer Fancy Food Show 2026,https://www.lvbimports.com/,sragosa@lvbimports.com,+16193350352,,http://instagram.com/wix,Level 3 — 959,https://sff2026.mapyourshow.com/8_0/exhibitor/exhibitor-details.cfm?exhid=212008,,http://www.facebook.com/wix,,,,,,,partial,2
"M*STARD, llc",United States,Ellenville,,Summer Fancy Food Show 2026,https://mstard.com/,,+18452725995,,,River Pavilion — 7037 — Debut District,https://sff2026.mapyourshow.com/8_0/exhibitor/exhibitor-details.cfm?exhid=337813,,,,,,,,,partial,1
Macaron Queen LLC,United States,Clarkesville,,Summer Fancy Food Show 2026,https://macaronqueen.com,,+17703634806,,,Level 1 — 5263,https://sff2026.mapyourshow.com/8_0/exhibitor/exhibitor-details.cfm?exhid=268770,,,,,,,,,partial,1
Macaronade de Castel,France,MESNIL-SAINT-NICAISE,,Summer Fancy Food Show 2026,https://ajifoodsolutions.eu/,didier.jean@email.com,06 43 84 78 27,https://www.linkedin.com/company/ajinomoto-foods-europe-solutions-ingredients,,Level 3 — 720 — France,https://sff2026.mapyourshow.com/8_0/exhibitor/exhibitor-details.cfm?exhid=347612,,,,,,,,,partial,2
"MACHIDA FOODS Co.,Ltd",Japan,"Kuzawa, Fuji City, Shizuoka Prefecture",,Summer Fancy Food Show 2026,https://machida-shokuhin.co.jp/,,+810545713833,,https://www.instagram.com/machida_shokuhin,River Pavilion — 7118C — SFA Spark Pavilion,https://sff2026.mapyourshow.com/8_0/exhibitor/exhibitor-details.cfm?exhid=348791,,,,,,,,,partial,1
Mad Mac LLC,United States,Paterson,,Summer Fancy Food Show 2026,https://madmacnyc.com/,,+19732250930,,,Level 1 — 5973B,https://sff2026.mapyourshow.com/8_0/exhibitor/exhibitor-details.cfm?exhid=339949,,,,,,,,,partial,1
Mad Mutz LLC,United States,Atlantic City,,Summer Fancy Food Show 2026,https://www.madmutz.com/,,3472312710,,https://www.instagram.com/madmutz,Level 1 — 6324 — New Jersey,https://sff2026.mapyourshow.com/8_0/exhibitor/exhibitor-details.cfm?exhid=342627,,https://www.facebook.com/MadMutzLab,,,,,,,partial,1
Madame Susan Lifestyle LLC,United States,Brooklyn,,Summer Fancy Food Show 2026,https://www.madamesusan.com/,,+12146822276,,,River Pavilion — 7021A — Debut District,https://sff2026.mapyourshow.com/8_0/exhibitor/exhibitor-details.cfm?exhid=337511,,,,,,,,,partial,1
MAE Fine Foods LLC,United States,Avondale,,Summer Fancy Food Show 2026,https://maefinefoods.com,social@maefinefoods.com,+15203482742,https://www.linkedin.com/company/mae-fine-foods-llc,https://www.instagram.com/maefinefoods,"Level 3 — 2444 — Confectionery, Snacks and Sweets Pavilion",https://sff2026.mapyourshow.com/8_0/exhibitor/exhibitor-details.cfm?exhid=157815,,https://www.facebook.com/tr,,,,,,,partial,2
Maestri d'Italia Inc.,United States,Lakewood,,Summer Fancy Food Show 2026,http://www.maestriditalia.com/,,732-901-0949,,,Level 3 — 2867,https://sff2026.mapyourshow.com/8_0/exhibitor/exhibitor-details.cfm?exhid=125164,,,,,,,,,partial,1
Maestri Italiani LLC,United States,San Diego,,Summer Fancy Food Show 2026,https://www.maestriitaliani.net,JavierMarin@maestriitaliani.net,+18582395007,https://www.linkedin.com/company/maestri-italiani-llc,,Level 1 — 3620,https://sff2026.mapyourshow.com/8_0/exhibitor/exhibitor-details.cfm?exhid=347932,,,,,,,,,partial,2
Maggie Lyon Chocolatiers,United States,Norcross,,Summer Fancy Food Show 2026,http://www.maggielyon.com/,sales@maggielyon.com,770-446-1299,,https://www.instagram.com/maggielyonchocolatiers,Level 1 — 5533,https://sff2026.mapyourshow.com/8_0/exhibitor/exhibitor-details.cfm?exhid=1632,,http://www.facebook.com/2008/fbml,,,,,,,partial,2
Magic Seasoning Blends,United States,New Orleans,,Summer Fancy Food Show 2026,http://www.chefpaul.com,,5047313590,,https://www.instagram.com/magicseasoningblends,Level 3 — 1758,https://sff2026.mapyourshow.com/8_0/exhibitor/exhibitor-details.cfm?exhid=1696,,https://www.facebook.com/kpaulslouisianakitchen,,,,,,,partial,1
Magnolia Bakery,United States,New York,,Summer Fancy Food Show 2026,https://www.magnoliabakery.com,,212-265-2777,,,Level 1 — 5541,https://sff2026.mapyourshow.com/8_0/exhibitor/exhibitor-details.cfm?exhid=301713,,,,,,,,,partial,1
Magnum Coffee Roastery,United States,Nunica,,Summer Fancy Food Show 2026,https://www.magnumcoffee.com,,616-837-0333,,https://www.instagram.com/magnumcoffee,Level 3 — 936,https://sff2026.mapyourshow.com/8_0/exhibitor/exhibitor-details.cfm?exhid=5595,,https://www.facebook.com/MagnumCoffeeRoastery,,,,,,,partial,1
Maia Yogurt,United States,Hamden,,Summer Fancy Food Show 2026,http://www.maiayogurt.com,,203-645-2406,,,Level 1 — 6435B,https://sff2026.mapyourshow.com/8_0/exhibitor/exhibitor-details.cfm?exhid=316627,,,,,,,,,partial,1
"Maine Grains, Inc.",United States,Skowhegan,,Summer Fancy Food Show 2026,https://mainegrains.com/,,207-474-8001,,,River Pavilion — 7443 — Good Food Mercantile (Sunday Only),https://sff2026.mapyourshow.com/8_0/exhibitor/exhibitor-details.cfm?exhid=314847,,,,,,,,,partial,1
Maine Sauce and Provisions LLC,United States,Newcastle,,Summer Fancy Food Show 2026,https://mainesauce.com,,+12073503926,,,River Pavilion — 7330 — Good Food Mercantile (Sunday Only),https://sff2026.mapyourshow.com/8_0/exhibitor/exhibitor-details.cfm?exhid=313316,,,,,,,,,partial,1
MAISON ANDRESY,France,MAURECOURT,,Summer Fancy Food Show 2026,https://www.maison-andresy.com/,export@confitures-a-lancienne.fr,+33 (0)7 50 75 69 97,https://fr.linkedin.com/company/andresy-confitures,https://www.instagram.com/andresy78,Level 3 — 833 — France,https://sff2026.mapyourshow.com/8_0/exhibitor/exhibitor-details.cfm?exhid=341407,,,,,,,,,partial,2
Maison Bruyere,France,LAGRAVE,,Summer Fancy Food Show 2026,https://www.ww.maisonbruyere.fr,,+ 33 5 63 81 19 66,,,Level 3 — 830 — France,https://sff2026.mapyourshow.com/8_0/exhibitor/exhibitor-details.cfm?exhid=316501,,,,,,,,,partial,1
Maison Martegale,France,Aubagne,,Summer Fancy Food Show 2026,https://pro.aulica.fr/,info@promorf.com,+33 (0)6 12 66 68 84,,,Level 3 — 828 — France,https://sff2026.mapyourshow.com/8_0/exhibitor/exhibitor-details.cfm?exhid=335841,,,,,,,,,partial,2
Maison Rougie,France,Lescar,,Summer Fancy Food Show 2026,https://www.rougie.us/,user@domain.com,2014781003,,https://www.instagram.com/rougieamerique,Level 3 — 732 — France,https://sff2026.mapyourshow.com/8_0/exhibitor/exhibitor-details.cfm?exhid=316786,,http://www.facebook.com/2008/fbml,,,,,,,partial,2
Malai,United States,Brooklyn,,Summer Fancy Food Show 2026,http://malai.co/,info@malai.co,+13478895789,,https://www.instagram.com/malai_icecream,Level 1 — 6137 — Brooklyn,https://sff2026.mapyourshow.com/8_0/exhibitor/exhibitor-details.cfm?exhid=129240,,http://www.facebook.com/2008/fbml,,,,,,,partial,2
Maluli’s kitchen,United States,Lodi,,Summer Fancy Food Show 2026,https://maluliskitchen.com/,,+19173275091,,,River Pavilion — 7025A — Debut District,https://sff2026.mapyourshow.com/8_0/exhibitor/exhibitor-details.cfm?exhid=347421,,,,,,,,,partial,1
Mama Knows,United States,Garland,,Summer Fancy Food Show 2026,https://mamaknowswaffles.com/,,+19734050170,,,River Pavilion — 7017B — SFA Spark Pavilion,https://sff2026.mapyourshow.com/8_0/exhibitor/exhibitor-details.cfm?exhid=348511,,,,,,,,,partial,1
Mama O's Premium Kimchi,United States,Hollis,,Summer Fancy Food Show 2026,http://www.kimchirules.com/,,+18447626267,,,Level 1 — 6136 — Brooklyn,https://sff2026.mapyourshow.com/8_0/exhibitor/exhibitor-details.cfm?exhid=105951,,,,,,,,,partial,1
"Manchester Farms, Inc.",United States,Columbia,,Summer Fancy Food Show 2026,https://manchesterfarms.com/,acovington@manchesterfarms.com,800-845-0421,,https://www.instagram.com/manchesterquail,Level 3 — 1352,https://sff2026.mapyourshow.com/8_0/exhibitor/exhibitor-details.cfm?exhid=335451,,https://www.facebook.com/tr,,,,,,,partial,2
Manfredi Barbera USA Corp.,Italy,Palermo,,Summer Fancy Food Show 2026,https://www.oliobarbera.it,info@oliobarbera.it,+39 091 582 900,,https://www.instagram.com/premiati_oleifici_barbera,Level 3 — 2629 — Italy,https://sff2026.mapyourshow.com/8_0/exhibitor/exhibitor-details.cfm?exhid=211722,,https://www.facebook.com/oliobarbera,,,,,,,partial,2
Manicaretti Italian Food Imports,United States,Oakland,,Summer Fancy Food Show 2026,http://www.manicaretti.com/,,510-740-2020,,https://www.instagram.com/manicaretti_italian,Level 3 — 2136,https://sff2026.mapyourshow.com/8_0/exhibitor/exhibitor-details.cfm?exhid=1832,,https://www.facebook.com/manicaretti,,,,,,,partial,1
Manny's Ultimate Mixes,United States,NY,,Summer Fancy Food Show 2026,https://www.mannysultimatemixes.com/,info@mannysultimatemixes.com,+19174949607,https://linkedin.com/company/mannysultimatemixes,https://www.instagram.com/mannysultimatemixes,River Pavilion — 7136 — Debut District,https://sff2026.mapyourshow.com/8_0/exhibitor/exhibitor-details.cfm?exhid=348282,,,,,,,,,partial,2
"Manoli Canoli Imports, Inc.",United States,chevy chase,,Summer Fancy Food Show 2026,https://www.manolicanoli.net/,,12402777528,,,Level 3 — 577 — Deli Pavilion,https://sff2026.mapyourshow.com/8_0/exhibitor/exhibitor-details.cfm?exhid=335214,,,,,,,,,partial,1
Mantis BBQ,United States,East Moriches,,Summer Fancy Food Show 2026,https://mantisbbq.com,impallari@gmail.com,914-874-4479,,https://www.instagram.com/Mantis_BBQ,Level 1 — 6160 — NewYork,https://sff2026.mapyourshow.com/8_0/exhibitor/exhibitor-details.cfm?exhid=307386,,https://www.facebook.com/MantisBBQ,,,,,,,partial,1
MANUFACTURE PAYSAC,France,Genas,,Summer Fancy Food Show 2026,https://www.manufacture-paysac.fr/,,+33 4 28 70 64 20,,,Level 3 — 931A — France,https://sff2026.mapyourshow.com/8_0/exhibitor/exhibitor-details.cfm?exhid=347985,,,,,,,,,partial,1
Maplebrook Farm,United States,North Bennington,,Summer Fancy Food Show 2026,http://www.maplebrookvt.com,,802-440-9950,,,Level 1 — 6337 — Vermont,https://sff2026.mapyourshow.com/8_0/exhibitor/exhibitor-details.cfm?exhid=103808,,,,,,,,,partial,1
MARBELIZE S.A.,Ecuador,Jaramijo,,Summer Fancy Food Show 2026,https://marbelize.com/,,+593 96 995 6471,,,Level 3 — 326A — Ecuador,https://sff2026.mapyourshow.com/8_0/exhibitor/exhibitor-details.cfm?exhid=348909,,,,,,,,,partial,1
marcagel srl,Italy,selva del montello,,Summer Fancy Food Show 2026,http://www.marcagel.com,,+393341320423,,,Level 1 — 3418,https://sff2026.mapyourshow.com/8_0/exhibitor/exhibitor-details.cfm?exhid=348420,,,,,,,,,partial,1
Marcos Salamanca,United States,Larchmont,,Summer Fancy Food Show 2026,https://www.marcossalamanca.com,info@marcossalamanca.com,914-216-9977,,https://www.instagram.com/marcos_sotoserrano,Level 3 — 1471,https://sff2026.mapyourshow.com/8_0/exhibitor/exhibitor-details.cfm?exhid=302010,,https://www.facebook.com/Marcos-Salamanca-104207801353025,,,,,,,partial,2
Mare Piu' srl,Italy,Altidona,,Summer Fancy Food Show 2026,https://www.marepiusrl.com/,info@marepiusrl.com,39346276148,,https://www.instagram.com/mare_piu,Level 3 — 2408 — Italy,https://sff2026.mapyourshow.com/8_0/exhibitor/exhibitor-details.cfm?exhid=341651,,https://www.facebook.com/Marepiu,,,,,,,partial,2
Margherita SpA,Italy,Fregona,,Summer Fancy Food Show 2026,https://www.margheritagroup.com,,00390438915081,https://www.linkedin.com/company/margheritasrl,https://www.instagram.com/repomodoropizza,Level 3 — 3206B,https://sff2026.mapyourshow.com/8_0/exhibitor/exhibitor-details.cfm?exhid=348461,,https://www.facebook.com/repomodoropizza,,,,,,,partial,1
MARIA TSELEPIDOU KAI SIA EE,Greece,CHALKIDIKI,,Summer Fancy Food Show 2026,https://sofiscookies.gr/,info@sofiscookies.gr,302399051617,,,Level 3 — 2026B — Greece,https://sff2026.mapyourshow.com/8_0/exhibitor/exhibitor-details.cfm?exhid=336118,,https://www.facebook.com/Sofis-Cookies-115242348563601,,,,,,,partial,2
Marianne's Harvest,United States,Arbuckle,,Summer Fancy Food Show 2026,https://mariannesharvest.com/,,+15307239824,,,Level 1 — 4821 — Naturally Network,https://sff2026.mapyourshow.com/8_0/exhibitor/exhibitor-details.cfm?exhid=344039,,,,,,,,,partial,1
Maricota,Brazil,Luz,,Summer Fancy Food Show 2026,https://www.maricotaalimentos.com.br/,sac@maricota.com,+55 11 98583-0154,,,Level 3 — 130B — Brazil,https://sff2026.mapyourshow.com/8_0/exhibitor/exhibitor-details.cfm?exhid=347958,,,,,,,,,partial,2
MARIEBEL SAS,France,LES LUCS SUR BOULOGNE,,Summer Fancy Food Show 2026,http://www.mariebel.com,info@masdeugroup.com,+33251465850,,,Level 3 — 821 — France,https://sff2026.mapyourshow.com/8_0/exhibitor/exhibitor-details.cfm?exhid=341414,,,,,,,,,partial,2
Marieke Gouda,United States,Thorp,,Summer Fancy Food Show 2026,http://www.mariekegouda.com,,715-669-5230,,,Level 3 — 450 — Deli Pavilion,https://sff2026.mapyourshow.com/8_0/exhibitor/exhibitor-details.cfm?exhid=105650,,,,,,,,,partial,1
MARIN FOOD USA Inc.,United States,Torrance,,Summer Fancy Food Show 2026,https://www.marinfood.co.jp/,,+81334531027,,https://www.instagram.com/marinfood_official,Level 1 — 5542,https://sff2026.mapyourshow.com/8_0/exhibitor/exhibitor-details.cfm?exhid=268700,,https://www.facebook.com/tr,,,,,,,partial,1
Marin French Cheese Company,United States,Petaluma,,Summer Fancy Food Show 2026,http://www.marinfrenchcheese.com,,707-934-5700,,,Level 3 — 668 — ACS Pavilion,https://sff2026.mapyourshow.com/8_0/exhibitor/exhibitor-details.cfm?exhid=25822,,,,,,,,,partial,1
Mariposa Dairy Ltd.,Canada,Lindsay,,Summer Fancy Food Show 2026,https://mariposadairy.ca/,info@mariposadairy.ca,17053412054,,,Level 3 — 748 — Deli Pavilion,https://sff2026.mapyourshow.com/8_0/exhibitor/exhibitor-details.cfm?exhid=338704,,,,,,,,,partial,2
Market Square Food Company LLC,United States,Park City,,Summer Fancy Food Show 2026,https://www.marketsquarefood.com/,,+18475996070,,https://www.instagram.com/happysnackscookies,Level 1 — 4830B — Naturally Network,https://sff2026.mapyourshow.com/8_0/exhibitor/exhibitor-details.cfm?exhid=1203,,https://www.facebook.com/happysnackscookies,,,,,,,partial,1
Market5201 LLC,United States,Spring,,Summer Fancy Food Show 2026,https://www.market5201.com/,,2816641195,,,Level 1 — 5855,https://sff2026.mapyourshow.com/8_0/exhibitor/exhibitor-details.cfm?exhid=327226,,,,,,,,,partial,1
Marky's Caviar,United States,Miami,,Summer Fancy Food Show 2026,https://www.markys.com,support@markys.com,3057589288,,https://www.instagram.com/markyscaviar,Level 3 — 1736,https://sff2026.mapyourshow.com/8_0/exhibitor/exhibitor-details.cfm?exhid=1510,,https://www.facebook.com/tr,,,,,,,partial,2
Marpensa,Ecuador,Portoviejo,,Summer Fancy Food Show 2026,https://www.marpensa.com,administracion@marpensa.com,593 52564541,,,Level 3 — 320B — Ecuador,https://sff2026.mapyourshow.com/8_0/exhibitor/exhibitor-details.cfm?exhid=316716,,https://www.facebook.com/marpensa,,,,,,,partial,2
marrō,United States,Roswell,,Summer Fancy Food Show 2026,https://www.drinkmarro.com,,+14044802469,,,Level 1 — 4615B — Startup CPG,https://sff2026.mapyourshow.com/8_0/exhibitor/exhibitor-details.cfm?exhid=347063,,,,,,,,,partial,1
Martin's Family Fruit Farm,Canada,Waterloo,,Summer Fancy Food Show 2026,http://www.martinsapples.com/,lifestyle-placeholder-5@2x.jpg,(519) 664-2750 (352),https://www.linkedin.com/company/2749345,https://www.instagram.com/MartinsApples,Level 1 — 4301,https://sff2026.mapyourshow.com/8_0/exhibitor/exhibitor-details.cfm?exhid=178262,,https://www.facebook.com/MartinsApples,,,,,,,partial,2
MartinoRossi,Italy,Malagnino,,Summer Fancy Food Show 2026,https://www.martinorossispa.it,sales@martinorossispa.it,+39 0372 85131,https://www.linkedin.com/company/martinorossispa,https://www.instagram.com/martinorossi_spa,Level 1 — 5049 — Italy,https://sff2026.mapyourshow.com/8_0/exhibitor/exhibitor-details.cfm?exhid=317440,,https://www.facebook.com/martinorossispa,,,,,,,partial,2
MARUKAI CORPORATION,Japan,Osaka-shi,,Summer Fancy Food Show 2026,https://www.marukai-food.com/,,+81-06-6443-0075,,https://www.instagram.com/junzo3____,Level 3 — 427 — Japan,https://sff2026.mapyourshow.com/8_0/exhibitor/exhibitor-details.cfm?exhid=325791,,,,,,,,,partial,1
Marullo Spa,Italy,Belpasso,,Summer Fancy Food Show 2026,https://www.marullospa.it,marketing@marullospa.it,390957725855,https://www.linkedin.com/company/marullo-spa,https://www.instagram.com/marullopistacchio,Level 3 — 3319 — Italy,https://sff2026.mapyourshow.com/8_0/exhibitor/exhibitor-details.cfm?exhid=348616,,https://www.facebook.com/pistacchio.spa,,,,,,,partial,2
"Marutou bussanhanbai co., ltd",Japan,Beppu-shi,,Summer Fancy Food Show 2026,https://en.marutou-b.com/,,+81-977-22-3294,,,Level 3 — 407 — Japan,https://sff2026.mapyourshow.com/8_0/exhibitor/exhibitor-details.cfm?exhid=347883,,,,,,,,,partial,1
Marx Companies,United States,Atlantic Highlands,,Summer Fancy Food Show 2026,http://www.marxcompanies.com/,sales@marximports.com,800 459 7349,,,Level 1 — 5946,https://sff2026.mapyourshow.com/8_0/exhibitor/exhibitor-details.cfm?exhid=114077,,,,,,,,,partial,2
Masala Pizza Frozen LLC,United States,Missouri City,,Summer Fancy Food Show 2026,https://www.masalapizzacompany.com/,,4136298200,,https://www.instagram.com/masala.pizza,Level 1 — 4321 — The Jazba Collective,https://sff2026.mapyourshow.com/8_0/exhibitor/exhibitor-details.cfm?exhid=337281,,https://www.facebook.com/Masalapizzacompany,,,,,,,partial,1
Massa Pizza Company,United States,Franklin Park,,Summer Fancy Food Show 2026,https://www.alamodefoods.com/,user@domain.com,847-671-1111,,,Level 3 — 1854,https://sff2026.mapyourshow.com/8_0/exhibitor/exhibitor-details.cfm?exhid=301591,,http://www.facebook.com/2008/fbml,,,,,,,partial,2
Mastiqe LLC,United States,Montclair,,Summer Fancy Food Show 2026,https://www.mastiqe.com/,,+16469460016,,,Level 1 — 4500,https://sff2026.mapyourshow.com/8_0/exhibitor/exhibitor-details.cfm?exhid=347548,,,,,,,,,partial,1
Matchaful,United States,New York,,Summer Fancy Food Show 2026,https://www.matchaful.com,,915-373-5393,,,Level 1 — 6263 — Massachusetts,https://sff2026.mapyourshow.com/8_0/exhibitor/exhibitor-details.cfm?exhid=211476,,,,,,,,,partial,1
Maverick Chocolate Company,United States,CINCINNATI,,Summer Fancy Food Show 2026,https://www.maverickchocolate.com,,+15133810561,,,River Pavilion — 7409 — Good Food Mercantile (Sunday Only),https://sff2026.mapyourshow.com/8_0/exhibitor/exhibitor-details.cfm?exhid=314408,,,,,,,,,partial,1
Maya,Israel,Jerusalem,,Summer Fancy Food Show 2026,https://www.maya-foods.com/,,+972522493987,,https://www.instagram.com/maya_foods_il,Level 3 — 109A — Israel,https://sff2026.mapyourshow.com/8_0/exhibitor/exhibitor-details.cfm?exhid=348612,,https://www.facebook.com/tr,,,,,,,partial,1
"Maytag Dairy Farms, Inc.",United States,Newton,,Summer Fancy Food Show 2026,https://www.maytagdairyfarms.com,,515-509-3169,,,Level 3 — 454 — Deli Pavilion,https://sff2026.mapyourshow.com/8_0/exhibitor/exhibitor-details.cfm?exhid=211777,,,,,,,,,partial,1
McClure's Pickles LLC,United States,Detroit,,Summer Fancy Food Show 2026,http://www.mcclurespickles.com,,2488379323,,,Level 1 — 6427 — Michigan,https://sff2026.mapyourshow.com/8_0/exhibitor/exhibitor-details.cfm?exhid=102688,,,,,,,,,partial,1
McConnell's Fine Ice Creams,United States,Oxnard,,Summer Fancy Food Show 2026,http://www.mcconnells.com/,,+18059638813,,,Level 1 — 5019,https://sff2026.mapyourshow.com/8_0/exhibitor/exhibitor-details.cfm?exhid=1207,,,,,,,,,partial,1
McMahon's Farm Inc.,United States,Hopewell Junction,,Summer Fancy Food Show 2026,http://www.mcmahonsfarm.com,,(845) 227-0120,,,Level 1 — 5306,https://sff2026.mapyourshow.com/8_0/exhibitor/exhibitor-details.cfm?exhid=36304,,,,,,,,,partial,1
"McSteven's, Inc.",United States,Sequim,,Summer Fancy Food Show 2026,https://www.pava.com,,2066127531,,,Level 1 — 5710 — Beverage Pavilion,https://sff2026.mapyourshow.com/8_0/exhibitor/exhibitor-details.cfm?exhid=1245,,,,,,,,,partial,1
Meadow Creek Dairy LLC,United States,Galax,,Summer Fancy Food Show 2026,http://www.meadowcreekdairy.com,info@meadowcreekdairy.com,+12762362776,,https://www.instagram.com/meadowcreekdairy,River Pavilion — 7300 — Good Food Mercantile (Sunday Only),https://sff2026.mapyourshow.com/8_0/exhibitor/exhibitor-details.cfm?exhid=348555,,https://www.facebook.com/meadowcreekdairy,,,,,,,partial,2
Med-West Food Importers LLC,United States,Sandpoint,,Summer Fancy Food Show 2026,https://www.medwestimporters.com/,terri@medwestimporters.com,+14696157332,,http://instagram.com/squarespace,Level 3 — 1872,https://sff2026.mapyourshow.com/8_0/exhibitor/exhibitor-details.cfm?exhid=126209,,http://www.facebook.com/2008/fbml,,,,,,,partial,2
Mediants LLC,United States,Miami,,Summer Fancy Food Show 2026,https://foods.mediants21.com,mdelfini@mediants21.com,+17863481576,,,Level 1 — 5938,https://sff2026.mapyourshow.com/8_0/exhibitor/exhibitor-details.cfm?exhid=338725,,,,,,,,,partial,2
MEDSOL SRL OLIO LUGLIO,Italy,Molfetta,,Summer Fancy Food Show 2026,https://olioluglio.it/,,+390803375629,,https://www.instagram.com/olio.luglio,Level 3 — 2508B — Italy,https://sff2026.mapyourshow.com/8_0/exhibitor/exhibitor-details.cfm?exhid=336225,,https://www.facebook.com/olioluglio,,,,,,,partial,1
Megabusiness,Peru,VENTANILLA,,Summer Fancy Food Show 2026,https://www.delcampofoods.com,,511967681473,,,Level 1 — 5282 — Peru,https://sff2026.mapyourshow.com/8_0/exhibitor/exhibitor-details.cfm?exhid=315985,,,,,,,,,partial,1
MEHMET TURKEL GIDA SANAYI VE TICARET LIMITED SIRKETI,Turkey,MALATYA,,Summer Fancy Food Show 2026,https://www.mehmetturkelfood.com/,,(90) 422-504 28 28,,,Level 3 — 1707 — Turkey,https://sff2026.mapyourshow.com/8_0/exhibitor/exhibitor-details.cfm?exhid=336089,,,,,,,,,partial,1
Mehran Spice & Food Industries,Pakistan,Karachi,,Summer Fancy Food Show 2026,http://www.mehrangroup.com,,009221 35076841,,,Level 3 — 1044,https://sff2026.mapyourshow.com/8_0/exhibitor/exhibitor-details.cfm?exhid=130176,,,,,,,,,partial,1
Mei Mei Restuarant,United States,South Boston,,Summer Fancy Food Show 2026,https://meimeidumplings.com/,hello@meimeidumplings.com,+1112038583390,,https://www.instagram.com/meimeidumplings,Level 1 — 6310 — Massachusetts,https://sff2026.mapyourshow.com/8_0/exhibitor/exhibitor-details.cfm?exhid=347254,,http://www.facebook.com/2008/fbml,,,,,,,partial,2
Meiji America Inc.,United States,York,,Summer Fancy Food Show 2026,https://meijiamerica.com/,,+117179685300,,,"Level 3 — 2256 — Confectionery, Snacks and Sweets Pavilion",https://sff2026.mapyourshow.com/8_0/exhibitor/exhibitor-details.cfm?exhid=101665,,,,,,,,,partial,1
"Meister Cheese Company, LLC",United States,Muscoda,,Summer Fancy Food Show 2026,http://www.meistercheese.com,,608-739-3134,https://www.linkedin.com/company/meister-cheese-co,,Level 3 — 349 — Deli Pavilion,https://sff2026.mapyourshow.com/8_0/exhibitor/exhibitor-details.cfm?exhid=105124,,https://www.facebook.com/tr,,,,,,,partial,1
Melinda Lab,Italy,Cles,,Summer Fancy Food Show 2026,http://www.melinda.it,,3403612170,,https://www.instagram.com/melinda.valdinon,Level 1 — 5047 — Italy,https://sff2026.mapyourshow.com/8_0/exhibitor/exhibitor-details.cfm?exhid=348493,,https://www.facebook.com/MelindaValDiNon,,,,,,,partial,1
Melissa's,United States,Los Angeles,,Summer Fancy Food Show 2026,http://www.melissas.com,,323-588-0151,,,Level 1 — 5234,https://sff2026.mapyourshow.com/8_0/exhibitor/exhibitor-details.cfm?exhid=2528,,,,,,,,,partial,1
Melona Ice Cream,United States,Redwood City,,Summer Fancy Food Show 2026,http://www.enjoymelona.com,,+1118188628008,,https://www.instagram.com/enjoymelona,Level 1 — 5008,https://sff2026.mapyourshow.com/8_0/exhibitor/exhibitor-details.cfm?exhid=244395,,https://www.facebook.com/enjoymelona,,,,,,,partial,1
Melville Candy Company,United States,Randolph,,Summer Fancy Food Show 2026,http://www.melvillecandycompany.com/,,781-331-2005,,,"Level 3 — 2736 — Confectionery, Snacks and Sweets Pavilion",https://sff2026.mapyourshow.com/8_0/exhibitor/exhibitor-details.cfm?exhid=29477,,,,,,,,,partial,1
Meptico SAL,Lebanon,Zouk Mosbeh,,Summer Fancy Food Show 2026,https://www.meptico.com,email@domain.com,+9613924797,,https://www.instagram.com/domoleb,Level 1 — 5764,https://sff2026.mapyourshow.com/8_0/exhibitor/exhibitor-details.cfm?exhid=344381,,https://www.facebook.com/domoleb,,,,,,,partial,2
Mercado Famous,United States,Manhattan,,Summer Fancy Food Show 2026,https://www.mercadofamous.com,,6178998178,,,Level 1 — 5458,https://sff2026.mapyourshow.com/8_0/exhibitor/exhibitor-details.cfm?exhid=307099,,,,,,,,,partial,1
Meridyen Gida San. Tic. Ltd. Sti.,,,,Summer Fancy Food Show 2026,https://www.meridyengida.com.tr,info@meridyengida.com.tr,,https://tr.linkedin.com/company/meridyenbeverage,https://www.instagram.com/meridyengida,Level 1 — 4857 — Turkey,https://sff2026.mapyourshow.com/8_0/exhibitor/exhibitor-details.cfm?exhid=303371,,https://www.facebook.com/meridyengida,,,,,,,partial,2
Merkato by Marcus Inc.,United States,New York,,Summer Fancy Food Show 2026,https://www.merkatobymarcus.com,,+16503136003,,,Level 1 — 5647,https://sff2026.mapyourshow.com/8_0/exhibitor/exhibitor-details.cfm?exhid=348872,,,,,,,,,partial,1
Mesada International trading,United States,Liberty,,Summer Fancy Food Show 2026,https://www.mesadagroup.com/,info@MesadaGroup.com,8455834842,,https://www.instagram.com/of_tov_us,Level 3 — 1571,https://sff2026.mapyourshow.com/8_0/exhibitor/exhibitor-details.cfm?exhid=310709,,http://www.facebook.com/2008/fbml,,,,,,,partial,2
Met-Speed Label,United States,Levittown,,Summer Fancy Food Show 2026,http://www.metspeedlabel.com,,215-946-7200,https://www.linkedin.com/company/met-speed-label-corp,,"Level 3 — 2375 — Confectionery, Snacks and Sweets Pavilion",https://sff2026.mapyourshow.com/8_0/exhibitor/exhibitor-details.cfm?exhid=31149,,https://www.facebook.com/profile.php,,,,,,,partial,1
Metavita Corp,United States,City of Industry,,Summer Fancy Food Show 2026,https://metavitafood.com/,,+16265066559,,,Level 3 — 3367,https://sff2026.mapyourshow.com/8_0/exhibitor/exhibitor-details.cfm?exhid=346434,,,,,,,,,partial,1
Mettle Up,United States,Fort Worth,,Summer Fancy Food Show 2026,https://www.drinkabrica.com,user@domain.com,+17074909535,,https://www.instagram.com/squarespace,River Pavilion — 7114B — SFA Spark Pavilion,https://sff2026.mapyourshow.com/8_0/exhibitor/exhibitor-details.cfm?exhid=348829,,http://www.facebook.com/2008/fbml,,,,,,,partial,2
Mevgal S.A.,Greece,Koufalia,,Summer Fancy Food Show 2026,http://www.mevgal.com,,+30 6945 370547,,,Level 3 — 2031 — Greece,https://sff2026.mapyourshow.com/8_0/exhibitor/exhibitor-details.cfm?exhid=316592,,,,,,,,,partial,1
MEVSIM GIDA SANAYI VE SOGUK DEPO TICARET A.S.,Turkey,BURSA,,Summer Fancy Food Show 2026,https://www.mevsimfoods.com/,mevsim@mvsm.com.tr,(90) 224-383 36 01,,,Level 3 — 1819 — Turkey,https://sff2026.mapyourshow.com/8_0/exhibitor/exhibitor-details.cfm?exhid=315175,,,,,,,,,partial,2
MEZAN GLOBAL,United Arab Emirates,DUBAI,,Summer Fancy Food Show 2026,https://mezangrp.com/,support@mezangrp.com,+97145728649,,https://www.instagram.com/mezancookingoilofficial,Level 3 — 955,https://sff2026.mapyourshow.com/8_0/exhibitor/exhibitor-details.cfm?exhid=338610,,https://www.facebook.com/MezanGroup,,,,,,,partial,2
Michaels of Brooklyn,United States,Brooklyn,,Summer Fancy Food Show 2026,http://michaelsofbrooklyn.com,,+17189987851,,,Level 1 — 6108 — NewYork,https://sff2026.mapyourshow.com/8_0/exhibitor/exhibitor-details.cfm?exhid=38363,,,,,,,,,partial,1
Michel de France,United States,Ontario,,Summer Fancy Food Show 2026,https://www.micheldefrance.com/,info@micheldefrance.com,310-916-6615,,https://www.instagram.com/micheldefrance,Level 3 — 3146,https://sff2026.mapyourshow.com/8_0/exhibitor/exhibitor-details.cfm?exhid=129615,,,,,,,,,partial,2
MID DOLCIARIA S.r.l. - FRATELLI SICILIA,Italy,Belpasso,,Summer Fancy Food Show 2026,https://fratellisicilia.it,info@fratellisicilia.com,+39 3408289641,https://www.linkedin.com/company/fratellisicilia,https://www.instagram.com/fratelli_sicilia,Level 3 — 3305 — Italy,https://sff2026.mapyourshow.com/8_0/exhibitor/exhibitor-details.cfm?exhid=336185,,https://www.facebook.com/fratellisicilia,,,,,,,partial,2
Midwest Kitchens LLC,United States,Erie,,Summer Fancy Food Show 2026,https://www.midwestkitchens.com,contact@midwestkitchens.com,+18144523284,,,Level 1 — 6442 — Pennsylvania,https://sff2026.mapyourshow.com/8_0/exhibitor/exhibitor-details.cfm?exhid=347210,,,,,,,,,partial,2
MIGASA GROUP,Spain,Dos Hermanas,,Summer Fancy Food Show 2026,http://www.migasa.com,info@migasa.com,(+34) 954720550,https://www.linkedin.com/company/grupo-migasa/mycompany,,Level 3 — 2110 — Spain,https://sff2026.mapyourshow.com/8_0/exhibitor/exhibitor-details.cfm?exhid=313460,,,,,,,,,partial,2
Mighty Mudita,United States,Burlington,,Summer Fancy Food Show 2026,https://www.mightydelislices.com/,user@domain.com,+118024485315,,https://www.instagram.com/mighty.delislices,River Pavilion — 7107B — Debut District,https://sff2026.mapyourshow.com/8_0/exhibitor/exhibitor-details.cfm?exhid=347579,,http://www.facebook.com/2008/fbml,,,,,,,partial,2
Mike's Hot Honey Inc.,United States,Brooklyn,,Summer Fancy Food Show 2026,http://www.mikeshothoney.com/,,212-655-0574,,,Level 1 — 5253,https://sff2026.mapyourshow.com/8_0/exhibitor/exhibitor-details.cfm?exhid=123868,,,,,,,,,partial,1
Milhans Foods Corporation,United States,Pittsburgh,,Summer Fancy Food Show 2026,https://milhansfoods.com/,eben@eyebytes.com,+18887116886,https://www.linkedin.com/company/milhans/mycompany,https://www.instagram.com/ottonutsglobal,"Level 3 — 2261 — Confectionery, Snacks and Sweets Pavilion",https://sff2026.mapyourshow.com/8_0/exhibitor/exhibitor-details.cfm?exhid=301646,,https://www.facebook.com/OttoNutsGlobal,,,,,,,partial,2
Milkadamia,United States,Rolling Meadows,,Summer Fancy Food Show 2026,http://www.milkadamia.com,,630-581-5895,,,Level 1 — 5827 — Beverage Pavilion,https://sff2026.mapyourshow.com/8_0/exhibitor/exhibitor-details.cfm?exhid=127497,,,,,,,,,partial,1
Miller's Gourmet Foods,United States,Valencia,,Summer Fancy Food Show 2026,https://www.eatmillers.com,info@eatmillers.com,724-612-6123,,https://www.instagram.com/eatmillersofficial,Level 3 — 857,https://sff2026.mapyourshow.com/8_0/exhibitor/exhibitor-details.cfm?exhid=104405,,http://www.facebook.com/2008/fbml,,,,,,,partial,2
MillPress Imports LLC,United States,Bethlehem,,Summer Fancy Food Show 2026,http://www.millpressimports.com/,,610-674-0430,,,Level 1 — 5309,https://sff2026.mapyourshow.com/8_0/exhibitor/exhibitor-details.cfm?exhid=129589,,,,,,,,,partial,1
Mimi Cheng's,United States,New York,,Summer Fancy Food Show 2026,https://mimichengs.com/,,8456611604,,,Level 1 — 4508B — Startup CPG,https://sff2026.mapyourshow.com/8_0/exhibitor/exhibitor-details.cfm?exhid=322290,,,,,,,,,partial,1
"Minami Food's Co., Ltd",Japan,kunohe,,Summer Fancy Food Show 2026,https://www.minami-skh.com/,,+81-194-77-3003,,https://www.instagram.com/minami_shokuhin,Level 3 — 413 — Japan,https://sff2026.mapyourshow.com/8_0/exhibitor/exhibitor-details.cfm?exhid=315251,,https://www.facebook.com/minamiskh,,,,,,,partial,1
Ministry of Agriculture and Rural Development- Poland,Poland,Warszawa,,Summer Fancy Food Show 2026,https://www.gov.pl/,,(+48) 226231874,,,Level 3 — 1902 — Poland,https://sff2026.mapyourshow.com/8_0/exhibitor/exhibitor-details.cfm?exhid=106592,,,,,,,,,partial,1
Miracle Noodle,United States,Miami,,Summer Fancy Food Show 2026,http://www.miraclenoodle.com,,800-948-4205,,,Level 1 — 5318,https://sff2026.mapyourshow.com/8_0/exhibitor/exhibitor-details.cfm?exhid=104838,,,,,,,,,partial,1
Mismi Foods LLC,United States,Newton,,Summer Fancy Food Show 2026,https://www.smolbol.com,enjoy@mismifoods.com,+15128101757,,https://www.instagram.com/enjoysmolbol,Level 1 — 4520B — Startup CPG,https://sff2026.mapyourshow.com/8_0/exhibitor/exhibitor-details.cfm?exhid=348016,,https://www.facebook.com/enjoysmolbol,,,,,,,partial,2
MISOTA FOOD IMPORT EXPORT CO LTD,Cambodia,"BATTAMBANG CITY, BATTAMBANG PROVINCE",,Summer Fancy Food Show 2026,https://misotagroup.com/,,(646)4411973,https://www.linkedin.com/company/misotafoodcambodia,https://www.instagram.com/misotafoodcambodia,Level 1 — 3712,https://sff2026.mapyourshow.com/8_0/exhibitor/exhibitor-details.cfm?exhid=342801,,https://www.facebook.com/vtenh,,,,,,,partial,1
Misrco For Processing & Packing Farm Fresh,Egypt,Beheira,,Summer Fancy Food Show 2026,https://www.farmfreshegypt.com,info@farmfreshegypt.com,00201277377514,https://eg.linkedin.com/company/farm-fresh-egypt?trk=public_profile_experience-item_profile-section-card_image-click,https://www.instagram.com/farmfresheg,Level 3 — 333 — Egypt,https://sff2026.mapyourshow.com/8_0/exhibitor/exhibitor-details.cfm?exhid=317685,,https://www.facebook.com/farmfresheg,,,,,,,partial,2
Mixly Cocktail Co,United States,Excelsior,,Summer Fancy Food Show 2026,https://www.mixlycocktailco.com/,,952-200-6684,,,Level 1 — 4106 — La Dolce Sicilia,https://sff2026.mapyourshow.com/8_0/exhibitor/exhibitor-details.cfm?exhid=322282,,,,,,,,,partial,1
MMMediterranean,United States,Plainfield,,Summer Fancy Food Show 2026,https://mmmediterranean.com,info@mmmediterranean.com,9173659243,https://linkedin.com/company/mmmediterranean,https://instagram.com/mmmediterranean,Level 1 — 5369 — Spain,https://sff2026.mapyourshow.com/8_0/exhibitor/exhibitor-details.cfm?exhid=312991,,https://www.facebook.com/mmmediterranean,,,,,,,partial,2
Moda Food LLC,United States,Woodland Park,,Summer Fancy Food Show 2026,https://modafoods.us/,info@modafood.com,+18333474283,,https://www.instagram.com/modafoods.us,"Level 3 — 2653 — Confectionery, Snacks and Sweets Pavilion",https://sff2026.mapyourshow.com/8_0/exhibitor/exhibitor-details.cfm?exhid=301347,,,,,,,,,partial,2
"Modern Products, Inc./Fearn Naturals",United States,Mequon,,Summer Fancy Food Show 2026,https://www.modernfearn.com,,2622422400,,,Level 3 — 1354,https://sff2026.mapyourshow.com/8_0/exhibitor/exhibitor-details.cfm?exhid=1429,,,,,,,,,partial,1
Mojo Cacao Inc,United States,Fort Lee,,Summer Fancy Food Show 2026,https://www.mojocacao.com,,+17329956494,,,Level 1 — 4824A — Naturally Network,https://sff2026.mapyourshow.com/8_0/exhibitor/exhibitor-details.cfm?exhid=302535,,,,,,,,,partial,1
Moka Origins,United States,Honesdale,,Summer Fancy Food Show 2026,https://mokaorigins.com/,hello@mokaorigins.com,5704451901,,https://www.instagram.com/mokaorigins,"Level 3 — 2450 — Confectionery, Snacks and Sweets Pavilion",https://sff2026.mapyourshow.com/8_0/exhibitor/exhibitor-details.cfm?exhid=338490,,https://www.facebook.com/MokaOrigins,,,,,,,partial,2
MoleCola srl Società Benefit,Italy,Rivoli,,Summer Fancy Food Show 2026,https://molecolaitalia.it/,,+393426796309,,https://instagram.com/molecolaitalia,Level 3 — 3352,https://sff2026.mapyourshow.com/8_0/exhibitor/exhibitor-details.cfm?exhid=316596,,https://www.facebook.com/bevimolecola,,,,,,,partial,1
Molino Anselmo Colombo Srl,Italy,Paderno D'adda,,Summer Fancy Food Show 2026,https://www.molinocolombo.it,tech@thezen.agency,+39 039 9515129,,https://www.instagram.com/molino_colombo,Level 3 — 3120 — Italy,https://sff2026.mapyourshow.com/8_0/exhibitor/exhibitor-details.cfm?exhid=317458,,https://www.facebook.com/molinocolombo,,,,,,,partial,2
Molino Dallagiovanna G.R.V. SRL,Italy,Gragnano Trebbiese,,Summer Fancy Food Show 2026,https://www.dallagiovanna.it,,+39523787155,,,Level 3 — 2731 — Italy,https://sff2026.mapyourshow.com/8_0/exhibitor/exhibitor-details.cfm?exhid=304180,,,,,,,,,partial,1
Molino Dolomiti,Italy,Lana,,Summer Fancy Food Show 2026,http://www.molinodolomiti.com/,,+39 0473 497 220,,,Level 3 — 2909 — Italy,https://sff2026.mapyourshow.com/8_0/exhibitor/exhibitor-details.cfm?exhid=348459,,,,,,,,,partial,1
Molino Naldoni,Italy,Faenza,,Summer Fancy Food Show 2026,https://molinonaldoni.it,naldoni@molinonaldoni.it,+39 054640002,https://www.linkedin.com/company/molino-naldoni-s,https://www.instagram.com/molinonaldoni,Level 1 — 4949 — Italy,https://sff2026.mapyourshow.com/8_0/exhibitor/exhibitor-details.cfm?exhid=348487,,https://www.facebook.com/molinonaldoni,,,,,,,partial,2
MOLINO PASINI,Italy,Cesole,,Summer Fancy Food Show 2026,https://www.molinopasini.com,info@molinopasini.com,00390376969015,https://www.linkedin.com/company/molino-pasini-s-p-a,https://www.instagram.com/molino_pasini,Level 3 — 2618 — Italy,https://sff2026.mapyourshow.com/8_0/exhibitor/exhibitor-details.cfm?exhid=314708,,https://www.facebook.com/molinopasinispa,,,,,,,partial,2
Momofuku Goods,United States,New York,,Summer Fancy Food Show 2026,https://shop.momofuku.com,,+19177971998,,,Level 1 — 6155 — NewYork,https://sff2026.mapyourshow.com/8_0/exhibitor/exhibitor-details.cfm?exhid=305673,,,,,,,,,partial,1
Moni Investment Ltd,Greece,Psachna-Evia,,Summer Fancy Food Show 2026,https://www.ellopia-oliveoil.gr,info@ellopia-oliveoil.gr,0030 2228025182,,https://www.instagram.com/ellopiaoliveoil,Level 3 — 2027 — Greece,https://sff2026.mapyourshow.com/8_0/exhibitor/exhibitor-details.cfm?exhid=348435,,https://www.facebook.com/people/Ellopia-Olive-Oil/61573006134548,,,,,,,partial,2
Montes Fine Foods,United States,Bronx,,Summer Fancy Food Show 2026,https://montessauce.com,,718-885-1298,,,Level 1 — 6248,https://sff2026.mapyourshow.com/8_0/exhibitor/exhibitor-details.cfm?exhid=303561,,,,,,,,,partial,1
Monti Trentini USA Llc.,United States,Deerfield,,Summer Fancy Food Show 2026,https://www.montitrentini.com,casearia@montitrentini.com,516-507-9658,,https://www.instagram.com/montitrentini,Level 3 — 860,https://sff2026.mapyourshow.com/8_0/exhibitor/exhibitor-details.cfm?exhid=301047,,https://www.facebook.com/MontiTrentini,,,,,,,partial,2
Moonbeans Orbital Foods Co.,United States,Chicago,,Summer Fancy Food Show 2026,https://moonbeans.rocks/,,+119179520306,,,River Pavilion — 7012A — Debut District,https://sff2026.mapyourshow.com/8_0/exhibitor/exhibitor-details.cfm?exhid=347500,,,,,,,,,partial,1
Mooney Farms,United States,Chico,,Summer Fancy Food Show 2026,http://www.mooneyfarms.com/,logo@2x.png,530-899-2661,,https://www.instagram.com/bellasunluci,Level 3 — 1658,https://sff2026.mapyourshow.com/8_0/exhibitor/exhibitor-details.cfm?exhid=3199,,https://www.facebook.com/tr,,,,,,,partial,2
Morocco Foodex,Morocco,CASABLANCA,,Summer Fancy Food Show 2026,https://www.moroccofoodex.org.ma/,contact@mfoodex.ma,00212 522 305 104,https://www.linkedin.com/company/food-from-morocco,,Level 3 — 1518 — Morocco,https://sff2026.mapyourshow.com/8_0/exhibitor/exhibitor-details.cfm?exhid=128607,,https://fr-fr.facebook.com/FOODFROMMOROCCO,,,,,,,partial,2
Morty's Brands,United States,Jersey City,,Summer Fancy Food Show 2026,https://mortysbrands.com,ryan@mortysbrands.com,+19739029561,,,River Pavilion — 7127B — Debut District,https://sff2026.mapyourshow.com/8_0/exhibitor/exhibitor-details.cfm?exhid=348059,,http://www.facebook.com/2008/fbml,,,,,,,partial,2
Mount Nebo Food Industry,Jordan,amman,,Summer Fancy Food Show 2026,https://www.nebomt.com,,00962796026101,,,Level 1 — 3613,https://sff2026.mapyourshow.com/8_0/exhibitor/exhibitor-details.cfm?exhid=338558,,,,,,,,,partial,1
Mountain Rose Herbs,United States,Eugene,,Summer Fancy Food Show 2026,https://mountainroseherbs.com,support@mountainroseherbs.com,800-879-3337,https://www.linkedin.com/company/mountain-rose-herbs,https://www.instagram.com/mountainroseherbs,Level 1 — 6025,https://sff2026.mapyourshow.com/8_0/exhibitor/exhibitor-details.cfm?exhid=313486,,https://www.facebook.com/tr,,,,,,,partial,2
Mountain View Meat Co.,United States,Stilwell,,Summer Fancy Food Show 2026,https://www.mountainviewmeats.com,,+14056132186,,,Level 1 — 6255 — Oklahoma,https://sff2026.mapyourshow.com/8_0/exhibitor/exhibitor-details.cfm?exhid=346731,,,,,,,,,partial,1
Moyers Farm,Canada,Lincoln,,Summer Fancy Food Show 2026,https://moyersfarm.com,,(416) 220-3211,,https://www.instagram.com/MOYERSFARM,Level 1 — 5143 — Canada,https://sff2026.mapyourshow.com/8_0/exhibitor/exhibitor-details.cfm?exhid=347619,,https://www.facebook.com/moyerscaramelapples,,,,,,,partial,1
MR. MORIS SRL,Italy,Rome,,Summer Fancy Food Show 2026,https://www.mrmoris.com,,0039065583980,,,Level 3 — 3125 — Italy,https://sff2026.mapyourshow.com/8_0/exhibitor/exhibitor-details.cfm?exhid=306610,,,,,,,,,partial,1
Mr. Pickles Industries,United States,Columbus,,Summer Fancy Food Show 2026,https://www.mrpicklesindustries.com/,,+16142264755,,,River Pavilion — 7120A — Debut District,https://sff2026.mapyourshow.com/8_0/exhibitor/exhibitor-details.cfm?exhid=344374,,,,,,,,,partial,1
Mrakovic Fine Foods Inc.,Canada,Toronto,,Summer Fancy Food Show 2026,http://mrakovic.com,,(416) 675-5656,,,Level 1 — 5155 — Canada,https://sff2026.mapyourshow.com/8_0/exhibitor/exhibitor-details.cfm?exhid=347620,,,,,,,,,partial,1
MS.Q LLC,United States,Houston,,Summer Fancy Food Show 2026,https://missqbbqsauce.com,info@msqllc.net,+14802203136,,https://instagram.com/smokinhotbbqaz,Level 1 — 6224 — SUSTA,https://sff2026.mapyourshow.com/8_0/exhibitor/exhibitor-details.cfm?exhid=347449,,https://facebook.com/smokinhotbbqaz,,,,,,,partial,2
Mucha Macha LLC,United States,Branchburg,,Summer Fancy Food Show 2026,https://muchamachany.com/,,+114342499939,,,River Pavilion — 7123B — Debut District,https://sff2026.mapyourshow.com/8_0/exhibitor/exhibitor-details.cfm?exhid=344395,,,,,,,,,partial,1
MUELOLIVA Y MINERVA,Spain,Priego de Córdoba,,Summer Fancy Food Show 2026,http://www.mueloliva.es,mueloliva@mueloliva.es,957547017,https://www.linkedin.com/company/mueloliva,https://www.instagram.com/mueloliva_picuda,Level 3 — 2209 — Spain,https://sff2026.mapyourshow.com/8_0/exhibitor/exhibitor-details.cfm?exhid=314997,,https://www.facebook.com/Mueloliva,,,,,,,partial,2
MULINO MARINO,Italy,COSSANO BELBO,,Summer Fancy Food Show 2026,https://www.mulinomarino.it/,info@mulinomarino.it,39014188129,,,Level 3 — 2528 — Italy,https://sff2026.mapyourshow.com/8_0/exhibitor/exhibitor-details.cfm?exhid=341641,,https://www.facebook.com/Mulino-Marino-134283079963139,,,,,,,partial,2
Multi Food Industries,Pakistan,Karachi,,Summer Fancy Food Show 2026,https://www.multifoodindustries.com/,query@multifoodindustries.com,+92 302 8240646,,,Level 1 — 5288 — Pakistan,https://sff2026.mapyourshow.com/8_0/exhibitor/exhibitor-details.cfm?exhid=302404,,https://www.facebook.com/Multifood.Industries,,,,,,,partial,2
MUNCH KING SNACKS,United States,BRONX,,Summer Fancy Food Show 2026,https://www.munchkingsnacks.com,sales@munchkingsnacks.com,615-243-1059,,,"Level 3 — 2443 — Confectionery, Snacks and Sweets Pavilion",https://sff2026.mapyourshow.com/8_0/exhibitor/exhibitor-details.cfm?exhid=314091,,,,,,,,,partial,2
Musco Food Corp.,United States,Maspeth,,Summer Fancy Food Show 2026,http://www.muscofood.com/,info@muscofood.com,+17183261070,https://www.linkedin.com/company/musco-food-corporation/about,https://www.instagram.com/muscofoodcorp,Level 3 — 1648,https://sff2026.mapyourshow.com/8_0/exhibitor/exhibitor-details.cfm?exhid=1217,,,,,,,,,partial,2
MUZECACAO INC,United States,Brooklyn,,Summer Fancy Food Show 2026,https://muzechocolate.com/,,+13313027760,,,Level 1 — 4926 — Naturally Network,https://sff2026.mapyourshow.com/8_0/exhibitor/exhibitor-details.cfm?exhid=341309,,,,,,,,,partial,1
MVD Holding LLC,United States,Dover,,Summer Fancy Food Show 2026,https://www.danielschocolate.com,enquiries@Danielschocolate.com,+112154596345,,https://www.instagram.com/webflow,"Level 3 — 2376 — Confectionery, Snacks and Sweets Pavilion",https://sff2026.mapyourshow.com/8_0/exhibitor/exhibitor-details.cfm?exhid=347521,,https://www.facebook.com/webflow,,,,,,,partial,2
"MyFair Co.,Ltd.",South Korea,Seoul,,Summer Fancy Food Show 2026,https://myfair.co,ginny@myfair.co,(+82) 2-565-7288,,,Level 1 — 5070 — Korea,https://sff2026.mapyourshow.com/8_0/exhibitor/exhibitor-details.cfm?exhid=246745,,https://www.facebook.com/tr,,,,,,,partial,2
"MYOJO U.S.A., INC.",United States,Chino,,Summer Fancy Food Show 2026,https://www.myojousa.com/,myojo@usa.com,+19094641411,https://www.linkedin.com/company/myojousa,https://www.instagram.com/myojonoodles,Level 1 — 5244,https://sff2026.mapyourshow.com/8_0/exhibitor/exhibitor-details.cfm?exhid=314623,,https://www.facebook.com/myojonoodles,,,,,,,partial,2
Mystic Koji LLC,United States,North Stonington,,Summer Fancy Food Show 2026,https://moromishoyu.com,user@domain.com,860-271-6359,,https://www.instagram.com/moromishoyu,River Pavilion — 7316 — Good Food Mercantile (Sunday Only),https://sff2026.mapyourshow.com/8_0/exhibitor/exhibitor-details.cfm?exhid=301509,,http://www.facebook.com/2008/fbml,,,,,,,partial,2
Naji Makhoul & Sons.,Israel,Misgav Regional Council,,Summer Fancy Food Show 2026,https://www.najiseeds.com/,,+97254-6617066,,,Level 3 — 103A — Israel,https://sff2026.mapyourshow.com/8_0/exhibitor/exhibitor-details.cfm?exhid=348613,,https://www.facebook.com/pages/Naji-Makhoul-Sons-Ltd/209715679131935,,,,,,,partial,1
Nam Viet Foods and Beverage Joint Stock Company,Vietnam,Ho Chi Minh,,Summer Fancy Food Show 2026,https://namvietgr.com/,info@namvietgr.com,https://wa.me/84989973864,,,Level 1 — 5811 — Beverage Pavilion,https://sff2026.mapyourshow.com/8_0/exhibitor/exhibitor-details.cfm?exhid=302747,,,,,,,,,partial,2
Namkeen Queens,United States,ALBANY,,Summer Fancy Food Show 2026,https://namkeenqueens.com,,+16463748468,,,Level 1 — 4315 — The Jazba Collective,https://sff2026.mapyourshow.com/8_0/exhibitor/exhibitor-details.cfm?exhid=347644,,,,,,,,,partial,1
Nana's Kitchen & Hot Sauce Ltd.,Canada,Surrey Upper West,,Summer Fancy Food Show 2026,https://www.yournanaskitchen.com/,info@yournanaskitchen.com,604-710-9058,,https://www.instagram.com/nanas.kitchen.ltd,Level 3 — 172,https://sff2026.mapyourshow.com/8_0/exhibitor/exhibitor-details.cfm?exhid=301533,,,,,,,,,partial,2
Nanak Foods Inc,Canada,Surrey,,Summer Fancy Food Show 2026,https://nanakfoods.com/,info@nanakfoods.com,(604) 594-9190,,https://www.instagram.com/nanak_foods,Level 1 — 5165 — Canada,https://sff2026.mapyourshow.com/8_0/exhibitor/exhibitor-details.cfm?exhid=337461,,http://www.facebook.com/2008/fbml,,,,,,,partial,2
Nantucket Crisps,United States,nantucket,,Summer Fancy Food Show 2026,https://nantucketcrisps.com/,,484-269-0043,,,Level 1 — 6313 — Massachusetts,https://sff2026.mapyourshow.com/8_0/exhibitor/exhibitor-details.cfm?exhid=307369,,,,,,,,,partial,1
Natalie's Orchid Island Juice Company,United States,Fort Pierce,,Summer Fancy Food Show 2026,http://www.oijc.com/,,772-465-1122,,,Level 1 — 5026,https://sff2026.mapyourshow.com/8_0/exhibitor/exhibitor-details.cfm?exhid=3912,,,,,,,,,partial,1
Natavo Avocado,Australia,Coolum Beach,,Summer Fancy Food Show 2026,https://natavoavocado.com/,enquiries@natavoavocado.com,07 5324 1417,,,Level 1 — 3708,https://sff2026.mapyourshow.com/8_0/exhibitor/exhibitor-details.cfm?exhid=343617,,,,,,,,,partial,2
National Center for Palms & Dates,Saudi Arabia,Riyadh,,Summer Fancy Food Show 2026,https://ncpd.gov.sa/,,,,,Level 3 — 1026 — Saudi Arabia,https://sff2026.mapyourshow.com/8_0/exhibitor/exhibitor-details.cfm?exhid=300081,,,,,,,,,partial,1
National Cortina,United States,Montvale,,Summer Fancy Food Show 2026,https://nationalcortina.com/,user@domain.com,702-358-6548,https://www.linkedin.com/company/national-food-trading-corporation,,Level 3 — 2578,https://sff2026.mapyourshow.com/8_0/exhibitor/exhibitor-details.cfm?exhid=307114,,http://www.facebook.com/2008/fbml,,,,,,,partial,2
National Retail Marketing Network Inc.,United States,Jericho,,Summer Fancy Food Show 2026,http://www.nrmn-sourceone.com/,,+15164881610,,,Level 1 — 5862,https://sff2026.mapyourshow.com/8_0/exhibitor/exhibitor-details.cfm?exhid=35544,,,,,,,,,partial,1
nationwide dairy inc.,United States,Brooklyn,,Summer Fancy Food Show 2026,https://biolifedairy.com/,,347-689-8148,,https://www.instagram.com/biolife_dairy,Level 1 — 5544,https://sff2026.mapyourshow.com/8_0/exhibitor/exhibitor-details.cfm?exhid=305799,,https://www.facebook.com/tr,,,,,,,partial,1
Natural Food Ingredients,United States,Corona,,Summer Fancy Food Show 2026,https://www.nfi-america.com,info@nfi-america.com,8184255282,https://www.linkedin.com/company/nfi-america,,"Level 3 — 2260 — Confectionery, Snacks and Sweets Pavilion",https://sff2026.mapyourshow.com/8_0/exhibitor/exhibitor-details.cfm?exhid=336476,,https://www.facebook.com/NFI.AMERICA,,,,,,,partial,2
Natural Heaven,United States,Miami,,Summer Fancy Food Show 2026,https://eatnaturalheaven.com/,,+13055711390,,,Level 3 — 1952,https://sff2026.mapyourshow.com/8_0/exhibitor/exhibitor-details.cfm?exhid=7548,,,,,,,,,partial,1
Natural Plus Green Inc,United States,Flushing,,Summer Fancy Food Show 2026,https://www.naturalplusgreen.com/,,6466675604,,,Level 1 — 5242,https://sff2026.mapyourshow.com/8_0/exhibitor/exhibitor-details.cfm?exhid=338479,,,,,,,,,partial,1
Naturally Network,United States,Austin,,Summer Fancy Food Show 2026,https://www.naturallynetwork.org/,user@domain.com,512-657-1243,https://www.linkedin.com/company/naturallynetwork,https://www.instagram.com/naturally_network,Level 1 — 4916 — Naturally Network,https://sff2026.mapyourshow.com/8_0/exhibitor/exhibitor-details.cfm?exhid=314046,,http://www.facebook.com/2008/fbml,,,,,,,partial,2
"Nature's Best Snacks, LLC",United States,Laurelton,,Summer Fancy Food Show 2026,https://naturesbestsnacks.com/,,13479655103,,,River Pavilion — 7027B — Debut District,https://sff2026.mapyourshow.com/8_0/exhibitor/exhibitor-details.cfm?exhid=336126,,,,,,,,,partial,1
Nature's Earthly Choice,United States,Eagle,,Summer Fancy Food Show 2026,http://www.earthlychoice.com,,+12088984004,,https://www.instagram.com/earthlychoice,Level 1 — 5955,https://sff2026.mapyourshow.com/8_0/exhibitor/exhibitor-details.cfm?exhid=103636,,https://www.facebook.com/NaturesEarthlyChoice,,,,,,,partial,1
Nature's Guru Products Corp,United States,Artesia,,Summer Fancy Food Show 2026,http://www.naturesguru.com,,949-478-4878,,,Level 1 — 4319 — The Jazba Collective,https://sff2026.mapyourshow.com/8_0/exhibitor/exhibitor-details.cfm?exhid=108052,,,,,,,,,partial,1
Nature's Yoke | Utopihen Farms,United States,New Holland,,Summer Fancy Food Show 2026,http://www.naturesyoke.com,info@naturesyoke.com,717-354-4966,https://www.linkedin.com/company/westfield-egg-farms,https://www.instagram.com/naturesyokeeggs,Level 3 — 553 — Deli Pavilion,https://sff2026.mapyourshow.com/8_0/exhibitor/exhibitor-details.cfm?exhid=245890,,https://www.facebook.com/tr,,,,,,,partial,2
NAUAN AMAZONIA,Brazil,Ananindeua,,Summer Fancy Food Show 2026,https://www.nauanamazonia.com.br/,,+55 91 98704-0797,,,Level 3 — 201A — Brazil,https://sff2026.mapyourshow.com/8_0/exhibitor/exhibitor-details.cfm?exhid=347966,,,,,,,,,partial,1
NAURUS PVT LTD,Pakistan,Karachi,,Summer Fancy Food Show 2026,http://www.lazzatfoods.com,,+922132577851,,https://www.instagram.com/lazzatfoods,Level 1 — 5088 — Pakistan,https://sff2026.mapyourshow.com/8_0/exhibitor/exhibitor-details.cfm?exhid=349086,,https://www.facebook.com/lazzatfoodspk,,,,,,,partial,1
NAVAD Bakers,United States,East Providence,,Summer Fancy Food Show 2026,https://www.navad.co/,bunsbakeryri@gmail.com,4014259544,,https://www.instagram.com/navadbakers,River Pavilion — 7145 — Debut District,https://sff2026.mapyourshow.com/8_0/exhibitor/exhibitor-details.cfm?exhid=348534,,http://www.facebook.com/2008/fbml,,,,,,,partial,1
NCCO,United States,St. Paul,,Summer Fancy Food Show 2026,https://www.ncco.com/,icon-guestchecks@2x-300x300.png,+18883286508,https://www.linkedin.com/company/national-checking-company,https://www.instagram.com/ncco__us,Level 1 — 4502,https://sff2026.mapyourshow.com/8_0/exhibitor/exhibitor-details.cfm?exhid=347353,,https://www.facebook.com/NCCO.US,,,,,,,partial,2
NDC Exports (Pvt)Ltd.,Sri Lanka,Pannala,,Summer Fancy Food Show 2026,https://www.cocomate.com/,madhawa@cocomate.com,+94372285774,,https://www.instagram.com/cocomate_____,Level 1 — 5846,https://sff2026.mapyourshow.com/8_0/exhibitor/exhibitor-details.cfm?exhid=305312,,https://www.facebook.com/cocomate.lk,,,,,,,partial,2
NECS,United States,Branford,,Summer Fancy Food Show 2026,https://necs.com/,sales@necs.com,8007666327,https://www.linkedin.com/company/new-england-computer-services,https://www.instagram.com/necs_inc,Level 3 — 2880,https://sff2026.mapyourshow.com/8_0/exhibitor/exhibitor-details.cfm?exhid=322227,,https://www.facebook.com/pages/category/Business-Service/NECS-Inc-186969234681982,,,,,,,partial,2
Negroni,United States,Harrisonburg,,Summer Fancy Food Show 2026,https://www.negroni.com/,,401.714.5413,,https://www.instagram.com/negronisalumi,Level 3 — 3236,https://sff2026.mapyourshow.com/8_0/exhibitor/exhibitor-details.cfm?exhid=302055,,https://www.facebook.com/tr,,,,,,,partial,1
Nema Food Corp.,United States,Fairfield,,Summer Fancy Food Show 2026,http://www.nemafood.com,info@nemafood.com,973-256-4415,,https://www.instagram.com/nemahalal,Level 3 — 1969,https://sff2026.mapyourshow.com/8_0/exhibitor/exhibitor-details.cfm?exhid=302526,,http://www.facebook.com/2008/fbml,,,,,,,partial,2
Neostar USA LLC,United States,Irvine,,Summer Fancy Food Show 2026,https://www.neostarfood.com/,info@neostarfood.com,9493776137,,,Level 1 — 5840,https://sff2026.mapyourshow.com/8_0/exhibitor/exhibitor-details.cfm?exhid=303589,,,,,,,,,partial,2
Nestle Waters & Premium Beverages,United States,Arlington,,Summer Fancy Food Show 2026,https://www.nestleusa.com/,,(800) 225-2270,,,Level 1 — 6240 — Virginia,https://sff2026.mapyourshow.com/8_0/exhibitor/exhibitor-details.cfm?exhid=1629,,,,,,,,,partial,1
New Acai Amazonas,Brazil,Balneário Camboriú,,Summer Fancy Food Show 2026,https://www.newacaiamazonas.com,sales@newacaiamazonas.com,+55 47 98829-1357,https://www.linkedin.com/company/new-acai-amazonas,https://instagram.com/new.acaiamazonas,Level 3 — 205B — Brazil,https://sff2026.mapyourshow.com/8_0/exhibitor/exhibitor-details.cfm?exhid=312185,,https://facebook.com/New-Acai-Amazonas-103551008031962,,,,,,,partial,2
New Canaan Farms,United States,Utopia,,Summer Fancy Food Show 2026,https://newcanaanfarms.com,,800-727-5267,,,Level 1 — 5756,https://sff2026.mapyourshow.com/8_0/exhibitor/exhibitor-details.cfm?exhid=7793,,,,,,,,,partial,1
"New England Fancy Food Co., Inc.",United States,Pleasant Valley,,Summer Fancy Food Show 2026,http://www.nefancy.com,eben@eyebytes.com,https://wa.me/18455462245,https://www.linkedin.com/company/nefancy,https://www.instagram.com/nefancyfoods,Level 1 — 6165 — NewYork,https://sff2026.mapyourshow.com/8_0/exhibitor/exhibitor-details.cfm?exhid=313597,,https://www.facebook.com/nefancyfoods,,,,,,,partial,2
New English Teas Ltd,United Kingdom,Coventry,,Summer Fancy Food Show 2026,https://www.newenglishteastrade.com/,,+442476691414,https://www.linkedin.com/company/new-english-teas-limited,https://www.instagram.com/newenglishteas,Level 1 — 5608 — Beverage Pavilion,https://sff2026.mapyourshow.com/8_0/exhibitor/exhibitor-details.cfm?exhid=301524,,https://www.facebook.com/newenglishteas,,,,,,,partial,1
New Nissi Corp.,United States,Paterson,,Summer Fancy Food Show 2026,https://newnissi.com/,,973-278-4400,,,"Level 3 — 2345 — Confectionery, Snacks and Sweets Pavilion",https://sff2026.mapyourshow.com/8_0/exhibitor/exhibitor-details.cfm?exhid=28073,,,,,,,,,partial,1
New Tiger International Inc.,United States,Westbury,,Summer Fancy Food Show 2026,http://www.mushroomhouseusa.com,Info@greatporcini.com,516-942-9312,,,Level 1 — 5438,https://sff2026.mapyourshow.com/8_0/exhibitor/exhibitor-details.cfm?exhid=38446,,,,,,,,,partial,2
New Zealand Venison,New Zealand,Wellington,,Summer Fancy Food Show 2026,https://www.deernz.org/,info@deernz.org,+64 4 473 4500,,,Level 1 — 6364 — NewZealand,https://sff2026.mapyourshow.com/8_0/exhibitor/exhibitor-details.cfm?exhid=338247,,https://www.facebook.com/deerindustry,,,,,,,partial,2
Next Level Grains,United States,Verona,,Summer Fancy Food Show 2026,https://nextlevelgrains.com/,,+19172736662,,,River Pavilion — 7125B — Debut District,https://sff2026.mapyourshow.com/8_0/exhibitor/exhibitor-details.cfm?exhid=347347,,,,,,,,,partial,1
Niagara Label Co.,United States,Akron,,Summer Fancy Food Show 2026,https://www.niagaralabel.com/,,+17165423000,https://www.linkedin.com/company/niagara-label-company,https://www.instagram.com/niagaralabel,Level 3 — 480 — Deli Pavilion,https://sff2026.mapyourshow.com/8_0/exhibitor/exhibitor-details.cfm?exhid=305921,,https://www.facebook.com/niagaralabel,,,,,,,partial,1
"Nielsen-Massey Vanillas, Inc.",United States,Waukegan,,Summer Fancy Food Show 2026,http://www.nielsenmassey.com/,info@nielsenmassey.com,847-578-1550,,https://www.instagram.com/nielsenmassey,Level 1 — 5319,https://sff2026.mapyourshow.com/8_0/exhibitor/exhibitor-details.cfm?exhid=1221,,https://www.facebook.com/NielsenMasseyVanillas,,,,,,,partial,2
NielsenIQ,United States,Chicago,,Summer Fancy Food Show 2026,https://niq.com/,,312-385-6768,https://www.linkedin.com/company/nielseniq,https://www.instagram.com/nielseniq,Level 3 — 1137 — Premier Providers,https://sff2026.mapyourshow.com/8_0/exhibitor/exhibitor-details.cfm?exhid=302107,,https://www.facebook.com/NielsenIQ.global,,,,,,,partial,1
NIKIGO Sauce LLC,United States,Kennett Square,,Summer Fancy Food Show 2026,https://nikigo.com/,,+12064710326,,,Level 1 — 6441 — Pennsylvania,https://sff2026.mapyourshow.com/8_0/exhibitor/exhibitor-details.cfm?exhid=338079,,,,,,,,,partial,1
Nile Garden,Egypt,Giza,,Summer Fancy Food Show 2026,,,,,,Level 1 — 5588 — International Pavilion,https://sff2026.mapyourshow.com/8_0/exhibitor/exhibitor-details.cfm?exhid=314864,,,,,,,,,partial,1
Nine Pin Ciderworks LLC,United States,Albany,,Summer Fancy Food Show 2026,https://www.ninepincider.com/,jordan@ninepincider.com,+115184499999,https://www.linkedin.com/company/nine-pin-ciderworks-llc,https://www.instagram.com/ninepincider,River Pavilion — 7235 — Debut District,https://sff2026.mapyourshow.com/8_0/exhibitor/exhibitor-details.cfm?exhid=347553,,https://www.facebook.com/tr,,,,,,,partial,2
Niramaya,United States,NEW YORK,,Summer Fancy Food Show 2026,https://www.niramayafoods.com/,,925-448-5227,,,Level 3 — 875,https://sff2026.mapyourshow.com/8_0/exhibitor/exhibitor-details.cfm?exhid=310152,,,,,,,,,partial,1
Nirwana Foods LLC,United States,Cartaret,,Summer Fancy Food Show 2026,http://www.nirwanafoods.com,,201-659-2200,,,Level 1 — 6063,https://sff2026.mapyourshow.com/8_0/exhibitor/exhibitor-details.cfm?exhid=124743,,,,,,,,,partial,1
Niyazi Ayaz Çikolata Şekerleme Gıda San. ve Tic. Ltd. Şti.,Turkey,KONYA,,Summer Fancy Food Show 2026,https://www.konak.com.tr/,,(90) 536-331 71 92,https://www.linkedin.com/company/konak-i%CC%87stanbul-g%C4%B1da-san-ve-tic-ltd-%C5%9Fti,https://www.instagram.com/konaksekerleme,Level 1 — 4836 — Turkey,https://sff2026.mapyourshow.com/8_0/exhibitor/exhibitor-details.cfm?exhid=348299,,https://www.facebook.com/tr,,,,,,,partial,1
Noble Honey Company,United States,Dallas,,Summer Fancy Food Show 2026,https://www.noblehoneycompany.com/,,+14049312419,,,Level 1 — 6207 — SUSTA,https://sff2026.mapyourshow.com/8_0/exhibitor/exhibitor-details.cfm?exhid=322326,,,,,,,,,partial,1
Noel Alimentaria USA Inc.,United States,Rutherford,,Summer Fancy Food Show 2026,http://www.noel-usa.com,sales@noel-usa.com,201-623-3910,https://www.linkedin.com/company/noel-alimentaria-s-a-u-,https://www.instagram.com/noel_foods_,Level 3 — 2154,https://sff2026.mapyourshow.com/8_0/exhibitor/exhibitor-details.cfm?exhid=128597,,https://www.facebook.com/noelalimentaria,,,,,,,partial,2
"NOKCHAWON CO.,LTD",South Korea,Seocho-gu,,Summer Fancy Food Show 2026,http://nokchawon.co.kr/,help@nokchawon.co.kr,010-2372-3681,,https://www.instagram.com/nokchawon_official,Level 3 — 512 — Korea,https://sff2026.mapyourshow.com/8_0/exhibitor/exhibitor-details.cfm?exhid=342301,,,,,,,,,partial,2
Nomaro LLC,United States,New York,,Summer Fancy Food Show 2026,https://drinknomaro.com/,,+19179729701,,,River Pavilion — 7106B — SFA Spark Pavilion,https://sff2026.mapyourshow.com/8_0/exhibitor/exhibitor-details.cfm?exhid=348320,,,,,,,,,partial,1
Nomie,United States,Jersey City,,Summer Fancy Food Show 2026,https://www.getnomie.com,,+14125138999,,,Level 1 — 4613A — Startup CPG,https://sff2026.mapyourshow.com/8_0/exhibitor/exhibitor-details.cfm?exhid=344072,,,,,,,,,partial,1
NOMINA USA Inc.,United States,New York,,Summer Fancy Food Show 2026,https://nominadrink.com/,,+112124989573,,,River Pavilion — 7204 — Debut District,https://sff2026.mapyourshow.com/8_0/exhibitor/exhibitor-details.cfm?exhid=344221,,,,,,,,,partial,1
Noodo,United States,Southington,,Summer Fancy Food Show 2026,https://eatnoodo.com/,,+18609194582,,,Level 1 — 4623 — Startup CPG,https://sff2026.mapyourshow.com/8_0/exhibitor/exhibitor-details.cfm?exhid=346532,,,,,,,,,partial,1
NORONHA PESCADOS,Brazil,Recife,,Summer Fancy Food Show 2026,https://www.noronhaalimentos.com.br,logo@2x.png,+55 81 99431-0016,https://www.linkedin.com/company/noronhapescados,https://www.instagram.com/noronha.pescados,Level 3 — 102A — Brazil,https://sff2026.mapyourshow.com/8_0/exhibitor/exhibitor-details.cfm?exhid=346617,,https://www.facebook.com/noronha.pescados,,,,,,,partial,2
Norseland Inc.,United States,Norwalk,,Summer Fancy Food Show 2026,http://www.norseland.com/,,+12033245620,,,Level 3 — 653 — Deli Pavilion,https://sff2026.mapyourshow.com/8_0/exhibitor/exhibitor-details.cfm?exhid=7358,,,,,,,,,partial,1
North American Beverage Company,United States,Ocean City,,Summer Fancy Food Show 2026,https://www.northamericanbeverage.com/,info@northamericanbeverage.com,609-399-1486,https://www.linkedin.com/company/north-american-beverage-company,,Level 3 — 3068,https://sff2026.mapyourshow.com/8_0/exhibitor/exhibitor-details.cfm?exhid=179699,,http://www.facebook.com/2008/fbml,,,,,,,partial,2
Northern Etone Ltd.,Canada,Ottawa,,Summer Fancy Food Show 2026,https://www.northernetone.com/,,(639) 999-5289,,,Level 1 — 5161 — Canada,https://sff2026.mapyourshow.com/8_0/exhibitor/exhibitor-details.cfm?exhid=347621,,,,,,,,,partial,1
"Northshore willow and oak, LLC",United States,Owatonna,,Summer Fancy Food Show 2026,https://www.willowflour.com/,WILLOWFLOURCO@GMAIL.COM,+17633775795,,https://www.instagram.com/willowflourco,River Pavilion — 7009A — SFA Spark Pavilion,https://sff2026.mapyourshow.com/8_0/exhibitor/exhibitor-details.cfm?exhid=344284,,https://www.facebook.com/profile.php,,,,,,,partial,1
Norwegian Baked,United States,Brooklyn,,Summer Fancy Food Show 2026,http://www.norwegianbaked.com,norwegianbaked@gmail.com,646-209-4422,,https://www.instagram.com/norwegianbaked,Level 1 — 6147A — Brooklyn,https://sff2026.mapyourshow.com/8_0/exhibitor/exhibitor-details.cfm?exhid=179275,,http://www.facebook.com/2008/fbml,,,,,,,partial,1
"Notoko, Inc.",United States,Jamaica,,Summer Fancy Food Show 2026,https://www.notokosauce.com/,contact@notokosauce.com,+13472331516,,http://instagram.com/notokosauce,River Pavilion — 7032A — Debut District,https://sff2026.mapyourshow.com/8_0/exhibitor/exhibitor-details.cfm?exhid=340063,,http://www.facebook.com/2008/fbml,,,,,,,partial,2
Nova Vera Organics LLC,United States,Wilmington,,Summer Fancy Food Show 2026,https://www.novavera.com.tr/,,5323536760,,,Level 3 — 1905 — Turkey,https://sff2026.mapyourshow.com/8_0/exhibitor/exhibitor-details.cfm?exhid=322310,,,,,,,,,partial,1
"Novasources, REGNIER SUCRE & SALE",France,Armentieres,,Summer Fancy Food Show 2026,https://www.novasources.com,,+33 (0)3 20 48 36 54,,,Level 3 — 826B — France,https://sff2026.mapyourshow.com/8_0/exhibitor/exhibitor-details.cfm?exhid=335826,,,,,,,,,partial,1
NOW Health Group,United States,Bloomingdale,,Summer Fancy Food Show 2026,https://www.nowfoods.com/,,630-545-9098 (2780),,,Level 1 — 5023,https://sff2026.mapyourshow.com/8_0/exhibitor/exhibitor-details.cfm?exhid=244864,,,,,,,,,partial,1
NoWhere Foods Inc,United States,Seattle,,Summer Fancy Food Show 2026,https://nowherefoods.com/,user@domain.com,+18015414512,,http://instagram.com/nowherefoods,Level 1 — 5720 — Beverage Pavilion,https://sff2026.mapyourshow.com/8_0/exhibitor/exhibitor-details.cfm?exhid=343649,,http://www.facebook.com/2008/fbml,,,,,,,partial,2
NPI VENTURES LLC,United States,Mechanicsburg,,Summer Fancy Food Show 2026,http://www.sweetjubilee.com,,+17176919782,,,Level 1 — 5857,https://sff2026.mapyourshow.com/8_0/exhibitor/exhibitor-details.cfm?exhid=38409,,,,,,,,,partial,1
Ntamposis Ioannis & Co.“Stalida”,Greece,MAKROCHORI,,Summer Fancy Food Show 2026,https://www.stalida.gr/,,00302331097648,,,Level 3 — 2028 — Greece,https://sff2026.mapyourshow.com/8_0/exhibitor/exhibitor-details.cfm?exhid=348444,,,,,,,,,partial,1
Nueats,United States,Cedar Grove,,Summer Fancy Food Show 2026,https://www.nuinc.co,impallari@gmail.com,+19178221199,,,Level 1 — 5164,https://sff2026.mapyourshow.com/8_0/exhibitor/exhibitor-details.cfm?exhid=245896,,,,,,,,,partial,1
NUNZIA CAPUTO SRLS,Italy,BARI,,Summer Fancy Food Show 2026,https://www.nunzialapastaia.com,,+39 347 3999567,,,Level 1 — 5464,https://sff2026.mapyourshow.com/8_0/exhibitor/exhibitor-details.cfm?exhid=347374,,,,,,,,,partial,1
"Nuovo Pasta Productions, Ltd.",United States,Stratford,,Summer Fancy Food Show 2026,http://www.nuovopasta.com,customercare@nuovopasta.com,203-380-4090 (1130),,https://www.instagram.com/NUOVOPasta,Level 3 — 3050,https://sff2026.mapyourshow.com/8_0/exhibitor/exhibitor-details.cfm?exhid=7467,,https://www.facebook.com/nuovopasta,,,,,,,partial,2
Nuritas LLC,United States,New Canaan,,Summer Fancy Food Show 2026,http://www.nuritas.com,Group-707@2x.png,+14235805320,https://www.linkedin.com/company/nuritas,https://www.instagram.com/nuritasresearch,Level 1 — 3405,https://sff2026.mapyourshow.com/8_0/exhibitor/exhibitor-details.cfm?exhid=349276,,,,,,,,,partial,2
Nurpet Packaging LLC,United States,Middlesex,,Summer Fancy Food Show 2026,https://www.nurpetpackaging.com,john@company.com,https://wa.me/18624031958,,,Level 1 — 5919,https://sff2026.mapyourshow.com/8_0/exhibitor/exhibitor-details.cfm?exhid=346342,,,,,,,,,partial,2
"Nutrifreeze, LLC",United States,Cypress,,Summer Fancy Food Show 2026,http://www.nutrifreezellc.net,orders@nutrifreezellc.net,281-758-8380,,,Level 1 — 5548,https://sff2026.mapyourshow.com/8_0/exhibitor/exhibitor-details.cfm?exhid=212635,,https://www.facebook.com/shopbestofmx,,,,,,,partial,2
NUTRILATINO COMERCIO DE EXPORTACAO E IMPORTACAO LTDA,Brazil,Igarapé-Miri,,Summer Fancy Food Show 2026,https://nutrilatino.com.br/,export@nutrilatino.com.br,+55 11 96060-6494,,https://www.instagram.com/acainutrilatinopa,Level 3 — 126B — Brazil,https://sff2026.mapyourshow.com/8_0/exhibitor/exhibitor-details.cfm?exhid=329920,,https://www.facebook.com/acainutrilatino,,,,,,,partial,2
Nutty Novelties LLC,United States,Telford,,Summer Fancy Food Show 2026,http://www.nuttynovelties.com,,267-614-9876,,,Level 1 — 5545,https://sff2026.mapyourshow.com/8_0/exhibitor/exhibitor-details.cfm?exhid=269074,,,,,,,,,partial,1
NY Brooklyn Bread,United States,brooklyn,,Summer Fancy Food Show 2026,http://www.nybrooklynbread.com/,,+17188370709,,,Level 1 — 6107 — NewYork,https://sff2026.mapyourshow.com/8_0/exhibitor/exhibitor-details.cfm?exhid=342964,,https://www.facebook.com/pages/NY-Brooklyn-Bread/520064688068764,,,,,,,partial,1
Nymbl Ice Cream,United States,Jersey City,,Summer Fancy Food Show 2026,https://nymblicecream.com,,+18564261828,,https://www.instagram.com/nymblicecream,Level 1 — 4219,https://sff2026.mapyourshow.com/8_0/exhibitor/exhibitor-details.cfm?exhid=348144,,,,,,,,,partial,1
O-Med Extra Virgin Olive Oil,Spain,Granada,,Summer Fancy Food Show 2026,http://www.omedoil.com,info@omedoil.com,+34 958 58 80 11,,https://www.instagram.com/omedoil,Level 3 — 352 — Deli Pavilion,https://sff2026.mapyourshow.com/8_0/exhibitor/exhibitor-details.cfm?exhid=119243,,https://www.facebook.com/omedoil,,,,,,,partial,2
Oakridge Creamery LLC,United States,Ellington,,Summer Fancy Food Show 2026,https://www.oakridgedairy.com/,office@oakridgedairy.com,8608752858,,http://instagram.com/oakridgedairyllc,Level 1 — 6044,https://sff2026.mapyourshow.com/8_0/exhibitor/exhibitor-details.cfm?exhid=338548,,http://www.facebook.com/2008/fbml,,,,,,,partial,2
Obstkelterei van Nahmen GmbH & Co. KG,Germany,Hamminkeln,,Summer Fancy Food Show 2026,https://www.vannahmen.com/,,+492852960990,,https://www.instagram.com/van_nahmen,Level 1 — 4805,https://sff2026.mapyourshow.com/8_0/exhibitor/exhibitor-details.cfm?exhid=347411,,https://www.facebook.com/vanNahmen,,,,,,,partial,1
Ocean Root,United States,Houston,,Summer Fancy Food Show 2026,https://ocean-root.com/,,+12817097178,,,Level 1 — 5445,https://sff2026.mapyourshow.com/8_0/exhibitor/exhibitor-details.cfm?exhid=343669,,,,,,,,,partial,1
OCM Globe Inc.,United States,City Of Industry,,Summer Fancy Food Show 2026,https://www.ocmfoods.com,,+16267887788,,,Level 3 — 1060,https://sff2026.mapyourshow.com/8_0/exhibitor/exhibitor-details.cfm?exhid=212858,,,,,,,,,partial,1
Odawaraya,Japan,Koriyama,,Summer Fancy Food Show 2026,https://sennyogurume.com/,info@sennyogurume.com,+81-24-943-0300,,https://www.instagram.com/odawaraya,Level 3 — 430 — Japan,https://sff2026.mapyourshow.com/8_0/exhibitor/exhibitor-details.cfm?exhid=325802,,https://www.facebook.com/tr,,,,,,,partial,2
"Oegg, Inc.",United States,Southlake,,Summer Fancy Food Show 2026,https://www.oegg.com/,info@oegg.com,+12146666966,,,Level 1 — 5216,https://sff2026.mapyourshow.com/8_0/exhibitor/exhibitor-details.cfm?exhid=335428,,,,,,,,,partial,2
Ofner Americas LLC,,,,Summer Fancy Food Show 2026,https://www.ofneramericas.com,,,,,Level 3 — 203B — Brazil,https://sff2026.mapyourshow.com/8_0/exhibitor/exhibitor-details.cfm?exhid=302399,,,,,,,,,partial,1
OH CREMA LLC,United States,Edison,,Summer Fancy Food Show 2026,https://ohcrema.com,,+18134700936,,,Level 1 — 3421,https://sff2026.mapyourshow.com/8_0/exhibitor/exhibitor-details.cfm?exhid=348054,,,,,,,,,partial,1
"OHAYO DAIRY PRODUCTS CO., LTD.",Japan,Chiyoda-ku,,Summer Fancy Food Show 2026,https://www.ohayo-milk.co.jp/,,+81-3-5275-0840,,https://www.instagram.com/ohayo_milk,Level 3 — 402 — Japan,https://sff2026.mapyourshow.com/8_0/exhibitor/exhibitor-details.cfm?exhid=347899,,https://www.facebook.com/ohayomilk,,,,,,,partial,1
Oishii Farm Corp,United States,Jersey City,,Summer Fancy Food Show 2026,http://www.oishii.com,,2014697532,,,Level 1 — 4922 — Naturally Network,https://sff2026.mapyourshow.com/8_0/exhibitor/exhibitor-details.cfm?exhid=335209,,,,,,,,,partial,1
OK Kosher,United States,Brooklyn,,Summer Fancy Food Show 2026,https://www.ok.org,comment-question@2x.png,1-718-756-7500,https://www.linkedin.com/company/ok-kosher-certification,https://www.instagram.com/okkosher,Level 3 — 1883,https://sff2026.mapyourshow.com/8_0/exhibitor/exhibitor-details.cfm?exhid=134888,,https://www.facebook.com/OKKosher,,,,,,,partial,2
OKF Corporation,South Korea,Seoul,,Summer Fancy Food Show 2026,https://www.okf.kr,okf@okfcorp.co.kr,+82 2 491 1868,,https://www.instagram.com/okf_corp,Level 1 — 5612 — Beverage Pavilion,https://sff2026.mapyourshow.com/8_0/exhibitor/exhibitor-details.cfm?exhid=105592,,https://www.facebook.com/profile.php,,,,,,,partial,2
"OKO FOOD, INC",United States,Brooklyn,,Summer Fancy Food Show 2026,https://www.okofood.com/,hello@okofood.com,+119546439832,https://www.linkedin.com/company/oko-food,https://www.instagram.com/okofoodco,Level 1 — 6159B — NewYork,https://sff2026.mapyourshow.com/8_0/exhibitor/exhibitor-details.cfm?exhid=342500,,,,,,,,,partial,2
"OLD EUROPE CHEESE, INC.",United States,Benton Harbor,,Summer Fancy Food Show 2026,https://renypicot.us/,,2692470026,,,Level 3 — 543 — Deli Pavilion,https://sff2026.mapyourshow.com/8_0/exhibitor/exhibitor-details.cfm?exhid=337345,,,,,,,,,partial,1
OLEA DRINKS SL,Spain,LLEIDA,,Summer Fancy Food Show 2026,https://www.oleadrinks.com/,,+ 34 618489854,,,Level 3 — 540 — Deli Pavilion,https://sff2026.mapyourshow.com/8_0/exhibitor/exhibitor-details.cfm?exhid=337150,,,,,,,,,partial,1
Oleificio Principe di Terrasi Rosa,Italy,Aragona (AG),,Summer Fancy Food Show 2026,https://www.olioprincipe.it/,info@olioprincipe.it,https://wa.me/3891267078,,https://www.instagram.com/olioprincipe,Level 1 — 4211B — La Dolce Sicilia,https://sff2026.mapyourshow.com/8_0/exhibitor/exhibitor-details.cfm?exhid=348093,,https://www.facebook.com/olioprincipe,,,,,,,partial,2
Oleoestepa,Spain,Estepa,,Summer Fancy Food Show 2026,https://www.oleoestepa.com,oleo@oleoestepa.com,+34955913154,https://www.linkedin.com/company/oleoestepa,https://www.instagram.com/oleoestepa_esp,Level 3 — 2214 — Spain,https://sff2026.mapyourshow.com/8_0/exhibitor/exhibitor-details.cfm?exhid=302534,,https://www.facebook.com/Oleoestepa,,,,,,,partial,2
Olio Anfosso S.a.s,Italy,Chiusavecchia,,Summer Fancy Food Show 2026,http://www.olioanfosso.it,anfosso@olioanfosso.it,39018352418,,https://www.instagram.com/olio.anfosso,Level 1 — 4942A — Italy,https://sff2026.mapyourshow.com/8_0/exhibitor/exhibitor-details.cfm?exhid=348498,,https://www.facebook.com/olio.anfosso,,,,,,,partial,2
Olio Meriggio,Italy,Diano d'Alba,,Summer Fancy Food Show 2026,https://www.oliomeriggio.com/,,+39 0173618111,,,Level 1 — 4957 — Italy,https://sff2026.mapyourshow.com/8_0/exhibitor/exhibitor-details.cfm?exhid=335380,,,,,,,,,partial,1
Olio Roi di Boeri Franco,Italy,BADALUCCO,,Summer Fancy Food Show 2026,https://www.olioroi.com/,info@olioroi.com,https://wa.me/393471933553,https://www.linkedin.com/company/11156068/admin,https://www.instagram.com/olioroi,Level 3 — 2569,https://sff2026.mapyourshow.com/8_0/exhibitor/exhibitor-details.cfm?exhid=317359,,https://www.facebook.com/olioroi,,,,,,,partial,2
Olive Oil Lovers,United States,Passaic,,Summer Fancy Food Show 2026,https://wholesale.oliveoillovers.com/,,973-574-1110,,,Level 3 — 1459,https://sff2026.mapyourshow.com/8_0/exhibitor/exhibitor-details.cfm?exhid=103518,,,,,,,,,partial,1
OLIVES TORREMAR,Spain,Torrevieja,,Summer Fancy Food Show 2026,https://aceitunastorremar.es,info@aceitunastorremar.es,965710513,,,Level 3 — 2311 — Spain,https://sff2026.mapyourshow.com/8_0/exhibitor/exhibitor-details.cfm?exhid=315230,,,,,,,,,partial,2
Olivia LaBomba,United States,New York,,Summer Fancy Food Show 2026,https://olivia-la-bomba.com/,,+16467096981,,,Level 3 — 3253,https://sff2026.mapyourshow.com/8_0/exhibitor/exhibitor-details.cfm?exhid=347451,,,,,,,,,partial,1
"Olivia's Crouton Co., Inc.",United States,Brandon,,Summer Fancy Food Show 2026,http://www.oliviascroutons.com,info@oliviascroutons.com,888-425-3080,,,Level 1 — 5734,https://sff2026.mapyourshow.com/8_0/exhibitor/exhibitor-details.cfm?exhid=3682,,https://www.facebook.com/OliviasCroutons,,,,,,,partial,2
OLIVIERI 1882,Italy,ARZIGNANO,,Summer Fancy Food Show 2026,https://www.olivieri1882.com/,,393348335099,,,Level 3 — 2470,https://sff2026.mapyourshow.com/8_0/exhibitor/exhibitor-details.cfm?exhid=305500,,,,,,,,,partial,1
Olli Salumeria Americana,United States,Oceanside,,Summer Fancy Food Show 2026,http://olli.com/,info@olli.com,760-912-5806,https://www.linkedin.com/company/olli-salumeria,https://www.instagram.com/olli_salumeria,Level 3 — 456 — Deli Pavilion,https://sff2026.mapyourshow.com/8_0/exhibitor/exhibitor-details.cfm?exhid=103207,,http://www.facebook.com/2008/fbml,,,,,,,partial,2
Olympia Provisions,United States,Portland,,Summer Fancy Food Show 2026,http://www.olympiaprovisions.com,,503-894-8275,,,Level 3 — 672 — ACS Pavilion,https://sff2026.mapyourshow.com/8_0/exhibitor/exhibitor-details.cfm?exhid=117922,,,,,,,,,partial,1
OMW! Foods,United States,Costa Mesa,,Summer Fancy Food Show 2026,https://www.omwfoods.com/,,+19134060445,,,Level 3 — 1059,https://sff2026.mapyourshow.com/8_0/exhibitor/exhibitor-details.cfm?exhid=343730,,,,,,,,,partial,1
On Doughmand,United States,Los Angeles,,Summer Fancy Food Show 2026,https://ondoughmand.com/,,8186928728,,,River Pavilion — 7019D — SFA Spark Pavilion,https://sff2026.mapyourshow.com/8_0/exhibitor/exhibitor-details.cfm?exhid=346957,,,,,,,,,partial,1
Only4,Brazil,São Paulo,,Summer Fancy Food Show 2026,https://www.tudozeroleite.com.br/,,https://api.whatsapp.com/send?phone=5511910051807,,https://www.instagram.com/zeroleite,Level 3 — 122B — Brazil,https://sff2026.mapyourshow.com/8_0/exhibitor/exhibitor-details.cfm?exhid=347959,,https://www.facebook.com/only4oficial,,,,,,,partial,1
ONOIN,United States,River Edge,,Summer Fancy Food Show 2026,https://eatonoin.com/,,+115163599902,,,Level 1 — 4510B — Startup CPG,https://sff2026.mapyourshow.com/8_0/exhibitor/exhibitor-details.cfm?exhid=344038,,,,,,,,,partial,1
Oolie Foods,United States,Morristown,,Summer Fancy Food Show 2026,https://www.ooliefoods.com,,+14238972577,https://www.linkedin.com/company/106232745,https://www.instagram.com/ooliefoods,Level 1 — 5160,https://sff2026.mapyourshow.com/8_0/exhibitor/exhibitor-details.cfm?exhid=343768,,https://www.facebook.com/profile.php,,,,,,,partial,1
"Optima Foods, Inc",United States,DEER PARK,,Summer Fancy Food Show 2026,http://www.optimafoods.com,info@optimafoods.com,631-243-4670,,,Level 3 — 652 — Deli Pavilion,https://sff2026.mapyourshow.com/8_0/exhibitor/exhibitor-details.cfm?exhid=106777,,,,,,,,,partial,2
Orange Handle,United States,Boston,,Summer Fancy Food Show 2026,https://orangehandle.com/,,+16176107020,,,River Pavilion — 7239 — Debut District,https://sff2026.mapyourshow.com/8_0/exhibitor/exhibitor-details.cfm?exhid=348283,,,,,,,,,partial,1
Orderful,United States,San Francisco,,Summer Fancy Food Show 2026,https://www.orderful.com,,+15179275210,https://www.linkedin.com/company/orderful,,Level 3 — 2182,https://sff2026.mapyourshow.com/8_0/exhibitor/exhibitor-details.cfm?exhid=348674,,,,,,,,,partial,1
Oregon State University Food Innovation Center,United States,Portland,,Summer Fancy Food Show 2026,http://fic.oregonstate.edu,,503-872-6655,https://www.linkedin.com/company/osu-food-innovation-center/about,https://www.instagram.com/foodinnovationcenter,River Pavilion — 7016A — Debut District,https://sff2026.mapyourshow.com/8_0/exhibitor/exhibitor-details.cfm?exhid=200774,,https://www.facebook.com/pages/Food-Innovation-Center-Portland-Oregon/164467719642,,,,,,,partial,1
ORGANIC AND NATURAL COMPANY LIMITED,Thailand,Kanchanaburi,,Summer Fancy Food Show 2026,http://www.onn.co.th,,(66) 972399896,,,Level 3 — 300 — Thailand,https://sff2026.mapyourshow.com/8_0/exhibitor/exhibitor-details.cfm?exhid=349299,,,,,,,,,partial,1
Organic Crop Improvement Association,United States,Lincoln,,Summer Fancy Food Show 2026,https://ocia.org/,info@ocia.org,402-477-2323,,https://www.instagram.com/ocia_international,Level 3 — 2180,https://sff2026.mapyourshow.com/8_0/exhibitor/exhibitor-details.cfm?exhid=337304,,https://www.facebook.com/ociahome,,,,,,,partial,2
ORGIBITE GIDA INSAAT DANISMANLIK SANAYI TICARET A.S.,Turkey,MALATYA,,Summer Fancy Food Show 2026,https://orgibite.com,,+902125771414,,,Level 1 — 5822 — Beverage Pavilion,https://sff2026.mapyourshow.com/8_0/exhibitor/exhibitor-details.cfm?exhid=307522,,,,,,,,,partial,1
ORIENTAL INDUSTRIA ALIMENTICIA,Ecuador,Quevedo,,Summer Fancy Food Show 2026,https://gruporiental.com/,servicioalcliente@gruporiental.com,+1593958935557,,https://www.instagram.com/orientaloficial,Level 3 — 324A — Ecuador,https://sff2026.mapyourshow.com/8_0/exhibitor/exhibitor-details.cfm?exhid=336364,,https://www.facebook.com/OrientalOFICIAL,,,,,,,partial,2
Original Gourmet Food Co.,United States,Salem,,Summer Fancy Food Show 2026,http://www.ogfc.net/,,603-894-1200,,,"Level 3 — 2760 — Confectionery, Snacks and Sweets Pavilion",https://sff2026.mapyourshow.com/8_0/exhibitor/exhibitor-details.cfm?exhid=33162,,,,,,,,,partial,1
Original Sin Corporation,United States,New York,,Summer Fancy Food Show 2026,http://www.origsin.com/,confess@origsin.com,646-344-1087,,http://instagram.com/originalsincider,River Pavilion — 7324 — Good Food Mercantile (Sunday Only),https://sff2026.mapyourshow.com/8_0/exhibitor/exhibitor-details.cfm?exhid=129124,,http://www.facebook.com/2008/fbml,,,,,,,partial,2
Ornat-JOMO,Israel,Kadima Zoran,,Summer Fancy Food Show 2026,http://www.jomo-chocolate.com,sales@cho.co.il,+97254-7803933,,https://www.instagram.com/jomo_chocolate,Level 3 — 109B — Israel,https://sff2026.mapyourshow.com/8_0/exhibitor/exhibitor-details.cfm?exhid=348607,,https://www.facebook.com/jomochocolate,,,,,,,partial,2
Orogel Soc. Coop. Agricola,Italy,Cesena,,Summer Fancy Food Show 2026,https://www.orogel.it/,,+39 331 6115606,https://it.linkedin.com/company/orogel,https://www.instagram.com/orogel_surgelati,Level 3 — 3128A — Italy,https://sff2026.mapyourshow.com/8_0/exhibitor/exhibitor-details.cfm?exhid=317808,,https://www.facebook.com/orogelgroup,,,,,,,partial,1
"Orto Conserviera USA, Inc",United States,Glen Mills,,Summer Fancy Food Show 2026,http://www.ortoconserviera.com,commerciale@ortoconserviera.com,(917) 365-2668,https://www.linkedin.com/company/orto-conserviera-cameranese,https://www.instagram.com/ortoconservieracameranese,Level 3 — 744 — Deli Pavilion,https://sff2026.mapyourshow.com/8_0/exhibitor/exhibitor-details.cfm?exhid=130598,,https://www.facebook.com/ortoconservieracameranese,,,,,,,partial,2
"Oso Cacao, LLC",United States,New York City,,Summer Fancy Food Show 2026,https://www.osocacao.com/,hola@osocacao.com,+15804717960,,https://www.instagram.com/oso_cacao,River Pavilion — 7027A — Debut District,https://sff2026.mapyourshow.com/8_0/exhibitor/exhibitor-details.cfm?exhid=341297,,http://www.facebook.com/2008/fbml,,,,,,,partial,2
OTOKI America Inc,United States,Norwalk,,Summer Fancy Food Show 2026,https://www.otoki.com/,,+17148845926,,https://www.instagram.com/otoki_daily,Level 1 — 5115,https://sff2026.mapyourshow.com/8_0/exhibitor/exhibitor-details.cfm?exhid=318326,,https://www.facebook.com/Ottogitoday,,,,,,,partial,1
"OTREE FOODS CO.,LTD",South Korea,SEOUL,,Summer Fancy Food Show 2026,https://otreefoods.com/,hosting@gabia.com,82-10-2770-8182,,,Level 3 — 527 — Korea,https://sff2026.mapyourshow.com/8_0/exhibitor/exhibitor-details.cfm?exhid=348399,,,,,,,,,partial,2
OU Kosher,United States,New York,,Summer Fancy Food Show 2026,http://www.oukosher.org,newapp@ou.org,212-613-8237,https://www.linkedin.com/company/ou-kosher,http://instagram.com/oukosher,Level 3 — 2181,https://sff2026.mapyourshow.com/8_0/exhibitor/exhibitor-details.cfm?exhid=27718,,https://www.facebook.com/OUKosher,,,,,,,partial,2
Outeirinho - Turismo e Indústria SA,Portugal,Fafe,,Summer Fancy Food Show 2026,https://www.outeirinhogroup.com,,703-963-6840,,,Level 3 — 131 — Portugal,https://sff2026.mapyourshow.com/8_0/exhibitor/exhibitor-details.cfm?exhid=200602,,,,,,,,,partial,1
Oval Coffee LLC,United States,Bronx,,Summer Fancy Food Show 2026,https://www.oval.nyc,,(516) 850-8493,,,Level 1 — 4716B — Naturally Network,https://sff2026.mapyourshow.com/8_0/exhibitor/exhibitor-details.cfm?exhid=342798,,,,,,,,,partial,1
"Oven Arts, LLC",United States,Hackensack,,Summer Fancy Food Show 2026,http://ovenarts.com/,customerservice@ovenarts.com,(973) 910-2266,,https://www.instagram.com/ovenarts,"Level 3 — 2267 — Confectionery, Snacks and Sweets Pavilion",https://sff2026.mapyourshow.com/8_0/exhibitor/exhibitor-details.cfm?exhid=134757,,https://www.facebook.com/Oven-Arts-1035352393225027,,,,,,,partial,2
Overseas Food Trading Ltd.,United States,Fort Lee,,Summer Fancy Food Show 2026,http://www.overseasusa.com,,+112015858730,,,Level 3 — 1558,https://sff2026.mapyourshow.com/8_0/exhibitor/exhibitor-details.cfm?exhid=27724,,,,,,,,,partial,1
"Oyaizu Seicha International Japanese Tea Co., Ltd.",Japan,Shizuoka,,Summer Fancy Food Show 2026,https://www.oyaizu.co.jp/,,+81-054-259-6775,,,Level 3 — 404 — Japan,https://sff2026.mapyourshow.com/8_0/exhibitor/exhibitor-details.cfm?exhid=335850,,,,,,,,,partial,1
OZMEN UN SAN. TİC. A.S.,Turkey,Gaziantep,,Summer Fancy Food Show 2026,https://www.ozmenun.com/,,905342620751,https://www.linkedin.com/company/ozmenun,https://www.instagram.com/ozmenun,"Level 3 — 2656 — Confectionery, Snacks and Sweets Pavilion",https://sff2026.mapyourshow.com/8_0/exhibitor/exhibitor-details.cfm?exhid=342117,,https://www.facebook.com/tr,,,,,,,partial,1
P.A.P. SRL,Italy,San Severo,,Summer Fancy Food Show 2026,https://www.caranonna.it,info@caranonna.it,+3939882333496,,,Level 3 — 2510 — Italy,https://sff2026.mapyourshow.com/8_0/exhibitor/exhibitor-details.cfm?exhid=316901,,,,,,,,,partial,2
P.Pavlides S.A.,Greece,Giannitsa,,Summer Fancy Food Show 2026,https://www.pavlides-group.gr/,info@pavlides-group.gr,0030-23820-83590,,,Level 3 — 1920 — Greece,https://sff2026.mapyourshow.com/8_0/exhibitor/exhibitor-details.cfm?exhid=317093,,,,,,,,,partial,2
PACHA NATURAL COLLAGEN (GURU SAGLIKLI GIDA SAN.A.S.),Turkey,İSTANBUL,,Summer Fancy Food Show 2026,https://pachanaturalcollagen.com/,info@akilliticaret.com,https://wa.me,,https://www.instagram.com/pachanaturalcollagen_tr,Level 1 — 4856 — Turkey,https://sff2026.mapyourshow.com/8_0/exhibitor/exhibitor-details.cfm?exhid=342106,,https://www.facebook.com/tr,,,,,,,partial,2
Pack Plus Converting,United States,Chino,,Summer Fancy Food Show 2026,http://www.packplus.com,,909-902-9929,,,Level 1 — 5430,https://sff2026.mapyourshow.com/8_0/exhibitor/exhibitor-details.cfm?exhid=35285,,https://www.facebook.com/profile.php,,,,,,,partial,1
Packaging Options USA,United States,Concord,,Summer Fancy Food Show 2026,https://www.packagingoptionsusa.com,Marketing@Packagingoptionsusa.com,800-337-9630,,,Level 1 — 5120,https://sff2026.mapyourshow.com/8_0/exhibitor/exhibitor-details.cfm?exhid=322255,,,,,,,,,partial,2
PacknWood,United States,New York,,Summer Fancy Food Show 2026,https://www.packnwood.com,contact@packnwood.com,201-604-3840,https://www.linkedin.com/company/packnwood,https://www.instagram.com/packnwoodusa,Level 3 — 865,https://sff2026.mapyourshow.com/8_0/exhibitor/exhibitor-details.cfm?exhid=105284,,https://www.facebook.com/PacknWood,,,,,,,partial,2
PACKTEC,Tunisia,Tunis,,Summer Fancy Food Show 2026,https://www.packtec.tn/,,+216 71 772 755,,,Level 3 — 2318 — Tunisia,https://sff2026.mapyourshow.com/8_0/exhibitor/exhibitor-details.cfm?exhid=39702,,https://www.facebook.com/packtec,,,,,,,partial,1
Padiano's Kitchen,United States,Broken Arrow,,Summer Fancy Food Show 2026,https://www.padianoskitchen.com,sales@padianoskitchen.com,+15393029571,,https://www.instagram.com/padianoskitchen,Level 1 — 6258 — Oklahoma,https://sff2026.mapyourshow.com/8_0/exhibitor/exhibitor-details.cfm?exhid=347239,,http://www.facebook.com/2008/fbml,,,,,,,partial,2
Painterland Sisters LLC,United States,Lititz,,Summer Fancy Food Show 2026,https://painterlandsisters.com/,,814-367-3674,,,Level 1 — 6448 — Pennsylvania,https://sff2026.mapyourshow.com/8_0/exhibitor/exhibitor-details.cfm?exhid=306303,,,,,,,,,partial,1
PALACIOS USA,United States,Miami Gardens,,Summer Fancy Food Show 2026,https://www.palacios.us/,,7862025224,,https://www.instagram.com/palacios_usa,Level 3 — 743 — Deli Pavilion,https://sff2026.mapyourshow.com/8_0/exhibitor/exhibitor-details.cfm?exhid=305649,,https://es-es.facebook.com/PalaciosUSA,,,,,,,partial,1
Palazzo di Varignana,United States,Atlanta,,Summer Fancy Food Show 2026,https://palazzovarignana.us/,,+16789490177,,,Level 3 — 2859,https://sff2026.mapyourshow.com/8_0/exhibitor/exhibitor-details.cfm?exhid=246730,,,,,,,,,partial,1
Palimex Srl,Italy,BOLZANO,,Summer Fancy Food Show 2026,https://www.palimex.it,info@palimex.it,+393355208927,https://www.linkedin.com/company/palimex-srl,,Level 3 — 2905 — Italy,https://sff2026.mapyourshow.com/8_0/exhibitor/exhibitor-details.cfm?exhid=335690,,,,,,,,,partial,2
Palmera Dates Agriculture and Trading LLC,Jordan,AMMAN,,Summer Fancy Food Show 2026,https://www.palmera-dates.com/,sales@palmera-dates.com,00962781212135,https://www.linkedin.com/company/palmeradates,https://www.instagram.com/palmeradatesjo,"Level 3 — 2374 — Confectionery, Snacks and Sweets Pavilion",https://sff2026.mapyourshow.com/8_0/exhibitor/exhibitor-details.cfm?exhid=318294,,https://facebook.com/palmeradatesjo,,,,,,,partial,2
Paolucci Exclusive Imports,United States,Miami,,Summer Fancy Food Show 2026,https://www.paolucciexclusiveimports.com/,info@paolucciexclusiveimports.com,+1 888 213 3739,https://www.linkedin.com/company/paolucci-exclusive-imports,,Level 3 — 1153,https://sff2026.mapyourshow.com/8_0/exhibitor/exhibitor-details.cfm?exhid=343814,,,,,,,,,partial,2
Papa Mountain,United States,Augusta,,Summer Fancy Food Show 2026,https://www.papamountain.com/,,6786507272,,,Level 1 — 6227 — SUSTA,https://sff2026.mapyourshow.com/8_0/exhibitor/exhibitor-details.cfm?exhid=335955,,,,,,,,,partial,1
Papa's Brittle,United States,Kalamazoo,,Summer Fancy Food Show 2026,https://papasbrittle.com/,,+12698233030,,,Level 1 — 6423 — Michigan,https://sff2026.mapyourshow.com/8_0/exhibitor/exhibitor-details.cfm?exhid=347274,,,,,,,,,partial,1
PAPARELLA SALVATORE E FRANCESCO SRL,Italy,BARLETTA,,Summer Fancy Food Show 2026,https://www.frantoiopaparella.it/,info@frantoiopaparella.it,https://wa.me/393792221891,,https://www.instagram.com/advisionagency,Level 3 — 2505 — Italy,https://sff2026.mapyourshow.com/8_0/exhibitor/exhibitor-details.cfm?exhid=348440,,https://www.facebook.com/FrantoioPaparella,,,,,,,partial,2
Papillon SRL - PERLE DI SOLE,Italy,Frattamaggiore,,Summer Fancy Food Show 2026,https://www.perledisole.com,,+39 0818806767,,,Level 3 — 3309 — Italy,https://sff2026.mapyourshow.com/8_0/exhibitor/exhibitor-details.cfm?exhid=316822,,,,,,,,,partial,1
Paris Gourmet,United States,Carlstadt,,Summer Fancy Food Show 2026,http://www.parisgourmet.com,info@parisgourmet.com,201-939-5656,https://www.linkedin.com/company/paris-gourmet-inc,https://www.instagram.com/parisgourmetny,Level 3 — 2936,https://sff2026.mapyourshow.com/8_0/exhibitor/exhibitor-details.cfm?exhid=10484,,https://www.facebook.com/tr,,,,,,,partial,2
"Parmacotto, Bertozzi and Salt & Twine",United States,Moonachie,,Summer Fancy Food Show 2026,http://www.parmacottousa.com,,201-440-1234,,,Level 3 — 264 — Deli Pavilion,https://sff2026.mapyourshow.com/8_0/exhibitor/exhibitor-details.cfm?exhid=134762,,,,,,,,,partial,1
Parpan Llc,United States,Hyattsville,,Summer Fancy Food Show 2026,https://www.parpanbreads.com/,hello@parpanbreads.com,2024844443,,https://www.instagram.com/parpanbreads,Level 3 — 571 — Deli Pavilion,https://sff2026.mapyourshow.com/8_0/exhibitor/exhibitor-details.cfm?exhid=320037,,http://www.facebook.com/2008/fbml,,,,,,,partial,2
"Partner Foods Group, LLC",United States,Hackensack,,Summer Fancy Food Show 2026,https://partnerfoodsgroup.com/,rmarburger@partnerfoodsgroup.com,+12012945152,,,Level 3 — 1740,https://sff2026.mapyourshow.com/8_0/exhibitor/exhibitor-details.cfm?exhid=301185,,,,,,,,,partial,2
Partners Coffee NYC Inc,United States,Brooklyn,,Summer Fancy Food Show 2026,https://www.partnerscoffee.com/,,+13474576160,,,Level 1 — 6122 — NewYork,https://sff2026.mapyourshow.com/8_0/exhibitor/exhibitor-details.cfm?exhid=342039,,,,,,,,,partial,1
"PARTNERS, a Tasteful Choice Company",United States,Des Moines,,Summer Fancy Food Show 2026,http://www.partnerscrackers.com,,800-632-7477,,,Level 1 — 4907,https://sff2026.mapyourshow.com/8_0/exhibitor/exhibitor-details.cfm?exhid=3417,,,,,,,,,partial,1
PASTA ARMANDO,Italy,Avellino,,Summer Fancy Food Show 2026,https://www.dematteisfood.it/,,001 646-483-4984,,,Level 3 — 2400 — Italy,https://sff2026.mapyourshow.com/8_0/exhibitor/exhibitor-details.cfm?exhid=305274,,,,,,,,,partial,1
Pastificio Attilio Mastromauro GRANORO srl,Italy,Corato,,Summer Fancy Food Show 2026,https://www.granoro.it,,390808721821,https://it.linkedin.com/company/pastificio-attilio-mastromauro---granoro-srl,https://www.instagram.com/pasta_granoro,Level 1 — 4933 — Italy,https://sff2026.mapyourshow.com/8_0/exhibitor/exhibitor-details.cfm?exhid=348481,,https://www.facebook.com/Granoro,,,,,,,partial,1
Pastificio Di Bari Tarall'oro srl,Italy,SAMMICHELE DI BARI,,Summer Fancy Food Show 2026,https://taralloro.it/,customer@taralloro.it,+39 080 8916362,https://www.linkedin.com/company/pastificiodibaritarallorosrl,https://www.instagram.com/pastificiodibaritaralloro,Level 1 — 4950 — Italy,https://sff2026.mapyourshow.com/8_0/exhibitor/exhibitor-details.cfm?exhid=302865,,https://www.facebook.com/pastificio.taralloro,,,,,,,partial,2
PASTIFICIO DI MARTINO GAETANO & F.LLI,Italy,GRAGNANO,,Summer Fancy Food Show 2026,https://www.pastadimartino.com,,0818012984,,,Level 3 — 2707 — Italy,https://sff2026.mapyourshow.com/8_0/exhibitor/exhibitor-details.cfm?exhid=269090,,,,,,,,,partial,1
PASTIFICIO FABIANELLI S.p.A.,Italy,Castiglion Fiorentino,,Summer Fancy Food Show 2026,https://www.fabianelli.it/,,+39 0575 65601,https://it.linkedin.com/company/pastificio-fabianelli-s-p-a-,https://www.instagram.com/pasta_fabianelli_since_1860,Level 3 — 3327 — Italy,https://sff2026.mapyourshow.com/8_0/exhibitor/exhibitor-details.cfm?exhid=316902,,https://www.facebook.com/pastafabianelli,,,,,,,partial,1
Pastificio Riscossa F.lli Mastromauro Spa,Italy,Corato,,Summer Fancy Food Show 2026,https://www.riscossa.it,,+39 080 358 2111,,https://www.instagram.com/pastariscossa,Level 3 — 3222 — Italy,https://sff2026.mapyourshow.com/8_0/exhibitor/exhibitor-details.cfm?exhid=315158,,https://www.facebook.com/pastariscossa,,,,,,,partial,1
"Patagonia Provisions, Inc.",United States,Sausalito,,Summer Fancy Food Show 2026,http://www.patagoniaprovisions.com,customer_service@patagonia.com,415-729-9956,,,Level 1 — 5361,https://sff2026.mapyourshow.com/8_0/exhibitor/exhibitor-details.cfm?exhid=190428,,,,,,,,,partial,2
Patatas Fritas Martirelo,Spain,Castilruiz,,Summer Fancy Food Show 2026,https://www.martirelo.es,,+34975383238,,,Level 1 — 5376 — Spain,https://sff2026.mapyourshow.com/8_0/exhibitor/exhibitor-details.cfm?exhid=317541,,,,,,,,,partial,1
PATATAS TORRES,Spain,Montmeló,,Summer Fancy Food Show 2026,https://patatastorres.com/,info@patatastorres.com,+13059849632,https://www.linkedin.com/company/patatas-fritas-torres-s-l-,https://www.instagram.com/patatastorresofficial,"Level 3 — 2365 — Confectionery, Snacks and Sweets Pavilion",https://sff2026.mapyourshow.com/8_0/exhibitor/exhibitor-details.cfm?exhid=335070,,,,,,,,,partial,2
PATICEO (PATISSERIES GOURMANDES),France,LOUDEAC,,Summer Fancy Food Show 2026,https://www.paticeo.com/,,33296668352,https://www.linkedin.com/company/paticeo,https://www.instagram.com/paticeo,Level 3 — 721 — France,https://sff2026.mapyourshow.com/8_0/exhibitor/exhibitor-details.cfm?exhid=342609,,,,,,,,,partial,1
Patricia Quintana LLC,United States,Laredo,,Summer Fancy Food Show 2026,https://patriciaquitana.store/,,+19719017222,,,Level 3 — 1976,https://sff2026.mapyourshow.com/8_0/exhibitor/exhibitor-details.cfm?exhid=301233,,,,,,,,,partial,1
Patterbar,United States,Denver,,Summer Fancy Food Show 2026,https://www.patterbar.com,,508-954-8322,,,River Pavilion — 7301 — Good Food Mercantile (Sunday Only),https://sff2026.mapyourshow.com/8_0/exhibitor/exhibitor-details.cfm?exhid=311871,,,,,,,,,partial,1
PAVLO MOCHI,United States,New York,,Summer Fancy Food Show 2026,https://pavlomochi.net/,,+19173712154,,https://www.instagram.com/pavlo.mochi,Level 1 — 3413,https://sff2026.mapyourshow.com/8_0/exhibitor/exhibitor-details.cfm?exhid=348701,,https://www.facebook.com/people/Pavlo-mochi/61576769111573,,,,,,,partial,1
PEACH THE GREAT AMERICA,Greece,NAOUSA,,Summer Fancy Food Show 2026,https://www.peachthegreat-america.eu,peachthegreatmena@gmail.com,+302332043237,,https://www.instagram.com/themerex_net,Level 3 — 2023 — Greece,https://sff2026.mapyourshow.com/8_0/exhibitor/exhibitor-details.cfm?exhid=348437,,https://www.facebook.com/ThemeRexStudio,,,,,,,partial,1
Peak Protein,United States,Manasquan,,Summer Fancy Food Show 2026,https://peakprotein.com,,848-278-7325,,,Level 1 — 6261 — Massachusetts,https://sff2026.mapyourshow.com/8_0/exhibitor/exhibitor-details.cfm?exhid=334796,,,,,,,,,partial,1
Peanut Butter & Co.,United States,New York,,Summer Fancy Food Show 2026,http://www.ilovepeanutbutter.com/,,+12127573130,,,Level 1 — 5357,https://sff2026.mapyourshow.com/8_0/exhibitor/exhibitor-details.cfm?exhid=29605,,,,,,,,,partial,1
Pedon S.P.A,Italy,Colceresa,,Summer Fancy Food Show 2026,https://www.pedon.it/,,+390424411125,https://www.linkedin.com/company/pedongroup,https://www.instagram.com/pedon.italia,Level 3 — 2614 — Italy,https://sff2026.mapyourshow.com/8_0/exhibitor/exhibitor-details.cfm?exhid=107233,,https://www.facebook.com/pedon.italia,,,,,,,partial,1
PEK DONDURULMUS GIDA SAN TIC AS,Turkey,TEKIRDAG,,Summer Fancy Food Show 2026,https://www.pekfood.com/,,(90) 282-263 64 44,https://www.linkedin.com/company/pekfood,https://www.instagram.com/pekfood_tr,Level 1 — 4841 — Turkey,https://sff2026.mapyourshow.com/8_0/exhibitor/exhibitor-details.cfm?exhid=348300,,https://www.facebook.com/PekF00d,,,,,,,partial,1
Pelmen Foods,Canada,Toronto,,Summer Fancy Food Show 2026,https://pelmen.com/,info@pelmen.com,416-661-9600,https://www.linkedin.com/company/pelmen-foods/about,https://www.instagram.com/pelmenfoods,Level 1 — 6045,https://sff2026.mapyourshow.com/8_0/exhibitor/exhibitor-details.cfm?exhid=119797,,https://www.facebook.com/tr,,,,,,,partial,2
Pemberton's Gourmet Foods LLC,United States,Gray,,Summer Fancy Food Show 2026,http://pembertonsgourmetfoods.com,Info@pembertonsgourmetfoods.com,207-657-6446,,,Level 1 — 4407 — Emerge CPG,https://sff2026.mapyourshow.com/8_0/exhibitor/exhibitor-details.cfm?exhid=1855,,https://www.facebook.com/tr,,,,,,,partial,2
"Pemmican Patty Food Company, Inc",United States,Bismarck,,Summer Fancy Food Show 2026,https://pemmicanpatty.com/,,+17012268492,,,Level 1 — 6344,https://sff2026.mapyourshow.com/8_0/exhibitor/exhibitor-details.cfm?exhid=348529,,,,,,,,,partial,1
Perla Foods USA Corp.,United States,Bartlett,,Summer Fancy Food Show 2026,https://tablefoods.com,us-office@tablefoods.com,(224) 363-2937,https://www.linkedin.com/company/perla-foods-usa,https://www.instagram.com/table_foods_usa,Level 3 — 3342,https://sff2026.mapyourshow.com/8_0/exhibitor/exhibitor-details.cfm?exhid=335300,,https://www.facebook.com/tr,,,,,,,partial,2
Pernigotti SPA,Italy,Novi Ligure,,Summer Fancy Food Show 2026,http://www.pernigotti.it,info@pernigotti.it,390284135426,,https://www.instagram.com/pernigotti_1860,Level 3 — 2808 — Italy,https://sff2026.mapyourshow.com/8_0/exhibitor/exhibitor-details.cfm?exhid=128485,,https://www.facebook.com/pernigotti.spa,,,,,,,partial,2
Peru Export and Tourism Promotion Board- PromPeru,Peru,Lima,,Summer Fancy Food Show 2026,https://www.promperu.gob.pe/,,+51 16.76.74.00,,,Level 1 — 5270 — Peru,https://sff2026.mapyourshow.com/8_0/exhibitor/exhibitor-details.cfm?exhid=4477,,,,,,,,,partial,1
Petruz Acai,Brazil,Castanhal,,Summer Fancy Food Show 2026,https://www.petruz.com/,rafael@petruz.com,+55 91 3721-5562,https://br.linkedin.com/company/petruz-fruity,https://www.instagram.com/petruzfruity,Level 3 — 132B — Brazil,https://sff2026.mapyourshow.com/8_0/exhibitor/exhibitor-details.cfm?exhid=315683,,https://www.facebook.com/PetruzFruity,,,,,,,partial,2
PEYBA FOOD,Turkey,KOCAELI,,Summer Fancy Food Show 2026,https://peyba.com.tr/,,(90) 531-373 27 44,,https://www.instagram.com/peybagida,Level 3 — 1702 — Turkey,https://sff2026.mapyourshow.com/8_0/exhibitor/exhibitor-details.cfm?exhid=348293,,,,,,,,,partial,1
PH Plus Waters West LLC,United States,Norwalk,,Summer Fancy Food Show 2026,https://myphplus.com/,,+19174466766,https://www.linkedin.com/company/ph-plus-alkaline-water,https://www.instagram.com/phplusalkalinewater,River Pavilion — 7113B — Debut District,https://sff2026.mapyourshow.com/8_0/exhibitor/exhibitor-details.cfm?exhid=347916,,https://www.facebook.com/people/PHPlusalkalinewater/100087975108185,,,,,,,partial,1
"Phildesco, Inc.",United States,SOMERVILLE,,Summer Fancy Food Show 2026,http://www.phildesco.com,coconut@phildesco.com,732-937-6560,https://www.linkedin.com/company/phildesco,http://instagram.com/phildescoinc,Level 1 — 6325 — New Jersey,https://sff2026.mapyourshow.com/8_0/exhibitor/exhibitor-details.cfm?exhid=211652,,http://www.facebook.com/2008/fbml,,,,,,,partial,2
Philippine Brand,United States,Livermore,,Summer Fancy Food Show 2026,https://www.profoodcorp.com,,510-890-0070,,,Level 1 — 5910,https://sff2026.mapyourshow.com/8_0/exhibitor/exhibitor-details.cfm?exhid=100832,,https://facebook.com/profoodcorp,,,,,,,partial,1
Phoenicia Specialty Foods,United States,Houston,,Summer Fancy Food Show 2026,https://phoeniciafoods.com/,,281-558-8225,,https://www.instagram.com/phoeniciafoods,Level 3 — 2571,https://sff2026.mapyourshow.com/8_0/exhibitor/exhibitor-details.cfm?exhid=107733,,https://www.facebook.com/YUMSTOP,,,,,,,partial,1
Phoenix Food LLC,United States,Canton,,Summer Fancy Food Show 2026,https://phoenixfoodco.com/,food@phoenixfoodco.com,800-903-9473,,,Level 1 — 5414,https://sff2026.mapyourshow.com/8_0/exhibitor/exhibitor-details.cfm?exhid=119023,,,,,,,,,partial,2
PhoLicious LLC,United States,HOUSTON,,Summer Fancy Food Show 2026,https://www.pholicious.net/,,5125643938,,,Level 3 — 1246,https://sff2026.mapyourshow.com/8_0/exhibitor/exhibitor-details.cfm?exhid=337187,,,,,,,,,partial,1
Phuc Thinh Export Import Investment Corporation (PTEXIM CORP),Vietnam,"Ho Chi Minh City, Vietnam",,Summer Fancy Food Show 2026,https://ptexim.com.vn/,info@ptexim.com.vn,https://api.whatsapp.com/send/?phone=84902222295&text&type=phone_number&app_absent=0,,,Level 1 — 6033,https://sff2026.mapyourshow.com/8_0/exhibitor/exhibitor-details.cfm?exhid=343625,,https://www.facebook.com/profile.php,,,,,,,partial,2
PICANTO- K. Irakleidis & Sons S.A.,Greece,Pieria,,Summer Fancy Food Show 2026,https://www.picanto-iraklidis.gr,,00302351042178,,,Level 3 — 2030A — Greece,https://sff2026.mapyourshow.com/8_0/exhibitor/exhibitor-details.cfm?exhid=348445,,,,,,,,,partial,1
Piccola Cucina Inc.,Canada,Winnipeg,,Summer Fancy Food Show 2026,http://piccolacucina.com,,18886884454,,,River Pavilion — 7335 — Good Food Mercantile (Sunday Only),https://sff2026.mapyourshow.com/8_0/exhibitor/exhibitor-details.cfm?exhid=349130,,,,,,,,,partial,1
Pickerfresh,United States,New York,,Summer Fancy Food Show 2026,https://www.pickerfresh.com,,217-979-8369,,,Level 1 — 4517,https://sff2026.mapyourshow.com/8_0/exhibitor/exhibitor-details.cfm?exhid=179257,,,,,,,,,partial,1
Pickle Juice Company,United States,Mesquite,,Summer Fancy Food Show 2026,http://www.picklepower.com/,,972-755-0289,,,Level 1 — 5830 — Beverage Pavilion,https://sff2026.mapyourshow.com/8_0/exhibitor/exhibitor-details.cfm?exhid=132000,,,,,,,,,partial,1
Picualia USA,United States,Danbury,,Summer Fancy Food Show 2026,https://www.picualiausa.com/,,203-733-0839,,https://www.instagram.com/picualiausa,Level 3 — 3066,https://sff2026.mapyourshow.com/8_0/exhibitor/exhibitor-details.cfm?exhid=338413,,https://www.facebook.com/tr,,,,,,,partial,1
Pie Oh My LLC,United States,Fairfield,,Summer Fancy Food Show 2026,https://pieohmynj.com/,,+17186449490,,,River Pavilion — 7132A — Debut District,https://sff2026.mapyourshow.com/8_0/exhibitor/exhibitor-details.cfm?exhid=346619,,,,,,,,,partial,1
Piedmont Pennies,United States,Charlotte,,Summer Fancy Food Show 2026,http://piedmontpennies.com,,704-251-9895,,,Level 1 — 6220 — SUSTA,https://sff2026.mapyourshow.com/8_0/exhibitor/exhibitor-details.cfm?exhid=302068,,,,,,,,,partial,1
PIEMONTE AGENCY,Italy,Torino,,Summer Fancy Food Show 2026,https://www.centroestero.org/,info@centroestero.org,+39 011 6700511,https://www.linkedin.com/company/ceipiemonte-s,,Level 3 — 2520 — Italy,https://sff2026.mapyourshow.com/8_0/exhibitor/exhibitor-details.cfm?exhid=317451,,https://www.facebook.com/Ceipiemonte-Scpa-1703432893209785,,,,,,,partial,2
Pietro Isnardi Srl,Italy,Pontedassio,,Summer Fancy Food Show 2026,http://www.pietroisnardi.it,e-mailinfo@isnardi.itpietro.isnardi,3901837981,,https://www.instagram.com/pietro_isnardi,Level 1 — 4944B — Italy,https://sff2026.mapyourshow.com/8_0/exhibitor/exhibitor-details.cfm?exhid=348500,,https://www.facebook.com/pietro.isnardi.olio,,,,,,,partial,2
PIKALO FOODS,United States,NEW HAVEN,,Summer Fancy Food Show 2026,https://pikaloempanadas.com/,jvaldez@pikalofoods.com,+19144100557,,,River Pavilion — 7142 — Debut District,https://sff2026.mapyourshow.com/8_0/exhibitor/exhibitor-details.cfm?exhid=342746,,,,,,,,,partial,2
Pilsudski Mustard Co.,United States,Warrington,,Summer Fancy Food Show 2026,https://pilsudskimustard.com/,,+14849555583,,,Level 1 — 6433 — Pennsylvania,https://sff2026.mapyourshow.com/8_0/exhibitor/exhibitor-details.cfm?exhid=341250,,,,,,,,,partial,1
PINEIOS BREWERY S.A.,Greece,Larissa,,Summer Fancy Food Show 2026,https://www.pineiosbrewery.gr/,,+30 2410575710,,,Level 3 — 1923 — Greece,https://sff2026.mapyourshow.com/8_0/exhibitor/exhibitor-details.cfm?exhid=348431,,,,,,,,,partial,1
Pirouline,United States,Madison,,Summer Fancy Food Show 2026,http://www.pirouline.com,swirlmaster@pirouline.com,561-289-6311,,https://www.instagram.com/piroulinewafers,"Level 3 — 2460 — Confectionery, Snacks and Sweets Pavilion",https://sff2026.mapyourshow.com/8_0/exhibitor/exhibitor-details.cfm?exhid=3253,,https://www.facebook.com/piroulinewafers,,,,,,,partial,2
Pista Fistik Gida Imalat Ic ve Dis LTD STI,Turkey,Gaziantep,,Summer Fancy Food Show 2026,https://pistafood.com/,info@pistagida.com.tr,+190552730305,,,Level 3 — 1771,https://sff2026.mapyourshow.com/8_0/exhibitor/exhibitor-details.cfm?exhid=347253,,,,,,,,,partial,2
Pistakio,United States,Portland,,Summer Fancy Food Show 2026,https://pistakio.co/,,+15614455458,,,River Pavilion — 7016B — Debut District,https://sff2026.mapyourshow.com/8_0/exhibitor/exhibitor-details.cfm?exhid=340614,,,,,,,,,partial,1
Pixie Doodle Farm LLC,United States,Brooklyn,,Summer Fancy Food Show 2026,https://www.pixiedoodlefarm.com/,PixieDoodleFarm@gmail.com,9176846533,,https://www.instagram.com/pixiedoodlefarmllc,River Pavilion — 7029A — Debut District,https://sff2026.mapyourshow.com/8_0/exhibitor/exhibitor-details.cfm?exhid=338584,,http://www.facebook.com/2008/fbml,,,,,,,partial,1
Pizza Fellas,United States,Framingham,,Summer Fancy Food Show 2026,https://www.pizzafellas.com,info@pizzafellas.com,508-361-1110,,,Level 3 — 2952,https://sff2026.mapyourshow.com/8_0/exhibitor/exhibitor-details.cfm?exhid=318858,,,,,,,,,partial,2
Pizzoli S.p.A.,Italy,Budrio,,Summer Fancy Food Show 2026,https://www.pizzoli.it,info@pizzoli.it,+390516924511,,https://www.instagram.com/pizzoli_patate,Level 3 — 2612 — Italy,https://sff2026.mapyourshow.com/8_0/exhibitor/exhibitor-details.cfm?exhid=348456,,https://www.facebook.com/pizzolipatate,,,,,,,partial,2
PJ's Fine Foods,United States,New Bedford,,Summer Fancy Food Show 2026,https://www.crazyunclereds.com/,info@crazyunclereds.com,917-754-2829,,https://instagram.com/crazyunclereds,Level 1 — 6314 — Massachusetts,https://sff2026.mapyourshow.com/8_0/exhibitor/exhibitor-details.cfm?exhid=314164,,,,,,,,,partial,2
Plant Ahead,United States,San Ramon,,Summer Fancy Food Show 2026,https://plantaheadusa.com/,,5308674018,https://www.linkedin.com/company/plant-ahead-usa,https://www.instagram.com/plantaheadusa,Level 1 — 4507A — Vegpreneur,https://sff2026.mapyourshow.com/8_0/exhibitor/exhibitor-details.cfm?exhid=339388,,https://www.facebook.com/plantaheadusa1,,,,,,,partial,1
PLANTAIN REPUBLIC REPUBLICA DEL PLATANO EXPORTPLANTAIN S.A.,Ecuador,Portoviejo,,Summer Fancy Food Show 2026,https://tropicmax.com/,,+1 (718) 775 3197,,,Level 3 — 326B — Ecuador,https://sff2026.mapyourshow.com/8_0/exhibitor/exhibitor-details.cfm?exhid=305502,,,,,,,,,partial,1
Plantaizin',United States,Westtown,,Summer Fancy Food Show 2026,https://www.plantaizin.com/,,+16464706540,,,River Pavilion — 7028A — Debut District,https://sff2026.mapyourshow.com/8_0/exhibitor/exhibitor-details.cfm?exhid=335066,,,,,,,,,partial,1
Planted seeds,United States,Fort lee,,Summer Fancy Food Show 2026,https://www.getplantedseeds.com/,,+19175153939,,,Level 1 — 5215,https://sff2026.mapyourshow.com/8_0/exhibitor/exhibitor-details.cfm?exhid=342493,,,,,,,,,partial,1
Plantin SAS,France,Puymeras,,Summer Fancy Food Show 2026,https://www.truffe-plantin.com,,+33490464144,https://www.linkedin.com/company/plantin-sas,https://www.instagram.com/plantintruffe,Level 3 — 731 — France,https://sff2026.mapyourshow.com/8_0/exhibitor/exhibitor-details.cfm?exhid=317431,,https://www.facebook.com/plantintruffe,,,,,,,partial,1
Platinum Goods Corp.,United States,Miami,,Summer Fancy Food Show 2026,https://allwello.com/,,+13052991451,,,Level 1 — 5618 — Beverage Pavilion,https://sff2026.mapyourshow.com/8_0/exhibitor/exhibitor-details.cfm?exhid=338742,,,,,,,,,partial,1
Pleass Global,Fiji,Namosi,,Summer Fancy Food Show 2026,https://pleass.com/,,679-999-0887,,,Level 3 — 148,https://sff2026.mapyourshow.com/8_0/exhibitor/exhibitor-details.cfm?exhid=314423,,,,,,,,,partial,1
"Plenus Group, Inc.",United States,Lowell,,Summer Fancy Food Show 2026,https://pgifoods.com/,,1-978-970-3832,,,Level 1 — 6307 — Massachusetts,https://sff2026.mapyourshow.com/8_0/exhibitor/exhibitor-details.cfm?exhid=134536,,,,,,,,,partial,1
"Plochman, Inc.",United States,Manteno,,Summer Fancy Food Show 2026,http://www.plochman.com/,support@plochman.com,815-468-3434,,https://instagram.com/plochmans,Level 3 — 1252,https://sff2026.mapyourshow.com/8_0/exhibitor/exhibitor-details.cfm?exhid=178436,,https://www.facebook.com/plochmans,,,,,,,partial,2
Pocas International Corp.,United States,South Hackensack,,Summer Fancy Food Show 2026,https://www.pocas.com/,contact@pocas.com,201-941-7900,https://www.linkedin.com/company/pocas-international,https://www.instagram.com/pocasinternational,Level 1 — 5806 — Beverage Pavilion,https://sff2026.mapyourshow.com/8_0/exhibitor/exhibitor-details.cfm?exhid=38702,,,,,,,,,partial,2
POIATTI S.P.A.,Italy,MAZARA DEL VALLO,,Summer Fancy Food Show 2026,https://poiatti.it/,,390923948144,https://www.linkedin.com/company/poiatti-spa,https://www.instagram.com/pasta_poiatti,Level 1 — 5041 — Italy,https://sff2026.mapyourshow.com/8_0/exhibitor/exhibitor-details.cfm?exhid=348490,,https://www.facebook.com/poiatti.mazara,,,,,,,partial,1
Point Reyes Farmstead Cheese Co.,United States,Point Reyes Station,,Summer Fancy Food Show 2026,http://www.pointreyescheese.com,,+14156638880,,,Level 3 — 642 — Deli Pavilion,https://sff2026.mapyourshow.com/8_0/exhibitor/exhibitor-details.cfm?exhid=38040,,,,,,,,,partial,1
"Polar Tech Industries, Inc.",United States,Genoa,,Summer Fancy Food Show 2026,http://www.polar-tech.com,order@polar-tech.com,(815)784-9000,https://www.linkedin.com/company/polar-tech-industries,,Level 3 — 2782,https://sff2026.mapyourshow.com/8_0/exhibitor/exhibitor-details.cfm?exhid=7874,,https://www.facebook.com/PolarTechIndustries,,,,,,,partial,2
POMMERY MUSTARD,France,NANTEUIL-LES-MEAUX,,Summer Fancy Food Show 2026,https://www.moutarde-de-meaux.com,,33164350082,,,Level 3 — 824 — France,https://sff2026.mapyourshow.com/8_0/exhibitor/exhibitor-details.cfm?exhid=315300,,,,,,,,,partial,1
Pop Daddy Snacks,United States,Howell,,Summer Fancy Food Show 2026,http://www.popdaddysnacks.com,,+17345509900,,,Level 1 — 6428 — Michigan,https://sff2026.mapyourshow.com/8_0/exhibitor/exhibitor-details.cfm?exhid=211823,,,,,,,,,partial,1
POP Mustards,United States,Cleveland,,Summer Fancy Food Show 2026,https://popmustards.com,,+12168604000,,https://www.instagram.com/popmustards,Level 1 — 4610,https://sff2026.mapyourshow.com/8_0/exhibitor/exhibitor-details.cfm?exhid=340093,,https://www.facebook.com/tr,,,,,,,partial,1
Poppleton Pantry,United States,Auburn Hills,,Summer Fancy Food Show 2026,https://www.poppletonpantry.com,,+12485255726,,,Level 1 — 4417B — CPG Xperience,https://sff2026.mapyourshow.com/8_0/exhibitor/exhibitor-details.cfm?exhid=348703,,,,,,,,,partial,1
Pops Corn,United States,Sunrise,,Summer Fancy Food Show 2026,https://popscorn.com/,,+19547367326,,,"Level 3 — 2359 — Confectionery, Snacks and Sweets Pavilion",https://sff2026.mapyourshow.com/8_0/exhibitor/exhibitor-details.cfm?exhid=314195,,,,,,,,,partial,1
Popzup Popcorn,United States,Somersworth,,Summer Fancy Food Show 2026,https://popzup.com/,,+19785021737,,,Level 1 — 5134,https://sff2026.mapyourshow.com/8_0/exhibitor/exhibitor-details.cfm?exhid=131757,,,,,,,,,partial,1
PortugalFoods,Portugal,Porto,,Summer Fancy Food Show 2026,https://www.portugalfoods.org/,,+351220944476,https://www.linkedin.com/company/portugalfoodsoficial,https://www.instagram.com/portugalfoodsoficial,Level 3 — 119 — Portugal,https://sff2026.mapyourshow.com/8_0/exhibitor/exhibitor-details.cfm?exhid=305883,,https://www.facebook.com/PortugalFoodsOficial,,,,,,,partial,1
POSHI,United States,Coral Gables,,Summer Fancy Food Show 2026,https://poshi.com/,,305-777-0948,,,Level 1 — 5633,https://sff2026.mapyourshow.com/8_0/exhibitor/exhibitor-details.cfm?exhid=103482,,,,,,,,,partial,1
Possmei International Co. Ltd,"Taiwan, Province of China",New Tapei City,,Summer Fancy Food Show 2026,http://shop.possmei.com,,886 222999000,,,"Level 3 — 2447 — Confectionery, Snacks and Sweets Pavilion",https://sff2026.mapyourshow.com/8_0/exhibitor/exhibitor-details.cfm?exhid=122197,,,,,,,,,partial,1
POTEUS - ΠΟΤΕΥΣ (high phenolic organic extra virgin olive oil),Greece,SERRES,,Summer Fancy Food Show 2026,https://poteus.gr,poteus1@gmail.com,306986185300,,,Level 3 — 2030B — Greece,https://sff2026.mapyourshow.com/8_0/exhibitor/exhibitor-details.cfm?exhid=348447,,,,,,,,,partial,1
PPC Flex,United States,Payson,,Summer Fancy Food Show 2026,http://ppcflex.com,,801-465-1300,https://www.linkedin.com/company/ppcflexiblepackaging,https://www.instagram.com/ppcflex,Level 1 — 5448,https://sff2026.mapyourshow.com/8_0/exhibitor/exhibitor-details.cfm?exhid=101569,,https://www.facebook.com/profile.php,,,,,,,partial,1
Preferred Wholesale Inc,United States,Albia,,Summer Fancy Food Show 2026,https://www.preferredwholesaleinc.com/,contactus@preferredwholesaleinc.com,641-932-2924,,,Level 1 — 5341,https://sff2026.mapyourshow.com/8_0/exhibitor/exhibitor-details.cfm?exhid=338536,,,,,,,,,partial,2
Premium Qalaquri LTD,United States,Tbilisi,,Summer Fancy Food Show 2026,https://www.qalaquri.com,,+995579000111,,,Level 3 — 2314 — Georgia,https://sff2026.mapyourshow.com/8_0/exhibitor/exhibitor-details.cfm?exhid=335532,,,,,,,,,partial,1
"Pressed Juicery, Inc.",United States,Culver City,,Summer Fancy Food Show 2026,https://pressed.com/,info@pressed.com,866-664-2997,,https://www.instagram.com/pressedjuicery,Level 1 — 5628 — Beverage Pavilion,https://sff2026.mapyourshow.com/8_0/exhibitor/exhibitor-details.cfm?exhid=301436,,https://www.facebook.com/PressedOfficial,,,,,,,partial,2
Prestolabels.com,United States,Tipp City,,Summer Fancy Food Show 2026,https://prestolabels.com/,customerservice@prestolabels.com,(937)669-8416,https://www.linkedin.com/company/presto-labels,,Level 1 — 5408,https://sff2026.mapyourshow.com/8_0/exhibitor/exhibitor-details.cfm?exhid=42338,,https://www.facebook.com/prestolabels,,,,,,,partial,2
Pretty Tasty LLC,United States,New York,,Summer Fancy Food Show 2026,https://www.prettytasty.com/,,17187014460,,,Level 1 — 5823 — Beverage Pavilion,https://sff2026.mapyourshow.com/8_0/exhibitor/exhibitor-details.cfm?exhid=335444,,,,,,,,,partial,1
"Pretzel Pete, Inc.",United States,Hatboro,,Summer Fancy Food Show 2026,https://www.pretzelpete.com,info@pretzelpete.com,215-361-9500,,https://www.instagram.com/pretzelpetesnacks,Level 1 — 5150,https://sff2026.mapyourshow.com/8_0/exhibitor/exhibitor-details.cfm?exhid=7585,,https://www.facebook.com/pretzelpete.snacks,,,,,,,partial,2
Prickly Foods,United States,Albuquerque,,Summer Fancy Food Show 2026,https://pricklyfoods.com,,+15052396408,,,Level 1 — 6357 — New Mexico,https://sff2026.mapyourshow.com/8_0/exhibitor/exhibitor-details.cfm?exhid=347640,,,,,,,,,partial,1
Pride Popcorn,United States,purcell,,Summer Fancy Food Show 2026,https://www.pride-popcorn.com,info@pride-popcorn.com,+14056132627,,,Level 1 — 6259 — Oklahoma,https://sff2026.mapyourshow.com/8_0/exhibitor/exhibitor-details.cfm?exhid=347199,,,,,,,,,partial,2
Primal Kitchen,United States,Oxnard,,Summer Fancy Food Show 2026,http://www.primalkitchen.com,,888-774-6259,,,Level 3 — 873,https://sff2026.mapyourshow.com/8_0/exhibitor/exhibitor-details.cfm?exhid=127770,,,,,,,,,partial,1
Prime Line Distributors,United States,New York,,Summer Fancy Food Show 2026,https://www.primelinedist.com,,954-925-4500,,,Level 3 — 3244,https://sff2026.mapyourshow.com/8_0/exhibitor/exhibitor-details.cfm?exhid=301510,,,,,,,,,partial,1
Prime Roots,United States,Berkeley,,Summer Fancy Food Show 2026,https://www.primeroots.com/,,+15104269898,,,Level 3 — 574 — Deli Pavilion,https://sff2026.mapyourshow.com/8_0/exhibitor/exhibitor-details.cfm?exhid=301541,,,,,,,,,partial,1
Primis Imports,United States,Long Island City,,Summer Fancy Food Show 2026,https://www.primisimports.com,,+13472191318,,,River Pavilion — 7039 — Debut District,https://sff2026.mapyourshow.com/8_0/exhibitor/exhibitor-details.cfm?exhid=323642,,,,,,,,,partial,1
Prince of Lioness Corporation,United States,New York,,Summer Fancy Food Show 2026,https://www.princeoflioness.com,info@princeoflioness.com,+19173553907,,,Level 1 — 4120,https://sff2026.mapyourshow.com/8_0/exhibitor/exhibitor-details.cfm?exhid=347594,,,,,,,,,partial,2
Print247us LLC.,United States,Rosenberg,,Summer Fancy Food Show 2026,https://print247.us/,+support@print247.us,https://api.whatsapp.com/send?phone=18329832323&text=Hi.,https://www.linkedin.com/company/print247-us,https://www.instagram.com/print247.us,Level 1 — 6061,https://sff2026.mapyourshow.com/8_0/exhibitor/exhibitor-details.cfm?exhid=302106,,https://www.facebook.com/tr,,,,,,,partial,2
Printex Transparent Packaging Inc.,United States,Islandia,,Summer Fancy Food Show 2026,https://www.ptpackaging.com/,info@ptpackaging.com,1-800-461-8106,https://www.linkedin.com/company/transparent-packaging-inc,,Level 1 — 3720,https://sff2026.mapyourshow.com/8_0/exhibitor/exhibitor-details.cfm?exhid=179432,,https://www.facebook.com/Printex-Transparent-Packaging-332221637129285,,,,,,,partial,2
Private Spring Water LLC,United States,San Martin,,Summer Fancy Food Show 2026,http://www.pswaters.com,info@pswaters.com,4086811500,https://www.linkedin.com/company/private-spring-water,,Level 1 — 5540,https://sff2026.mapyourshow.com/8_0/exhibitor/exhibitor-details.cfm?exhid=37569,,https://www.facebook.com/PrivateSpringWater,,,,,,,partial,2
Procaffe' S.p.A,Italy,Belluno,,Summer Fancy Food Show 2026,https://www.caffebristot.com/,C-in-Grani@2x.png,+39 0437 938160,,https://www.instagram.com/caffe_bristot,Level 3 — 3314 — Italy,https://sff2026.mapyourshow.com/8_0/exhibitor/exhibitor-details.cfm?exhid=335588,,https://www.facebook.com/tr,,,,,,,partial,2
Prochamp Bv,Netherlands,Velddriel,,Summer Fancy Food Show 2026,https://www.prochamp.nl,info@prochamp.nl,+31418637777,,,Level 3 — 753 — Deli Pavilion,https://sff2026.mapyourshow.com/8_0/exhibitor/exhibitor-details.cfm?exhid=10604,,,,,,,,,partial,2
Productos Sane de Chapala,Mexico,Chapala,,Summer Fancy Food Show 2026,https://sane.com.mx/,,+523767654020,,,Level 1 — 5639,https://sff2026.mapyourshow.com/8_0/exhibitor/exhibitor-details.cfm?exhid=245002,,,,,,,,,partial,1
Produttori Latte Associati Cremona,Italy,Persico Dosimo,,Summer Fancy Food Show 2026,https://www.fattoriecremona.it,,+390372455646,,,Level 3 — 3224 — Italy,https://sff2026.mapyourshow.com/8_0/exhibitor/exhibitor-details.cfm?exhid=233911,,,,,,,,,partial,1
Promotora d'Exportacions Catalanes SA (PRODECA),Spain,BARCELONA,,Summer Fancy Food Show 2026,https://www.prodeca.cat/,,+34935524820,https://www.linkedin.com/company/promotora-d-exportacions-agroaliment-ries,,Level 1 — 5369 — Spain,https://sff2026.mapyourshow.com/8_0/exhibitor/exhibitor-details.cfm?exhid=338431,,,,,,,,,partial,1
PROTROPIC CIA. LTDA.,Ecuador,Quito,,Summer Fancy Food Show 2026,https://www.protropic.com/,,+593 994 307 442,,,Level 3 — 322A — Ecuador,https://sff2026.mapyourshow.com/8_0/exhibitor/exhibitor-details.cfm?exhid=336244,,,,,,,,,partial,1
PS8 Ltd.,United Kingdom,Leatherhead Surrey,,Summer Fancy Food Show 2026,http://www.ps-8.com,tradeshows@ps-8.com,+44 743 261 4726,http://www.linkedin.com/company/ps8-ltd,,Level 3 — 2004 — UK,https://sff2026.mapyourshow.com/8_0/exhibitor/exhibitor-details.cfm?exhid=104192,,,,,,,,,partial,2
PSMA LA SABLAISE,France,LES SABLES D'OLONNE,,Summer Fancy Food Show 2026,https://lasablaise.fr/,,02 51 32 86 37,,https://www.instagram.com/conserverie_la_sablaise,Level 3 — 823B — France,https://sff2026.mapyourshow.com/8_0/exhibitor/exhibitor-details.cfm?exhid=347614,,https://www.facebook.com/ConserverieLaSablaise,,,,,,,partial,1
Publica Coffee LLC,United States,Watkinsville,,Summer Fancy Food Show 2026,https://publicacoffee.com/,,+17062541318,,,Level 1 — 6413 — Georgia,https://sff2026.mapyourshow.com/8_0/exhibitor/exhibitor-details.cfm?exhid=347428,,,,,,,,,partial,1
PUGLIA IN FOOD SRL,Italy,CASARANO,,Summer Fancy Food Show 2026,http://www.pugliainfood.com,info@pugliainfood.com,https://api.whatsapp.com/send?phone=3402928332,,,Level 3 — 2503 — Italy,https://sff2026.mapyourshow.com/8_0/exhibitor/exhibitor-details.cfm?exhid=348438,,,,,,,,,partial,2
Puglia Sapori s.r.l.,Italy,Conversano,,Summer Fancy Food Show 2026,https://pugliasapori.com/,info@pugliasapori.com,+390804958889,https://it.linkedin.com/company/puglia-sapori-srl,https://www.instagram.com/pugliasaporisrl,Level 1 — 5038 — Italy,https://sff2026.mapyourshow.com/8_0/exhibitor/exhibitor-details.cfm?exhid=341632,,https://www.facebook.com/PugliaSaporiSrl,,,,,,,partial,2
Purely Elizabeth LLC,United States,Boulder,,Summer Fancy Food Show 2026,http://www.purelyelizabeth.com,,720-242-7525,,,Level 1 — 6049,https://sff2026.mapyourshow.com/8_0/exhibitor/exhibitor-details.cfm?exhid=106172,,,,,,,,,partial,1
Q's Nuts,United States,Methuen,,Summer Fancy Food Show 2026,https://qsnuts.com/,,617-764-3741,,https://www.instagram.com/qsnuts,River Pavilion — 7314 — Good Food Mercantile (Sunday Only),https://sff2026.mapyourshow.com/8_0/exhibitor/exhibitor-details.cfm?exhid=118889,,https://www.facebook.com/tr,,,,,,,partial,1
Qabalan Bakery,Jordan,Amman,,Summer Fancy Food Show 2026,http://qabalanbakery.com,,00962791301707,,,Level 3 — 1529 — Jordan,https://sff2026.mapyourshow.com/8_0/exhibitor/exhibitor-details.cfm?exhid=335642,,,,,,,,,partial,1
"QINGDAO DONGDI IMPORT AND EXPORT CO.,LTD",China,Qingdao,,Summer Fancy Food Show 2026,,,+86 532 6899 1302,,,Level 1 — 5937,https://sff2026.mapyourshow.com/8_0/exhibitor/exhibitor-details.cfm?exhid=113809,,,,,,,,,partial,1
"QINGDAO YOUSHARE FOOD CO., LTD",China,Qingdao,,Summer Fancy Food Show 2026,https://www.yousharefoods.com,info.sales@yousharefoods.com,(+86)15117901690,,https://www.instagram.com/hiceyicecream,Level 1 — 5348,https://sff2026.mapyourshow.com/8_0/exhibitor/exhibitor-details.cfm?exhid=338576,,https://www.facebook.com/profile.php,,,,,,,partial,2
"Quaker Hill Farms, Inc.",United States,Verona,,Summer Fancy Food Show 2026,http://www.Chortles.com,info@atlas-vista.net,(973) 239-8300,,,Level 1 — 5413,https://sff2026.mapyourshow.com/8_0/exhibitor/exhibitor-details.cfm?exhid=342920,,,,,,,,,partial,2
QUARTET USA Inc.,United States,Jersey City,,Summer Fancy Food Show 2026,https://www.quartetusa.com,,201-893-0142,,,Level 1 — 5737,https://sff2026.mapyourshow.com/8_0/exhibitor/exhibitor-details.cfm?exhid=314292,,,,,,,,,partial,1
"Queen Majesty Hot Sauce, Inc.",United States,Long Island City,,Summer Fancy Food Show 2026,https://queenmajestyhotsauce.com,,347-384-8454,,https://instagram.com/queenmajestyhotsauce,River Pavilion — 7417 — Good Food Mercantile (Sunday Only),https://sff2026.mapyourshow.com/8_0/exhibitor/exhibitor-details.cfm?exhid=223353,,https://facebook.com/queenmajestyhotsauce,,,,,,,partial,1
Quen LLC,United States,Port Washington,,Summer Fancy Food Show 2026,https://www.quenimports.com/,quen@quenimports.com,+12032536637,,https://www.instagram.com/quenimports,Level 3 — 1350,https://sff2026.mapyourshow.com/8_0/exhibitor/exhibitor-details.cfm?exhid=343751,,http://www.facebook.com/2008/fbml,,,,,,,partial,2
"QUESOS REVIQUES, S.L.",Spain,Coreses,,Summer Fancy Food Show 2026,https://www.quesosreviques.com/,reviques@quesosreviques.com,+34 980 580 114,https://www.linkedin.com/company/quesosreviques,https://www.instagram.com/quesosreviques,Level 1 — 5483 — Spain,https://sff2026.mapyourshow.com/8_0/exhibitor/exhibitor-details.cfm?exhid=348173,,https://www.facebook.com/profile.php,,,,,,,partial,2
Quice Food Industries Limited,Pakistan,Karachi,,Summer Fancy Food Show 2026,https://www.quice.com.pk/,info@quice.com.pk,+92 300 0996987,https://www.linkedin.com/company/quice-food-industries-ltd,https://www.instagram.com/quicepk,Level 1 — 5187 — Pakistan,https://sff2026.mapyourshow.com/8_0/exhibitor/exhibitor-details.cfm?exhid=333840,,https://www.facebook.com/QuiceFoodOfficial,,,,,,,partial,2
"Quinta de Jugais -Comercio de Produtos Alimentares, Lda.",Portugal,Oliveira Do Hospital,,Summer Fancy Food Show 2026,http://www.jugais.com,,+351 238 609 892,,,"Level 3 — 2648 — Confectionery, Snacks and Sweets Pavilion",https://sff2026.mapyourshow.com/8_0/exhibitor/exhibitor-details.cfm?exhid=125635,,,,,,,,,partial,1
"R.W. Sauder, Inc.",United States,Lititz,,Summer Fancy Food Show 2026,http://www.saudereggs.com/,address@domain.com,+1 800-242-9664,https://www.linkedin.com/company/rw-sauder-inc,https://www.instagram.com/sauderseggs,Level 1 — 4102,https://sff2026.mapyourshow.com/8_0/exhibitor/exhibitor-details.cfm?exhid=131602,,https://www.facebook.com/sauderseggs,,,,,,,partial,2
Raazi Tea,United States,New York,,Summer Fancy Food Show 2026,https://raazi.co/,,+19292692893,,,River Pavilion — 7207 — Debut District,https://sff2026.mapyourshow.com/8_0/exhibitor/exhibitor-details.cfm?exhid=342981,,,,,,,,,partial,1
Radeberger Gruppe USA,United States,Norwalk,,Summer Fancy Food Show 2026,https://www.radeberger-gruppe-international.com/,,+12032290106,,,Level 1 — 4103,https://sff2026.mapyourshow.com/8_0/exhibitor/exhibitor-details.cfm?exhid=347591,,,,,,,,,partial,1
Ralo' srl,Italy,Matelica,,Summer Fancy Food Show 2026,https://www.castellino.it/,info@castellino.it,3385708242,https://www.linkedin.com/company/castellino-olive-e-antipasti,https://www.instagram.com/castellino_original,Level 3 — 2412 — Italy,https://sff2026.mapyourshow.com/8_0/exhibitor/exhibitor-details.cfm?exhid=305099,,https://www.facebook.com/castellinooriginal,,,,,,,partial,2
RAMI TORTI,Italy,FASANO,,Summer Fancy Food Show 2026,https://www.ramitorti.it,info@ramitorti.com,https://wa.me/393394101859,,https://www.instagram.com/rami_torti,Level 3 — 2511 — Italy,https://sff2026.mapyourshow.com/8_0/exhibitor/exhibitor-details.cfm?exhid=348448,,,,,,,,,partial,2
"Ranieri Fine Foods, Inc.",United States,Brooklyn,,Summer Fancy Food Show 2026,http://www.ranierifoods.com,ranierofoods@ranierifoods.com,(718) 599-9520,,,Level 3 — 3356,https://sff2026.mapyourshow.com/8_0/exhibitor/exhibitor-details.cfm?exhid=7579,,,,,,,,,partial,2
Rare Breed Coffee,United States,Nashua,,Summer Fancy Food Show 2026,https://rarebreedcoffee.com/,,603-578-3338,,,Level 1 — 4927A — Naturally Network,https://sff2026.mapyourshow.com/8_0/exhibitor/exhibitor-details.cfm?exhid=342779,,,,,,,,,partial,1
"Ravico USA, LLC",United States,Riderwood,,Summer Fancy Food Show 2026,http://ravicousa.com,,(443) 921-8025,,,Level 1 — 5020,https://sff2026.mapyourshow.com/8_0/exhibitor/exhibitor-details.cfm?exhid=132503,,,,,,,,,partial,1
Raya Fruit Water,United States,St. Petersburg,,Summer Fancy Food Show 2026,https://rayafruitwater.com/,,+15106198621,,,Level 1 — 5820,https://sff2026.mapyourshow.com/8_0/exhibitor/exhibitor-details.cfm?exhid=347497,,,,,,,,,partial,1
Real Mojo Foods,United States,Elk Grove,,Summer Fancy Food Show 2026,https://realmojofoods.square.site/,dee@realmojofoods.com,7084390018,,,River Pavilion — 7435 — Good Food Mercantile (Sunday Only),https://sff2026.mapyourshow.com/8_0/exhibitor/exhibitor-details.cfm?exhid=344256,,,,,,,,,partial,2
Real Pickles,United States,Greenfield,,Summer Fancy Food Show 2026,https://www.realpickles.com,info@realpickles.com,4137742600,,https://www.instagram.com/realpickles,River Pavilion — 7322 — Good Food Mercantile (Sunday Only),https://sff2026.mapyourshow.com/8_0/exhibitor/exhibitor-details.cfm?exhid=319179,,https://www.facebook.com/realpickles,,,,,,,partial,2
Rebel Cheese,United States,Austin,,Summer Fancy Food Show 2026,https://rebelcheese.com/,,+12068548439,,,Level 3 — 478 — Deli Pavilion,https://sff2026.mapyourshow.com/8_0/exhibitor/exhibitor-details.cfm?exhid=314886,,,,,,,,,partial,1
Recipes 4 Learning,United States,Bellport,,Summer Fancy Food Show 2026,http://www.recipes4learning.org,,+16316246113,,,Level 1 — 6117 — NewYork,https://sff2026.mapyourshow.com/8_0/exhibitor/exhibitor-details.cfm?exhid=347227,,,,,,,,,partial,1
Reclamation Foods,United States,New York,,Summer Fancy Food Show 2026,https://reclamationfoods.com/,,+13476883359,,,Level 1 — 4210 — Included,https://sff2026.mapyourshow.com/8_0/exhibitor/exhibitor-details.cfm?exhid=335458,,,,,,,,,partial,1
Recrea8 LLC,United States,Jersey city,,Summer Fancy Food Show 2026,https://recrea8.one,,+19522613733,,,River Pavilion — 7130A — Debut District,https://sff2026.mapyourshow.com/8_0/exhibitor/exhibitor-details.cfm?exhid=348912,,,,,,,,,partial,1
Red Fox Spices,United States,Bayonne,,Summer Fancy Food Show 2026,https://redfoxspices.com/,,+12012815659,,,River Pavilion — 7131B — Debut District,https://sff2026.mapyourshow.com/8_0/exhibitor/exhibitor-details.cfm?exhid=342463,,,,,,,,,partial,1
Red Root & Co. LLC,United States,Harrisonburg,,Summer Fancy Food Show 2026,http://www.redrootcompany.com,,540-227-7575,,,River Pavilion — 7406 — Good Food Mercantile (Sunday Only),https://sff2026.mapyourshow.com/8_0/exhibitor/exhibitor-details.cfm?exhid=179530,,,,,,,,,partial,1
Red Truck Orchards,United States,Northport,,Summer Fancy Food Show 2026,https://www.redtruckorchards.com/,,+13175257659,,,Level 1 — 6424 — Michigan,https://sff2026.mapyourshow.com/8_0/exhibitor/exhibitor-details.cfm?exhid=337482,,,,,,,,,partial,1
Red Velvet XOXO LLC,United States,Mount Kisco,,Summer Fancy Food Show 2026,https://redvelvetnyc.com/,,6179707410,,,Level 1 — 6110 — NewYork,https://sff2026.mapyourshow.com/8_0/exhibitor/exhibitor-details.cfm?exhid=335253,,,,,,,,,partial,1
"Reddy Ice, Inc.",United States,Dallas/Ft Worth,,Summer Fancy Food Show 2026,https://icebloxbyri.com/,cropped-cropped-Artboard-1-copy@2x-192x192-1-32x32.webp,3107297738,,https://www.instagram.com/iceblox_ri,Level 1 — 5726 — Beverage Pavilion,https://sff2026.mapyourshow.com/8_0/exhibitor/exhibitor-details.cfm?exhid=335541,,https://www.facebook.com/icebloxri,,,,,,,partial,2
Redefine Nutrition,United States,Alpharetta,,Summer Fancy Food Show 2026,https://www.redefinesnacks.com,,+16786656262,,,Level 1 — 6412,https://sff2026.mapyourshow.com/8_0/exhibitor/exhibitor-details.cfm?exhid=347633,,,,,,,,,partial,1
"Redondo Iglesias, USA, Inc.",United States,New Hyde Park,,Summer Fancy Food Show 2026,http://www.redondousa.com,,201-455-5266,,,Level 3 — 1850,https://sff2026.mapyourshow.com/8_0/exhibitor/exhibitor-details.cfm?exhid=4793,,,,,,,,,partial,1
"Rega USA, LLC",United States,Wayne,,Summer Fancy Food Show 2026,https://www.regausa.com/,,973-391-7098,,https://www.instagram.com/rega.usa.imports,Level 3 — 2858,https://sff2026.mapyourshow.com/8_0/exhibitor/exhibitor-details.cfm?exhid=305670,,https://www.facebook.com/regausaimport,,,,,,,partial,1
Regen Roots LLc,United States,Emeryville,,Summer Fancy Food Show 2026,https://organuca.com/,support@organuca.com,+14152940211,https://www.linkedin.com/company/93266392/admin/feed/posts,https://www.instagram.com/organuca.tr,Level 1 — 3807,https://sff2026.mapyourshow.com/8_0/exhibitor/exhibitor-details.cfm?exhid=347901,,https://www.facebook.com/tr,,,,,,,partial,2
Regina Co. for pasta & food industries,Egypt,Cairo,,Summer Fancy Food Show 2026,https://pastaregina.com/,logo@2x-150x150.png,+201143538482,https://www.linkedin.com/company/pasta-regina,https://www.instagram.com/pastaregina,Level 3 — 3054,https://sff2026.mapyourshow.com/8_0/exhibitor/exhibitor-details.cfm?exhid=336152,,https://www.facebook.com/PastaRegina,,,,,,,partial,2
Region Of Central Macedonia,Greece,Thessaloniki,,Summer Fancy Food Show 2026,https://www.pkm.gov.gr,dpo@pkm.gov.gr,0030 2313 330350,,,Level 3 — 2024 — Greece,https://sff2026.mapyourshow.com/8_0/exhibitor/exhibitor-details.cfm?exhid=315496,,,,,,,,,partial,2
Region of Thessaly,Greece,Larisa,,Summer Fancy Food Show 2026,https://www.thessaly.gov.gr/,,+30 6932618917,,,Level 3 — 1927 — Greece,https://sff2026.mapyourshow.com/8_0/exhibitor/exhibitor-details.cfm?exhid=336296,,,,,,,,,partial,1
REGIONE PIEMONTE - DEPARTMENT OF AGRICULTURE AND FOOD,Italy,Torino,,Summer Fancy Food Show 2026,http://www.eccellenzapiemonte.it,,0039 011 4322832,,,Level 3 — 2619 — Italy,https://sff2026.mapyourshow.com/8_0/exhibitor/exhibitor-details.cfm?exhid=349119,,,,,,,,,partial,1
Registrar Corp,United States,Hampton,,Summer Fancy Food Show 2026,http://www.registrarcorp.com,info@registrarcorp.com,757-224-0177,https://www.linkedin.com/company/registrar-corp,,Level 3 — 482,https://sff2026.mapyourshow.com/8_0/exhibitor/exhibitor-details.cfm?exhid=102800,,https://www.facebook.com/RegistrarCorp,,,,,,,partial,2
REIGNA GIDA ITHALAT SANAYI VE TICARET A.S.,Turkey,MERSİN,,Summer Fancy Food Show 2026,https://www.reignabakliyat.com/,info@reignabakliyat.com,(90) 545-599 02 99,,,Level 3 — 1714 — Turkey,https://sff2026.mapyourshow.com/8_0/exhibitor/exhibitor-details.cfm?exhid=342136,,,,,,,,,partial,2
"Renewal Mill, PBC",United States,Canandaigua,,Summer Fancy Food Show 2026,https://www.renewalmill.com,,845-392-8307,,,River Pavilion — 7233 — Debut District,https://sff2026.mapyourshow.com/8_0/exhibitor/exhibitor-details.cfm?exhid=244029,,,,,,,,,partial,1
Renfro Foods Inc.,United States,Fort Worth,,Summer Fancy Food Show 2026,https://www.renfrofoods.com,,+18173363849,,,Level 3 — 1761,https://sff2026.mapyourshow.com/8_0/exhibitor/exhibitor-details.cfm?exhid=7580,,,,,,,,,partial,1
Renieris PC,Greece,Kissamos,,Summer Fancy Food Show 2026,http://www.renierisoliveoil.gr,exports@renierisoliveoil.gr,+30 2822031901,http://www.linkedin.com/company/3489090,,Level 3 — 2127 — Greece,https://sff2026.mapyourshow.com/8_0/exhibitor/exhibitor-details.cfm?exhid=348696,,https://www.facebook.com/ElRenieris,,,,,,,partial,2
RENNA SRL,Italy,FASANO,,Summer Fancy Food Show 2026,https://www.rennasrl.com,,+39804426250,,,Level 3 — 2533 — Italy,https://sff2026.mapyourshow.com/8_0/exhibitor/exhibitor-details.cfm?exhid=307429,,https://www.facebook.com/RennaAntipasti,,,,,,,partial,1
Revived Foods Inc.,Canada,Barrie,,Summer Fancy Food Show 2026,https://www.greenbowlfoods.ca,,+14377998060,https://www.linkedin.com/company/greenbowlfoods,https://instagram.com/greenbowlfoods,River Pavilion — 7333 — Good Food Mercantile (Sunday Only),https://sff2026.mapyourshow.com/8_0/exhibitor/exhibitor-details.cfm?exhid=348621,,,,,,,,,partial,1
Rhee Bros Inc.,United States,Hanover,,Summer Fancy Food Show 2026,https://www.rheebros.com,,410-381-9000,,,Level 1 — 5340,https://sff2026.mapyourshow.com/8_0/exhibitor/exhibitor-details.cfm?exhid=303372,,,,,,,,,partial,1
RICEBARI Inc,United States,Seattle,,Summer Fancy Food Show 2026,https://www.ricebari.com/,info@ricebari.com,+13126872228,,https://www.instagram.com/ricebari_official,Level 1 — 4510A — Startup CPG,https://sff2026.mapyourshow.com/8_0/exhibitor/exhibitor-details.cfm?exhid=347586,,,,,,,,,partial,2
"Rigoni Di Asiago USA, LLC",United States,Norwalk,,Summer Fancy Food Show 2026,http://www.rigonidiasiago-usa.com/,,908-477-7899,,,"Level 3 — 2455 — Confectionery, Snacks and Sweets Pavilion",https://sff2026.mapyourshow.com/8_0/exhibitor/exhibitor-details.cfm?exhid=100081,,,,,,,,,partial,1
Rimaray Inc,United States,hudson,,Summer Fancy Food Show 2026,https://rimaray.com/,info@rimaray.com,+17815021039,https://www.linkedin.com/company/rimaray-inc,https://www.instagram.com/rimaray_inc,Level 1 — 6308 — Massachusetts,https://sff2026.mapyourshow.com/8_0/exhibitor/exhibitor-details.cfm?exhid=319913,,,,,,,,,partial,2
RINGA,United States,Seattle,,Summer Fancy Food Show 2026,https://drinkringa.com/,,3037252032,,,River Pavilion — 7326 — Good Food Mercantile (Sunday Only),https://sff2026.mapyourshow.com/8_0/exhibitor/exhibitor-details.cfm?exhid=337359,,,,,,,,,partial,1
Rio Mare,United States,McKinleyville,,Summer Fancy Food Show 2026,https://riomareusa.com/,,+118338184391,,,Level 3 — 2871,https://sff2026.mapyourshow.com/8_0/exhibitor/exhibitor-details.cfm?exhid=344252,,,,,,,,,partial,1
"Ripi Foods, Inc.",United States,New York,,Summer Fancy Food Show 2026,https://ripifoods.com/,,+19142756543,,,Level 1 — 5254,https://sff2026.mapyourshow.com/8_0/exhibitor/exhibitor-details.cfm?exhid=338688,,,,,,,,,partial,1
Riso Melotti,Italy,Isola Della Scala,,Summer Fancy Food Show 2026,https://melotti.it/,melotti@melotti.it,(0039)0457300444,,https://www.instagram.com/risomelotti,Level 3 — 3316 — Italy,https://sff2026.mapyourshow.com/8_0/exhibitor/exhibitor-details.cfm?exhid=315090,,https://www.facebook.com/RisoMelotti,,,,,,,partial,2
Rivo Protein Ice Cream,United States,san clemente,,Summer Fancy Food Show 2026,https://www.rivoproteinicecream.com/,,+19495841993,,,Level 1 — 4320,https://sff2026.mapyourshow.com/8_0/exhibitor/exhibitor-details.cfm?exhid=343687,,,,,,,,,partial,1
RIVOIRE JACQUEMIN,France,MONTMOROT,,Summer Fancy Food Show 2026,https://www.rivoire-jacquemin.com,,06 74 98 33 02,,,Level 3 — 931B — France,https://sff2026.mapyourshow.com/8_0/exhibitor/exhibitor-details.cfm?exhid=316305,,,,,,,,,partial,1
RJ Balson,United States,New York,,Summer Fancy Food Show 2026,https://www.rjbalson.com/,,646 9344631,,,Level 3 — 471 — Deli Pavilion,https://sff2026.mapyourshow.com/8_0/exhibitor/exhibitor-details.cfm?exhid=338368,,,,,,,,,partial,1
Roadly Logistics,United States,Matawan,,Summer Fancy Food Show 2026,https://www.roadlylogistics.com,Sales@Roadlylogistics.com,+17328650401,https://www.linkedin.com/company/roadly-logistics,https://www.instagram.com/roadlylogistics,Level 3 — 1982,https://sff2026.mapyourshow.com/8_0/exhibitor/exhibitor-details.cfm?exhid=345744,,,,,,,,,partial,2
Roaring Fork Mill,United States,Carbondale,,Summer Fancy Food Show 2026,https://www.roaringforkmill.com/,,+19374772310,,,Level 1 — 4518B — Startup CPG,https://sff2026.mapyourshow.com/8_0/exhibitor/exhibitor-details.cfm?exhid=347585,,,,,,,,,partial,1
Rockton Software,United States,Erie,,Summer Fancy Food Show 2026,https://www.rocktonsoftware.com,,+12089464122,,,Level 3 — 1680,https://sff2026.mapyourshow.com/8_0/exhibitor/exhibitor-details.cfm?exhid=347197,,https://www.facebook.com/RocktonSoftware,,,,,,,partial,1
"Rodeo Snacks, Inc",United States,Brooklyn,,Summer Fancy Food Show 2026,https://rodeosnacks.com/,,9293715067,,,River Pavilion — 7002B-M — SFA Spark Pavilion,https://sff2026.mapyourshow.com/8_0/exhibitor/exhibitor-details.cfm?exhid=341965,,,,,,,,,partial,1
Rogers Collection,United States,Yarmouth,,Summer Fancy Food Show 2026,https://www.rogerscollection.us,contact@rogerscollection.us,+12078282000,,https://www.instagram.com/rogerseats,Level 3 — 848,https://sff2026.mapyourshow.com/8_0/exhibitor/exhibitor-details.cfm?exhid=7211,,https://www.facebook.com/RogersEats,,,,,,,partial,2
Rogue Creamery,United States,Central Point,,Summer Fancy Food Show 2026,http://www.roguecreamery.com,,+15416651155,,,Level 3 — 550 — Deli Pavilion,https://sff2026.mapyourshow.com/8_0/exhibitor/exhibitor-details.cfm?exhid=29669,,,,,,,,,partial,1
"ROKUBEI Co., Ltd",Japan,Kyoto-shi,,Summer Fancy Food Show 2026,http://www.rokubei-tea.com/,,+81-75-493-0063,,,Level 3 — 412 — Japan,https://sff2026.mapyourshow.com/8_0/exhibitor/exhibitor-details.cfm?exhid=315271,,,,,,,,,partial,1
Rolling Pin Baking Company LLC,United States,New York,,Summer Fancy Food Show 2026,https://www.rollingpinsnacks.com/,,6465723019,,,Level 1 — 6124 — NewYork,https://sff2026.mapyourshow.com/8_0/exhibitor/exhibitor-details.cfm?exhid=342014,,,,,,,,,partial,1
"Rolling,LLC",United States,Bellevue,,Summer Fancy Food Show 2026,https://www.iwatsukaseika.co.jp/,,+114253469243,,https://www.instagram.com/iwatsukaseika,Level 3 — 1476,https://sff2026.mapyourshow.com/8_0/exhibitor/exhibitor-details.cfm?exhid=346298,,https://www.facebook.com/iwatsukaseika,,,,,,,partial,1
Root Foods,United States,Los Angeles,,Summer Fancy Food Show 2026,https://rootfoodsco.com/,,213-900-0168,,,Level 1 — 5124,https://sff2026.mapyourshow.com/8_0/exhibitor/exhibitor-details.cfm?exhid=268778,,,,,,,,,partial,1
Rooted Broth Inc.,United States,Jersey City,,Summer Fancy Food Show 2026,https://rootedbroth.co/,,+14047864733,,,Level 1 — 4919B — Naturally Network,https://sff2026.mapyourshow.com/8_0/exhibitor/exhibitor-details.cfm?exhid=347918,,,,,,,,,partial,1
"Rosina Food Product, Inc.",United States,Buffalo,,Summer Fancy Food Show 2026,https://www.rosina.com/,cservice@rosina.com,+17166680123,https://www.linkedin.com/company/rosina-food-products-inc,https://www.instagram.com/rosinafoodproducts,Level 1 — 6163 — NewYork,https://sff2026.mapyourshow.com/8_0/exhibitor/exhibitor-details.cfm?exhid=348019,,https://www.facebook.com/tr,,,,,,,partial,2
ROSSOGARGANO S.c.a.p.a.,Italy,Foggia,,Summer Fancy Food Show 2026,https://www.rossogargano.com,consumatori@rossogargano.com,+19172081901,,,Level 1 — 5045 — Italy,https://sff2026.mapyourshow.com/8_0/exhibitor/exhibitor-details.cfm?exhid=315077,,https://www.facebook.com/RossoGargano,,,,,,,partial,2
"Routin America, Inc.",United States,New York,,Summer Fancy Food Show 2026,https://www.1883.com/,commercial@routin.com,(914) 412-9400,,https://www.instagram.com/1883syrups,Level 1 — 6073A,https://sff2026.mapyourshow.com/8_0/exhibitor/exhibitor-details.cfm?exhid=7311,,https://www.facebook.com/tr,,,,,,,partial,2
Rovagnati North America LLC,United States,Vineland,,Summer Fancy Food Show 2026,http://www.rovagnati.it/,info@rovagnati.it,646-374-1992,https://www.linkedin.com/company/rovagnati-s-p-a-,https://www.instagram.com/rovagnati_italia,Level 3 — 3158,https://sff2026.mapyourshow.com/8_0/exhibitor/exhibitor-details.cfm?exhid=168082,,https://www.facebook.com/RovagnatiSalumi,,,,,,,partial,2
Royal Cravings,United States,Toledo,,Summer Fancy Food Show 2026,https://www.royalcravings.com/,royalcravings10@gmail.com,4194075002,,https://www.instagram.com/royal.cravings,River Pavilion — 7124A — Debut District,https://sff2026.mapyourshow.com/8_0/exhibitor/exhibitor-details.cfm?exhid=338534,,http://www.facebook.com/royalcravings,,,,,,,partial,1
Royal Creations LLC,United States,Fulshear,,Summer Fancy Food Show 2026,https://royaltins.com/,Jack@royaltins.com,https://api.whatsapp.com/send/?phone=13466976691&text&type=phone_number&app_absent=0,,,Level 3 — 1949,https://sff2026.mapyourshow.com/8_0/exhibitor/exhibitor-details.cfm?exhid=343549,,,,,,,,,partial,2
Royce+Reign Inc,United States,Chicago,,Summer Fancy Food Show 2026,https://roycereign.com/,,+17735124736,,,River Pavilion — 7010A — Debut District,https://sff2026.mapyourshow.com/8_0/exhibitor/exhibitor-details.cfm?exhid=347522,,,,,,,,,partial,1
ROYO Bread Co Inc.,United States,Oceanside,,Summer Fancy Food Show 2026,https://eatroyo.com/,,5166683376,,,Level 1 — 5942,https://sff2026.mapyourshow.com/8_0/exhibitor/exhibitor-details.cfm?exhid=335950,,,,,,,,,partial,1
"Rummo USA, Inc.",United States,New York,,Summer Fancy Food Show 2026,https://www.pastarummo.it,crm@pastarummo.it,800-421-8054,https://it.linkedin.com/company/rummo-s.p.a.,https://www.instagram.com/pasta_rummo,Level 3 — 2072,https://sff2026.mapyourshow.com/8_0/exhibitor/exhibitor-details.cfm?exhid=223865,,https://www.facebook.com/2008/fbml,,,,,,,partial,2
Runamok Maple,United States,Fairfax,,Summer Fancy Food Show 2026,https://www.runamokmaple.com/,,802-849-7943,,,Level 1 — 5537,https://sff2026.mapyourshow.com/8_0/exhibitor/exhibitor-details.cfm?exhid=130556,,,,,,,,,partial,1
"Rungroj Fish Sauce Co,. Ltd.",Thailand,Muang,,Summer Fancy Food Show 2026,http://www.rungrojfishsauce.com,,+66 89 9361963,,https://www.instagram.com/rungrojfishsauce,Level 3 — 302 — Thailand,https://sff2026.mapyourshow.com/8_0/exhibitor/exhibitor-details.cfm?exhid=104506,,https://www.facebook.com/rungrojfishsauceRFS,,,,,,,partial,1
RUSHTOWN POULTRY,United States,Bethel,,Summer Fancy Food Show 2026,https://rushtowneggs.com/,hello@rushtowneggs.com,+118609177340,https://www.linkedin.com/company/rushtowneggs,https://www.instagram.com/rushtowneggs,Level 1 — 6034,https://sff2026.mapyourshow.com/8_0/exhibitor/exhibitor-details.cfm?exhid=341374,,https://www.facebook.com/61581527657215,,,,,,,partial,2
Russo Foods and Market Inc.,United States,Wyomissing,,Summer Fancy Food Show 2026,https://www.russofoodmarket.com/,cirandine75@russofoodmarket.com,+16108987877,https://www.linkedin.com/company/russo-food-,https://instagram.com/russo_foodnmarket,Level 3 — 3003 — Italy,https://sff2026.mapyourshow.com/8_0/exhibitor/exhibitor-details.cfm?exhid=306559,,http://www.facebook.com/russofoodandmarket,,,,,,,partial,2
Rustic Bakery Inc.,United States,Petaluma,,Summer Fancy Food Show 2026,http://rusticbakery.com/,,707-789-7400,,,Level 3 — 1042B,https://sff2026.mapyourshow.com/8_0/exhibitor/exhibitor-details.cfm?exhid=102952,,,,,,,,,partial,1
Rutgers Food Innovation Center,United States,Bridgeton,,Summer Fancy Food Show 2026,https://www.njaes.rutgers.edu,accessibility@rutgers.edu,856-459-1900 (4514),https://www.linkedin.com/company/28595632,https://www.instagram.com/RutgersSEBS,River Pavilion — 7128A — Debut District,https://sff2026.mapyourshow.com/8_0/exhibitor/exhibitor-details.cfm?exhid=223205,,https://www.facebook.com//RutgersSEBS,,,,,,,partial,2
S&M Foods,Peru,Lima,,Summer Fancy Food Show 2026,http://www.smfoods.com,,+51 992257485,,,Level 1 — 5270 — Peru,https://sff2026.mapyourshow.com/8_0/exhibitor/exhibitor-details.cfm?exhid=317125,,,,,,,,,partial,1
S.Passalacqua S.p.A,Italy,Casavatore,,Summer Fancy Food Show 2026,https://www.passalacqua.com/,info@passalacqua.com,390817365969,,https://www.instagram.com/passalacqua_caffe,Level 3 — 3326 — Italy,https://sff2026.mapyourshow.com/8_0/exhibitor/exhibitor-details.cfm?exhid=305804,,https://www.facebook.com/passalacqua.caffe.official,,,,,,,partial,2
Sa Giang Import Export Corporation,Vietnam,Sa Dec,,Summer Fancy Food Show 2026,https://www.sagiang.com.vn/,info@sagiang.com.vn,+84 (28) 37625805,https://www.linkedin.com/company/sa-giang-corp,,Level 1 — 6048,https://sff2026.mapyourshow.com/8_0/exhibitor/exhibitor-details.cfm?exhid=317341,,https://www.facebook.com/SaGiang.Corporation,,,,,,,partial,2
Sababa Foods,United States,New York,,Summer Fancy Food Show 2026,https://www.sababa-foods.com/,,9176972501,,,River Pavilion — 7309 — Good Food Mercantile (Sunday Only),https://sff2026.mapyourshow.com/8_0/exhibitor/exhibitor-details.cfm?exhid=338292,,,,,,,,,partial,1
SABATELLI FOOD,Italy,CASTELLANA GROTTE,,Summer Fancy Food Show 2026,https://www.sabatellifood.it,info@sabatelligastronomia.it,+390804964415,,,Level 3 — 2516 — Italy,https://sff2026.mapyourshow.com/8_0/exhibitor/exhibitor-details.cfm?exhid=348454,,,,,,,,,partial,2
"Sabatino North America, LLC",United States,West Haven,,Summer Fancy Food Show 2026,https://sabatino1911.com/,,+17183284120,,,Level 3 — 965,https://sff2026.mapyourshow.com/8_0/exhibitor/exhibitor-details.cfm?exhid=27389,,,,,,,,,partial,1
SABE,United States,Miami,,Summer Fancy Food Show 2026,https://sabesauce.com/,,13056326787,,,Level 1 — 4617B — Startup CPG,https://sff2026.mapyourshow.com/8_0/exhibitor/exhibitor-details.cfm?exhid=344021,,,,,,,,,partial,1
SABELLI SPA,Italy,ASCOLI PICENO,,Summer Fancy Food Show 2026,https://www.sabelli.it/,,+39 3282915036,https://www.linkedin.com/company/9504198,https://www.instagram.com/sabelli_spa,Level 1 — 5048 — Italy,https://sff2026.mapyourshow.com/8_0/exhibitor/exhibitor-details.cfm?exhid=342374,,https://www.facebook.com/sabellispa,,,,,,,partial,1
Sabetta Tartufi,Italy,Ripalimosani,,Summer Fancy Food Show 2026,https://www.tartufisabetta.com/,info@tartufisabetta.com,,,https://instagram.com/tartufisabetta,Level 3 — 2974,https://sff2026.mapyourshow.com/8_0/exhibitor/exhibitor-details.cfm?exhid=347666,,https://it-it.facebook.com/sabettatartufi,,,,,,,partial,2
SACLA',Italy,Asti,,Summer Fancy Food Show 2026,http://www.sacla.us,,390141397363,,https://www.instagram.com/sacla_us,Level 3 — 2810 — Italy,https://sff2026.mapyourshow.com/8_0/exhibitor/exhibitor-details.cfm?exhid=314726,,https://www.facebook.com/tr,,,,,,,partial,1
Sagace Foods,United States,Carpinteria,,Summer Fancy Food Show 2026,http://www.pastasantina.com,,+18053189202,,,River Pavilion — 7302 — Good Food Mercantile (Sunday Only),https://sff2026.mapyourshow.com/8_0/exhibitor/exhibitor-details.cfm?exhid=349189,,,,,,,,,partial,1
Saha Food Inc.,United States,Southold,,Summer Fancy Food Show 2026,https://www.samysauces.com/,,+16319747564,https://www.linkedin.com/company/wix-com,https://www.instagram.com/wix,River Pavilion — 7200 — Debut District,https://sff2026.mapyourshow.com/8_0/exhibitor/exhibitor-details.cfm?exhid=347235,,https://www.facebook.com/WixStudio,,,,,,,partial,1
Sahah Naturals,Canada,Montreal,,Summer Fancy Food Show 2026,https://www.sahahnaturals.com/,user@domain.com,5146317696 101,,,Level 3 — 1756,https://sff2026.mapyourshow.com/8_0/exhibitor/exhibitor-details.cfm?exhid=335924,,http://www.facebook.com/2008/fbml,,,,,,,partial,2
Saku Õlletehase AS,Estonia,"Saku alevik, Saku vald Harjumaa",,Summer Fancy Food Show 2026,https://www.saku.ee/,,3725057805,https://www.linkedin.com/company/106389,https://www.instagram.com/sakuolletehas,Level 1 — 5281 — Estonia,https://sff2026.mapyourshow.com/8_0/exhibitor/exhibitor-details.cfm?exhid=348560,,https://www.facebook.com/saku.ee,,,,,,,partial,1
Salsas Don Sebastian,United States,Moseley,,Summer Fancy Food Show 2026,https://www.salsasdonsebastian.com,hello@salsasdonsebastian.com,+17039878299,,https://www.instagram.com/salsasdonsebastian,Level 1 — 6241 — Virginia,https://sff2026.mapyourshow.com/8_0/exhibitor/exhibitor-details.cfm?exhid=303286,,https://www.facebook.com/Salsasdonsebas,,,,,,,partial,2
Salumificio G.B.,United States,Milford,,Summer Fancy Food Show 2026,https://salumificiogb.com/,info@salumificiogb.com,+12033192444,,,Level 3 — 576 — Deli Pavilion,https://sff2026.mapyourshow.com/8_0/exhibitor/exhibitor-details.cfm?exhid=341254,,,,,,,,,partial,2
Salvadori Firenze - Since 1902,Italy,Badia A Settimo-scandicci,,Summer Fancy Food Show 2026,https://www.oleificiosalvadori.com,info@oleificiosalvadori.com,39055-721702,,https://www.instagram.com/oleificiosalvadori,Level 1 — 5046 — Italy,https://sff2026.mapyourshow.com/8_0/exhibitor/exhibitor-details.cfm?exhid=316849,,https://www.facebook.com/oleificioSalvadori,,,,,,,partial,2
SALVIANI SRL,Italy,CASTEL MADAMA,,Summer Fancy Food Show 2026,https://www.salvianisrl.it/,info@salvianisrl.com,+390774448430,https://www.linkedin.com/company/salviani,https://www.instagram.com/salviani_olive,Level 3 — 3028 — Italy,https://sff2026.mapyourshow.com/8_0/exhibitor/exhibitor-details.cfm?exhid=348527,,https://www.facebook.com/SalvianiOlive,,,,,,,partial,2
SALYSOL SNACKS,Spain,Alcala de Guadalaira,,Summer Fancy Food Show 2026,http://www.salysol.com,info@salysol.com,955631013,,https://www.instagram.com/salysol_oficial,Level 3 — 2227 — Spain,https://sff2026.mapyourshow.com/8_0/exhibitor/exhibitor-details.cfm?exhid=348667,,https://www.facebook.com/SalysolOficial,,,,,,,partial,2
SAMIYA,Ecuador,Guayaquil,,Summer Fancy Food Show 2026,https://samiya.co/,Info@samiya.co,+593994306708,,,Level 3 — 318B — Ecuador,https://sff2026.mapyourshow.com/8_0/exhibitor/exhibitor-details.cfm?exhid=342772,,,,,,,,,partial,2
Samsāra Nutrition,United States,Redwood City,,Summer Fancy Food Show 2026,https://samsaranutrition.com,hello@samsaranutrition.com,(614) 937-0599,,https://www.instagram.com/samsaranutrition,River Pavilion — 7429 — Good Food Mercantile (Sunday Only),https://sff2026.mapyourshow.com/8_0/exhibitor/exhibitor-details.cfm?exhid=344140,,,,,,,,,partial,2
San Antonio Oils,Spain,Poyales del Hoyo (Avila),,Summer Fancy Food Show 2026,https://sa-oils.com/,,+34 622 310 418,,,Level 3 — 958,https://sff2026.mapyourshow.com/8_0/exhibitor/exhibitor-details.cfm?exhid=335248,,,,,,,,,partial,1
San Carlo Europe Spa,Italy,Milan,,Summer Fancy Food Show 2026,http://www.unichips.com,,390262651,,,Level 1 — 4937 — Italy,https://sff2026.mapyourshow.com/8_0/exhibitor/exhibitor-details.cfm?exhid=317448,,,,,,,,,partial,1
San Diablo Artisan Churros,United States,SANDY,,Summer Fancy Food Show 2026,https://sandiablochurros.com/,,6265909875,,,Level 1 — 4316B — CPG Xperience,https://sff2026.mapyourshow.com/8_0/exhibitor/exhibitor-details.cfm?exhid=337815,,,,,,,,,partial,1
San Francisco Bay Coffee,United States,Lincoln,,Summer Fancy Food Show 2026,https://sfbaycoffee.com/,,800-829-1300,,,Level 1 — 5512 — Beverage Pavilion,https://sff2026.mapyourshow.com/8_0/exhibitor/exhibitor-details.cfm?exhid=179332,,,,,,,,,partial,1
SAN MICHELE NORTH AMERICA INC.,United States,New York,,Summer Fancy Food Show 2026,https://www.san-michele.com/,,+12122172828,,,Level 3 — 2872,https://sff2026.mapyourshow.com/8_0/exhibitor/exhibitor-details.cfm?exhid=314693,,,,,,,,,partial,1
San Nicola Prosciuttificio Del Sole,Italy,Località Prella,,Summer Fancy Food Show 2026,https://www.san-nicola.com,,39 0521 881206,,https://www.instagram.com/prosciutto.san.nicola,Level 3 — 3232 — Italy,https://sff2026.mapyourshow.com/8_0/exhibitor/exhibitor-details.cfm?exhid=315159,,https://www.facebook.com/tr,,,,,,,partial,1
SAN VINCENZO DI FERNANDO ROTA SRL,Italy,Casali del Manco,,Summer Fancy Food Show 2026,https://www.sanvincenzosalumi.it,info@sanvincenzosalumi.it,+39 09844302,https://it.linkedin.com/company/san-vincenzo-di-fernando-rota-s.r.l.,https://www.instagram.com/salumificiosanvincenzo,Level 3 — 3218 — Italy,https://sff2026.mapyourshow.com/8_0/exhibitor/exhibitor-details.cfm?exhid=341634,,https://it-it.facebook.com/salumificiosanvincenzo,,,,,,,partial,2
San-J International,United States,Henrico,,Summer Fancy Food Show 2026,https://www.san-j.com/,,+18042268333,https://www.linkedin.com/company/san-j,https://www.instagram.com/sanjtamari,Level 3 — 1358,https://sff2026.mapyourshow.com/8_0/exhibitor/exhibitor-details.cfm?exhid=1634,,https://www.facebook.com/SanJTamari,,,,,,,partial,1
Sana Salt,United Arab Emirates,Nad Al Sheba,,Summer Fancy Food Show 2026,https://sana-salt.com/,hello@worknow.com,922135171411,https://www.linkedin.com/company/sanasalt,https://www.instagram.com/sanasalt.pk,Level 1 — 4813,https://sff2026.mapyourshow.com/8_0/exhibitor/exhibitor-details.cfm?exhid=335728,,https://www.facebook.com/SanaSalt.pk,,,,,,,partial,2
Santagata 1907 SpA,Italy,Genova,,Summer Fancy Food Show 2026,https://santagata1907.it/,contact@santagata1907.it,393316949775,https://it.linkedin.com/company/santagata-luigi-srl,https://www.instagram.com/santagata1907,Level 1 — 4940A — Italy,https://sff2026.mapyourshow.com/8_0/exhibitor/exhibitor-details.cfm?exhid=321421,,https://www.facebook.com/SantagataOleificio,,,,,,,partial,2
SAOR ITALIA SRL,Italy,GIOIOSA IONICA,,Summer Fancy Food Show 2026,https://www.saoritalia.it/,sales@saoritalia.it,0039 335 57 24 273,,,Level 3 — 2913 — Italy,https://sff2026.mapyourshow.com/8_0/exhibitor/exhibitor-details.cfm?exhid=317757,,,,,,,,,partial,2
SAPNA Foods Inc.,United States,Atlanta,,Summer Fancy Food Show 2026,http://www.sapnafoods.com/,,404-589-0977 (007),,,"Level 3 — 2659 — Confectionery, Snacks and Sweets Pavilion",https://sff2026.mapyourshow.com/8_0/exhibitor/exhibitor-details.cfm?exhid=112159,,,,,,,,,partial,1
SAPORI DELL'ANTICA MURGIA sas,Italy,Santeramo,,Summer Fancy Food Show 2026,https://www.saporidellanticamurgia.it/,,+390803039840,,,Level 3 — 2501 — Italy,https://sff2026.mapyourshow.com/8_0/exhibitor/exhibitor-details.cfm?exhid=336044,,https://www.facebook.com/Sapori-dellantica-Murgia-766562370102743,,,,,,,partial,1
Sapori Veri srl,Italy,NOTARESCO,,Summer Fancy Food Show 2026,https://saporiveri.it,info@saporiveri.it,00393335238848,,,Level 1 — 4947 — Italy,https://sff2026.mapyourshow.com/8_0/exhibitor/exhibitor-details.cfm?exhid=348486,,,,,,,,,partial,2
"Saputo Cheese USA, Inc.",United States,Milwaukee,,Summer Fancy Food Show 2026,http://saputospecialty.com,,262-677-3407,https://www.linkedin.com/company/saputo,https://www.instagram.com/saputo_inc,Level 3 — 469 — Deli Pavilion,https://sff2026.mapyourshow.com/8_0/exhibitor/exhibitor-details.cfm?exhid=1287,,https://www.facebook.com/SaputoInc,,,,,,,partial,1
SARDINE POLLASTRINI SRL,Italy,ANZIO,,Summer Fancy Food Show 2026,https://www.pollastrinitalia.it/,info@pollastrinitalia.it,+39 069870217,,,Level 3 — 3026 — Italy,https://sff2026.mapyourshow.com/8_0/exhibitor/exhibitor-details.cfm?exhid=342381,,https://www.facebook.com/SardinePollastrini,,,,,,,partial,2
SARVAN LLC,Turkey,"Sanayi, 27580 Şehitkamil/Gaziantep",,Summer Fancy Food Show 2026,https://sarvansekerleme.com.tr/,,+13124497902,,,"Level 3 — 2753 — Confectionery, Snacks and Sweets Pavilion",https://sff2026.mapyourshow.com/8_0/exhibitor/exhibitor-details.cfm?exhid=337192,,,,,,,,,partial,1
Sati Soda,United States,Boulder,,Summer Fancy Food Show 2026,https://www.drinksati.com,,303-619-4100,,,River Pavilion — 7437 — Good Food Mercantile (Sunday Only),https://sff2026.mapyourshow.com/8_0/exhibitor/exhibitor-details.cfm?exhid=338467,,,,,,,,,partial,1
Satya,United States,Hillsdale,,Summer Fancy Food Show 2026,https://satyablends.com/,,917-449-2459,,,Level 1 — 4218 — The Jazba Collective,https://sff2026.mapyourshow.com/8_0/exhibitor/exhibitor-details.cfm?exhid=335252,,,,,,,,,partial,1
Sauce Baby,United States,Santa Maria,,Summer Fancy Food Show 2026,https://heysaucebaby.com,,+118055039953,,,River Pavilion — 7215 — Debut District,https://sff2026.mapyourshow.com/8_0/exhibitor/exhibitor-details.cfm?exhid=347170,,,,,,,,,partial,1
Saucy AF LLC,United States,San Diego,,Summer Fancy Food Show 2026,https://www.getsaucyaf.com/,,+19497355373,,,River Pavilion — 7017A — SFA Spark Pavilion,https://sff2026.mapyourshow.com/8_0/exhibitor/exhibitor-details.cfm?exhid=344057,,,,,,,,,partial,1
"Sausly, LLC",United States,El Portal,,Summer Fancy Food Show 2026,https://www.sausly.com,,+17163085484,,,Level 1 — 6244 — Virginia,https://sff2026.mapyourshow.com/8_0/exhibitor/exhibitor-details.cfm?exhid=347695,,,,,,,,,partial,1
"Savannah Bee Company, Inc.",United States,Savannah,,Summer Fancy Food Show 2026,http://www.savannahbee.com,,+1119122340688,,,Level 1 — 5733,https://sff2026.mapyourshow.com/8_0/exhibitor/exhibitor-details.cfm?exhid=29308,,,,,,,,,partial,1
"Savello USA, Inc.",United States,Wilkes-Barre,,Summer Fancy Food Show 2026,http://www.savellousa.com/,marketing@savellousa.com,570-822-9743,,,Level 3 — 1652,https://sff2026.mapyourshow.com/8_0/exhibitor/exhibitor-details.cfm?exhid=35839,,,,,,,,,partial,2
Savencia Cheese USA LLC,United States,New Holland,,Summer Fancy Food Show 2026,http://savenciacheeseusa.com,,4804084041,,,Level 3 — 554 — Deli Pavilion,https://sff2026.mapyourshow.com/8_0/exhibitor/exhibitor-details.cfm?exhid=116189,,,,,,,,,partial,1
Savian Biowinemaker,Italy,Annone Veneto,,Summer Fancy Food Show 2026,https://www.savianvini.it,info@savianvini.it,0039 0422864068,,https://www.instagram.com/savianvini,Level 1 — 4941 — Italy,https://sff2026.mapyourshow.com/8_0/exhibitor/exhibitor-details.cfm?exhid=348484,,https://www.facebook.com/savianvini,,,,,,,partial,2
Savini Tartufi Srl,Italy,Forcoli,,Summer Fancy Food Show 2026,https://www.savinitartufi.it/,,+390587 628037,https://www.linkedin.com/company/savini-tartufi-srl,https://www.instagram.com/savinitartufi,Level 3 — 3061,https://sff2026.mapyourshow.com/8_0/exhibitor/exhibitor-details.cfm?exhid=335572,,https://www.facebook.com/savini.tartufi,,,,,,,partial,1
savona cognac of usa,United States,Los Angeles,,Summer Fancy Food Show 2026,https://www.drinksemiplume.com,contact@drinksemiplume.com,+15307869352,,https://www.instagram.com/drink.semiplume,River Pavilion — 7103A-M — SFA Spark Pavilion,https://sff2026.mapyourshow.com/8_0/exhibitor/exhibitor-details.cfm?exhid=348874,,http://www.facebook.com/2008/fbml,,,,,,,partial,2
Savor Sauce N Spice LLC,United States,Atlanta,,Summer Fancy Food Show 2026,http://www.hotnsaucy.co,,+13014089366,,,Level 1 — 6409 — Georgia,https://sff2026.mapyourshow.com/8_0/exhibitor/exhibitor-details.cfm?exhid=301151,,,,,,,,,partial,1
Savory World Foods Inc,Canada,Windsor,,Summer Fancy Food Show 2026,https://www.bubissauce.com,swfinfoteam@gmail.com,5199819922,,https://www.instagram.com/bubissauce,River Pavilion — 7103A-S — SFA Spark Pavilion,https://sff2026.mapyourshow.com/8_0/exhibitor/exhibitor-details.cfm?exhid=349067,,https://www.facebook.com/BubisSauce,,,,,,,partial,1
SAVOUIDAKIS SA,Greece,Agia Varvara- Crete,,Summer Fancy Food Show 2026,https://www.savouidakis.gr/,info@savouidakis.gr,289-402-3721,https://www.linkedin.com/company/savouidakissa,https://www.instagram.com/savouidakis_olive_oils,Level 3 — 2021 — Greece,https://sff2026.mapyourshow.com/8_0/exhibitor/exhibitor-details.cfm?exhid=318097,,https://www.facebook.com/tr,,,,,,,partial,2
Savyll Beverage Company,United Kingdom,Dover,,Summer Fancy Food Show 2026,https://www.savyll.com,,+14704803217,,,River Pavilion — 7000B-S — SFA Spark Pavilion,https://sff2026.mapyourshow.com/8_0/exhibitor/exhibitor-details.cfm?exhid=348268,,,,,,,,,partial,1
Scamps Toffee LLC,United States,Somerset,,Summer Fancy Food Show 2026,https://www.scampstoffee.com/,,+17249958116,,,"Level 3 — 2754 — Confectionery, Snacks and Sweets Pavilion",https://sff2026.mapyourshow.com/8_0/exhibitor/exhibitor-details.cfm?exhid=301553,,,,,,,,,partial,1
Schaller and Weber,United States,New York,,Summer Fancy Food Show 2026,https://www.schallerweber.com,,7187215480,,,River Pavilion — 7317 — Good Food Mercantile (Sunday Only),https://sff2026.mapyourshow.com/8_0/exhibitor/exhibitor-details.cfm?exhid=1261,,,,,,,,,partial,1
Schuman Cheese,United States,Fairfield,,Summer Fancy Food Show 2026,https://www.schumancheese.com,info@schumancheese.com,973-787-8891,https://www.linkedin.com/company/schumancheese,,Level 3 — 736 — Deli Pavilion,https://sff2026.mapyourshow.com/8_0/exhibitor/exhibitor-details.cfm?exhid=10155,,http://www.facebook.com/2008/fbml,,,,,,,partial,2
Scoiattolo - Raviolificio di famiglia,Italy,MILANO,,Summer Fancy Food Show 2026,https://www.scoiattolopastafresca.it,info@loscoiattolo.it,+39 0331 844885,https://www.linkedin.com/company/1010440,https://www.instagram.com/scoiattolo_pastafresca,Level 3 — 3210 — Italy,https://sff2026.mapyourshow.com/8_0/exhibitor/exhibitor-details.cfm?exhid=315104,,https://www.facebook.com/scoiattolopastafresca,,,,,,,partial,2
Scott's Protein Balls,United States,PLAINVIEW,,Summer Fancy Food Show 2026,https://scottsproteinballs.com/,,+19177672618,,,Level 1 — 5866,https://sff2026.mapyourshow.com/8_0/exhibitor/exhibitor-details.cfm?exhid=305208,,,,,,,,,partial,1
SCP GLOBAL IMPORT USA,United States,Norwalk,,Summer Fancy Food Show 2026,https://scpglobalimport.com,,+13473131262,,,Level 3 — 2671,https://sff2026.mapyourshow.com/8_0/exhibitor/exhibitor-details.cfm?exhid=347387,,,,,,,,,partial,1
Scratch Pasta,United States,Lynchburg,,Summer Fancy Food Show 2026,https://www.scratchpastaco.com,contact@scratchpastaco.com,+14348410655,,https://www.instagram.com/scratchpasta,Level 1 — 6215 — SUSTA,https://sff2026.mapyourshow.com/8_0/exhibitor/exhibitor-details.cfm?exhid=306921,,http://www.facebook.com/2008/fbml,,,,,,,partial,2
"Seacrest Foods International, Inc.",United States,Lynn,,Summer Fancy Food Show 2026,http://www.seacrestfoods.com,info@seacrestfoods.com,7815812066,,https://www.instagram.com/seacrestfoodsintl,Level 3 — 256 — Deli Pavilion,https://sff2026.mapyourshow.com/8_0/exhibitor/exhibitor-details.cfm?exhid=101702,,https://www.facebook.com/seacrest.foods,,,,,,,partial,2
SeafoodNow LLC,United States,Marion,,Summer Fancy Food Show 2026,https://www.seafoodnow.com,,+16173301700,,,River Pavilion — 7015A — SFA Spark Pavilion,https://sff2026.mapyourshow.com/8_0/exhibitor/exhibitor-details.cfm?exhid=348477,,,,,,,,,partial,1
Seafrigo USA,United States,New York,,Summer Fancy Food Show 2026,https://www.seafrigo.com,dpo@seafrigo.com,2017701143,https://fr.linkedin.com/company/seafrigo,https://www.instagram.com/seafrigo_group,Level 3 — 2480,https://sff2026.mapyourshow.com/8_0/exhibitor/exhibitor-details.cfm?exhid=301750,,https://www.facebook.com/Seafrigo-150924403747718,,,,,,,partial,2
Season Brand,United States,Lyndhurst,,Summer Fancy Food Show 2026,http://www.seasonproducts.com/,,+19736819000,https://www.linkedin.com/company/season-brand,https://www.instagram.com/seasonbrandofficial,Level 3 — 2565,https://sff2026.mapyourshow.com/8_0/exhibitor/exhibitor-details.cfm?exhid=27955,,https://www.facebook.com/SeasonSardines,,,,,,,partial,1
Seasoned Straws,United States,plano,,Summer Fancy Food Show 2026,https://seasonedstraws.com/,,+12145292893,,,Level 1 — 6222 — SUSTA,https://sff2026.mapyourshow.com/8_0/exhibitor/exhibitor-details.cfm?exhid=348470,,,,,,,,,partial,1
"Seaworld Co., Ltd.",South Korea,Sokcho-si,,Summer Fancy Food Show 2026,http://www.sea-world.co.kr,,033-633-0657,,,Level 3 — 628 — Korea,https://sff2026.mapyourshow.com/8_0/exhibitor/exhibitor-details.cfm?exhid=317941,,,,,,,,,partial,1
Sechler's Fine Pickles,United States,Saint Joe,,Summer Fancy Food Show 2026,http://www.sechlerspickles.com,,260.337.5461,,,Level 1 — 6348 — Indiana,https://sff2026.mapyourshow.com/8_0/exhibitor/exhibitor-details.cfm?exhid=25340,,,,,,,,,partial,1
"Secret Aardvark Trading Co, LLC",United States,Oregon City,,Summer Fancy Food Show 2026,http://www.secretaardvark.com,,503-309-5030,https://www.linkedin.com/company/secret-aardvark-trading-co-llc,https://www.instagram.com/secret_aardvark,Level 1 — 5839,https://sff2026.mapyourshow.com/8_0/exhibitor/exhibitor-details.cfm?exhid=155949,,https://www.facebook.com/watch,,,,,,,partial,1
Seed + Mill,United States,new york,,Summer Fancy Food Show 2026,https://www.seedandmill.com,,201-694-8677,,,Level 1 — 6140 — Brooklyn,https://sff2026.mapyourshow.com/8_0/exhibitor/exhibitor-details.cfm?exhid=246270,,,,,,,,,partial,1
Seed Food S.A.C.,Peru,Lima,,Summer Fancy Food Show 2026,https://tiyapuy.pe/,,+51 977 416 202,,,Level 1 — 5272 — Peru,https://sff2026.mapyourshow.com/8_0/exhibitor/exhibitor-details.cfm?exhid=342714,,,,,,,,,partial,1
Segev Food International Inc.,United States,GREAT NECK,,Summer Fancy Food Show 2026,https://www.segevfood.com,segev@segevfood.com,+15168291122,https://www.linkedin.com/company/segev-food,,Level 3 — 144,https://sff2026.mapyourshow.com/8_0/exhibitor/exhibitor-details.cfm?exhid=324948,,,,,,,,,partial,2
Seikatsu Art Club,Japan,Tokyo,,Summer Fancy Food Show 2026,https://ecodepa.net/,,+81 3-3356-011,,,Level 3 — 774 — Deli Pavilion,https://sff2026.mapyourshow.com/8_0/exhibitor/exhibitor-details.cfm?exhid=343753,,,,,,,,,partial,1
"SEIL CO., LTD.",South Korea,Gwangju-Si,,Summer Fancy Food Show 2026,https://seil88.com/,seil@seil88.com,+82-31-763-2083,,,Level 1 — 5261,https://sff2026.mapyourshow.com/8_0/exhibitor/exhibitor-details.cfm?exhid=157412,,,,,,,,,partial,2
SELCUK K. GIDA YATIRIM SAN. VE TIC. A.S,Turkey,İZMİR,,Summer Fancy Food Show 2026,https://selcukfood.com/,,(90) 232-445 44 00,,,Level 3 — 1820 — Turkey,https://sff2026.mapyourshow.com/8_0/exhibitor/exhibitor-details.cfm?exhid=342138,,,,,,,,,partial,1
Selym Snacks,United States,Buford,,Summer Fancy Food Show 2026,https://www.selymsnacks.com/,,+17049062081,,,River Pavilion — 7015B — SFA Spark Pavilion,https://sff2026.mapyourshow.com/8_0/exhibitor/exhibitor-details.cfm?exhid=347427,,,,,,,,,partial,1
Sembre LLC,United States,Newton,,Summer Fancy Food Show 2026,https://www.sembrechia.com,info@mysite.com,+12019813940,,https://www.instagram.com/sembrechia,River Pavilion — 7002B-S — SFA Spark Pavilion,https://sff2026.mapyourshow.com/8_0/exhibitor/exhibitor-details.cfm?exhid=348274,,https://www.facebook.com/profile.php,,,,,,,partial,2
Sempio,United States,Cerritos,,Summer Fancy Food Show 2026,https://www.globalsempio.com/,,646-675-0018,,,Level 1 — 5642,https://sff2026.mapyourshow.com/8_0/exhibitor/exhibitor-details.cfm?exhid=178843,,,,,,,,,partial,1
"Sennarido Co., Ltd.",Japan,kamimashiki,,Summer Fancy Food Show 2026,https://sennarido.co.jp/,mv_img1@sp.jpg,+81-96-287-3000,,,Level 3 — 418 — Japan,https://sff2026.mapyourshow.com/8_0/exhibitor/exhibitor-details.cfm?exhid=347888,,https://www.facebook.com/sennarido,,,,,,,partial,2
SEOGA,South Korea,Seoul,,Summer Fancy Food Show 2026,https://www.seoga.co.kr/,onle365@naver.com,+821064475077,,https://instagram.com/seoga.food,Level 1 — 5175 — Korea,https://sff2026.mapyourshow.com/8_0/exhibitor/exhibitor-details.cfm?exhid=317910,,https://www.facebook.com/tr,,,,,,,partial,2
"Seowondang Food Co., Ltd.",South Korea,Wonju-si,,Summer Fancy Food Show 2026,http://www.korganicseo.com,,033-813-0063,,,Level 3 — 514 — Korea,https://sff2026.mapyourshow.com/8_0/exhibitor/exhibitor-details.cfm?exhid=317939,,,,,,,,,partial,1
Sequatchie Cove Creamery,United States,Sequatchie,,Summer Fancy Food Show 2026,https://www.sequatchiecovecheese.com,user@domain.com,5713401178,,https://www.instagram.com/sequatcheese,River Pavilion — 7413 — Good Food Mercantile (Sunday Only),https://sff2026.mapyourshow.com/8_0/exhibitor/exhibitor-details.cfm?exhid=347593,,http://www.facebook.com/2008/fbml,,,,,,,partial,2
Sera â€“ An Gida Urunleri Uretim ve Pazarlama Anonim Sirketi,Turkey,İSTANBUL,,Summer Fancy Food Show 2026,https://www.serafood.com,,(90) 216-403 22 00,,,Level 3 — 1700 — Turkey,https://sff2026.mapyourshow.com/8_0/exhibitor/exhibitor-details.cfm?exhid=315161,,,,,,,,,partial,1
SERVET SEKERLEME GIDA TURIZM SAN. ve TIC. A.S,Turkey,MUĞLA,,Summer Fancy Food Show 2026,https://servet.com/,,(90) 252-613 49 49,,,Level 1 — 4860 — Turkey,https://sff2026.mapyourshow.com/8_0/exhibitor/exhibitor-details.cfm?exhid=342140,,,,,,,,,partial,1
Sesame Fields Food Industries Company,Jordan,Al-Muwaqqar,,Summer Fancy Food Show 2026,https://sesamefields.com,,962797777433,,,Level 3 — 1428 — Jordan,https://sff2026.mapyourshow.com/8_0/exhibitor/exhibitor-details.cfm?exhid=343080,,,,,,,,,partial,1
"Setton International Foods, Inc.",United States,Commack,,Summer Fancy Food Show 2026,http://www.settonfarms.com,info@mysite.com,(631) 543-8090,https://www.linkedin.com/company/settonfarms,https://www.instagram.com/setton_farms,"Level 3 — 2538 — Confectionery, Snacks and Sweets Pavilion",https://sff2026.mapyourshow.com/8_0/exhibitor/exhibitor-details.cfm?exhid=1264,,https://www.facebook.com/SettonFarms,,,,,,,partial,2
Seven Sky for Food Industries,Egypt,New Borg el Arab city,,Summer Fancy Food Show 2026,http://www.sevenskygroup.com,G.Manager@sevenskygroup.com,01229262929,,,Level 3 — 319 — Egypt,https://sff2026.mapyourshow.com/8_0/exhibitor/exhibitor-details.cfm?exhid=314859,,https://www.facebook.com/kenzy.sevensky,,,,,,,partial,2
SEVENCO S.A.,South Korea,SEOUL,,Summer Fancy Food Show 2026,https://www.sevenco.kr,,+82-2-930-7550,,,Level 3 — 617 — Korea,https://sff2026.mapyourshow.com/8_0/exhibitor/exhibitor-details.cfm?exhid=348385,,,,,,,,,partial,1
"Severance Foods, Inc.",United States,Hartford,,Summer Fancy Food Show 2026,https://severancefoods.com/,,860-724-7063,,,Level 1 — 5260,https://sff2026.mapyourshow.com/8_0/exhibitor/exhibitor-details.cfm?exhid=113388,,https://www.facebook.com/pages/Severance-Foods-Inc/162456993788343,,,,,,,partial,1
Sewani Brokerage,Pakistan,Karachi,,Summer Fancy Food Show 2026,https://www.himaliveessentials.com/,,+92 322 2664872,,,Level 1 — 5180 — Pakistan,https://sff2026.mapyourshow.com/8_0/exhibitor/exhibitor-details.cfm?exhid=349155,,,,,,,,,partial,1
Seyidoglu Gida,Turkey,ISTANBUL,,Summer Fancy Food Show 2026,https://www.seyidoglugida.com.tr/,info@seyidoglugida.com.tr,(90) 5337680278,https://www.linkedin.com/company/seyidogluhelva,https://www.instagram.com/seyidogluhelva,Level 1 — 4858 — Turkey,https://sff2026.mapyourshow.com/8_0/exhibitor/exhibitor-details.cfm?exhid=323087,,https://www.facebook.com/seyidogluhelva,,,,,,,partial,2
SEÄžMEN KARDEÅžLER GIDA ÃœRETÄ°M VE AMBALAJ SANAYÄ° A.Åž.,Turkey,ANKARA,,Summer Fancy Food Show 2026,https://www.segmen.com.tr/,,https://api.whatsapp.com/send?phone=905321589534&text=Ürünleriniz,https://www.linkedin.com/company/se%C4%9Fmen-g%C4%B1da,https://www.instagram.com/segmengida,Level 3 — 1802 — Turkey,https://sff2026.mapyourshow.com/8_0/exhibitor/exhibitor-details.cfm?exhid=342137,,https://www.facebook.com/segmengida,,,,,,,partial,1
SGARRO CONSERVE SRLS,Italy,Orta Nova,,Summer Fancy Food Show 2026,https://www.bellacontadina.com/,info@bellacontadina.it,00390885896887,,https://www.instagram.com/bellacontadina,Level 3 — 2506 — Italy,https://sff2026.mapyourshow.com/8_0/exhibitor/exhibitor-details.cfm?exhid=318247,,https://www.facebook.com/Bella-Contadina-Cirillo-Group-SpA-2225028970903104,,,,,,,partial,2
Shaban Group,Jordan,Amman,,Summer Fancy Food Show 2026,http://shaban-group.net,,96264716333,https://www.linkedin.com/company/shaban-groupjo,https://www.instagram.com/postmancans,Level 3 — 1330 — Jordan,https://sff2026.mapyourshow.com/8_0/exhibitor/exhibitor-details.cfm?exhid=336230,,https://www.facebook.com/postmangoods,,,,,,,partial,1
Shafts Cheese & Co.,United States,Roseville,,Summer Fancy Food Show 2026,https://www.shaftscheese.com/,,916-781-9535,,https://www.instagram.com/shaftscheese,Level 3 — 347 — Deli Pavilion,https://sff2026.mapyourshow.com/8_0/exhibitor/exhibitor-details.cfm?exhid=305171,,https://www.facebook.com/shaftscheese,,,,,,,partial,1
SHAKARGANJ FOOD PRODUCTS LIMITED,Pakistan,Lahore,,Summer Fancy Food Show 2026,https://shakarganjfood.com/,,+92 300 8499385,,,Level 1 — 5287 — Pakistan,https://sff2026.mapyourshow.com/8_0/exhibitor/exhibitor-details.cfm?exhid=349085,,,,,,,,,partial,1
shamirsalads,Israel,Barkan,,Summer Fancy Food Show 2026,http://www.shamir-salads.com/,sales@shamirsalads.co.il,+972544551977,,https://www.instagram.com/salatey_shamir,Level 3 — 107B — Israel,https://sff2026.mapyourshow.com/8_0/exhibitor/exhibitor-details.cfm?exhid=348609,,https://www.facebook.com/people,,,,,,,partial,2
Shan Foods,United States,Huntley,,Summer Fancy Food Show 2026,https://www.shanfoods.com,info@shanfoods.com,https://wa.me/c/923000505900,,https://www.instagram.com/shanfoods,Level 3 — 1145,https://sff2026.mapyourshow.com/8_0/exhibitor/exhibitor-details.cfm?exhid=113858,,https://www.facebook.com/ShanFoods,,,,,,,partial,2
"SHANDONG GANGYUE FOOD Co., Ltd.",China,SHANDONG,,Summer Fancy Food Show 2026,http://www.gangyuefood.com/,,008618610291711,,,Level 3 — 243,https://sff2026.mapyourshow.com/8_0/exhibitor/exhibitor-details.cfm?exhid=330395,,,,,,,,,partial,1
SHANG WEI INDUSTRIES SDN BHD,Malaysia,Pasir Gudang,,Summer Fancy Food Show 2026,https://shangwei.com.my/,anderson@shangwei.com.my,+60182345138,,,Level 1 — 5959,https://sff2026.mapyourshow.com/8_0/exhibitor/exhibitor-details.cfm?exhid=337082,,,,,,,,,partial,2
Shangrila Foods Pvt Ltd,Pakistan,Karachi,,Summer Fancy Food Show 2026,http://www.shangrila.com.pk,info@shangrila.com.pk,92 321 8204330,,https://www.instagram.com/shangrilapakistan,Level 3 — 2973,https://sff2026.mapyourshow.com/8_0/exhibitor/exhibitor-details.cfm?exhid=246919,,https://www.facebook.com/tr,,,,,,,partial,2
Shari's Tea LLC,United States,Long Island City,,Summer Fancy Food Show 2026,https://sharistea.com/,,(929) 726-5292,,,River Pavilion — 7032B — Debut District,https://sff2026.mapyourshow.com/8_0/exhibitor/exhibitor-details.cfm?exhid=338577,,,,,,,,,partial,1
Shatila Food Products and Manufacturing LLC,United States,Dearborn,,Summer Fancy Food Show 2026,http://shatila.com,,(313)934-1520,,https://www.instagram.com/shatilabakery,Level 1 — 6415B,https://sff2026.mapyourshow.com/8_0/exhibitor/exhibitor-details.cfm?exhid=114024,,https://www.facebook.com/shatilabakery,,,,,,,partial,1
Sheena Mac Squares,United States,Atlanta,,Summer Fancy Food Show 2026,https://smacsquares.com,info@smacsquares.com,+14707701969,,https://www.instagram.com/macsquares,Level 1 — 4615A — Startup CPG,https://sff2026.mapyourshow.com/8_0/exhibitor/exhibitor-details.cfm?exhid=347598,,https://www.facebook.com/smacsquares,,,,,,,partial,2
She’s the Sauce,United States,New York,,Summer Fancy Food Show 2026,https://shesthesauce.com/,,5164040104,,,Level 1 — 4611A — Startup CPG,https://sff2026.mapyourshow.com/8_0/exhibitor/exhibitor-details.cfm?exhid=336570,,,,,,,,,partial,1
Shinefresh,South Korea,Sangju-si,,Summer Fancy Food Show 2026,https://shinefresh.imweb.me,,+82-10-9042-7985,,,Level 3 — 505 — Korea,https://sff2026.mapyourshow.com/8_0/exhibitor/exhibitor-details.cfm?exhid=348421,,,,,,,,,partial,1
ShinSung Biopharm Inc.,South Korea,Gangwon-do,,Summer Fancy Food Show 2026,http://shinsunglab.co.kr/,ssl@shinsunglab.co.kr,010 2617 6113,,,Level 3 — 500 — Korea,https://sff2026.mapyourshow.com/8_0/exhibitor/exhibitor-details.cfm?exhid=348388,,,,,,,,,partial,2
Shinzo Matcha,United States,New York,,Summer Fancy Food Show 2026,https://shinzomatcha.com,,5712098638,,,River Pavilion — 7214 — Debut District,https://sff2026.mapyourshow.com/8_0/exhibitor/exhibitor-details.cfm?exhid=347241,,,,,,,,,partial,1
Shocklaka Brands LLC,United States,Allen,,Summer Fancy Food Show 2026,https://brewshock.com/,,+112149291737,,,Level 1 — 4223,https://sff2026.mapyourshow.com/8_0/exhibitor/exhibitor-details.cfm?exhid=347529,,,,,,,,,partial,1
Shokuya LLC,United States,New York,,Summer Fancy Food Show 2026,https://shokuya.com,,+16462093526,,,River Pavilion — 7203 — Debut District,https://sff2026.mapyourshow.com/8_0/exhibitor/exhibitor-details.cfm?exhid=347468,,,,,,,,,partial,1
Shoop Beverages LLC,United States,New York,,Summer Fancy Food Show 2026,https://shoopbeverages.com,user@domain.com,+119176224246,,http://instagram.com/squarespace,Level 1 — 3702,https://sff2026.mapyourshow.com/8_0/exhibitor/exhibitor-details.cfm?exhid=347508,,http://www.facebook.com/2008/fbml,,,,,,,partial,2
Si Mei Food LLC,United States,GREAT NECK,,Summer Fancy Food Show 2026,https://smbbj.com/,,+12122716768,,,Level 1 — 5211,https://sff2026.mapyourshow.com/8_0/exhibitor/exhibitor-details.cfm?exhid=338361,,,,,,,,,partial,1
SIA Banga Ltd,Latvia,Roja,,Summer Fancy Food Show 2026,https://bangaltd.lv/,ansis.insbergs@bangaltd.lv,+371 20229207,,,Level 3 — 141,https://sff2026.mapyourshow.com/8_0/exhibitor/exhibitor-details.cfm?exhid=338648,,,,,,,,,partial,2
SIAG Caffe,United States,New York,,Summer Fancy Food Show 2026,https://www.siagcaffe.com/,,347-972-6284,,,Level 3 — 3350,https://sff2026.mapyourshow.com/8_0/exhibitor/exhibitor-details.cfm?exhid=305301,,,,,,,,,partial,1
SIBAS GIDA SAN VE TIC AS,Turkey,AYDIN,,Summer Fancy Food Show 2026,https://www.sibasfood.com/,info@sibasfood.com,(90) 256-548 10 90,https://www.linkedin.com/company/sibasfood,https://www.instagram.com/sibas.food,Level 3 — 1810 — Turkey,https://sff2026.mapyourshow.com/8_0/exhibitor/exhibitor-details.cfm?exhid=315176,,https://www.facebook.com/sibasfood,,,,,,,partial,2
Sibeiho LLC,United States,Portland,,Summer Fancy Food Show 2026,https://www.sibeiho.com,,503-705-7694,,,River Pavilion — 7431 — Good Food Mercantile (Sunday Only),https://sff2026.mapyourshow.com/8_0/exhibitor/exhibitor-details.cfm?exhid=301290,,,,,,,,,partial,1
SicilianBaked,United States,Seaford,,Summer Fancy Food Show 2026,https://www.canva.com/,,5169650891,,,River Pavilion — 7227 — Debut District,https://sff2026.mapyourshow.com/8_0/exhibitor/exhibitor-details.cfm?exhid=347268,,,,,,,,,partial,1
"Signature Rice Co.,Ltd",Cambodia,Phnom Penh,,Summer Fancy Food Show 2026,http://signaturerice.com,info@signaturerice.com,https://api.whatsapp.com/send?phone=85592989999,,,Level 1 — 3516 — Cambodia,https://sff2026.mapyourshow.com/8_0/exhibitor/exhibitor-details.cfm?exhid=348346,,https://www.facebook.com/signaturerice,,,,,,,partial,2
Sila Gum S.r.l.,Italy,Lamezia Terme,,Summer Fancy Food Show 2026,https://www.silagum.it/,infosilagum@silagum.it,+390968209336,,https://www.instagram.com/sila_gum,Level 3 — 2901 — Italy,https://sff2026.mapyourshow.com/8_0/exhibitor/exhibitor-details.cfm?exhid=306591,,https://www.facebook.com/CaramelleSilagum,,,,,,,partial,2
SILL SAS,France,PLOUVIEN,,Summer Fancy Food Show 2026,https://www.sill-entreprises.com,Rectangle-98@2x-e1631692726697.png,02 98 40 01 40,,,Level 3 — 723 — France,https://sff2026.mapyourshow.com/8_0/exhibitor/exhibitor-details.cfm?exhid=308660,,,,,,,,,partial,2
Silver Palate Kitchens Inc.,United States,Cresskill,,Summer Fancy Food Show 2026,http://www.silverpalate.com,Info@silverpalate.com,(201)568-0110,,https://www.instagram.com/silverpalate,Level 3 — 1955,https://sff2026.mapyourshow.com/8_0/exhibitor/exhibitor-details.cfm?exhid=1268,,https://www.facebook.com/TheSilverPalate,,,,,,,partial,2
Silver Swallow Inc.,Canada,Ottawa,,Summer Fancy Food Show 2026,https://silverswallow.co/,,+14162595197,,,Level 1 — 4520A — Startup CPG,https://sff2026.mapyourshow.com/8_0/exhibitor/exhibitor-details.cfm?exhid=342324,,,,,,,,,partial,1
Simrancooks,United States,New York,,Summer Fancy Food Show 2026,http://www.simrancooks.cooking,,917-400-1913,,,Level 1 — 4317 — The Jazba Collective,https://sff2026.mapyourshow.com/8_0/exhibitor/exhibitor-details.cfm?exhid=318782,,,,,,,,,partial,1
Sindbad (Private) Ltd,Sri Lanka,Ratmalana,,Summer Fancy Food Show 2026,https://sindbad.lk,,+94 112632261,,,Level 1 — 5870 — SriLanka,https://sff2026.mapyourshow.com/8_0/exhibitor/exhibitor-details.cfm?exhid=348521,,,,,,,,,partial,1
Sindoni North America LLC,United States,Miami,,Summer Fancy Food Show 2026,https://www.pirucream.com/,,9545472036,,https://www.instagram.com/pirucreamoficial,Level 1 — 5222,https://sff2026.mapyourshow.com/8_0/exhibitor/exhibitor-details.cfm?exhid=342397,,https://www.facebook.com/Pirucreamoficial,,,,,,,partial,1
Singing Pastures,United States,Newcastle,,Summer Fancy Food Show 2026,https://singingpastures.com/,,+12073803423,,,Level 1 — 4519,https://sff2026.mapyourshow.com/8_0/exhibitor/exhibitor-details.cfm?exhid=343655,,,,,,,,,partial,1
Singsong Food Corp.,South Korea,Seoul,,Summer Fancy Food Show 2026,https://www.singsongfood.com/,masterss@singsong.co.kr,+82-70-7113-3132,,https://www.instagram.com/singsong.official,Level 3 — 2852,https://sff2026.mapyourshow.com/8_0/exhibitor/exhibitor-details.cfm?exhid=314314,,,,,,,,,partial,2
SIOURAS SA,Greece,Volos,,Summer Fancy Food Show 2026,https://siouras.gr/,info@siouras.gr,003 24210 91400,,https://www.instagram.com/siouras_sa,Level 3 — 1928 — Greece,https://sff2026.mapyourshow.com/8_0/exhibitor/exhibitor-details.cfm?exhid=315502,,https://www.facebook.com/Siouras-SA-106091044319532,,,,,,,partial,2
SKB Inc,United States,Rochester,,Summer Fancy Food Show 2026,http://www.mokaenergy.com,,+15857973436,,,River Pavilion — 7030A — Debut District,https://sff2026.mapyourshow.com/8_0/exhibitor/exhibitor-details.cfm?exhid=347499,,,,,,,,,partial,1
Skinergy,United States,Budd Lake,,Summer Fancy Food Show 2026,https://www.drinkskinergy.com/,,+116466892341,,,Level 1 — 4316A — CPG Xperience,https://sff2026.mapyourshow.com/8_0/exhibitor/exhibitor-details.cfm?exhid=344007,,,,,,,,,partial,1
SKINNY EARTH,United States,Calverton,,Summer Fancy Food Show 2026,https://skinnyearth.com/,,+12126557640,,,River Pavilion — 7147 — Debut District,https://sff2026.mapyourshow.com/8_0/exhibitor/exhibitor-details.cfm?exhid=314090,,,,,,,,,partial,1
Sky food industries,Egypt,Sadat city,,Summer Fancy Food Show 2026,https://skyfoodgroup.com/,,00201007204174,,,Level 3 — 323 — Egypt,https://sff2026.mapyourshow.com/8_0/exhibitor/exhibitor-details.cfm?exhid=343457,,,,,,,,,partial,1
SLAPP,Canada,Saint- Damase,,Summer Fancy Food Show 2026,https://dosejuice.com/,,1 844 752-7752,,,Level 1 — 5056 — Canada,https://sff2026.mapyourshow.com/8_0/exhibitor/exhibitor-details.cfm?exhid=342486,,,,,,,,,partial,1
SLT Foods Inc.,United States,Dayton,,Summer Fancy Food Show 2026,http://www.sltfoods.com,info@slt-anmol.com,732-661-1030 (301),,https://www.instagram.com/sltfoods,Level 3 — 2069,https://sff2026.mapyourshow.com/8_0/exhibitor/exhibitor-details.cfm?exhid=118405,,https://www.facebook.com/profile.php,,,,,,,partial,2
"Smart Juices, LLC",United States,Whitehall,,Summer Fancy Food Show 2026,https://www.smartjuice.us,,610-443-1506,https://www.linkedin.com/company/smart-juice,https://www.instagram.com/smartjuiceorganic,Level 1 — 5526 — Beverage Pavilion,https://sff2026.mapyourshow.com/8_0/exhibitor/exhibitor-details.cfm?exhid=39203,,https://facebook.com/smartjuiceorganic,,,,,,,partial,1
"SMITH VALLEY FOODS, LLC.",United States,BRONX,,Summer Fancy Food Show 2026,https://smithvalleyfood.com/,user@domain.com,+17189902299,,,Level 3 — 374 — Deli Pavilion,https://sff2026.mapyourshow.com/8_0/exhibitor/exhibitor-details.cfm?exhid=340006,,http://www.facebook.com/2008/fbml,,,,,,,partial,2
Smoking Goose LLC,United States,Indianapolis,,Summer Fancy Food Show 2026,http://www.smokinggoose.com,user@domain.com,317-638-6328,,http://instagram.com/smokinggoosemeatery,Level 1 — 6349 — Indiana,https://sff2026.mapyourshow.com/8_0/exhibitor/exhibitor-details.cfm?exhid=302046,,http://www.facebook.com/2008/fbml,,,,,,,partial,2
SNACK IN A CAN LLC,Canada,Boucherville,,Summer Fancy Food Show 2026,https://www.snackssquatch.com/,sylvainr@snackssquatch.com,5149775554,,,Level 1 — 5922,https://sff2026.mapyourshow.com/8_0/exhibitor/exhibitor-details.cfm?exhid=343722,,,,,,,,,partial,2
Snackios,United States,Clifton,,Summer Fancy Food Show 2026,https://www.snackios.com/,,+12018874282,,,Level 3 — 379 — Deli Pavilion,https://sff2026.mapyourshow.com/8_0/exhibitor/exhibitor-details.cfm?exhid=320581,,,,,,,,,partial,1
Snakkidz,United States,Norwalk,,Summer Fancy Food Show 2026,https://snakkidz.com/,,+12037278284,,,Level 3 — 2472,https://sff2026.mapyourshow.com/8_0/exhibitor/exhibitor-details.cfm?exhid=347667,,,,,,,,,partial,1
Snowdonia Cheese Company Ltd.,United Kingdom,Rhyl,,Summer Fancy Food Show 2026,https://www.snowdoniacheese.co.uk/,,+441745357071,,,Level 3 — 2051,https://sff2026.mapyourshow.com/8_0/exhibitor/exhibitor-details.cfm?exhid=321957,,,,,,,,,partial,1
SO JENNIE PARIS,France,BRESSUIRE,,Summer Fancy Food Show 2026,https://www.sojennie.paris/,,0549821400,,https://www.instagram.com/sojennieparis,Level 3 — 728A — France,https://sff2026.mapyourshow.com/8_0/exhibitor/exhibitor-details.cfm?exhid=325827,,https://www.facebook.com/SoJennieParis,,,,,,,partial,1
Societa' Italiana Bevande In Lattina - Sibil Srl,Italy,Sesto San Giovanni,,Summer Fancy Food Show 2026,https://www.lurisia.it,,393316555350,https://www.linkedin.com/company/the-coca-cola-company,https://www.instagram.com/lurisia_premiumbeverages,Level 3 — 3325 — Italy,https://sff2026.mapyourshow.com/8_0/exhibitor/exhibitor-details.cfm?exhid=316376,,https://www.facebook.com/acquelurisia,,,,,,,partial,1
SODIAAL INTERNATIONAL,France,LYON,,Summer Fancy Food Show 2026,https://entremont.com/,infoconso@entremont.com,646-477-1614,,https://www.instagram.com/entremont_fr,Level 3 — 1951,https://sff2026.mapyourshow.com/8_0/exhibitor/exhibitor-details.cfm?exhid=301069,,https://www.facebook.com/EntremontFrance,,,,,,,partial,2
SoFine Food,United States,Bethesda,,Summer Fancy Food Show 2026,http://www.dressitupdressing.com,,301-960-9826,,,River Pavilion — 7416 — Good Food Mercantile (Sunday Only),https://sff2026.mapyourshow.com/8_0/exhibitor/exhibitor-details.cfm?exhid=112934,,,,,,,,,partial,1
Sogno Toscano Tuscan Dream Inc,United States,Tempe,,Summer Fancy Food Show 2026,https://www.sognotoscano.com,customerservice@sognotoscano.com,480-281-1818,,https://www.instagram.com/sognotoscano,Level 3 — 2674,https://sff2026.mapyourshow.com/8_0/exhibitor/exhibitor-details.cfm?exhid=303867,,https://www.facebook.com/SognoToscano,,,,,,,partial,2
Sol-ti,United States,San Diego,,Summer Fancy Food Show 2026,http://solti.com,,9176598944,,,Level 1 — 4819 — Naturally Network,https://sff2026.mapyourshow.com/8_0/exhibitor/exhibitor-details.cfm?exhid=133176,,,,,,,,,partial,1
SOLIVERA,Tunisia,tunis,,Summer Fancy Food Show 2026,http://www.solivera-oil.com,,+21621226653,,,Level 3 — 2322 — Tunisia,https://sff2026.mapyourshow.com/8_0/exhibitor/exhibitor-details.cfm?exhid=349063,,,,,,,,,partial,1
Solmaz Foods Inc,Canada,Toronto,,Summer Fancy Food Show 2026,https://www.solmazfoods.ca/,,4168584683,,,Level 3 — 1473,https://sff2026.mapyourshow.com/8_0/exhibitor/exhibitor-details.cfm?exhid=323477,,,,,,,,,partial,1
SOLOMNISHVILI WINERY LLC,Georgia,Telavi,,Summer Fancy Food Show 2026,https://8000vintages.ge/,berlin@8000vintages.ge,+995555177444,,https://www.instagram.com/8000vintages,Level 3 — 2310 — Georgia,https://sff2026.mapyourshow.com/8_0/exhibitor/exhibitor-details.cfm?exhid=349238,,https://www.facebook.com/8000mosavali,,,,,,,partial,2
Somerdale International Ltd.,United Kingdom,"Wellington, Somerset",,Summer Fancy Food Show 2026,http://www.somerdale.co.uk,,011 441823653533,https://www.linkedin.com/company/somerdale-international-ltd,https://www.instagram.com/somerdalecheese,Level 3 — 138,https://sff2026.mapyourshow.com/8_0/exhibitor/exhibitor-details.cfm?exhid=7369,,https://www.facebook.com/englishcheese,,,,,,,partial,1
Something & Nothing,United States,Cleveland,,Summer Fancy Food Show 2026,https://somethingandnothing.co/,,+118456684464,,https://www.instagram.com/wearesomethingandnothing,Level 1 — 4911,https://sff2026.mapyourshow.com/8_0/exhibitor/exhibitor-details.cfm?exhid=343775,,,,,,,,,partial,1
Sommariva Srl,Italy,Albenga,,Summer Fancy Food Show 2026,https://www.oliosommariva.com,,0039 0182559222,,,Level 1 — 4946B — Italy,https://sff2026.mapyourshow.com/8_0/exhibitor/exhibitor-details.cfm?exhid=348502,,,,,,,,,partial,1
Sonnet Brands LLC,United States,BENTONVILLE,,Summer Fancy Food Show 2026,https://www.tastynates.com/,customerservice@tastynates.com,+14793198880,,https://www.instagram.com/tasty_nates,Level 3 — 1577,https://sff2026.mapyourshow.com/8_0/exhibitor/exhibitor-details.cfm?exhid=348178,,,,,,,,,partial,2
Soom Foods,United States,Philadelphia,,Summer Fancy Food Show 2026,https://soomfoods.com/,,+16098927158,,,Level 1 — 5257,https://sff2026.mapyourshow.com/8_0/exhibitor/exhibitor-details.cfm?exhid=303309,,,,,,,,,partial,1
"Sooo Good, LTD",United States,Allendle,,Summer Fancy Food Show 2026,http://www.sokusa.com,love@sokusa.com,201-327-1933,,http://instagram.com/sokusalove,Level 1 — 5130,https://sff2026.mapyourshow.com/8_0/exhibitor/exhibitor-details.cfm?exhid=301439,,http://www.facebook.com/2008/fbml,,,,,,,partial,2
Sophia Foods Inc.,United States,Brooklyn,,Summer Fancy Food Show 2026,http://www.sophiafoods.com/,,718-272-1110,,,Level 3 — 2839,https://sff2026.mapyourshow.com/8_0/exhibitor/exhibitor-details.cfm?exhid=101852,,,,,,,,,partial,1
Sorrento Sapori e Tradizioni,Italy,Eboli,,Summer Fancy Food Show 2026,https://www.gustosorrento.it/,,+39 0828620168,,https://www.instagram.com/gustosorrento,Level 3 — 3206A — Italy,https://sff2026.mapyourshow.com/8_0/exhibitor/exhibitor-details.cfm?exhid=314696,,https://www.facebook.com/gustosorrento,,,,,,,partial,1
SoupaPOTamus LLC,United States,Painted Post,,Summer Fancy Food Show 2026,https://soupapotamus.com/,orders@soupapotamus.com,+16073686941,,https://www.instagram.com/soupapotamus,River Pavilion — 7020B — Debut District,https://sff2026.mapyourshow.com/8_0/exhibitor/exhibitor-details.cfm?exhid=343530,,https://www.facebook.com/SoupaPOTamus,,,,,,,partial,2
"Source Atlantique, Inc.",United States,Englewood Cliffs,,Summer Fancy Food Show 2026,https://www.sourceatlantique.com,user@domain.com,2019471000,,http://instagram.com/squarespace,Level 3 — 1536,https://sff2026.mapyourshow.com/8_0/exhibitor/exhibitor-details.cfm?exhid=2157,,http://www.facebook.com/2008/fbml,,,,,,,partial,2
Sourcery Foods LLC,United States,Brooklyn,,Summer Fancy Food Show 2026,https://www.eatsourcery.com,,+16072206659,,,River Pavilion — 7025B — Debut District,https://sff2026.mapyourshow.com/8_0/exhibitor/exhibitor-details.cfm?exhid=313640,,,,,,,,,partial,1
Sous Casa,United States,Richmond,,Summer Fancy Food Show 2026,https://www.eatsouscasa.com/,user@domain.com,8043166572,,https://www.instagram.com/eatsouscasa,Level 1 — 6238 — Virginia,https://sff2026.mapyourshow.com/8_0/exhibitor/exhibitor-details.cfm?exhid=335608,,http://www.facebook.com/2008/fbml,,,,,,,partial,2
Southern Caramel,United States,Melbourne,,Summer Fancy Food Show 2026,https://southerncaramel.com,info@southerncaramel.com,321-704-9253,,https://www.instagram.com/southern.caramel,River Pavilion — 7213 — Debut District,https://sff2026.mapyourshow.com/8_0/exhibitor/exhibitor-details.cfm?exhid=269202,,https://www.facebook.com/tr,,,,,,,partial,2
Southern Straws Cheese Straws,United States,Columbus,,Summer Fancy Food Show 2026,http://www.southernstraws.com,,706-507-1531,,,Level 1 — 6411 — Georgia,https://sff2026.mapyourshow.com/8_0/exhibitor/exhibitor-details.cfm?exhid=179647,,,,,,,,,partial,1
Southern Sugar Bakery,United States,Raleigh,,Summer Fancy Food Show 2026,https://www.southernsugarbakery.com,,+19195397527,,,River Pavilion — 7144 — Debut District,https://sff2026.mapyourshow.com/8_0/exhibitor/exhibitor-details.cfm?exhid=347590,,,,,,,,,partial,1
Southern United States Trade Association (SUSTA),United States,New Orleans,,Summer Fancy Food Show 2026,https://www.susta.org,donotreply@susta.org,(504) 568-5986,https://www.linkedin.com/company/southern-united-states-trade-association,,Level 1 — 6208 — SUSTA,https://sff2026.mapyourshow.com/8_0/exhibitor/exhibitor-details.cfm?exhid=36921,,https://www.facebook.com/SUSTA.ORG,,,,,,,partial,2
"Spacture AI, INC",United States,Brooklyn,,Summer Fancy Food Show 2026,https://www.spacture.ai/,,https://wa.me/19294866290,https://www.linkedin.com/company/spacture-ai,https://www.instagram.com/spacture.ai,Level 3 — 2281,https://sff2026.mapyourshow.com/8_0/exhibitor/exhibitor-details.cfm?exhid=342012,,,,,,,,,partial,1
Spark + Honey,United States,Boulder,,Summer Fancy Food Show 2026,https://www.spark-honey.com,user@domain.com,3107176035,,http://instagram.com/sparkandhoney,River Pavilion — 7414 — Good Food Mercantile (Sunday Only),https://sff2026.mapyourshow.com/8_0/exhibitor/exhibitor-details.cfm?exhid=303850,,http://www.facebook.com/2008/fbml,,,,,,,partial,2
Sparkling Rocco,Italy,Lana,,Summer Fancy Food Show 2026,https://sparklingrocco.com/,,+39 366 1051246,,,Level 3 — 2907 — Italy,https://sff2026.mapyourshow.com/8_0/exhibitor/exhibitor-details.cfm?exhid=348458,,,,,,,,,partial,1
Specialities Inc.,United States,Millington,,Summer Fancy Food Show 2026,https://www.specialitiesinc.com/,r.schinbeckler@specialitiesinc.com,(908)647-6485,,,Level 3 — 960,https://sff2026.mapyourshow.com/8_0/exhibitor/exhibitor-details.cfm?exhid=2550,,,,,,,,,partial,2
Specialty Rice Inc.,United States,Brinkley,,Summer Fancy Food Show 2026,https://dellarice.com/,Info@dellarice.com,870-734-1233,,,Level 1 — 4107,https://sff2026.mapyourshow.com/8_0/exhibitor/exhibitor-details.cfm?exhid=104423,,,,,,,,,partial,2
"Spice House, LLC",United States,Evanston,,Summer Fancy Food Show 2026,http://www.thespicehouse.com,,224-836-0324,,,Level 1 — 5460,https://sff2026.mapyourshow.com/8_0/exhibitor/exhibitor-details.cfm?exhid=223238,,,,,,,,,partial,1
Spicewalla Brand LLC,United States,Asheville,,Summer Fancy Food Show 2026,https://spicewallabrand.com,,828-417-7010,,,Level 1 — 5837,https://sff2026.mapyourshow.com/8_0/exhibitor/exhibitor-details.cfm?exhid=223233,,,,,,,,,partial,1
Spicy Tango LLC,United States,Katy,,Summer Fancy Food Show 2026,https://www.spicytango.com,info@spicytango.com,+18327681619,,http://instagram.com/spicytango_,Level 1 — 3415,https://sff2026.mapyourshow.com/8_0/exhibitor/exhibitor-details.cfm?exhid=257884,,http://facebook.com/spicytangoproducts,,,,,,,partial,2
Spindrift Beverage Co. Inc.,United States,Newton,,Summer Fancy Food Show 2026,http://www.drinkspindrift.com,,617-391-0356,,,Level 1 — 5623 — Beverage Pavilion,https://sff2026.mapyourshow.com/8_0/exhibitor/exhibitor-details.cfm?exhid=107770,,,,,,,,,partial,1
SPINS,United States,Chicago,,Summer Fancy Food Show 2026,https://spins.com,,+13122815100,,,Level 3 — 380,https://sff2026.mapyourshow.com/8_0/exhibitor/exhibitor-details.cfm?exhid=131917,,,,,,,,,partial,1
SPIRIT Almond,United States,Culver City,,Summer Fancy Food Show 2026,https://spiritalmond.com,,310-975-7088,,,River Pavilion — 7338 — Good Food Mercantile (Sunday Only),https://sff2026.mapyourshow.com/8_0/exhibitor/exhibitor-details.cfm?exhid=178349,,,,,,,,,partial,1
Splendor Water LLC,United States,Summerfield,,Summer Fancy Food Show 2026,https://splendorwater.com/,,+19403000511,,,Level 1 — 5518 — Beverage Pavilion,https://sff2026.mapyourshow.com/8_0/exhibitor/exhibitor-details.cfm?exhid=342477,,,,,,,,,partial,1
Spring & Mulberry Inc,United States,Raleigh,,Summer Fancy Food Show 2026,https://springandmulberry.com/,,973-307-6406,,,Level 1 — 6245 — North Dakota,https://sff2026.mapyourshow.com/8_0/exhibitor/exhibitor-details.cfm?exhid=313847,,,,,,,,,partial,1
Springs Fireplace,United States,East Hampton,,Summer Fancy Food Show 2026,https://www.springsfireplace.com/,,3474054491,,,Level 1 — 6157 — NewYork,https://sff2026.mapyourshow.com/8_0/exhibitor/exhibitor-details.cfm?exhid=317841,,,,,,,,,partial,1
Square Enterprises Corp.,United States,Wallington,,Summer Fancy Food Show 2026,https://www.squareenterprises.com/,,973-365-1639,,,Level 3 — 849,https://sff2026.mapyourshow.com/8_0/exhibitor/exhibitor-details.cfm?exhid=29995,,,,,,,,,partial,1
Sri Lanka Tea Board,Sri Lanka,Colombo,,Summer Fancy Food Show 2026,https://www.pureceylontea.com,,+94112587814,https://www.linkedin.com/company/Srilankateaboard,https://www.instagram.com/slteaboard,Level 1 — 5870 — SriLanka,https://sff2026.mapyourshow.com/8_0/exhibitor/exhibitor-details.cfm?exhid=300501,,https://www.facebook.com/Srilankateaboard,,,,,,,partial,1
St. Pierre Groupe,United States,Irving,,Summer Fancy Food Show 2026,https://stpierrebakery.com/,,612-803-2209,,https://www.instagram.com/stpierreusa,Level 3 — 768,https://sff2026.mapyourshow.com/8_0/exhibitor/exhibitor-details.cfm?exhid=312417,,https://www.facebook.com/tr,,,,,,,partial,1
STANDAGE.Inc,Japan,Tokyo,,Summer Fancy Food Show 2026,https://digitrad.shop/,,+817033667066,,,Level 1 — 3805,https://sff2026.mapyourshow.com/8_0/exhibitor/exhibitor-details.cfm?exhid=336810,,,,,,,,,partial,1
Star Snacks Co. LLC,United States,Jersey City,,Summer Fancy Food Show 2026,http://starsnacks.net,info@starsnacks.net,201-200-9820,,,Level 3 — 1551,https://sff2026.mapyourshow.com/8_0/exhibitor/exhibitor-details.cfm?exhid=101923,,,,,,,,,partial,2
START International,United States,Addison,,Summer Fancy Food Show 2026,https://www.startinternational.com/,,972-248-1999,,,Level 3 — 1452,https://sff2026.mapyourshow.com/8_0/exhibitor/exhibitor-details.cfm?exhid=129419,,,,,,,,,partial,1
Startup CPG,United States,New York,,Summer Fancy Food Show 2026,https://startupcpg.com/,,4159300145,https://www.linkedin.com/company/startupcpg,https://www.instagram.com/startupcpg,Level 1 — 4506A — Startup CPG,https://sff2026.mapyourshow.com/8_0/exhibitor/exhibitor-details.cfm?exhid=310447,,https://www.facebook.com/tr,,,,,,,partial,1
Stateline Sauce Company LLC,United States,Toledo,,Summer Fancy Food Show 2026,https://www.statelinesauceco.com/,,+14197879493,,https://www.instagram.com/statelinesauceco,River Pavilion — 7124B — Debut District,https://sff2026.mapyourshow.com/8_0/exhibitor/exhibitor-details.cfm?exhid=347933,,https://www.facebook.com/profile.php,,,,,,,partial,1
"Statewide Products Co., Inc.",United States,Albuquerque,,Summer Fancy Food Show 2026,https://www.statewideproducts.com/,info@swpnm.com,5058884646,,https://www.instagram.com/statewideproductsnm,Level 1 — 6356,https://sff2026.mapyourshow.com/8_0/exhibitor/exhibitor-details.cfm?exhid=314604,,https://www.facebook.com/StatewideProducts,,,,,,,partial,2
STB Quarters,United States,Newton,,Summer Fancy Food Show 2026,https://stbquarters.com,sales@stbquarters.com,+15714515884,,,Level 3 — 1257,https://sff2026.mapyourshow.com/8_0/exhibitor/exhibitor-details.cfm?exhid=127172,,,,,,,,,partial,2
Stellar Snacks LLC,United States,Carson City,,Summer Fancy Food Show 2026,https://stellarsnacks.com,your@email.com,775-430-4200,,https://www.instagram.com/stellar_snacks,Level 3 — 2473,https://sff2026.mapyourshow.com/8_0/exhibitor/exhibitor-details.cfm?exhid=244194,,https://www.facebook.com/stellarsnacks,,,,,,,partial,2
STERILTOM SRL,Italy,Gragnano Trebbiense,,Summer Fancy Food Show 2026,https://www.steriltom.com,commerciale3@steriltom.com,0039 0523789811,https://it.linkedin.com/company/steriltom-s-r-l-,https://instagram.com/steriltom,Level 3 — 2727 — Italy,https://sff2026.mapyourshow.com/8_0/exhibitor/exhibitor-details.cfm?exhid=301915,,https://www.facebook.com/tomatopulp,,,,,,,partial,2
"Stichler Products, Inc.",United States,Reading,,Summer Fancy Food Show 2026,http://www.megabuttons.com,,610-921-0211,,,"Level 3 — 2562 — Confectionery, Snacks and Sweets Pavilion",https://sff2026.mapyourshow.com/8_0/exhibitor/exhibitor-details.cfm?exhid=1281,,https://www.facebook.com/megacandybuttons,,,,,,,partial,1
Stone Bank Foods LLC,United States,North Lake,,Summer Fancy Food Show 2026,https://pickpocketdips.com,,(262) 642-9400,,,Level 3 — 351 — Deli Pavilion,https://sff2026.mapyourshow.com/8_0/exhibitor/exhibitor-details.cfm?exhid=337828,,,,,,,,,partial,1
Stone County Specialties,United States,Tamaqua,,Summer Fancy Food Show 2026,http://www.woswit.com,,570-467-2850,,,Level 1 — 5637,https://sff2026.mapyourshow.com/8_0/exhibitor/exhibitor-details.cfm?exhid=42238,,,,,,,,,partial,1
Stonewall Kitchen,United States,York,,Summer Fancy Food Show 2026,http://www.stonewallkitchen.com/,,888-326-5678,,https://instagram.com/stonewallkitchen,Level 1 — 5226,https://sff2026.mapyourshow.com/8_0/exhibitor/exhibitor-details.cfm?exhid=4046,,https://www.facebook.com/pages/Stonewall-Kitchen/151685814615,,,,,,,partial,1
STRAMPELLI SRL,Italy,AMATRICE,,Summer Fancy Food Show 2026,https://www.pastificiostrampelli.it/,info@pastificiostrampelli.it,+393403234081,,https://www.instagram.com/pastastrampelli,Level 3 — 3129 — Italy,https://sff2026.mapyourshow.com/8_0/exhibitor/exhibitor-details.cfm?exhid=348528,,https://www.facebook.com/pastificiostrampellidiamatrice,,,,,,,partial,2
Strip Jerky,United States,New York,,Summer Fancy Food Show 2026,https://stripjerky.com/,,+12039217912,,,Level 1 — 4621B — Startup CPG,https://sff2026.mapyourshow.com/8_0/exhibitor/exhibitor-details.cfm?exhid=347476,,,,,,,,,partial,1
Struesli,United States,Newtown,,Summer Fancy Food Show 2026,https://struesli.com/,,845-531-9603,,,Level 1 — 4920 — Naturally Network,https://sff2026.mapyourshow.com/8_0/exhibitor/exhibitor-details.cfm?exhid=313959,,,,,,,,,partial,1
Subarashii Kudamono Limited,United States,Coopersburg,,Summer Fancy Food Show 2026,https://wonderfulfruit.com/,,+12673371995,,,River Pavilion — 7101A-M — SFA Spark Pavilion,https://sff2026.mapyourshow.com/8_0/exhibitor/exhibitor-details.cfm?exhid=348336,,,,,,,,,partial,1
SUER GIDA SANAYI VE DIS TICARET,Turkey,İZMİR,,Summer Fancy Food Show 2026,https://www.suerfood.com/,,(90) 256-577 21 21,,,Level 3 — 1803 — Turkey,https://sff2026.mapyourshow.com/8_0/exhibitor/exhibitor-details.cfm?exhid=315166,,,,,,,,,partial,1
Sugar Bowl Bakery,United States,Hayward,,Summer Fancy Food Show 2026,http://www.sugarbowlbakery.com,,510-782-2118,,,"Level 3 — 2651 — Confectionery, Snacks and Sweets Pavilion",https://sff2026.mapyourshow.com/8_0/exhibitor/exhibitor-details.cfm?exhid=30034,,,,,,,,,partial,1
Sugar Plum Inc,United States,Forty Fort,,Summer Fancy Food Show 2026,https://www.dmsnacks.com,,+15702880559,,,Level 1 — 4419A — CPG Xperience,https://sff2026.mapyourshow.com/8_0/exhibitor/exhibitor-details.cfm?exhid=26220,,,,,,,,,partial,1
"Sugarman of Vermont, LLC.",United States,Hardwick,,Summer Fancy Food Show 2026,https://sugarmanofvermont.com/,sales@sugarmanofvermont.com,+18024729891,https://www.linkedin.com/company/sugarman-of-vermont-llc,https://www.instagram.com/sugarmanofvermont,Level 1 — 6334 — Vermont,https://sff2026.mapyourshow.com/8_0/exhibitor/exhibitor-details.cfm?exhid=340414,,https://www.facebook.com/sugarmanofvermont,,,,,,,partial,2
Sugimoto Tea Company,United States,Redmond,,Summer Fancy Food Show 2026,https://www.sugimotousa.com/,info@sugimotousa.com,425-558-5552,,,Level 1 — 5814 — Beverage Pavilion,https://sff2026.mapyourshow.com/8_0/exhibitor/exhibitor-details.cfm?exhid=223632,,,,,,,,,partial,2
SUMMAUL CORPORATION,South Korea,Seosan-si,,Summer Fancy Food Show 2026,https://summaullaver.modoo.at/,,010-4009-1872,,,Level 3 — 509 — Korea,https://sff2026.mapyourshow.com/8_0/exhibitor/exhibitor-details.cfm?exhid=342313,,,,,,,,,partial,1
SUMMIT C&T LLC,United States,Tenafly,,Summer Fancy Food Show 2026,https://www.hoxynation.com/,,973-922-0119,,,Level 1 — 5447,https://sff2026.mapyourshow.com/8_0/exhibitor/exhibitor-details.cfm?exhid=314143,,,,,,,,,partial,1
"Sunberry Limited, LLC",United States,Farmington Hills,,Summer Fancy Food Show 2026,https://www.sunberry.farm/,,810-213-7200,,,Level 1 — 5522 — Beverage Pavilion,https://sff2026.mapyourshow.com/8_0/exhibitor/exhibitor-details.cfm?exhid=336575,,,,,,,,,partial,1
SUNDAY SUPPER,United States,Los Angeles,,Summer Fancy Food Show 2026,https://www.sundaysupper.com/,,415-845-7427,,,Level 1 — 4123,https://sff2026.mapyourshow.com/8_0/exhibitor/exhibitor-details.cfm?exhid=318204,,,,,,,,,partial,1
Sunny Fruit,Turkey,İZMİR,,Summer Fancy Food Show 2026,https://www.kfc.com.tr/,,(90) 232-831 35 05,https://www.linkedin.com/company/kfcgidaas,https://www.instagram.com/kfcgidaofficial,Level 3 — 1828 — Turkey,https://sff2026.mapyourshow.com/8_0/exhibitor/exhibitor-details.cfm?exhid=336093,,https://www.facebook.com/KFC-GIDA-100972481645385,,,,,,,partial,1
Sunrich Products LLC,United States,Crookston,,Summer Fancy Food Show 2026,https://www.sunrich.com/,info@sunrich.com,2182812985,,,Level 1 — 3706,https://sff2026.mapyourshow.com/8_0/exhibitor/exhibitor-details.cfm?exhid=323001,,,,,,,,,partial,2
Sunshine Buns,United States,Orem,,Summer Fancy Food Show 2026,https://sunshinebuns.com/,,+18013101745,,,Level 1 — 5969,https://sff2026.mapyourshow.com/8_0/exhibitor/exhibitor-details.cfm?exhid=344278,,,,,,,,,partial,1
Sunshine USA Produce Inc,United States,Warren,,Summer Fancy Food Show 2026,http://www.sunshineproduce.com.cn/,,+17327777300,,,"Level 3 — 2247 — Confectionery, Snacks and Sweets Pavilion",https://sff2026.mapyourshow.com/8_0/exhibitor/exhibitor-details.cfm?exhid=155850,,,,,,,,,partial,1
SUNSUSOLUTION COMPANY LIMITED,Thailand,Bangkok,,Summer Fancy Food Show 2026,https://sunsu.co.th/,,+66639747992,,https://www.instagram.com/sunsu.official,Level 1 — 3422,https://sff2026.mapyourshow.com/8_0/exhibitor/exhibitor-details.cfm?exhid=346124,,https://www.facebook.com/sunsuofficial,,,,,,,partial,1
SUP FOODS LLC,United States,Sheridan,,Summer Fancy Food Show 2026,https://supfoods.co,,61422271777,,,River Pavilion — 7118D — SFA Spark Pavilion,https://sff2026.mapyourshow.com/8_0/exhibitor/exhibitor-details.cfm?exhid=338627,,,,,,,,,partial,1
Superb Bakehouse Inc,United States,Columbus,,Summer Fancy Food Show 2026,https://superbbakehouse.com/,,+16149650688,,,Level 3 — 3070,https://sff2026.mapyourshow.com/8_0/exhibitor/exhibitor-details.cfm?exhid=348468,,,,,,,,,partial,1
supherb,Israel,Beni- Brak,,Summer Fancy Food Show 2026,https://www.supherb.co.il/,alex.v@dooble.co.il,+972525319571,,https://www.instagram.com/supherb_il,Level 3 — 111A — Israel,https://sff2026.mapyourshow.com/8_0/exhibitor/exhibitor-details.cfm?exhid=348606,,https://www.facebook.com/tr,,,,,,,partial,2
Supreme Crab and Seafood,United States,Weston,,Summer Fancy Food Show 2026,https://supremecrab.com/,info@supremecrab.com,+15616656250,https://www.linkedin.com/company/supreme-crab-,,Level 1 — 4000,https://sff2026.mapyourshow.com/8_0/exhibitor/exhibitor-details.cfm?exhid=347546,,https://www.facebook.com/supremecrabandseafood,,,,,,,partial,2
Surgital S.p.A.,Italy,Conselice - Lavezzola,,Summer Fancy Food Show 2026,https://www.surgital.it,,+39054580328,,,Level 3 — 2631 — Italy,https://sff2026.mapyourshow.com/8_0/exhibitor/exhibitor-details.cfm?exhid=122335,,,,,,,,,partial,1
"Sushi House, Inc.",United States,Palisades Park,,Summer Fancy Food Show 2026,http://www.gowasabi.com,,2014820609,,,Level 1 — 5758,https://sff2026.mapyourshow.com/8_0/exhibitor/exhibitor-details.cfm?exhid=32793,,,,,,,,,partial,1
Sweet Craft,United States,Oceanside,,Summer Fancy Food Show 2026,https://www.sweetcraft.com/,info@sweetcraft.com,760 539 2196,https://www.linkedin.com/company/75647723/admin,https://www.instagram.com/sweetcraftdolceria,"Level 3 — 2251 — Confectionery, Snacks and Sweets Pavilion",https://sff2026.mapyourshow.com/8_0/exhibitor/exhibitor-details.cfm?exhid=129640,,http://www.facebook.com/2008/fbml,,,,,,,partial,2
Sweet Grass Dairy,United States,Thomasville,,Summer Fancy Food Show 2026,http://www.sweetgrassdairy.com/,,+12292270752,,,Level 3 — 773 — ACS Pavilion,https://sff2026.mapyourshow.com/8_0/exhibitor/exhibitor-details.cfm?exhid=133732,,,,,,,,,partial,1
Sweet Shop U.S.A.,United States,Mount Pleasant,,Summer Fancy Food Show 2026,http://www.sweetshopusa.com/,,903-575-5512,,,"Level 3 — 2336 — Confectionery, Snacks and Sweets Pavilion",https://sff2026.mapyourshow.com/8_0/exhibitor/exhibitor-details.cfm?exhid=1285,,,,,,,,,partial,1
"SWEETCUP Co., Ltd.",South Korea,SEOUL,,Summer Fancy Food Show 2026,https://www.sweetcup.com/,sweetcup2016@sweetcup.com,024681855,,https://www.instagram.com/sweetcup_official,Level 3 — 613 — Korea,https://sff2026.mapyourshow.com/8_0/exhibitor/exhibitor-details.cfm?exhid=338905,,https://www.facebook.com/%EC%8A%A4%EC%9C%84%ED%8A%B8%EC%BB%B5-261380468079865,,,,,,,partial,2
Swelly Cream Bun,South Korea,Anseong-si,,Summer Fancy Food Show 2026,https://en.foodcore.kr/,t_edps@foodcore.kr,+82317480450,,,Level 1 — 5426,https://sff2026.mapyourshow.com/8_0/exhibitor/exhibitor-details.cfm?exhid=342332,,,,,,,,,partial,2
Swiss Pac Pvt. Ltd.,India,Vadodara,,Summer Fancy Food Show 2026,https://www.swisspack.co.in/,info@swisspack.co.in,https://api.whatsapp.com/send?phone=916353425143,,https://www.instagram.com/swisspac,Level 1 — 5313,https://sff2026.mapyourshow.com/8_0/exhibitor/exhibitor-details.cfm?exhid=334736,,https://www.facebook.com/SwissPacIndia,,,,,,,partial,2
Syruvia,United States,Spring Valley,,Summer Fancy Food Show 2026,https://syruvia.com/,,+18453282302,,,Level 1 — 6315 — New Jersey,https://sff2026.mapyourshow.com/8_0/exhibitor/exhibitor-details.cfm?exhid=348626,,,,,,,,,partial,1
Séka Hills,United States,Brooks,,Summer Fancy Food Show 2026,http://www.sekahills.com,user@domain.com,530-796-2810,,http://instagram.com/sekahills,River Pavilion — 7303 — Good Food Mercantile (Sunday Only),https://sff2026.mapyourshow.com/8_0/exhibitor/exhibitor-details.cfm?exhid=108776,,http://www.facebook.com/2008/fbml,,,,,,,partial,2
"T PRESTIGE, LTD",Ukraine,Kharkov,,Summer Fancy Food Show 2026,https://tprestige.com/,,067-419-32-28,https://www.linkedin.com/company/tprestige,https://www.instagram.com/tprestige_ua,"Level 3 — 2547 — Confectionery, Snacks and Sweets Pavilion",https://sff2026.mapyourshow.com/8_0/exhibitor/exhibitor-details.cfm?exhid=131313,,https://www.facebook.com/konditer.tprestige,,,,,,,partial,1
T&C SRL TARTUFI - TRUFFLES,Italy,URBANIA,,Summer Fancy Food Show 2026,https://www.tectartufi.it/,info@truffle.it,+39 0721 799065,https://www.linkedin.com/company/tec-tartufi,https://www.instagram.com/tectartufi,Level 3 — 2406 — Italy,https://sff2026.mapyourshow.com/8_0/exhibitor/exhibitor-details.cfm?exhid=347282,,https://www.facebook.com/tectartufi,,,,,,,partial,2
TA Trading LLC,United States,Hyattsville,,Summer Fancy Food Show 2026,https://tatradingllc.com/,,+12405826542,,,"Level 3 — 2253 — Confectionery, Snacks and Sweets Pavilion",https://sff2026.mapyourshow.com/8_0/exhibitor/exhibitor-details.cfm?exhid=347439,,,,,,,,,partial,1
Tabanero Holdings,United States,Delray Beach,,Summer Fancy Food Show 2026,https://www.tabanero.com/,,+18884434224,,,Level 1 — 5029,https://sff2026.mapyourshow.com/8_0/exhibitor/exhibitor-details.cfm?exhid=318028,,,,,,,,,partial,1
Table for Six Brands LLC,United States,York,,Summer Fancy Food Show 2026,http://tableforsixbrands.com,,+19259678662,,,Level 1 — 5337,https://sff2026.mapyourshow.com/8_0/exhibitor/exhibitor-details.cfm?exhid=337831,,,,,,,,,partial,1
"TableMark Co.,Ltd.",Japan,Ota-ku,,Summer Fancy Food Show 2026,https://www.tablemark.co.jp/,,+81-3-5705-8113,,https://www.instagram.com/tablemark_jp,Level 3 — 2068,https://sff2026.mapyourshow.com/8_0/exhibitor/exhibitor-details.cfm?exhid=344191,,http://www.facebook.com/2008/fbml,,,,,,,partial,1
Taebur LLC,United States,Golden,,Summer Fancy Food Show 2026,https://www.teawithtae.com/,hello@teawithtae.com,+18888329823,https://www.linkedin.com/company/teawithtae,https://www.instagram.com/shopteawithtae,Level 1 — 4816 — Naturally Network,https://sff2026.mapyourshow.com/8_0/exhibitor/exhibitor-details.cfm?exhid=314878,,https://www.facebook.com/shopteawithtae,,,,,,,partial,2
TAFE GIDA MADDELERI SANAYI VE TICARET A.S.,Turkey,KOCAELI,,Summer Fancy Food Show 2026,https://www.tafesweets.com/,info@tafesweets.com,https://api.whatsapp.com/send?phone=+905330962156,https://www.linkedin.com/company/tafe-gida-a-s-tafe-food-inc,https://www.instagram.com/tafegida,Level 1 — 4865 — Turkey,https://sff2026.mapyourshow.com/8_0/exhibitor/exhibitor-details.cfm?exhid=348305,,https://www.facebook.com/tr,,,,,,,partial,2
"Taffy Town, Inc.",United States,West Jordan,,Summer Fancy Food Show 2026,http://www.taffytown.com/,,(801) 355-4637,,,"Level 3 — 2564 — Confectionery, Snacks and Sweets Pavilion",https://sff2026.mapyourshow.com/8_0/exhibitor/exhibitor-details.cfm?exhid=3593,,,,,,,,,partial,1
"Taian Best Ehoo Food Co., LTD",China,Qingdao,,Summer Fancy Food Show 2026,http://www.heshigroup.com,,+86 532 8896 6067,,,Level 1 — 6039,https://sff2026.mapyourshow.com/8_0/exhibitor/exhibitor-details.cfm?exhid=114064,,,,,,,,,partial,1
Taim Olive,United States,New York,,Summer Fancy Food Show 2026,https://taimolive.com/,,6146201062,,,Level 1 — 4828A — Naturally Network,https://sff2026.mapyourshow.com/8_0/exhibitor/exhibitor-details.cfm?exhid=347477,,,,,,,,,partial,1
"Taiwan Mayumi Co., Ltd.","Taiwan, Province of China",Taipei City,,Summer Fancy Food Show 2026,https://www.taiwanmayumi.com,mayumi_service@mayumi.com.tw,886226574452,,,Level 1 — 5264,https://sff2026.mapyourshow.com/8_0/exhibitor/exhibitor-details.cfm?exhid=345423,,,,,,,,,partial,2
Tam Bien Wholesales Corp,United States,Santa Ana,,Summer Fancy Food Show 2026,https://tambienfoodcorp.com/,,+117144006496,,,Level 3 — 973,https://sff2026.mapyourshow.com/8_0/exhibitor/exhibitor-details.cfm?exhid=343987,,,,,,,,,partial,1
Tamarind Heads,United States,New York,,Summer Fancy Food Show 2026,https://www.tamarindheads.com,,929-445-4732,,,Level 1 — 4924 — Naturally Network,https://sff2026.mapyourshow.com/8_0/exhibitor/exhibitor-details.cfm?exhid=257866,,,,,,,,,partial,1
Tamarisi Wine LTD,Georgia,Tbilisi,,Summer Fancy Food Show 2026,https://www.tamarisiwine.ge/,info@TamarisiWine.ge,995595212147,,,Level 3 — 2312 — Georgia,https://sff2026.mapyourshow.com/8_0/exhibitor/exhibitor-details.cfm?exhid=348218,,,,,,,,,partial,2
"Tamaruya honten Co., Ltd.",Japan,Shizuokshi,,Summer Fancy Food Show 2026,https://www.tamaruya.co.jp/,,+81-54-258-1115,,,Level 3 — 411 — Japan,https://sff2026.mapyourshow.com/8_0/exhibitor/exhibitor-details.cfm?exhid=347886,,,,,,,,,partial,1
Taokaenoi USA Inc.,United States,Artesia,,Summer Fancy Food Show 2026,https://www.taokaenoiusa.com/,info@taokaenoiusa.com,562-385-4601,,,"Level 3 — 2259 — Confectionery, Snacks and Sweets Pavilion",https://sff2026.mapyourshow.com/8_0/exhibitor/exhibitor-details.cfm?exhid=211347,,,,,,,,,partial,2
Tari Peruvian Hot Sauce,United States,Miami,,Summer Fancy Food Show 2026,https://tarisauce.us/,,(01)3150800,,,Level 1 — 5146,https://sff2026.mapyourshow.com/8_0/exhibitor/exhibitor-details.cfm?exhid=305854,,,,,,,,,partial,1
Tart LLC,United States,Clarkston,,Summer Fancy Food Show 2026,https://drinktart.com/,,+12487012326,,,Level 1 — 4621A — Startup CPG,https://sff2026.mapyourshow.com/8_0/exhibitor/exhibitor-details.cfm?exhid=344023,,,,,,,,,partial,1
Tartuflanghe Usa Corporation,United States,Jersey City,,Summer Fancy Food Show 2026,https://tartuflanghe.us/,,017-336-1414,,,Level 3 — 2955,https://sff2026.mapyourshow.com/8_0/exhibitor/exhibitor-details.cfm?exhid=301384,,,,,,,,,partial,1
"Taste Department, LLC",United States,Brooklyn,,Summer Fancy Food Show 2026,http://malapop.food,,+13478218853,,,River Pavilion — 7112B — SFA Spark Pavilion,https://sff2026.mapyourshow.com/8_0/exhibitor/exhibitor-details.cfm?exhid=348239,,,,,,,,,partial,1
Tasting India,United States,Chicago,,Summer Fancy Food Show 2026,https://shoptastingindia.com/,info@shoptastingindia.com,3126202979,,https://www.instagram.com/tasting_india,River Pavilion — 7211 — Debut District,https://sff2026.mapyourshow.com/8_0/exhibitor/exhibitor-details.cfm?exhid=303963,,https://www.facebook.com/theamusebouche/events,,,,,,,partial,2
TAT MAKARNACILIK GIDA SAN. VE TIC.A.S,Turkey,Gaziantep,,Summer Fancy Food Show 2026,https://www.tatmakarna.com/,info@tatmakarna.com,(90)3423372840,,https://www.instagram.com/tatmakarna,Level 3 — 1811 — Turkey,https://sff2026.mapyourshow.com/8_0/exhibitor/exhibitor-details.cfm?exhid=109354,,https://www.facebook.com/tatmakarna,,,,,,,partial,2
Tayseer Arar Food Industry Co. LLC,United Arab Emirates,Dubai,,Summer Fancy Food Show 2026,https://tayseerarar.com/,ararco@emirates.net.ae,2192560018,,,Level 3 — 1244,https://sff2026.mapyourshow.com/8_0/exhibitor/exhibitor-details.cfm?exhid=338093,,,,,,,,,partial,2
"TCHO Ventures, Inc.",United States,Berkeley,,Summer Fancy Food Show 2026,https://www.tcho.com,,+18448778246,,,Level 1 — 4511 — Vegpreneur,https://sff2026.mapyourshow.com/8_0/exhibitor/exhibitor-details.cfm?exhid=306656,,,,,,,,,partial,1
TDM USA LLC,United States,MIRAMAR,,Summer Fancy Food Show 2026,https://dmqualityfood.it/,,3335349672,,,Level 3 — 2975,https://sff2026.mapyourshow.com/8_0/exhibitor/exhibitor-details.cfm?exhid=341681,,,,,,,,,partial,1
"Tea Forte, Inc.",United States,Maynard,,Summer Fancy Food Show 2026,http://www.teaforte.com,,978-369-7777,,,Level 1 — 5711 — Beverage Pavilion,https://sff2026.mapyourshow.com/8_0/exhibitor/exhibitor-details.cfm?exhid=29304,,,,,,,,,partial,1
TEDESCO S.R.L.,Italy,Pierantonio,,Summer Fancy Food Show 2026,https://www.orelieteperugia.it,info@orelieteperugia.it,+390755067730,,,Level 3 — 2607 — Italy,https://sff2026.mapyourshow.com/8_0/exhibitor/exhibitor-details.cfm?exhid=316322,,,,,,,,,partial,2
TEKINAK GIDA SANAYI VE TICARET ANONIM SIRKETI,Turkey,CANKIRI,,Summer Fancy Food Show 2026,https://berrakmakarna.com.tr/,,(90) 376-218 13 76,,,Level 3 — 1701 — Turkey,https://sff2026.mapyourshow.com/8_0/exhibitor/exhibitor-details.cfm?exhid=348294,,,,,,,,,partial,1
Tempesta Artisan Salumi,United States,Chicago,,Summer Fancy Food Show 2026,http://www.tempestasalumi.com/,info@ndujaartisans.com,312-550-6991,,,Level 3 — 376 — Deli Pavilion,https://sff2026.mapyourshow.com/8_0/exhibitor/exhibitor-details.cfm?exhid=131006,,,,,,,,,partial,2
"Teraoka Yuuki Jyouzou Co., Ltd.",Japan,Fukuyama-shi,,Summer Fancy Food Show 2026,https://www.teraokake.co.jp/,top_item1@2x.png,+81-84-934-8011,,https://www.instagram.com/teraoka_soy_sauce,Level 3 — 405 — Japan,https://sff2026.mapyourshow.com/8_0/exhibitor/exhibitor-details.cfm?exhid=347882,,https://www.facebook.com/TeraokaSoySauce,,,,,,,partial,2
TERRE DI PUGLIA,Italy,ANDRIA,,Summer Fancy Food Show 2026,https://terredipuglia.it/,info@terredipuglia.it,00390883886040,https://www.linkedin.com/company/terre-di-puglia,https://www.instagram.com/terredipuglia_,Level 3 — 2513 — Italy,https://sff2026.mapyourshow.com/8_0/exhibitor/exhibitor-details.cfm?exhid=317483,,https://www.facebook.com/terredipuglia,,,,,,,partial,2
Texas Tamale/Garcia Foods,United States,Houston,,Summer Fancy Food Show 2026,http://www.texastamale.com,,(713)795-5500,,,Level 1 — 5206,https://sff2026.mapyourshow.com/8_0/exhibitor/exhibitor-details.cfm?exhid=1487,,,,,,,,,partial,1
TF International Corp,United States,Linden,,Summer Fancy Food Show 2026,https://www.tf1320.com,user@domain.com,9082753503,,https://www.instagram.com/tf_international_corp,Level 1 — 5140,https://sff2026.mapyourshow.com/8_0/exhibitor/exhibitor-details.cfm?exhid=319023,,http://www.facebook.com/2008/fbml,,,,,,,partial,2
TGA ENTERPRISES INC,United States,DALLAS,,Summer Fancy Food Show 2026,https://tgaenterprisesinc.wixsite.com/,,+12142400072,,,Level 1 — 5256,https://sff2026.mapyourshow.com/8_0/exhibitor/exhibitor-details.cfm?exhid=347624,,,,,,,,,partial,1
Thai Culinary Arts Studio,United States,Yarmouth,,Summer Fancy Food Show 2026,http://watcharees.com,,800-931-2970,,,Level 1 — 5110,https://sff2026.mapyourshow.com/8_0/exhibitor/exhibitor-details.cfm?exhid=127315,,,,,,,,,partial,1
"THAI LEE ARGRICULTURE CO., LTD.",Thailand,Bangkok	-,,Summer Fancy Food Show 2026,https://www.thailee.com/,export@sunlee.com,6626810131,,,Level 3 — 304 — Thailand,https://sff2026.mapyourshow.com/8_0/exhibitor/exhibitor-details.cfm?exhid=349298,,https://www.facebook.com/thaileeagriculture,,,,,,,partial,2
"THAI YOD THIP CO., LTD.",Thailand,Prachuap Khiri Khan,,Summer Fancy Food Show 2026,https://www.thaiyodthip.co.th,info@thaiyodthip.co.th,081-929-3700,,,Level 3 — 308 — Thailand,https://sff2026.mapyourshow.com/8_0/exhibitor/exhibitor-details.cfm?exhid=349297,,https://www.facebook.com/ThaiYodThip,,,,,,,partial,2
The Angry Italian,United States,Powell,,Summer Fancy Food Show 2026,https://theangryitalianpastasauce.com/,ciao@theangryitalianpastasauce.com,614-214-1471,,,River Pavilion — 7120B — Debut District,https://sff2026.mapyourshow.com/8_0/exhibitor/exhibitor-details.cfm?exhid=337698,,,,,,,,,partial,2
The Bagelverse,United States,Brooklyn,,Summer Fancy Food Show 2026,http://thebagelverse.com,,+19146021099,,,Level 1 — 4609A — Startup CPG,https://sff2026.mapyourshow.com/8_0/exhibitor/exhibitor-details.cfm?exhid=347581,,,,,,,,,partial,1
The Boulder Hot Sauce Company,United States,Boulder,,Summer Fancy Food Show 2026,https://www.boulderhotsauce.com/,,+17203620033,,,Level 1 — 4826B — Naturally Network,https://sff2026.mapyourshow.com/8_0/exhibitor/exhibitor-details.cfm?exhid=347046,,,,,,,,,partial,1
The Casa Market,United States,San Antonio,,Summer Fancy Food Show 2026,http://www.thecasamarket.com/,,210-525-0203,,,Level 3 — 2577,https://sff2026.mapyourshow.com/8_0/exhibitor/exhibitor-details.cfm?exhid=155366,,,,,,,,,partial,1
The Crispery,United States,Portsmouth,,Summer Fancy Food Show 2026,http://www.thecrispery.com,,+17576735234,,,Level 1 — 6237 — Virginia,https://sff2026.mapyourshow.com/8_0/exhibitor/exhibitor-details.cfm?exhid=116301,,,,,,,,,partial,1
"The Entrepreneur Incubator Space, LLC",United States,Long Island City,,Summer Fancy Food Show 2026,http://entrepreneurspace-qedc.com,,212-452-1866,,,River Pavilion — 7019E — Debut District,https://sff2026.mapyourshow.com/8_0/exhibitor/exhibitor-details.cfm?exhid=212871,,,,,,,,,partial,1
The EU Gem Ham: Prosciutto di Carpegna PDO,Italy,Desenzano del Garda,,Summer Fancy Food Show 2026,https://gemham.eu/,,+19082474747,,,Level 3 — 2900 — Italy,https://sff2026.mapyourshow.com/8_0/exhibitor/exhibitor-details.cfm?exhid=337988,,,,,,,,,partial,1
The Farmer Foodie,United States,Scarsdale,,Summer Fancy Food Show 2026,https://thefarmerfoodie.com,,914-260-8361,,,Level 1 — 4815 — Naturally Network,https://sff2026.mapyourshow.com/8_0/exhibitor/exhibitor-details.cfm?exhid=306193,,,,,,,,,partial,1
The Fillo Factory,United States,Northvale,,Summer Fancy Food Show 2026,https://www.fillofactory.com,,773-816-9595,,https://www.instagram.com/17841400355470272,"Level 3 — 2647 — Confectionery, Snacks and Sweets Pavilion",https://sff2026.mapyourshow.com/8_0/exhibitor/exhibitor-details.cfm?exhid=7268,,https://www.facebook.com/fillofactory,,,,,,,partial,1
The Fine Cheese Co.,United Kingdom,"Bath, Somerset",,Summer Fancy Food Show 2026,http://www.finecheese.co.uk/,,2394980600,,,Level 3 — 673 — ACS Pavilion,https://sff2026.mapyourshow.com/8_0/exhibitor/exhibitor-details.cfm?exhid=41566,,,,,,,,,partial,1
The Food Solution,United States,BOCA RATON,,Summer Fancy Food Show 2026,http://www.thefoodsolution.net,info@thefoodsolution.net,347-722-0167,,,Level 3 — 1958,https://sff2026.mapyourshow.com/8_0/exhibitor/exhibitor-details.cfm?exhid=103037,,,,,,,,,partial,2
The General's Hot Sauce,United States,Columbia,,Summer Fancy Food Show 2026,http://www.generalshotsauce.com,,803-845-0745,,,Level 1 — 6013,https://sff2026.mapyourshow.com/8_0/exhibitor/exhibitor-details.cfm?exhid=134027,,,,,,,,,partial,1
The Great Chestnut Experiment,United States,Brooklyn,,Summer Fancy Food Show 2026,https://www.chestnutexperiment.com/,,+19144981616,,,River Pavilion — 7026B — Debut District,https://sff2026.mapyourshow.com/8_0/exhibitor/exhibitor-details.cfm?exhid=347863,,,,,,,,,partial,1
The Hatchery Chicago,United States,Chicago,,Summer Fancy Food Show 2026,https://thehatcherychicago.org/,C22az@thehatcherychicago.org,+13127615302,https://www.linkedin.com/company/icncchicago,https://www.instagram.com/thehatcherychi,River Pavilion — 7008A — Debut District,https://sff2026.mapyourshow.com/8_0/exhibitor/exhibitor-details.cfm?exhid=134635,,https://www.facebook.com/TheHatcheryChi,,,,,,,partial,2
The Invisible Chef,United States,Canton,,Summer Fancy Food Show 2026,http://www.theinvisiblechef.com/,,330-880-5223,,,"Level 3 — 2270 — Confectionery, Snacks and Sweets Pavilion",https://sff2026.mapyourshow.com/8_0/exhibitor/exhibitor-details.cfm?exhid=100020,,,,,,,,,partial,1
The Israel Export & International Cooperation Institute,Israel,Tel Aviv,,Summer Fancy Food Show 2026,https://www.export.gov.il/,,+972 3 514 2826,,,Level 3 — 103A — Israel,https://sff2026.mapyourshow.com/8_0/exhibitor/exhibitor-details.cfm?exhid=4337,,,,,,,,,partial,1
The Kin Dee Company Ltd,Thailand,Mueang Chiang Mai,,Summer Fancy Food Show 2026,http://thekindeeco.com,info@thekindeeco.com,+66882517701,,https://www.instagram.com/kindee_trading,Level 1 — 5746,https://sff2026.mapyourshow.com/8_0/exhibitor/exhibitor-details.cfm?exhid=307295,,https://www.facebook.com/KindeeTrading,,,,,,,partial,2
The Lovely Candy Company,United States,Germantown,,Summer Fancy Food Show 2026,https://lovelycandystore.com/,,+19173347681,,,River Pavilion — 7002A-M — SFA Spark Pavilion,https://sff2026.mapyourshow.com/8_0/exhibitor/exhibitor-details.cfm?exhid=349257,,,,,,,,,partial,1
The Maple Brothers,United States,Stowe,,Summer Fancy Food Show 2026,https://www.themaplebrothers.com/,,+18029997057,,,Level 1 — 4516A — Startup CPG,https://sff2026.mapyourshow.com/8_0/exhibitor/exhibitor-details.cfm?exhid=337691,,,,,,,,,partial,1
The Matzo Project LLC,United States,Brooklyn,,Summer Fancy Food Show 2026,http://matzoproject.com/,,929-276-2896,,,Level 1 — 6134 — Brooklyn,https://sff2026.mapyourshow.com/8_0/exhibitor/exhibitor-details.cfm?exhid=130041,,,,,,,,,partial,1
The Meal Bar,United States,Belmont,,Summer Fancy Food Show 2026,https://www.themealbar.com/,info@themealbar.com,+12489827024,https://www.linkedin.com/company/rethinknutrition,https://www.instagram.com/rethinknutrition_,Level 1 — 6417 — Michigan,https://sff2026.mapyourshow.com/8_0/exhibitor/exhibitor-details.cfm?exhid=347910,,http://www.facebook.com/2008/fbml,,,,,,,partial,2
The Naked Botanical LLC,United States,Mendham,,Summer Fancy Food Show 2026,https://thenakedbotanical.com/,,973-348-9057,,,River Pavilion — 7407 — Good Food Mercantile (Sunday Only),https://sff2026.mapyourshow.com/8_0/exhibitor/exhibitor-details.cfm?exhid=211834,,,,,,,,,partial,1
The Old Cannery Specialties LLC,United States,Larchmont,,Summer Fancy Food Show 2026,https://www.conservasortiz.com,informacion@ortiz.es,718-289-4750,,https://www.instagram.com/conservasortiz,Level 3 — 1345,https://sff2026.mapyourshow.com/8_0/exhibitor/exhibitor-details.cfm?exhid=179592,,https://www.facebook.com/conservasortiz,,,,,,,partial,2
The Protein Water Co.,United States,New York,,Summer Fancy Food Show 2026,https://www.drinkh2pro.com,,+19148300160,,,River Pavilion — 7019A — SFA Spark Pavilion,https://sff2026.mapyourshow.com/8_0/exhibitor/exhibitor-details.cfm?exhid=348786,,,,,,,,,partial,1
"The Purple Drop, LLC",United States,Danbury,,Summer Fancy Food Show 2026,https://www.thepurpledrop.com/,,+112035728335,,,Level 1 — 4206B — Included,https://sff2026.mapyourshow.com/8_0/exhibitor/exhibitor-details.cfm?exhid=343976,,,,,,,,,partial,1
"The Republic of Tea, Inc.",United States,Larkspur,,Summer Fancy Food Show 2026,http://www.republicoftea.com/,,415-382-3400,,,Level 1 — 5507 — Beverage Pavilion,https://sff2026.mapyourshow.com/8_0/exhibitor/exhibitor-details.cfm?exhid=2529,,,,,,,,,partial,1
"The Rob Salamida Co., Inc.",United States,Johnson City,,Summer Fancy Food Show 2026,https://www.salamidas.com/,info@spiedie.com,+16076516525,,https://www.instagram.com/salamidasauce,Level 1 — 6114 — NewYork,https://sff2026.mapyourshow.com/8_0/exhibitor/exhibitor-details.cfm?exhid=347555,,https://www.facebook.com/salamidasauce,,,,,,,partial,2
"The Saucy Ladies, LLC",United States,New York,,Summer Fancy Food Show 2026,http://www.saucyladiesusa.com,,631-771-6921,,,"Level 3 — 2248 — Confectionery, Snacks and Sweets Pavilion",https://sff2026.mapyourshow.com/8_0/exhibitor/exhibitor-details.cfm?exhid=179819,,,,,,,,,partial,1
The Scone Goddess,United States,Northport,,Summer Fancy Food Show 2026,https://www.thesconegoddess.com,,207-323-0249,,,River Pavilion — 7206 — Debut District,https://sff2026.mapyourshow.com/8_0/exhibitor/exhibitor-details.cfm?exhid=331244,,,,,,,,,partial,1
"The Shortbread Shop, LLC",United States,Nashville,,Summer Fancy Food Show 2026,http://www.theshortbreadshop.com,,615-568-7787,,,Level 1 — 5462,https://sff2026.mapyourshow.com/8_0/exhibitor/exhibitor-details.cfm?exhid=178424,,,,,,,,,partial,1
"The Sizzle Sauce, LLC",United States,Tarentum,,Summer Fancy Food Show 2026,https://www.thesizzlesauce.com/,user@domain.com,+17248897257,,https://instagram.com/experiencethesizzle,Level 1 — 6445 — Pennsylvania,https://sff2026.mapyourshow.com/8_0/exhibitor/exhibitor-details.cfm?exhid=348318,,http://www.facebook.com/2008/fbml,,,,,,,partial,2
"The Spice Drops, LLC",United States,Bloomingdale,,Summer Fancy Food Show 2026,https://thespicedrops.com/,,+116306778453,,,River Pavilion — 7010B — Debut District,https://sff2026.mapyourshow.com/8_0/exhibitor/exhibitor-details.cfm?exhid=347486,,,,,,,,,partial,1
The Still Bar,United States,Ann Arbor,,Summer Fancy Food Show 2026,https://thestill.bar/,,7342529345,,,River Pavilion — 7007A — SFA Spark Pavilion,https://sff2026.mapyourshow.com/8_0/exhibitor/exhibitor-details.cfm?exhid=344246,,,,,,,,,partial,1
THE TOUCH ON,United States,chantilly,,Summer Fancy Food Show 2026,https://www.thetouchon.com,,703-531-8349,,https://www.instagram.com/theTouchOn,Level 1 — 5662,https://sff2026.mapyourshow.com/8_0/exhibitor/exhibitor-details.cfm?exhid=318724,,,,,,,,,partial,1
The Ultimate Artichoke,United States,Saint Petersburg,,Summer Fancy Food Show 2026,https://www.theultimateartichoke.com/,info@theultimateartichoke.com,347-915-3643,,https://www.instagram.com/theultimateartichoke,Level 3 — 1554,https://sff2026.mapyourshow.com/8_0/exhibitor/exhibitor-details.cfm?exhid=338389,,https://www.facebook.com/2008/fbml,,,,,,,partial,2
"The Virginia Diner, Inc.",United States,Wakefield,,Summer Fancy Food Show 2026,https://www.vadiner.com,,(757) 899-6213,,,Level 1 — 6210 — SUSTA,https://sff2026.mapyourshow.com/8_0/exhibitor/exhibitor-details.cfm?exhid=8754,,,,,,,,,partial,1
The Warrior Blends,United States,Round Hill,,Summer Fancy Food Show 2026,https://thewarriorblends.com/,,+15712715290,,,Level 1 — 4121,https://sff2026.mapyourshow.com/8_0/exhibitor/exhibitor-details.cfm?exhid=338045,,,,,,,,,partial,1
Theos Longhouse Strong Coffee LLC,United States,Madras,,Summer Fancy Food Show 2026,https://theoscoffee.com/,,5414609852,,,River Pavilion — 7205 — Debut District,https://sff2026.mapyourshow.com/8_0/exhibitor/exhibitor-details.cfm?exhid=342056,,,,,,,,,partial,1
Think Jerky,United States,Austin,,Summer Fancy Food Show 2026,http://thinkjerky.com/,,312-380-0039,,,Level 1 — 5738,https://sff2026.mapyourshow.com/8_0/exhibitor/exhibitor-details.cfm?exhid=130638,,,,,,,,,partial,1
THIO GIDA AS,Turkey,İSTANBUL,,Summer Fancy Food Show 2026,https://www.turkishtastes.org.tr/,info@turkishtastes.org.tr,(90) 538-024 28 84,,https://www.instagram.com/turkishtastesofficial,Level 1 — 4842 — Turkey,https://sff2026.mapyourshow.com/8_0/exhibitor/exhibitor-details.cfm?exhid=348907,,https://www.facebook.com/turkishtastesofficial,,,,,,,partial,2
Thomas Export,France,VILLENEUVE LE ROI,,Summer Fancy Food Show 2026,https://www.thomas-export.fr/,info@thomas-export.fr,+33672968214,https://www.linkedin.com/company/9099206/admin/dashboard,,Level 3 — 822 — France,https://sff2026.mapyourshow.com/8_0/exhibitor/exhibitor-details.cfm?exhid=312638,,https://www.facebook.com/people/Thomas-Export/61561051082781,,,,,,,partial,2
Timbaúba S/A,Brazil,Petrolina,,Summer Fancy Food Show 2026,https://www.timbaubasa.com.br,sac@timbaubasa.com.br,+55 81 98228 9338,https://www.linkedin.com/company/timba%C3%BAba-s-a,https://www.instagram.com/timbaubasa,Level 3 — 104A — Brazil,https://sff2026.mapyourshow.com/8_0/exhibitor/exhibitor-details.cfm?exhid=317636,,https://facebook.com/timbaubasa,,,,,,,partial,2
TIMEBites,South Korea,Gyeongsan,,Summer Fancy Food Show 2026,https://12oclock.kr,official.timebites@gmail.com,+821077888175,,https://instagram.com/official.12oclock,Level 1 — 5173 — Korea,https://sff2026.mapyourshow.com/8_0/exhibitor/exhibitor-details.cfm?exhid=347266,,https://www.facebook.com/tr,,,,,,,partial,1
Tiny Tomato LLC,United States,Westport,,Summer Fancy Food Show 2026,https://eattinytomato.com/,,9143845125,,,Level 1 — 4917A — Naturally Network,https://sff2026.mapyourshow.com/8_0/exhibitor/exhibitor-details.cfm?exhid=343956,,,,,,,,,partial,1
TIRYAKI PERAKENDE GIDA URUNLERI SANAYI VE TICARET ANONIM SIRKETI,Turkey,ISTANBUL,,Summer Fancy Food Show 2026,https://tiryaki.com.tr/,info@tiryaki.com.tr,(90) 530-454 92 71,https://www.linkedin.com/company/tiryaki-agro-foods,https://www.instagram.com/tiryakiagrogida,Level 3 — 1901 — Turkey,https://sff2026.mapyourshow.com/8_0/exhibitor/exhibitor-details.cfm?exhid=348308,,https://www.facebook.com/TiryakiAgroGida,,,,,,,partial,2
TITIN (Extra Virgin Olive Oil),United States,Boston,,Summer Fancy Food Show 2026,https://titinevoo.com/,,+18573131482,,,River Pavilion — 7104A — SFA Spark Pavilion,https://sff2026.mapyourshow.com/8_0/exhibitor/exhibitor-details.cfm?exhid=348159,,,,,,,,,partial,1
TIVOLI Sweets America Inc.,United States,IRVINE,,Summer Fancy Food Show 2026,https://www.tivoli-america.com,,+19495020088,,,"Level 3 — 2740 — Confectionery, Snacks and Sweets Pavilion",https://sff2026.mapyourshow.com/8_0/exhibitor/exhibitor-details.cfm?exhid=318258,,,,,,,,,partial,1
Tnuva USA Inc.,United States,Lincoln Park,,Summer Fancy Food Show 2026,https://tnuvausa.com,info@tnuvausa.com,+19738081691,,https://www.instagram.com/tnuvakosher,Level 1 — 6326 — New Jersey,https://sff2026.mapyourshow.com/8_0/exhibitor/exhibitor-details.cfm?exhid=36368,,https://www.facebook.com/TnuvaUSA,,,,,,,partial,2
Toad-Ally Snax,United States,Lebanon,,Summer Fancy Food Show 2026,https://www.weavernut.com,,7177383781,,,Level 1 — 4421B,https://sff2026.mapyourshow.com/8_0/exhibitor/exhibitor-details.cfm?exhid=330284,,https://www.facebook.com/WeaverNutCompany,,,,,,,partial,1
Toast,United States,Boston,,Summer Fancy Food Show 2026,https://pos.toasttab.com/,,844-862-7843,,,Level 3 — 1036 — Premier Providers,https://sff2026.mapyourshow.com/8_0/exhibitor/exhibitor-details.cfm?exhid=134915,,,,,,,,,partial,1
Tohi Distillery OÜ,Estonia,"Kohila alev, Kohila vald Raplamaa",,Summer Fancy Food Show 2026,https://tohigin.com/,info@tohigin.com,+3725516183,,https://www.instagram.com/tohi_gin,Level 1 — 5279 — Estonia,https://sff2026.mapyourshow.com/8_0/exhibitor/exhibitor-details.cfm?exhid=348558,,https://www.facebook.com/tohidistillery,,,,,,,partial,2
Tomasello Winery Inc.,United States,Hammonton,,Summer Fancy Food Show 2026,https://tomasellowinery.com,wine@tomasellowinery.com,(609)561-0567,,https://www.instagram.com/tomasellowinery,River Pavilion — 7031B — Debut District,https://sff2026.mapyourshow.com/8_0/exhibitor/exhibitor-details.cfm?exhid=132779,,https://www.facebook.com/tomasellowine,,,,,,,partial,2
"Tominaga Boeki Kaisha, ltd.",Japan,Chuo-ku,,Summer Fancy Food Show 2026,https://www.tominaga.co.jp/,,+81-3-6202-3300,,,Level 3 — 421 — Japan,https://sff2026.mapyourshow.com/8_0/exhibitor/exhibitor-details.cfm?exhid=346523,,,,,,,,,partial,1
Tonitto 1939 S.P.A.,Italy,Genova,,Summer Fancy Food Show 2026,https://www.tonitto.com/,info@tonitto.com,+393455888583,https://www.linkedin.com/company/tonitto,https://www.instagram.com/tonitto_1939,Level 1 — 4938B — Italy,https://sff2026.mapyourshow.com/8_0/exhibitor/exhibitor-details.cfm?exhid=341666,,https://www.facebook.com/gelatitonitto,,,,,,,partial,2
Tony's Meats LTD,Canada,Antigonish,,Summer Fancy Food Show 2026,https://www.tonys-meats.com,dan@tonys-meats.com,902 863 1545,,,Level 3 — 370 — Deli Pavilion,https://sff2026.mapyourshow.com/8_0/exhibitor/exhibitor-details.cfm?exhid=347483,,,,,,,,,partial,2
Tootie's Tempeh,United States,Biddeford,,Summer Fancy Food Show 2026,http://www.tootiestempeh.com,info@tootiestempeh.com,207-749-0972,,http://www.instagram.com/tootiestempeh,Level 1 — 4411A — Emerge CPG,https://sff2026.mapyourshow.com/8_0/exhibitor/exhibitor-details.cfm?exhid=335551,,http://www.facebook.com/2008/fbml,,,,,,,partial,2
Tootsi Impex Inc.,Canada,Saint-Laurent,,Summer Fancy Food Show 2026,http://www.tootsi.com,,+15143819790,,,"Level 3 — 2360 — Confectionery, Snacks and Sweets Pavilion",https://sff2026.mapyourshow.com/8_0/exhibitor/exhibitor-details.cfm?exhid=200735,,,,,,,,,partial,1
Top Shelf Nuts LLC,United States,Bridgewater,,Summer Fancy Food Show 2026,https://topshelfnuts.com/,,2012732205,,,River Pavilion — 7003B — SFA Spark Pavilion,https://sff2026.mapyourshow.com/8_0/exhibitor/exhibitor-details.cfm?exhid=344245,,,,,,,,,partial,1
"TOP TRADING CO.,(FAR EAST) LTD.",Japan,Chiyoda-ku,,Summer Fancy Food Show 2026,https://toptrading.co.jp/,,+81-3-5821-1195,,https://www.instagram.com/toptrading_bakery_and_pastry,Level 3 — 425 — Japan,https://sff2026.mapyourshow.com/8_0/exhibitor/exhibitor-details.cfm?exhid=347890,,,,,,,,,partial,1
Topeca Coffee,United States,Tulsa,,Summer Fancy Food Show 2026,https://topecacoffee.com/,,+15736392500,,,Level 1 — 6254 — Oklahoma,https://sff2026.mapyourshow.com/8_0/exhibitor/exhibitor-details.cfm?exhid=347203,,,,,,,,,partial,1
Torr Foodtech,Israel,Yakum,,Summer Fancy Food Show 2026,https://torrfoodtech.com/,,+972545650186,https://www.linkedin.com/company/torr-foodtech,,Level 3 — 107A — Israel,https://sff2026.mapyourshow.com/8_0/exhibitor/exhibitor-details.cfm?exhid=348611,,,,,,,,,partial,1
"Tostini Caffe'USA,Inc.",United States,Little Ferry,,Summer Fancy Food Show 2026,http://www.tostini.us,,201-853-9286,,,Level 3 — 2864,https://sff2026.mapyourshow.com/8_0/exhibitor/exhibitor-details.cfm?exhid=306505,,,,,,,,,partial,1
Total Products Distributors,United States,Brooklyn,,Summer Fancy Food Show 2026,https://www.thecaribbeandepot.com,sales@thecaribbeandepot.com,+17182415840,,,Level 3 — 575 — Deli Pavilion,https://sff2026.mapyourshow.com/8_0/exhibitor/exhibitor-details.cfm?exhid=347878,,https://www.facebook.com/WordPresscom,,,,,,,partial,2
Toufayan Bakery,United States,Ridgefield,,Summer Fancy Food Show 2026,http://www.toufayan.com,info@toufayan.com,(201) 941-2000,,http://instagram.com/toufayan,Level 1 — 5415,https://sff2026.mapyourshow.com/8_0/exhibitor/exhibitor-details.cfm?exhid=113840,,https://www.facebook.com/pages/Toufayan-Bakeries/301961513254867,,,,,,,partial,2
"TOWA kanbutu Co., Ltd.",Japan,Fujieda-shi,,Summer Fancy Food Show 2026,https://towakanbutu.co.jp/,,+81-54-635-2002,,,Level 3 — 420 — Japan,https://sff2026.mapyourshow.com/8_0/exhibitor/exhibitor-details.cfm?exhid=325780,,,,,,,,,partial,1
Trade Development Authority of Pakistan (TDAP),United States,New York,,Summer Fancy Food Show 2026,http://www.pakistanconsulateny.org,,(001-212)8793117,,,Level 1 — 5088 — Pakistan,https://sff2026.mapyourshow.com/8_0/exhibitor/exhibitor-details.cfm?exhid=338746,,,,,,,,,partial,1
TRADE OFFICE OF ECUADOR,United States,New York,,Summer Fancy Food Show 2026,https://www.proecuador.gob.ec,argentina@proecuador.gob.ec,+1 (212) 719 2220,https://www.linkedin.com/company/pro-ecuador,https://www.instagram.com/proecuador,Level 3 — 316A — Ecuador,https://sff2026.mapyourshow.com/8_0/exhibitor/exhibitor-details.cfm?exhid=101558,,https://www.facebook.com/institutoproecuador,,,,,,,partial,2
TRADIZIONE ITALIANA Italian Food Tradition Scarl,Italy,Napoli,,Summer Fancy Food Show 2026,https://www.italianfoodtradition.com/,info@italianfoodtradition.com,+390818269356,https://www.linkedin.com/company/tradizione-italiana-_-italian-food-tradition,,Level 3 — 2604A — Italy,https://sff2026.mapyourshow.com/8_0/exhibitor/exhibitor-details.cfm?exhid=316458,,https://www.facebook.com/TradizioneItaliana.ItalianFoodTradition,,,,,,,partial,2
Treat House,United States,Woodside,,Summer Fancy Food Show 2026,https://treathouse.com/,,2127997779,,,Level 1 — 6249 — North Dakota,https://sff2026.mapyourshow.com/8_0/exhibitor/exhibitor-details.cfm?exhid=179773,,,,,,,,,partial,1
Tree of Life LLC,United States,Boulder,,Summer Fancy Food Show 2026,https://treeoflife.ca/,,+14109803031,https://www.linkedin.com/company/tree-of-life-canada,https://www.instagram.com/treeoflifecan,Level 3 — 2170,https://sff2026.mapyourshow.com/8_0/exhibitor/exhibitor-details.cfm?exhid=7140,,,,,,,,,partial,1
Treeline Coffee Roasters,United States,Bozeman,,Summer Fancy Food Show 2026,https://treelinecoffee.com,,4062247914,,,River Pavilion — 7328 — Good Food Mercantile (Sunday Only),https://sff2026.mapyourshow.com/8_0/exhibitor/exhibitor-details.cfm?exhid=347423,,,,,,,,,partial,1
Tri Union Seafoods LLC,United States,Pittsburgh,,Summer Fancy Food Show 2026,https://www.genovaseafood.com/,,+12029992799,,https://www.instagram.com/genova_seafood,Level 1 — 5655,https://sff2026.mapyourshow.com/8_0/exhibitor/exhibitor-details.cfm?exhid=338707,,https://www.facebook.com/GenovaSeafood,,,,,,,partial,1
Trimona Foods,United States,Port Jefferson,,Summer Fancy Food Show 2026,https://www.trimonafoods.com,,+16316626163,,,Level 3 — 372 — Deli Pavilion,https://sff2026.mapyourshow.com/8_0/exhibitor/exhibitor-details.cfm?exhid=333036,,,,,,,,,partial,1
Trio Bakery Inc,Canada,Mississauga,,Summer Fancy Food Show 2026,https://www.triobakery.ca/,info@triobakery.ca,(416) 782-0306,,,Level 1 — 5063 — Canada,https://sff2026.mapyourshow.com/8_0/exhibitor/exhibitor-details.cfm?exhid=344065,,,,,,,,,partial,2
Tropical Green Organics LLC,United States,Sterling,,Summer Fancy Food Show 2026,https://www.tropicalgreenorganics.com,info@tropicalgreenorganics.com,+17039570205,,,Level 1 — 6236 — Virginia,https://sff2026.mapyourshow.com/8_0/exhibitor/exhibitor-details.cfm?exhid=124275,,https://www.facebook.com/tropicalgreenorganics,,,,,,,partial,2
TruCrumb,United States,Austin,,Summer Fancy Food Show 2026,https://trucrumb.com/,,+12014067357,,,Level 1 — 4921A — Naturally Network,https://sff2026.mapyourshow.com/8_0/exhibitor/exhibitor-details.cfm?exhid=338127,,,,,,,,,partial,1
True Ceylonese LLC,United States,Lyndhurst,,Summer Fancy Food Show 2026,https://www.trueceylonese.com,rushdhun@trueceylonese.com,+19292168104,,,Level 1 — 3425,https://sff2026.mapyourshow.com/8_0/exhibitor/exhibitor-details.cfm?exhid=336676,,,,,,,,,partial,2
True Honey Teas,United States,Lorton,,Summer Fancy Food Show 2026,http://truehoneyteas.com,,703-495-4142,,,Level 1 — 5727 — Beverage Pavilion,https://sff2026.mapyourshow.com/8_0/exhibitor/exhibitor-details.cfm?exhid=305328,,,,,,,,,partial,1
True Levant Foods LLC,United States,St. Petersburg,,Summer Fancy Food Show 2026,https://www.truelevantfoods.com/,,+16026427674,,,Level 1 — 4111,https://sff2026.mapyourshow.com/8_0/exhibitor/exhibitor-details.cfm?exhid=341986,,,,,,,,,partial,1
True North Granola,United States,Brattleboro,,Summer Fancy Food Show 2026,https://www.truenorthgranola.com,,802-254-5806,,https://www.instagram.com/truenorthgranola,Level 1 — 6335A — Vermont,https://sff2026.mapyourshow.com/8_0/exhibitor/exhibitor-details.cfm?exhid=268991,,https://www.facebook.com/truenorthgranola,,,,,,,partial,1
TrufflEat,Italy,Riano,,Summer Fancy Food Show 2026,https://truffleat.it/,,+39 3515111273,,,Level 3 — 3030 — Italy,https://sff2026.mapyourshow.com/8_0/exhibitor/exhibitor-details.cfm?exhid=320907,,,,,,,,,partial,1
TRUFFUS,France,MONTAUBAN,,Summer Fancy Food Show 2026,https://www.truffeshenras.com,,+33 6 70 43 16 70,,,Level 3 — 832A — France,https://sff2026.mapyourshow.com/8_0/exhibitor/exhibitor-details.cfm?exhid=316347,,,,,,,,,partial,1
"TSAN YU YEN FOOD CO., LTD","Taiwan, Province of China","Dajia Dist., Taichung City",,Summer Fancy Food Show 2026,https://www.homebake.com.tw/,service@homebake.com.tw,+886426820613,,,Level 1 — 5543,https://sff2026.mapyourshow.com/8_0/exhibitor/exhibitor-details.cfm?exhid=343541,,https://www.facebook.com/plugins/page.php,,,,,,,partial,2
Tsar Nicoulai,United States,Concord,,Summer Fancy Food Show 2026,http://www.tsarnicoulai.com/,,+19253494000,,,Level 1 — 5329,https://sff2026.mapyourshow.com/8_0/exhibitor/exhibitor-details.cfm?exhid=31036,,,,,,,,,partial,1
Tuff Pops,United States,Provo,,Summer Fancy Food Show 2026,https://tuffpops.com/,,+18183847484,,,River Pavilion — 7018B — Debut District,https://sff2026.mapyourshow.com/8_0/exhibitor/exhibitor-details.cfm?exhid=347366,,,,,,,,,partial,1
Tuffy Stone BBQ Provisions,United States,Henrico,,Summer Fancy Food Show 2026,https://tuffystone.com/,,+18044261241,,,Level 3 — 2874,https://sff2026.mapyourshow.com/8_0/exhibitor/exhibitor-details.cfm?exhid=347683,,,,,,,,,partial,1
TULIP INTERNATIONAL INC.,South Korea,Yecheon-gun,,Summer Fancy Food Show 2026,https://www.tulipint.com/,info@tulipint.com,010-3686-9247,,https://www.instagram.com/t_best2580,Level 1 — 5620 — Beverage Pavilion,https://sff2026.mapyourshow.com/8_0/exhibitor/exhibitor-details.cfm?exhid=35611,,http://www.facebook.com/wix,,,,,,,partial,2
"Tulip Tree Creamery, LLC",United States,Indianapolis,,Summer Fancy Food Show 2026,https://www.tuliptreecreamery.com/,,317-399-8086 2,,,Level 1 — 6350 — Indiana,https://sff2026.mapyourshow.com/8_0/exhibitor/exhibitor-details.cfm?exhid=338204,,,,,,,,,partial,1
Turchetti's Meats,United States,Indianapolis,,Summer Fancy Food Show 2026,https://www.turchettis.com/,,+114632194975,,,Level 3 — 555 — Deli Pavilion,https://sff2026.mapyourshow.com/8_0/exhibitor/exhibitor-details.cfm?exhid=338629,,,,,,,,,partial,1
Turen Stone Corp,United States,Charlotte,,Summer Fancy Food Show 2026,http://turenstone.com/,info@turenstone.com,203-274-0770,,,Level 3 — 2845,https://sff2026.mapyourshow.com/8_0/exhibitor/exhibitor-details.cfm?exhid=301074,,,,,,,,,partial,2
Turkish Food Exporters,Turkey,Gaziantep,,Summer Fancy Food Show 2026,https://www.tgi.org.tr/,,+1903422110500,https://www.linkedin.com/company/turkiyegidaihracatcilari,https://www.instagram.com/tgi_sk,Level 1 — 4835 — Turkey,https://sff2026.mapyourshow.com/8_0/exhibitor/exhibitor-details.cfm?exhid=342112,,,,,,,,,partial,1
Tutor Intelligence Inc,United States,Watertown,,Summer Fancy Food Show 2026,https://tutorintelligence.com/,,+19788184360,https://www.linkedin.com/company/tutorintelligence,,Level 3 — 681,https://sff2026.mapyourshow.com/8_0/exhibitor/exhibitor-details.cfm?exhid=344320,,https://www.facebook.com/tr,,,,,,,partial,1
TUTOSNACK S.A.,Ecuador,Quito,,Summer Fancy Food Show 2026,https://www.tutosnack.com/,exportaciones@tutosnack.com,593997474611,https://www.linkedin.com/company/tutosnack-sa,https://www.instagram.com/chiflarsnacks,Level 3 — 322B — Ecuador,https://sff2026.mapyourshow.com/8_0/exhibitor/exhibitor-details.cfm?exhid=348911,,https://www.facebook.com/chiflarsnacks,,,,,,,partial,2
Tuyyo Foods,United States,Chicago,,Summer Fancy Food Show 2026,https://tuyyofoods.com/,,3127180577,,,River Pavilion — 7014A — Debut District,https://sff2026.mapyourshow.com/8_0/exhibitor/exhibitor-details.cfm?exhid=347648,,,,,,,,,partial,1
"Twinings North America, Inc.",United States,Rutherford,,Summer Fancy Food Show 2026,http://www.twiningsusa.com,,(551) 301-5884,,,Level 1 — 5634,https://sff2026.mapyourshow.com/8_0/exhibitor/exhibitor-details.cfm?exhid=1142,,,,,,,,,partial,1
Two River Gourmet Mushrooms LLC,United States,Millstone,,Summer Fancy Food Show 2026,https://www.tworivermushroom.com/,,732-216-1859,,,Level 1 — 3606,https://sff2026.mapyourshow.com/8_0/exhibitor/exhibitor-details.cfm?exhid=314280,,,,,,,,,partial,1
"Two Rivers Coffee, LLC",United States,South Plainfield,,Summer Fancy Food Show 2026,https://tworiversco.com,help@i03.b94.myftpupload.com,(908) 205-0018,,,Level 1 — 5513 — Beverage Pavilion,https://sff2026.mapyourshow.com/8_0/exhibitor/exhibitor-details.cfm?exhid=112479,,,,,,,,,partial,2
Two Ugly Mugs Gourmet Salsa,United States,Pittsburgh,,Summer Fancy Food Show 2026,https://twouglymugs.com/,,412-848-3118,,,Level 1 — 6447 — Pennsylvania,https://sff2026.mapyourshow.com/8_0/exhibitor/exhibitor-details.cfm?exhid=335398,,,,,,,,,partial,1
UCS Group- Unit Cold Storage,United States,Short Hills,,Summer Fancy Food Show 2026,https://unitcold.com/,info@unitcold.com,973-440-2585,,,Level 3 — 2483,https://sff2026.mapyourshow.com/8_0/exhibitor/exhibitor-details.cfm?exhid=341306,,,,,,,,,partial,2
UGS URLA GIDA (UGS OLIVES),Turkey,İZMİR,,Summer Fancy Food Show 2026,https://www.ugsolives.com/,info@ugsolives.com,(90) 232-799 00 85,,,Level 3 — 1800 — Turkey,https://sff2026.mapyourshow.com/8_0/exhibitor/exhibitor-details.cfm?exhid=117882,,,,,,,,,partial,2
ukka Inc.,Japan,Shibuya-ku,,Summer Fancy Food Show 2026,https://corp.ukka.green/,,+817014620584,,,Level 3 — 419 — Japan,https://sff2026.mapyourshow.com/8_0/exhibitor/exhibitor-details.cfm?exhid=323644,,,,,,,,,partial,1
Umami Insider,United States,New York,,Summer Fancy Food Show 2026,https://umami-insider.com/,,+13479758450,,,Level 1 — 5810 — Beverage Pavilion,https://sff2026.mapyourshow.com/8_0/exhibitor/exhibitor-details.cfm?exhid=301513,,,,,,,,,partial,1
Umikah,United States,Yonkers,,Summer Fancy Food Show 2026,http://www.umikah.com,,9178042418,,,River Pavilion — 7030B — Debut District,https://sff2026.mapyourshow.com/8_0/exhibitor/exhibitor-details.cfm?exhid=190356,,,,,,,,,partial,1
Uncle Eddie's Touch of Sauce LLC,United States,South Amboy,,Summer Fancy Food Show 2026,https://touchofsaucebbq.com/,impallari@gmail.com,+19175960878,,https://www.instagram.com/Touchofsaucebbq,River Pavilion — 7033A — Debut District,https://sff2026.mapyourshow.com/8_0/exhibitor/exhibitor-details.cfm?exhid=347393,,https://www.facebook.com/TouchofSauceBBQ,,,,,,,partial,1
Uncle Matt's Organic,United States,Clermont,,Summer Fancy Food Show 2026,https://www.unclematts.com,social@unclematts.com,+13523948737,,https://www.instagram.com/unclemattsorganic,Level 1 — 5816,https://sff2026.mapyourshow.com/8_0/exhibitor/exhibitor-details.cfm?exhid=343868,,https://www.facebook.com/tr,,,,,,,partial,2
UNDA LTD,Latvia,Engure,,Summer Fancy Food Show 2026,https://www.diplomats.fish/,info@unda.lv,+37163181117,https://www.linkedin.com/company/unda-sia,https://www.instagram.com/diplomats.fish,Level 1 — 5921,https://sff2026.mapyourshow.com/8_0/exhibitor/exhibitor-details.cfm?exhid=345124,,https://www.facebook.com/unda.latvia,,,,,,,partial,2
UNIBRANDS ITALIA srl,Italy,ALTAMURA,,Summer Fancy Food Show 2026,https://www.novoforno.com,,00390802143048,,,Level 3 — 2508A — Italy,https://sff2026.mapyourshow.com/8_0/exhibitor/exhibitor-details.cfm?exhid=341655,,,,,,,,,partial,1
"UNIONE CO., LTD.",South Korea,GYEONGGI-DO,,Summer Fancy Food Show 2026,https://unionekr.com/,,+82 010-8336-2872,,,Level 3 — 615 — Korea,https://sff2026.mapyourshow.com/8_0/exhibitor/exhibitor-details.cfm?exhid=348390,,,,,,,,,partial,1
United for Concentrates Industry,Egypt,Cairo,,Summer Fancy Food Show 2026,http://www.ufieg.com,info@ufieg.com,+201227270697,,https://www.instagram.com/rosso.egy,Level 3 — 305 — Egypt,https://sff2026.mapyourshow.com/8_0/exhibitor/exhibitor-details.cfm?exhid=348430,,https://www.facebook.com/rossoegy,,,,,,,partial,2
United Olive Oil Import Corp,United States,New York,,Summer Fancy Food Show 2026,http://www.unitedoliveoil.com/,info@unitedoliveoil.com,212-346-0942,,https://www.instagram.com/partannafoods,Level 3 — 2664,https://sff2026.mapyourshow.com/8_0/exhibitor/exhibitor-details.cfm?exhid=101496,,https://www.facebook.com/UnitedOliveOil,,,,,,,partial,2
United Snacks LLC.,United States,Pine Brook,,Summer Fancy Food Show 2026,https://matefruitbar.com/,,8456334148,,,Level 1 — 4620,https://sff2026.mapyourshow.com/8_0/exhibitor/exhibitor-details.cfm?exhid=335935,,,,,,,,,partial,1
Universal industries company (Zalloum Group),Jordan,Amman,,Summer Fancy Food Show 2026,https://www.zalloumgroup.com/,,+962 7 9555 4927,,,Level 3 — 1527 — Jordan,https://sff2026.mapyourshow.com/8_0/exhibitor/exhibitor-details.cfm?exhid=343085,,,,,,,,,partial,1
UNIVERSAL MARKETING SRL,Italy,Roma,,Summer Fancy Food Show 2026,https://www.universalmarketing.it/,universal@universalmarketing.it,39 0 640802404,,,Level 3 — 2400 — Italy,https://sff2026.mapyourshow.com/8_0/exhibitor/exhibitor-details.cfm?exhid=131012,,,,,,,,,partial,2
Universal Yums,United States,Roseland,,Summer Fancy Food Show 2026,https://www.universalyums.com,support@universalyums.com,9732877393,,https://instagram.com/universalyums,Level 3 — 3074,https://sff2026.mapyourshow.com/8_0/exhibitor/exhibitor-details.cfm?exhid=310641,,https://www.facebook.com/tr,,,,,,,partial,2
University of Gastronomic Sciences of Pollenzo,Italy,Pollenzo,,Summer Fancy Food Show 2026,https://www.unisg.it,info@unisg.it,39 3389476328,,https://instagram.com/unisg_official,Level 3 — 3320B — Italy,https://sff2026.mapyourshow.com/8_0/exhibitor/exhibitor-details.cfm?exhid=335579,,https://www.facebook.com/UNISG.University.of.Gastronomic.Sciences,,,,,,,partial,2
UNO GROUP GIDA INS. SANAYI VE TIC. LTD STI,Turkey,İSTANBUL,,Summer Fancy Food Show 2026,http://www.sekerdunyasi.com.tr/,info@sekerdunyasi.com.tr,https://wa.me/905412764324,,,Level 1 — 4859 — Turkey,https://sff2026.mapyourshow.com/8_0/exhibitor/exhibitor-details.cfm?exhid=342109,,,,,,,,,partial,2
Unrefined Foods Company,United States,Amesbury,,Summer Fancy Food Show 2026,https://unrefinedfoods.com/,,+15089654875,,,Level 1 — 4917B — Naturally Network,https://sff2026.mapyourshow.com/8_0/exhibitor/exhibitor-details.cfm?exhid=347921,,,,,,,,,partial,1
UPSTATE STOCK,United States,Brooklyn,,Summer Fancy Food Show 2026,https://www.upstatestock.com,,+113473303002,,,Level 1 — 5626 — Beverage Pavilion,https://sff2026.mapyourshow.com/8_0/exhibitor/exhibitor-details.cfm?exhid=346609,,,,,,,,,partial,1
Urbani Tartufi S.R.L.,United States,New York,,Summer Fancy Food Show 2026,http://www.urbani.com,,+12122478800,,,Level 3 — 2964,https://sff2026.mapyourshow.com/8_0/exhibitor/exhibitor-details.cfm?exhid=105453,,,,,,,,,partial,1
Urfarm Süt ve Süt Ürünleri Gıda Sanayi ve Ticaret Limited Şirketi,Turkey,Sanliurfa,,Summer Fancy Food Show 2026,https://urfarm.com.tr/,,https://wa.me/905303270292,https://www.linkedin.com/company/urfarm-sut-ve-sut-urunleri,https://www.instagram.com/urfarmonline,Level 3 — 449 — Deli Pavilion,https://sff2026.mapyourshow.com/8_0/exhibitor/exhibitor-details.cfm?exhid=344181,,https://www.facebook.com/tr,,,,,,,partial,1
"US Durum Products, LTD",United States,Lancaster,,Summer Fancy Food Show 2026,http://usdurum.com,,717-293-8698,,,Level 3 — 2956,https://sff2026.mapyourshow.com/8_0/exhibitor/exhibitor-details.cfm?exhid=134429,,,,,,,,,partial,1
Usibras,Brazil,Aquiraz,,Summer Fancy Food Show 2026,https://usibras.com,sac@dunorte.com,+55 85 4006.8900,https://www.linkedin.com/company/usibras,https://www.instagram.com/usibrasalimentos,Level 3 — 233B — Brazil,https://sff2026.mapyourshow.com/8_0/exhibitor/exhibitor-details.cfm?exhid=317177,,,,,,,,,partial,2
V & F S.A.C.,Peru,LAMBAYEQUE,,Summer Fancy Food Show 2026,https://www.vfsac.com/,,7875039133,,,Level 1 — 5377 — Peru,https://sff2026.mapyourshow.com/8_0/exhibitor/exhibitor-details.cfm?exhid=335921,,,,,,,,,partial,1
Vadilal Industries USA Inc.,United States,Bristol,,Summer Fancy Food Show 2026,https://www.vadilalworld.com/,,973-931-4124,,,Level 1 — 5654,https://sff2026.mapyourshow.com/8_0/exhibitor/exhibitor-details.cfm?exhid=318988,,,,,,,,,partial,1
Valentino USA Inc.,United States,Little Falls,,Summer Fancy Food Show 2026,http://www.valentino-usa.com,,732-203-1717,,,Level 3 — 3154,https://sff2026.mapyourshow.com/8_0/exhibitor/exhibitor-details.cfm?exhid=104091,,,,,,,,,partial,1
VALGOSA,Spain,Hospitalet de Llobregat,,Summer Fancy Food Show 2026,http://www.valgosa.com,info@valgosa.com,932120422,,,Level 3 — 2206 — Spain,https://sff2026.mapyourshow.com/8_0/exhibitor/exhibitor-details.cfm?exhid=348671,,,,,,,,,partial,2
Valley Malt LLC,United States,Holyoke,,Summer Fancy Food Show 2026,https://coastalqueenmilling.com/,,+16175196950,,https://www.instagram.com/coastalqueenmilling,River Pavilion — 7427 — Good Food Mercantile (Sunday Only),https://sff2026.mapyourshow.com/8_0/exhibitor/exhibitor-details.cfm?exhid=347626,,https://www.facebook.com/valleymalt,,,,,,,partial,1
valley shepherd LLC,United States,Long Valley,,Summer Fancy Food Show 2026,http://www.simplysheep.com,info@simplysheep.com,+19088763200,,https://www.instagram.com/simplysheepyog,Level 3 — 950,https://sff2026.mapyourshow.com/8_0/exhibitor/exhibitor-details.cfm?exhid=157218,,,,,,,,,partial,2
Valrhona Selection,United States,Brooklyn,,Summer Fancy Food Show 2026,https://www.valrhona.us/,info-us@valrhona.com,3478313867,https://www.linkedin.com/company/valrhona,https://www.instagram.com/valrhonausa,Level 3 — 727 — France,https://sff2026.mapyourshow.com/8_0/exhibitor/exhibitor-details.cfm?exhid=10810,,https://www.facebook.com/ValrhonaUSA,,,,,,,partial,2
Vamvalis Foods Sa,Greece,Thessaloniki,,Summer Fancy Food Show 2026,https://www.vamvalifoods.com,,0302310755246,,,Level 3 — 2119 — Greece,https://sff2026.mapyourshow.com/8_0/exhibitor/exhibitor-details.cfm?exhid=317190,,,,,,,,,partial,1
Vando Naturals,United States,Brooklyn,,Summer Fancy Food Show 2026,https://www.vandonaturals.com/,info@vandonaturals.com,7189757510,https://www.linkedin.com/company/vandonaturals,,Level 3 — 869,https://sff2026.mapyourshow.com/8_0/exhibitor/exhibitor-details.cfm?exhid=301293,,https://www.facebook.com/vandonaturals,,,,,,,partial,2
VANILLA MOLINA,Mexico,Zapopan,,Summer Fancy Food Show 2026,https://molinavanilla.com/,,+12816641195,,https://instagram.com/molinavanilla,Level 3 — 2477,https://sff2026.mapyourshow.com/8_0/exhibitor/exhibitor-details.cfm?exhid=341553,,https://www.facebook.com/VainillaMolinaUSA,,,,,,,partial,1
Varah Gourmet,United States,San Ramon,,Summer Fancy Food Show 2026,https://varahgourmet.com,,+16504438789,,,Level 1 — 4214 — The Jazba Collective,https://sff2026.mapyourshow.com/8_0/exhibitor/exhibitor-details.cfm?exhid=341168,,,,,,,,,partial,1
"Vasco International Co., Ltd.",Japan,Shinagawa-ku,,Summer Fancy Food Show 2026,https://vasco-international.co.jp,info@vasco-international.co.jp,+81-3-5904-8934,,,Level 3 — 432 — Japan,https://sff2026.mapyourshow.com/8_0/exhibitor/exhibitor-details.cfm?exhid=347891,,https://www.facebook.com/vascointernational,,,,,,,partial,2
veggie express import,United States,Phoenix,,Summer Fancy Food Show 2026,https://www.veggieexpressusa.com/,user@domain.com,+16269913555,,http://instagram.com/squarespace,Level 3 — 171,https://sff2026.mapyourshow.com/8_0/exhibitor/exhibitor-details.cfm?exhid=347991,,http://www.facebook.com/2008/fbml,,,,,,,partial,2
VEGPRENEUR,United States,New York,,Summer Fancy Food Show 2026,https://www.vegpreneur.org,hello@vegpreneur.org,9149537666,,https://instagram.com/vegpreneur,Level 1 — 4406A — Vegpreneur,https://sff2026.mapyourshow.com/8_0/exhibitor/exhibitor-details.cfm?exhid=308004,,http://www.facebook.com/2008/fbml,,,,,,,partial,2
Venchi Italia 1878,Italy,Milano,,Summer Fancy Food Show 2026,http://www.venchi.com/,,+16469457938,,,Level 1 — 5033 — Italy,https://sff2026.mapyourshow.com/8_0/exhibitor/exhibitor-details.cfm?exhid=130948,,,,,,,,,partial,1
Venus Brands,United States,Hingham,,Summer Fancy Food Show 2026,https://www.venuswafers.com/,,(781) 740-1002,,https://www.instagram.com/venuswafers,Level 3 — 1760,https://sff2026.mapyourshow.com/8_0/exhibitor/exhibitor-details.cfm?exhid=1445,,https://www.facebook.com/VenusWafers,,,,,,,partial,1
Verde Esmeralda Inc,United States,Acton,,Summer Fancy Food Show 2026,https://www.verdesmeraldaolive.com/,,7246480767,https://www.linkedin.com/company/verdeesmeraldaolive,https://www.instagram.com/verdesmeraldaolive,Level 3 — 1454,https://sff2026.mapyourshow.com/8_0/exhibitor/exhibitor-details.cfm?exhid=308242,,https://www.facebook.com/verdesmeraldaolive,,,,,,,partial,1
Verde Yag Besin Mad. San. Ve Tic.A.S.,Turkey,İZMİR,,Summer Fancy Food Show 2026,https://www.olioverde.com.tr/,,+90 232 8662810,,https://www.instagram.com/verdezeytinyagi,Level 3 — 1813 — Turkey,https://sff2026.mapyourshow.com/8_0/exhibitor/exhibitor-details.cfm?exhid=317506,,https://www.facebook.com/verdezeytinyagi,,,,,,,partial,1
Vergani Secondo SpA,Italy,Cremona,,Summer Fancy Food Show 2026,https://www.vergani.it,,00390372434331,,https://www.instagram.com/verganispa,Level 3 — 3223 — Italy,https://sff2026.mapyourshow.com/8_0/exhibitor/exhibitor-details.cfm?exhid=316302,,https://www.facebook.com/pages/Vergani-dolci-per-tradizione/193968194026735,,,,,,,partial,1
Veritiv,United States,Buena Park,,Summer Fancy Food Show 2026,https://food.veritiv.com/,eBusinessSupport@veritivcorp.com,1 925 290 5494,https://www.linkedin.com/company/orora-packaging-solutions,,Level 1 — 6269,https://sff2026.mapyourshow.com/8_0/exhibitor/exhibitor-details.cfm?exhid=32643,,https://www.facebook.com/Veritiv,,,,,,,partial,2
Vermont Cheeseless,United States,NEW HAVEN,,Summer Fancy Food Show 2026,https://vermontcheeseless.com/,,+18022723829,,,River Pavilion — 7109A — Debut District,https://sff2026.mapyourshow.com/8_0/exhibitor/exhibitor-details.cfm?exhid=347861,,,,,,,,,partial,1
Vermont Creamery,United States,Websterville,,Summer Fancy Food Show 2026,http://www.vermontcreamery.com,,802-479-9371,,,Level 3 — 765 — ACS Pavilion,https://sff2026.mapyourshow.com/8_0/exhibitor/exhibitor-details.cfm?exhid=1676,,,,,,,,,partial,1
Vermont Farmstead Cheese Co.,United States,S Woodstock,,Summer Fancy Food Show 2026,http://www.vermontfarmstead.com,,802-457-9992,,,Level 3 — 666 — ACS Pavilion,https://sff2026.mapyourshow.com/8_0/exhibitor/exhibitor-details.cfm?exhid=107228,,,,,,,,,partial,1
"Vermont Nut Free Chocolate Company, Inc.",United States,Colchester,,Summer Fancy Food Show 2026,http://www.vermontnutfree.com/,,802-891-9856,,,Level 1 — 6333 — Vermont,https://sff2026.mapyourshow.com/8_0/exhibitor/exhibitor-details.cfm?exhid=105889,,,,,,,,,partial,1
Veroni Spa,Italy,Correggio,,Summer Fancy Food Show 2026,https://www.veroni.it,info@veroni.it,+390522635399,,https://www.instagram.com/veroni_salumi,Level 3 — 2812 — Italy,https://sff2026.mapyourshow.com/8_0/exhibitor/exhibitor-details.cfm?exhid=314764,,https://www.facebook.com/tr,,,,,,,partial,2
Via Oliveto Bakery,Canada,Barrie,,Summer Fancy Food Show 2026,http://flatbreads.ca,,(416) 889-8411,,,Level 1 — 5159 — Canada,https://sff2026.mapyourshow.com/8_0/exhibitor/exhibitor-details.cfm?exhid=318448,,,,,,,,,partial,1
Vicenzi USA Inc.,United States,Boca Raton,,Summer Fancy Food Show 2026,https://www.matildevicenzi.com,,+13058083995,https://www.linkedin.com/company/582412,https://www.instagram.com/matildevicenzi_global,Level 3 — 3150,https://sff2026.mapyourshow.com/8_0/exhibitor/exhibitor-details.cfm?exhid=168078,,https://www.facebook.com/tr,,,,,,,partial,1
"Viet International Co., Ltd.",Vietnam,Ho Chi MInh,,Summer Fancy Food Show 2026,https://www.viet-intl.com/,info@viet-intl.com,0084913728864,,,Level 1 — 5719 — Beverage Pavilion,https://sff2026.mapyourshow.com/8_0/exhibitor/exhibitor-details.cfm?exhid=302708,,https://www.facebook.com/vietintl,,,,,,,partial,2
Vifon USA,United States,Seattle,,Summer Fancy Food Show 2026,https://www.vifonusa.com/,info@vifonusa.com,+18722961680,,https://www.instagram.com/usa.vifon,Level 1 — 4908,https://sff2026.mapyourshow.com/8_0/exhibitor/exhibitor-details.cfm?exhid=301399,,https://www.facebook.com/usavifon,,,,,,,partial,2
Village Gourmet,United States,New York,,Summer Fancy Food Show 2026,https://www.village-gourmet.com/,hello@village-gourmet.com,212-219-1230,https://www.linkedin.com/company/village-gourmet,,Level 3 — 564 — Deli Pavilion,https://sff2026.mapyourshow.com/8_0/exhibitor/exhibitor-details.cfm?exhid=1188,,http://www.facebook.com/2008/fbml,,,,,,,partial,2
Villakuyaya Chocolate,United States,Bardonia,,Summer Fancy Food Show 2026,https://www.villakuyaya.com/,sales@villakuyaya.com,+19735706802,,https://www.instagram.com/villakuyayachocolate,River Pavilion — 7104B — SFA Spark Pavilion,https://sff2026.mapyourshow.com/8_0/exhibitor/exhibitor-details.cfm?exhid=348012,,http://www.facebook.com/2008/fbml,,,,,,,partial,2
VINUT USA LLC,United States,New York,,Summer Fancy Food Show 2026,https://vinutusa.com/,info@vinut.com.vn,https://api.whatsapp.com/send?text=https%3A%2F%2Fvinutusa.com%2F,https://www.linkedin.com/company/vinutusallc,https://www.instagram.com/vinutusa.llc,Level 1 — 4913,https://sff2026.mapyourshow.com/8_0/exhibitor/exhibitor-details.cfm?exhid=347408,,https://www.facebook.com/VINUTUSALLC,,,,,,,partial,2
VIPColor Technologies,United States,Milpitas,,Summer Fancy Food Show 2026,https://vipcolor.com/,shadow@2x.png,+14087154080,https://www.linkedin.com/company/vipcolor-technologies,https://www.instagram.com/vipcolortechnologies,Level 1 — 6008,https://sff2026.mapyourshow.com/8_0/exhibitor/exhibitor-details.cfm?exhid=102950,,https://www.facebook.com/VIPColorTechnologies,,,,,,,partial,2
Viru Frozen,Peru,Viru,,Summer Fancy Food Show 2026,https://www.virugroup.com,,+51 (044) 48404,,,Level 3 — 1874,https://sff2026.mapyourshow.com/8_0/exhibitor/exhibitor-details.cfm?exhid=301165,,,,,,,,,partial,1
Visser Kaashandel BV,Netherlands,Huizen,,Summer Fancy Food Show 2026,https://visser-kaas.nl/,info@visser-kaas.nl,+31641702458,,,Level 3 — 381 — Deli Pavilion,https://sff2026.mapyourshow.com/8_0/exhibitor/exhibitor-details.cfm?exhid=322305,,,,,,,,,partial,2
VITTA FRESH,Brazil,Jambeiro,,Summer Fancy Food Show 2026,https://www.vittafresh.com.br,,+55 11 93275-2014,https://www.linkedin.com/company/vitta-fresh-br,https://www.instagram.com/vittafreshbr,Level 3 — 110B — Brazil,https://sff2026.mapyourshow.com/8_0/exhibitor/exhibitor-details.cfm?exhid=347964,,https://www.facebook.com/vittafreshbr,,,,,,,partial,1
Vivien Paille,France,Valenciennes,,Summer Fancy Food Show 2026,https://www.vivienpaille.com/,,+117735249068,https://www.linkedin.com/company/yumeals-france/posts,https://www.instagram.com/vivienpaille,Level 1 — 5122,https://sff2026.mapyourshow.com/8_0/exhibitor/exhibitor-details.cfm?exhid=343743,,https://www.facebook.com/vivienpailleofficiel,,,,,,,partial,1
"Vori, Inc.",United States,San Francisco,,Summer Fancy Food Show 2026,https://www.vori.com,,7079435766,https://www.linkedin.com/company/vori,https://www.instagram.com/vorihq,Level 3 — 1480,https://sff2026.mapyourshow.com/8_0/exhibitor/exhibitor-details.cfm?exhid=328809,,https://www.facebook.com/vorihq,,,,,,,partial,1
VULCANO FOOD GOURMET SRL,Italy,Napoli,,Summer Fancy Food Show 2026,https://www.apizza.it/,info@apizza.it,00390818666685,,https://www.instagram.com/apizzanapoli,Level 3 — 3315 — Italy,https://sff2026.mapyourshow.com/8_0/exhibitor/exhibitor-details.cfm?exhid=341654,,https://www.facebook.com/apizzanapoli,,,,,,,partial,2
Vye Brands Inc,United States,Fort Lee,,Summer Fancy Food Show 2026,https://drinkvye.com/,info@drinkvye.com,5166660640,,,Level 1 — 5611 — Beverage Pavilion,https://sff2026.mapyourshow.com/8_0/exhibitor/exhibitor-details.cfm?exhid=347230,,,,,,,,,partial,2
W Sun Valley Corp.,United States,Parkland,,Summer Fancy Food Show 2026,https://fromwild.com/,info@fromwild.com,15612291658,,,Level 3 — 2475,https://sff2026.mapyourshow.com/8_0/exhibitor/exhibitor-details.cfm?exhid=335289,,,,,,,,,partial,2
W&S Foods Co.,United States,Moonachie,,Summer Fancy Food Show 2026,https://www.wnsfoods.com/,,201-354-6116,,,Level 3 — 2766,https://sff2026.mapyourshow.com/8_0/exhibitor/exhibitor-details.cfm?exhid=309611,,,,,,,,,partial,1
Wackym's Kitchen,United States,Dallas,,Summer Fancy Food Show 2026,https://www.wackymskitchen.com/,,214-327-7667,,https://instagram.com/wackymskitchen,River Pavilion — 7433 — Good Food Mercantile (Sunday Only),https://sff2026.mapyourshow.com/8_0/exhibitor/exhibitor-details.cfm?exhid=120581,,https://www.facebook.com/tr,,,,,,,partial,1
Wai Lana Snacks,United States,Gridley,,Summer Fancy Food Show 2026,http://www.wailana.com,,800-624-9163,,https://www.instagram.com/wai_lana,Level 1 — 5208,https://sff2026.mapyourshow.com/8_0/exhibitor/exhibitor-details.cfm?exhid=100514,,https://www.facebook.com/wailana,,,,,,,partial,1
Wally & Whiz U.S.,United States,Lancaster,,Summer Fancy Food Show 2026,http://www.wallyandwhiz.us,,7178630026,,,"Level 3 — 2268 — Confectionery, Snacks and Sweets Pavilion",https://sff2026.mapyourshow.com/8_0/exhibitor/exhibitor-details.cfm?exhid=308712,,,,,,,,,partial,1
Walong Marketing Inc.,United States,Jersey City,,Summer Fancy Food Show 2026,https://www.walong.com,CustomerFeedback@walong.com,2012535374,,,Level 1 — 5841,https://sff2026.mapyourshow.com/8_0/exhibitor/exhibitor-details.cfm?exhid=131084,,,,,,,,,partial,2
Wang Globalnet,United States,North Arlington,,Summer Fancy Food Show 2026,https://www.kfoodsonline.com,INFO@WANGFOODUSA.COM,2015075858,,https://www.instagram.com/wang_food,Level 1 — 5217,https://sff2026.mapyourshow.com/8_0/exhibitor/exhibitor-details.cfm?exhid=309311,,https://www.facebook.com/wangandsurasang,,,,,,,partial,2
Wanis Ltd,United Kingdom,London,,Summer Fancy Food Show 2026,https://www.wanis.com/,,+44 2089881110,,,Level 3 — 145,https://sff2026.mapyourshow.com/8_0/exhibitor/exhibitor-details.cfm?exhid=347216,,,,,,,,,partial,1
"WayFare Health Foods, LLC",United States,Nebraska City,,Summer Fancy Food Show 2026,https://wayfarefoods.com/,,+14068490244,,,Level 1 — 6057,https://sff2026.mapyourshow.com/8_0/exhibitor/exhibitor-details.cfm?exhid=304087,,,,,,,,,partial,1
We Get Any Stock,United Kingdom,Luton,,Summer Fancy Food Show 2026,https://www.wegetanystock.com/,,+44 7949 263515,,,Level 3 — 143,https://sff2026.mapyourshow.com/8_0/exhibitor/exhibitor-details.cfm?exhid=347379,,,,,,,,,partial,1
"Wei-Chuan USA, Inc.",United States,City Of Industry,,Summer Fancy Food Show 2026,http://www.weichuanusa.com/,marketing@weichuanusa.com,+16262257168,,https://www.instagram.com/weichuanusa.inc,Level 3 — 1045,https://sff2026.mapyourshow.com/8_0/exhibitor/exhibitor-details.cfm?exhid=211343,,https://www.facebook.com/weichuanusa,,,,,,,partial,2
WelFore Health LLC,United States,Norfolk,,Summer Fancy Food Show 2026,https://welforehealth.com/,,+17576181292,,,Level 1 — 6226 — SUSTA,https://sff2026.mapyourshow.com/8_0/exhibitor/exhibitor-details.cfm?exhid=348174,,,,,,,,,partial,1
West Indies Peppa Sauce LLC,United States,Orlando,,Summer Fancy Food Show 2026,https://shopwips.com/,,+13212786161,,,Level 1 — 4307A — Included,https://sff2026.mapyourshow.com/8_0/exhibitor/exhibitor-details.cfm?exhid=338714,,,,,,,,,partial,1
White Toque,United States,Secaucus,,Summer Fancy Food Show 2026,http://www.whitetoque.com,g.murray@whitetoque.com,201-863-2885 (229),https://www.linkedin.com/company/white-toque,https://www.instagram.com/white_toque,Level 1 — 5974A,https://sff2026.mapyourshow.com/8_0/exhibitor/exhibitor-details.cfm?exhid=2307,,,,,,,,,partial,2
White Water Trading Company,United States,Saco,,Summer Fancy Food Show 2026,https://www.readyseafood.com/,info@readyseafood.com,+18562666931,,http://instagram.com/readyseafood,Level 3 — 353 — Deli Pavilion,https://sff2026.mapyourshow.com/8_0/exhibitor/exhibitor-details.cfm?exhid=343745,,http://www.facebook.com/2008/fbml,,,,,,,partial,2
Whoa Dough,United States,Highland Heights,,Summer Fancy Food Show 2026,https://www.whoadough.com/,,+12163383000,,,Level 1 — 4410 — Vegpreneur,https://sff2026.mapyourshow.com/8_0/exhibitor/exhibitor-details.cfm?exhid=301136,,,,,,,,,partial,1
Wholesale Boogie Corp.,United States,Syosset,,Summer Fancy Food Show 2026,https://www.boogiebakery.com/,,+113473838629,https://www.linkedin.com/company/30593438/admin/feed/posts,https://www.instagram.com/boogie_bakery,"Level 3 — 2749 — Confectionery, Snacks and Sweets Pavilion",https://sff2026.mapyourshow.com/8_0/exhibitor/exhibitor-details.cfm?exhid=335347,,,,,,,,,partial,1
Wild Bill's Soda,United States,Millington,,Summer Fancy Food Show 2026,https://drinkwildbills.com/,,631-335-6377,,,Level 1 — 5624 — Beverage Pavilion,https://sff2026.mapyourshow.com/8_0/exhibitor/exhibitor-details.cfm?exhid=301683,,,,,,,,,partial,1
Wildwood Chocolate,United States,Portland,,Summer Fancy Food Show 2026,https://www.wildwoodchocolate.com,,503-896-0614,,,River Pavilion — 7305 — Good Food Mercantile (Sunday Only),https://sff2026.mapyourshow.com/8_0/exhibitor/exhibitor-details.cfm?exhid=223830,,,,,,,,,partial,1
Willem Woudman Traders LLC,United States,New York,,Summer Fancy Food Show 2026,https://www.wwcashews.com,,917-592-1770,,,Level 1 — 6146 — Brooklyn,https://sff2026.mapyourshow.com/8_0/exhibitor/exhibitor-details.cfm?exhid=318354,,,,,,,,,partial,1
Willie's Cacao Ltd,United Kingdom,Uffculme,,Summer Fancy Food Show 2026,https://www.williescacao.com/,,01884840650,,,"Level 3 — 2645 — Confectionery, Snacks and Sweets Pavilion",https://sff2026.mapyourshow.com/8_0/exhibitor/exhibitor-details.cfm?exhid=338498,,,,,,,,,partial,1
Willow Specialties/Skalny,United States,Batavia,,Summer Fancy Food Show 2026,http://www.willowgroupltd.com/,info@willowgroupltd.com,+15858159650,https://www.linkedin.com/company/willow-group-ltd-,https://www.instagram.com/willowgroupltd,Level 1 — 5323,https://sff2026.mapyourshow.com/8_0/exhibitor/exhibitor-details.cfm?exhid=1270,,https://www.facebook.com/willowgroupltd,,,,,,,partial,2
Windsong Bliss LLC,United States,Cutchogue,,Summer Fancy Food Show 2026,https://www.windsongbliss.com/,elizabeth@windsongbliss.com,9176991403,,https://www.instagram.com/windsongbliss,River Pavilion — 7106A — SFA Spark Pavilion,https://sff2026.mapyourshow.com/8_0/exhibitor/exhibitor-details.cfm?exhid=340655,,https://www.facebook.com/people/Windsong-Bliss/61573432064273,,,,,,,partial,2
Winford Pacific Ltd.,China,Yuen Long,,Summer Fancy Food Show 2026,http://www.winfordpacificltd.com,,+86 221 891 638,,,Level 3 — 1450,https://sff2026.mapyourshow.com/8_0/exhibitor/exhibitor-details.cfm?exhid=34512,,,,,,,,,partial,1
WizCommerce,United States,Dover,,Summer Fancy Food Show 2026,https://wizcommerce.com/,divyaanshu@wizcommerce.com,2513132519,https://www.linkedin.com/company/wizcommerce,https://www.instagram.com/wizcommerce_,Level 3 — 782,https://sff2026.mapyourshow.com/8_0/exhibitor/exhibitor-details.cfm?exhid=335198,,,,,,,,,partial,2
Woeber Mustard Manufacturing Company,United States,Springfield,,Summer Fancy Food Show 2026,http://www.woebermustard.com,,(937)323-6281,,https://www.instagram.com/woebermustard,Level 1 — 5926,https://sff2026.mapyourshow.com/8_0/exhibitor/exhibitor-details.cfm?exhid=28492,,https://www.facebook.com/Woeber-Mustard-Company-111554383766,,,,,,,partial,1
Wonder Holding LLC,United States,California,,Summer Fancy Food Show 2026,http://en.kingofnut.com/,info@yfgrp.com,+8613671071009,,,"Level 3 — 2479 — Confectionery, Snacks and Sweets Pavilion",https://sff2026.mapyourshow.com/8_0/exhibitor/exhibitor-details.cfm?exhid=338543,,,,,,,,,partial,2
Woodlawn Creamery,United States,Pawlet,,Summer Fancy Food Show 2026,https://www.woodlawncreamery.com/,contact@woodlawncreamery.com,603-276-0913,,https://www.instagram.com/woodlawncreameryvt,River Pavilion — 7310 — Good Food Mercantile (Sunday Only),https://sff2026.mapyourshow.com/8_0/exhibitor/exhibitor-details.cfm?exhid=338438,,http://www.facebook.com/2008/fbml,,,,,,,partial,2
"World Finer Foods, LLC",United States,Bloomfield,,Summer Fancy Food Show 2026,https://worldfiner.com/,,+19733380300,https://www.linkedin.com/company/world-finer-foods,,Level 3 — 1436,https://sff2026.mapyourshow.com/8_0/exhibitor/exhibitor-details.cfm?exhid=1248,,,,,,,,,partial,1
World Ocean Wide Trading (WisBus),United States,Old Tappan,,Summer Fancy Food Show 2026,https://www.wowseaweed.com,user@domain.com,+19172754558,,https://www.instagram.com/squarespace,Level 1 — 4718B,https://sff2026.mapyourshow.com/8_0/exhibitor/exhibitor-details.cfm?exhid=338810,,http://www.facebook.com/2008/fbml,,,,,,,partial,2
"World of Coffee, Inc.",United States,Stirling,,Summer Fancy Food Show 2026,https://www.worldofcoffeeinc.com/,info@worldofcoffeeinc.com,+19086471218,https://www.linkedin.com/company/world-of-coffee-inc,http://instagram.com/worldofcoffeeinc,Level 3 — 861,https://sff2026.mapyourshow.com/8_0/exhibitor/exhibitor-details.cfm?exhid=1535,,http://www.facebook.com/2008/fbml,,,,,,,partial,2
World Trade Center Harrisburg,United States,Harrisburg,,Summer Fancy Food Show 2026,http://www.wtccentralpa.org,info@wtccentralpa.org,717-843-1090,https://www.linkedin.com/company/world-trade-center-harrisburg,,Level 1 — 6444 — Pennsylvania,https://sff2026.mapyourshow.com/8_0/exhibitor/exhibitor-details.cfm?exhid=104701,,,,,,,,,partial,2
World Transport Overseas,United States,Newtown Square,,Summer Fancy Food Show 2026,https://www.wto.com,,+14844941177,https://www.linkedin.com/company/world-transport-overseas-bulgaria-ltd,,Level 3 — 1580,https://sff2026.mapyourshow.com/8_0/exhibitor/exhibitor-details.cfm?exhid=348335,,http://www.facebook.com/pages/World-Transport-Overseas/120884564621363,,,,,,,partial,1
"World Wide Gourmet Foods, Inc.",United States,Woodinville,,Summer Fancy Food Show 2026,http://wwgourmet.com,,360-668-9404,,,Level 1 — 5007,https://sff2026.mapyourshow.com/8_0/exhibitor/exhibitor-details.cfm?exhid=2196,,,,,,,,,partial,1
World's Best Cheeses,United States,Armonk,,Summer Fancy Food Show 2026,http://www.wbcheese.com,,(914) 273-1400,,https://www.instagram.com/wbcheeses,Level 3 — 836,https://sff2026.mapyourshow.com/8_0/exhibitor/exhibitor-details.cfm?exhid=1191,,,,,,,,,partial,1
Worldwide Logistics Group,United States,Paramus,,Summer Fancy Food Show 2026,https://www.worldwidelogisticsltd.com,jmonaghan@wwllmail.com,+19088728309,https://www.linkedin.com/company/worldwide-logistics-group,,Level 3 — 2881,https://sff2026.mapyourshow.com/8_0/exhibitor/exhibitor-details.cfm?exhid=319414,,https://www.facebook.com/WorldwideLogisticsLtd,,,,,,,partial,2
WTJ GLOBAL HOLDINGS GROUP,United States,ONTARIO,,Summer Fancy Food Show 2026,https://www.wtjlive.com,,+18586499408,,,Level 3 — 2861,https://sff2026.mapyourshow.com/8_0/exhibitor/exhibitor-details.cfm?exhid=347461,,,,,,,,,partial,1
Wyke farms ltd,United Kingdom,bruton,,Summer Fancy Food Show 2026,https://wykefarms.com,info@wykefarms.com,+447802263677,https://uk.linkedin.com/company/wyke-farms,https://www.instagram.com/wyke_farms,Level 3 — 756 — Deli Pavilion,https://sff2026.mapyourshow.com/8_0/exhibitor/exhibitor-details.cfm?exhid=301502,,https://www.facebook.com/tr,,,,,,,partial,2
Xcell International Corp.,United States,Lemont,,Summer Fancy Food Show 2026,http://www.xcellint.com/,info@xcellint.com,630-323-0107,,https://instagram.com/wix,Level 3 — 1361,https://sff2026.mapyourshow.com/8_0/exhibitor/exhibitor-details.cfm?exhid=2290,,http://www.facebook.com/wix,,,,,,,partial,2
Y COOK INDIA P Ltd.,India,Bangalore Rural,,Summer Fancy Food Show 2026,http://www.ycook.in/,enquiry@ycook.in,+91 80 – 40903663,,,Level 3 — 3075,https://sff2026.mapyourshow.com/8_0/exhibitor/exhibitor-details.cfm?exhid=307129,,,,,,,,,partial,2
"Yamaboshiya Co., Ltd.",Japan,"Minato-ku,",,Summer Fancy Food Show 2026,https://www.arista.co.jp/,,+81-3-6858-4394,,https://www.instagram.com/okashi_to_watashi,Level 3 — 423 — Japan,https://sff2026.mapyourshow.com/8_0/exhibitor/exhibitor-details.cfm?exhid=347889,,,,,,,,,partial,1
"YAMAEI Co., Ltd.",Japan,Kakegawa-shi,,Summer Fancy Food Show 2026,https://www.yamaei.jp/,info@yamaei.net,+81-537-27-1024,,https://www.instagram.com/yamaei_tea_1927,Level 3 — 426 — Japan,https://sff2026.mapyourshow.com/8_0/exhibitor/exhibitor-details.cfm?exhid=342179,,,,,,,,,partial,2
Yancey's Fancy Inc.,United States,Corfu,,Summer Fancy Food Show 2026,https://www.yanceysfancy.com,yourname@email.com,+15855994448,https://www.linkedin.com/company/yancey-s-fancy-inc,https://instagram.com/yanceysfancycheese,Level 1 — 6112 — NewYork,https://sff2026.mapyourshow.com/8_0/exhibitor/exhibitor-details.cfm?exhid=26651,,https://www.facebook.com/yanceyshouseofflavor,,,,,,,partial,2
Yaza Foods LLC,United States,Atlanta,,Summer Fancy Food Show 2026,https://yazafoods.com/,,+14044296535,,,Level 1 — 4514B — Startup CPG,https://sff2026.mapyourshow.com/8_0/exhibitor/exhibitor-details.cfm?exhid=347923,,,,,,,,,partial,1
"YING XUAN ZHUANG INTERNATIONAL CO., LTD.","Taiwan, Province of China",Taoyuan City,,Summer Fancy Food Show 2026,https://www.yingxuanzhuang.com/,info@yingxuanzhuang.com,https://wa.me/message/GOQHPNMC55H2N1,,https://www.instagram.com/yxz_taiwantreats,Level 1 — 4200,https://sff2026.mapyourshow.com/8_0/exhibitor/exhibitor-details.cfm?exhid=336702,,https://www.facebook.com/Yingxuanzhuang,,,,,,,partial,2
"YOKU MOKU of America, Inc.",United States,San Diego,,Summer Fancy Food Show 2026,https://www.yokumoku.co.jp/,,+14253506127,,,"Level 3 — 2658 — Confectionery, Snacks and Sweets Pavilion",https://sff2026.mapyourshow.com/8_0/exhibitor/exhibitor-details.cfm?exhid=347355,,,,,,,,,partial,1
Yook Production AS,Estonia,"Türi, Türi vald Järvamaa",,Summer Fancy Food Show 2026,https://yook.eu/,ken@yook.eu,+3725203873,https://www.linkedin.com/company/yookproduction,https://instagram.com/yook_global,Level 1 — 5277 — Estonia,https://sff2026.mapyourshow.com/8_0/exhibitor/exhibitor-details.cfm?exhid=348559,,https://www.facebook.com/YOOKeestieu,,,,,,,partial,2
YORUKOGLU SUT VE URUNLERI SAN. TIC. A.S.,Turkey,ANTALYA,,Summer Fancy Food Show 2026,https://www.yorukoglusut.com.tr/,info@yorukoglusut.com.tr,(90) 242-258 11 35,,https://instagram.com/yorukoglusut,Level 3 — 1612 — Turkey,https://sff2026.mapyourshow.com/8_0/exhibitor/exhibitor-details.cfm?exhid=348295,,https://www.facebook.com/YorukogluSut,,,,,,,partial,2
Young’s Private Limited,Pakistan,Karachi,,Summer Fancy Food Show 2026,https://www.youngsfood.com/,info@youngsfood.com,92-21-34521380,https://www.linkedin.com/company/young,https://www.instagram.com/youngsfoodpk,Level 3 — 1250,https://sff2026.mapyourshow.com/8_0/exhibitor/exhibitor-details.cfm?exhid=316010,,https://www.facebook.com/YoungsFood,,,,,,,partial,2
Your Grandpa's Old Fashioned,United States,KOKOMO,,Summer Fancy Food Show 2026,https://www.yourgrandpasoldfashioned.com/,yourgrandpasoldfashioned@gmail.com,+14077388152,,https://www.instagram.com/ygoldfashioned,River Pavilion — 7102B — SFA Spark Pavilion,https://sff2026.mapyourshow.com/8_0/exhibitor/exhibitor-details.cfm?exhid=347637,,https://www.facebook.com/tr,,,,,,,partial,1
YSS Foods Corp,United States,Ashland,,Summer Fancy Food Show 2026,https://aahanasnaturals.com/,,781-325-2473,,,River Pavilion — 7019C — SFA Spark Pavilion,https://sff2026.mapyourshow.com/8_0/exhibitor/exhibitor-details.cfm?exhid=301216,,,,,,,,,partial,1
Yuca Balls,United States,Orlando,,Summer Fancy Food Show 2026,https://yucaballs.com,Logo_withdescriptor_Green_nobg-1@2x.png,https://api.whatsapp.com/send?1=pt_BR&phone=16893055070,,,"Level 3 — 2272 — Confectionery, Snacks and Sweets Pavilion",https://sff2026.mapyourshow.com/8_0/exhibitor/exhibitor-details.cfm?exhid=313986,,,,,,,,,partial,2
YumBrew LLC,United States,Englewood Cliffs,,Summer Fancy Food Show 2026,https://yumbrewcf.com/,,+15512660896,,,River Pavilion — 7102A — SFA Spark Pavilion,https://sff2026.mapyourshow.com/8_0/exhibitor/exhibitor-details.cfm?exhid=347877,,,,,,,,,partial,1
Yuminaga Corporation,United States,Sheridan,,Summer Fancy Food Show 2026,https://www.yuminagafoods.com/,headoffice@yuminagafoods.com,+17818091183,,https://www.instagram.com/yuminaga_spice_tea,Level 1 — 5521 — Beverage Pavilion,https://sff2026.mapyourshow.com/8_0/exhibitor/exhibitor-details.cfm?exhid=301135,,,,,,,,,partial,2
Yumtein Gummy,United States,Fairfield,,Summer Fancy Food Show 2026,https://yumtein.com/,logo_4be07e43-0979-4637-b9ee-861ec17c0a21_210x@2x.svg,+19736343031,,https://www.instagram.com/yumteingummy,Level 1 — 3419,https://sff2026.mapyourshow.com/8_0/exhibitor/exhibitor-details.cfm?exhid=348781,,https://www.facebook.com/yumtein,,,,,,,partial,2
YURRITA GASTRONOMIKA,Spain,Mutriku,,Summer Fancy Food Show 2026,https://www.yurritagroup.com/,,+34943603245,,,Level 3 — 2115 — Spain,https://sff2026.mapyourshow.com/8_0/exhibitor/exhibitor-details.cfm?exhid=301904,,,,,,,,,partial,1
"YUZUYA HONTEN CO., LTD.",Japan,Hagi-shi,,Summer Fancy Food Show 2026,https://www.e-yuzuya.jp/,img_header_logo@2x.png,+81-0838-25-7511,,https://www.instagram.com/yuzuya_honten,Level 3 — 433 — Japan,https://sff2026.mapyourshow.com/8_0/exhibitor/exhibitor-details.cfm?exhid=335851,,https://www.facebook.com/profile.php,,,,,,,partial,2
Z Crackers,United States,Brooklyn,,Summer Fancy Food Show 2026,http://www.zcrackers.com/,pam@zcrackers.com,+19174965325,,,Level 3 — 476,https://sff2026.mapyourshow.com/8_0/exhibitor/exhibitor-details.cfm?exhid=7214,,,,,,,,,partial,2
Za-Jinn LLC,United States,Greensboro,,Summer Fancy Food Show 2026,https://www.elakatreats.com/,za-jinn@elakatreats.com,+13368608836,https://www.linkedin.com/company/elakatreats,https://www.instagram.com/elakatreats,Level 1 — 6218 — SUSTA,https://sff2026.mapyourshow.com/8_0/exhibitor/exhibitor-details.cfm?exhid=348260,,https://www.facebook.com/elakatreats,,,,,,,partial,2
Zanae S.A .,Greece,Thessaloniki,,Summer Fancy Food Show 2026,https://www.zanae.gr,info@zanae.gr,+30 2310796360,https://www.linkedin.com/company/77656068/admin/inbox/thread/2-ZjUxYmJjMWEtNGYyNS00ZWMyLWEyODItMzdhMTkwNWIzMGMxXzAxMw,https://www.instagram.com/zanae.greece,Level 3 — 2026A — Greece,https://sff2026.mapyourshow.com/8_0/exhibitor/exhibitor-details.cfm?exhid=317526,,https://www.facebook.com/www.zanae.gr,,,,,,,partial,2
ZER YAG SAN. VE TIC. A.S.,Turkey,Gaziantep,,Summer Fancy Food Show 2026,https://www.zergroup.com/,,(90) 555-192 47 97,,https://www.instagram.com/zerholding,Level 3 — 1706 — Turkey,https://sff2026.mapyourshow.com/8_0/exhibitor/exhibitor-details.cfm?exhid=340481,,https://www.facebook.com/zerholding,,,,,,,partial,1
Zesty Z,United States,Brooklyn,,Summer Fancy Food Show 2026,https://zestyz.com/,,(917) 740-5241,,,Level 1 — 6142 — Brooklyn,https://sff2026.mapyourshow.com/8_0/exhibitor/exhibitor-details.cfm?exhid=131284,,,,,,,,,partial,1
ZINI PRODOTTI ALIMENTARI SPA,Italy,Milano,,Summer Fancy Food Show 2026,https://www.pastazini.it,,+39 024583546,https://it.linkedin.com/company/zini-prodotti-alimentari-spa,https://www.instagram.com/pasta_zini,Level 1 — 4943 — Italy,https://sff2026.mapyourshow.com/8_0/exhibitor/exhibitor-details.cfm?exhid=306468,,https://www.facebook.com/tr,,,,,,,partial,1
Znovations.LLC,United States,Naperville,,Summer Fancy Food Show 2026,https://belovedfoods.com/,,+16127095255,,,River Pavilion — 7008B — Debut District,https://sff2026.mapyourshow.com/8_0/exhibitor/exhibitor-details.cfm?exhid=347474,,,,,,,,,partial,1
Zoe's Meats,United States,Petaluma,,Summer Fancy Food Show 2026,http://www.zoemeats.com,orders@zoemeats.com,707-545-9637,,http://instagram.com/zoesmeats,Level 3 — 546 — Deli Pavilion,https://sff2026.mapyourshow.com/8_0/exhibitor/exhibitor-details.cfm?exhid=120607,,http://www.facebook.com/2008/fbml,,,,,,,partial,2
Zolli Candy,United States,Commerce Twp,,Summer Fancy Food Show 2026,https://shop.zollipops.com/,,248-956-8992,,,Level 1 — 6426 — Michigan,https://sff2026.mapyourshow.com/8_0/exhibitor/exhibitor-details.cfm?exhid=305681,,,,,,,,,partial,1
Zone Distribution,United States,Plattsburgh,,Summer Fancy Food Show 2026,https://www.zone-distribution.com,info@zonedistribution.ca,15148366207,,https://www.instagram.com/zonedistribution,"Level 3 — 2352 — Confectionery, Snacks and Sweets Pavilion",https://sff2026.mapyourshow.com/8_0/exhibitor/exhibitor-details.cfm?exhid=300213,,https://www.facebook.com/ZONEDistribution,,,,,,,partial,2
ZT Packaging,United States,Fresh Meadows,,Summer Fancy Food Show 2026,https://www.ztpackaging.com,info@ztpackaging.com,(718)896-8420,https://www.linkedin.com/company/zt-packaging,https://www.instagram.com/ztpackaging,Level 1 — 5742,https://sff2026.mapyourshow.com/8_0/exhibitor/exhibitor-details.cfm?exhid=32922,,https://www.facebook.com/ztpackaging,,,,,,,partial,2
Zucker's Bagels Products Inc.,United States,New York,,Summer Fancy Food Show 2026,https://www.zuckersbagels.com,customercare@zuckersholdings.com,2126611520,,https://www.instagram.com/zuckersbagels,Level 1 — 6123 — NewYork,https://sff2026.mapyourshow.com/8_0/exhibitor/exhibitor-details.cfm?exhid=334272,,https://www.facebook.com/tr,,,,,,,partial,2
Ã‡elenli GÄ±da ve Ä°htiyaÃ§ Maddeleri Ä°thalat Ä°hracat Sanayi ve Ticaret Limited Åžirketi,Turkey,İSTANBUL,,Summer Fancy Food Show 2026,https://incibeyaz.com.tr/,info@incibeyaz.com.tr,0 212 270 55 44,,https://www.instagram.com/incibeyazturkishdelight,Level 1 — 4855 — Turkey,https://sff2026.mapyourshow.com/8_0/exhibitor/exhibitor-details.cfm?exhid=342105,,,,,,,,,partial,2
3A BIOTECH SL,Spain,Murcia,,IFT FIRST Expo 2026,https://tres-a.com,info@tres-a.net,+34 968 839 004,https://www.linkedin.com/company/3a-biotech-conservantes,https://www.instagram.com/3abiotech,South Building — 2472,https://ift26.mapyourshow.com/8_0/exhibitor/exhibitor-details.cfm?exhid=01243238,,https://www.facebook.com/3abiotech,,,,,,,partial,2
3i Solutions,United States of America,Wooster,,IFT FIRST Expo 2026,https://www.3isolutions.com,,330.262.4440,https://www.linkedin.com/company/3isolutionstech,,South Building — 4205,https://ift26.mapyourshow.com/8_0/exhibitor/exhibitor-details.cfm?exhid=01163687,,,,,,,,,partial,1
5 Star Foods Intl,United States of America,Houston,,IFT FIRST Expo 2026,http://www.5star-foods.com,info@5star-foods.com,844-645-7827,,,South Building — 1274,https://ift26.mapyourshow.com/8_0/exhibitor/exhibitor-details.cfm?exhid=01209488,,,,,,,,,partial,2
50Hertz Tingly Foods,United States of America,Washington,,IFT FIRST Expo 2026,https://50hertzfoods.com/,,,https://www.linkedin.com/company/50-hertz-foods/posts,,South Building — ST85 — STARTUP Pavilion,https://ift26.mapyourshow.com/8_0/exhibitor/exhibitor-details.cfm?exhid=01273107,,,,,,,,,partial,1
A&B Ingredients,United States,Fairfield,,IFT FIRST Expo 2026,https://abingredients.com/,info@abingredients.com,+1 973 227 1390,https://www.linkedin.com/company/a&b-ingredients,,South Building — 1915,https://ift26.mapyourshow.com/8_0/exhibitor/exhibitor-details.cfm?exhid=00017573,,https://www.facebook.com/abingredient,,,,,,,partial,2
"AAFUD INDUSTRY(ZHUHAI)CO.,LTD",China,Zhuhai,,IFT FIRST Expo 2026,,,,,,South Building — 2411,https://ift26.mapyourshow.com/8_0/exhibitor/exhibitor-details.cfm?exhid=01262769,,,,,,,,,partial,1
AAK,United States,Edison,,IFT FIRST Expo 2026,https://betterwithaak.com/,,08837 973.344.1300,https://www.linkedin.com/showcase/aak-usa-can,,South Building — 814,https://ift26.mapyourshow.com/8_0/exhibitor/exhibitor-details.cfm?exhid=00003106,,,,,,,,,partial,1
Abbott Blackstone,United States of America,Clearwater,,IFT FIRST Expo 2026,https://abbottblackstone.com/,info@abbottblackstone.com,https://api.whatsapp.com/send?text={URL},,,South Building — 1666 — Organic Pavilion,https://ift26.mapyourshow.com/8_0/exhibitor/exhibitor-details.cfm?exhid=01227444,,,,,,,,,partial,2
Accelerated Freeze Drying Company Ltd,India,Cochin,,IFT FIRST Expo 2026,https://amalgamfoods.com/,amalgam@amalgamfoods.in,+91 484 2668680,,,South Building — 4528,https://ift26.mapyourshow.com/8_0/exhibitor/exhibitor-details.cfm?exhid=00477324,,,,,,,,,partial,2
Accugen Laboratories Inc,United States of America,Addison,,IFT FIRST Expo 2026,http://accugenlabs.com,support@accugenlabs.com,630 789-8105,,,South Building — 2076,https://ift26.mapyourshow.com/8_0/exhibitor/exhibitor-details.cfm?exhid=00708566,,,,,,,,,partial,2
Accurate Ingredients,United States,Farmingdale,,IFT FIRST Expo 2026,http://www.acing.net,,516-496-2500,,,South Building — 1714,https://ift26.mapyourshow.com/8_0/exhibitor/exhibitor-details.cfm?exhid=00000024,,,,,,,,,partial,1
Ace Glass Incorporated,United States,Vineland,,IFT FIRST Expo 2026,https://www.aceglass.com/index.php,,856-692-3333,http://www.linkedin.com/company/2943619,,South Building — 669,https://ift26.mapyourshow.com/8_0/exhibitor/exhibitor-details.cfm?exhid=00980117,,,,,,,,,partial,1
Acme-Hardesty Co.,United States of America,Blue Bell,,IFT FIRST Expo 2026,http://www.acme-hardesty.com,sales@acme-hardesty.com,800.223.7054,https://www.linkedin.com/company/acme-hardesty-co,https://www.instagram.com/acmehardesty,South Building — 2906,https://ift26.mapyourshow.com/8_0/exhibitor/exhibitor-details.cfm?exhid=00000800,,https://www.facebook.com/AcmeHardestyCo,,,,,,,partial,2
Acquion  Food Tech,Brazil,Poços de Caldas,,IFT FIRST Expo 2026,https://acquionproteins.com/,sales@acquion.com.br,https://wa.me/5511917101217,https://www.linkedin.com/company/acquionfoodtech,https://www.instagram.com/acquionfoodtech,South Building — 3625,https://ift26.mapyourshow.com/8_0/exhibitor/exhibitor-details.cfm?exhid=01271522,,,,,,,,,partial,2
ACT Polyols PVT LTD,Pakistan,Clifton,,IFT FIRST Expo 2026,https://actpolyols.com/,info@actpolyols.com,+92 21-35147573,,,South Building — 2377,https://ift26.mapyourshow.com/8_0/exhibitor/exhibitor-details.cfm?exhid=01244063,,,,,,,,,partial,2
Actus Nutrition,United States,Eden Prairie,,IFT FIRST Expo 2026,http://www.actus.com,,952-942-7310,https://www.linkedin.com/company/actus-nutrition,https://www.instagram.com/actus_nutrition,South Building — 1643,https://ift26.mapyourshow.com/8_0/exhibitor/exhibitor-details.cfm?exhid=00011488,,https://www.facebook.com/actusnutrition,,,,,,,partial,1
Actylis,United States of America,Port Washington,,IFT FIRST Expo 2026,https://www.actylis.com/,info@actylis.com,+1 516-627-6000,https://www.linkedin.com/company/actylis,,South Building — 4733,https://ift26.mapyourshow.com/8_0/exhibitor/exhibitor-details.cfm?exhid=01275193,,,,,,,,,partial,2
Acumatica,United States of America,Albuquerque,,IFT FIRST Expo 2026,https://simplyfoodsoftware.com/,info@simplyfoodsoftware.com,https://api.whatsapp.com/send?text={URL},https://www.linkedin.com/company/simply-food-software,,South Building — 317 — AI & Software Pavilion,https://ift26.mapyourshow.com/8_0/exhibitor/exhibitor-details.cfm?exhid=01265473,,https://www.facebook.com/simplyfoodsoftware,,,,,,,partial,2
Aditya Chemicals,India,AHMEDABAD,,IFT FIRST Expo 2026,http://www.adityachemicals.in/,info@adityachemicals.in,07926854545,,,South Building — 1617,https://ift26.mapyourshow.com/8_0/exhibitor/exhibitor-details.cfm?exhid=01239412,,,,,,,,,partial,2
ADM/Matsutani LLC,United States of America,DECATUR,,IFT FIRST Expo 2026,https://fibersol.com/,,217-454-5200,,,South Building — 703,https://ift26.mapyourshow.com/8_0/exhibitor/exhibitor-details.cfm?exhid=00200424,,,,,,,,,partial,1
"Advanced Ingredients, Inc.",United States,Minneapolis,,IFT FIRST Expo 2026,https://www.advancedingredients.com/,info@advancedingredients.com,+31 85 0811071,https://www.linkedin.com/company/anderson-global-group,https://www.instagram.com/andersonadvancedingredients,South Building — 2007,https://ift26.mapyourshow.com/8_0/exhibitor/exhibitor-details.cfm?exhid=00022939,,https://www.facebook.com/AndersonAdvancedIngredients,,,,,,,partial,2
AEMTEK Laboratories,United States of America,Freemont,,IFT FIRST Expo 2026,http://www.aemtek.com,,,,,South Building — 4664,https://ift26.mapyourshow.com/8_0/exhibitor/exhibitor-details.cfm?exhid=01274803,,,,,,,,,partial,1
AFP Aseptic Fruit purees,United States of America,Alpharetta,,IFT FIRST Expo 2026,https://asepticfruitpurees.com/,,8009495137,https://www.linkedin.com/company/aseptirfruitindustry,,South Building — 4625,https://ift26.mapyourshow.com/8_0/exhibitor/exhibitor-details.cfm?exhid=01266107,,,,,,,,,partial,1
Agostoni Chocolate,United States of America,Los Angeles,,IFT FIRST Expo 2026,https://www.icamchocolateus.com/,sales@agostonichocolate.com,213.261.0057,https://www.linkedin.com/company/agostoni-chocolate-north-america,,South Building — 1480,https://ift26.mapyourshow.com/8_0/exhibitor/exhibitor-details.cfm?exhid=01273105,,,,,,,,,partial,2
AGRANA Beteiligungs-AG,Austria,Vienna,,IFT FIRST Expo 2026,https://www.agrana.com,,43-1211370,https://www.linkedin.com/company/agrana,https://www.instagram.com/agrana_fruit.starch.sugar,South Building — 1249 — Organic Pavilion,https://ift26.mapyourshow.com/8_0/exhibitor/exhibitor-details.cfm?exhid=00867265,,https://www.facebook.com/AGRANA.Group,,,,,,,partial,1
Agridient  Inc,United States,Farmington Hills,,IFT FIRST Expo 2026,http://www.Agridient.com,info@agridient.com,248 -539-3070,,,South Building — 3450,https://ift26.mapyourshow.com/8_0/exhibitor/exhibitor-details.cfm?exhid=00657170,,,,,,,,,partial,2
AGT Foods,United States of America,Bismarck,,IFT FIRST Expo 2026,http://www.agtfoods.com,,+13065254490,https://www.linkedin.com/company/1400294,,South Building — 638,https://ift26.mapyourshow.com/8_0/exhibitor/exhibitor-details.cfm?exhid=00021802,,https://www.facebook.com/agtfoods,,,,,,,partial,1
Agthia,United Arab Emirates,Abu Dhabi,,IFT FIRST Expo 2026,https://www.agthia.com/,,,https://ae.linkedin.com/company/agthiagroup,https://www.instagram.com/agthiagroup,South Building — 4914,https://ift26.mapyourshow.com/8_0/exhibitor/exhibitor-details.cfm?exhid=00432313,,https://www.facebook.com/AgthiaGroup,,,,,,,partial,1
"AIDP, Inc.",United States,City Of Industry,,IFT FIRST Expo 2026,https://aidp.com/,,866-262-6699,https://www.linkedin.com/company/aidp-inc,,South Building — 1170 — Organic Pavilion,https://ift26.mapyourshow.com/8_0/exhibitor/exhibitor-details.cfm?exhid=00022036,,,,,,,,,partial,1
"Aiya America, Inc. (Aiya Matcha)",United States,Torrance,,IFT FIRST Expo 2026,https://aiya-america.com/,info@aiya-america.com,+310-212-1386,https://www.linkedin.com/company/aiya-america-inc.,https://www.instagram.com/aiyamatcha,South Building — 1773,https://ift26.mapyourshow.com/8_0/exhibitor/exhibitor-details.cfm?exhid=00071251,,https://www.facebook.com/tr,,,,,,,partial,2
AK NISASTA AS,Turkey,Kirklareli,,IFT FIRST Expo 2026,https://www.aknisasta.com.tr/en-US/,,+90 288 443 98 27,https://tr.linkedin.com/company/ak-ni-asta,https://www.instagram.com/aknisasta,South Building — 2979,https://ift26.mapyourshow.com/8_0/exhibitor/exhibitor-details.cfm?exhid=01032078,,https://tr-tr.facebook.com/ak.nisasta,,,,,,,partial,1
Al Barakah Dates – Foodlinks,United Arab Emirates,Dubai,,IFT FIRST Expo 2026,https://albarakahdatesfactory.com/,info@albarakahdatesfactory.com,+971 4 432 4751,https://www.linkedin.com/company/al-barakah-dates-factory-llc,https://www.instagram.com/albarakahdatesfactory,South Building — 1970,https://ift26.mapyourshow.com/8_0/exhibitor/exhibitor-details.cfm?exhid=01210039,,https://www.facebook.com/albarakahdates,,,,,,,partial,2
Alcheme Bio,United States of America,San Marcos,,IFT FIRST Expo 2026,https://alchemebio.com/,contact@alchemebio.com,,https://www.linkedin.com/company/alcheme-bio,,South Building — ST16 — STARTUP Pavilion,https://ift26.mapyourshow.com/8_0/exhibitor/exhibitor-details.cfm?exhid=01275881,,,,,,,,,partial,2
Alchemie Finechem Pvt Ltd,India,MUMBAI,,IFT FIRST Expo 2026,https://www.alchemie-finechem.com/,alchemie-finechem@aartigroup.com,+91-22-69436100,https://in.linkedin.com/company/alchemie-finechem,,South Building — 1820,https://ift26.mapyourshow.com/8_0/exhibitor/exhibitor-details.cfm?exhid=01265469,,,,,,,,,partial,2
Alerlit Group Inc.,United States of America,San Antonio,,IFT FIRST Expo 2026,https://alerlitcacao.com/,,5969240505,https://www.linkedin.com/company/alerlit-cacao,https://www.instagram.com/alerlitcacao,South Building — 4853,https://ift26.mapyourshow.com/8_0/exhibitor/exhibitor-details.cfm?exhid=01275510,,https://www.facebook.com/alerlitcacao,,,,,,,partial,1
Alfa-Ruby Inc.,United States of America,St. Louis,,IFT FIRST Expo 2026,https://alfa-ruby.com/,,,https://www.linkedin.com/company/alfa-ruby-inc,,South Building — ST95 — STARTUP Pavilion,https://ift26.mapyourshow.com/8_0/exhibitor/exhibitor-details.cfm?exhid=01271024,,,,,,,,,partial,1
ALG Products LLC,United States of America,Addison,,IFT FIRST Expo 2026,https://algproducts.com/,info@algproducts.com,+1 773-630-8752,https://www.linkedin.com/in/mustapha-chellah-8a4307271,,South Building — 4766,https://ift26.mapyourshow.com/8_0/exhibitor/exhibitor-details.cfm?exhid=00076392,,,,,,,,,partial,2
ALIANZA,United States of America,Durham,,IFT FIRST Expo 2026,https://alianzateam.us/,pexels-vlada-karpovich-4050366@2x.jpg,7709000,https://www.linkedin.com/showcase/alianzateameurope,,South Building — 1417,https://ift26.mapyourshow.com/8_0/exhibitor/exhibitor-details.cfm?exhid=01197334,,,,,,,,,partial,2
All G,Australia,Waterloo,,IFT FIRST Expo 2026,https://www.allg.com/,info@allg.com,https://api.whatsapp.com/send?text={URL},https://www.linkedin.com/company/all-g,https://www.instagram.com/allgco,South Building — ST94 — STARTUP Pavilion,https://ift26.mapyourshow.com/8_0/exhibitor/exhibitor-details.cfm?exhid=01207599,,,,,,,,,partial,2
Allied Biotech Europe GmbH,Germany,Karlsruhe,,IFT FIRST Expo 2026,https://www.altratene.com,allied@altratene.com,+886-2-2703-0209,https://www.linkedin.com/company/allied-biotech-corporation,,South Building — 3508,https://ift26.mapyourshow.com/8_0/exhibitor/exhibitor-details.cfm?exhid=00083659,,https://www.facebook.com/altratene,,,,,,,partial,2
"Almendra Americas, LLC",United States of America,Riverview,,IFT FIRST Expo 2026,http://almendra.com,,813-343-3798,,,South Building — 4003,https://ift26.mapyourshow.com/8_0/exhibitor/exhibitor-details.cfm?exhid=01168611,,,,,,,,,partial,1
Almond Board of California,United States,Modesto,,IFT FIRST Expo 2026,http://www.almonds.com/food-professionals,,(209) 549-8262,https://www.linkedin.com/company/almond-board-of-california,https://www.instagram.com/californiaalmonds,South Building — SPONSOR 1 — STARTUP Pavilion,https://ift26.mapyourshow.com/8_0/exhibitor/exhibitor-details.cfm?exhid=00011934,,https://www.facebook.com/californiaalmonds,,,,,,,partial,1
Aloha Medicinals,United States of America,Carson City,,IFT FIRST Expo 2026,https://alohamedicinals.com/,info@alohamedicinals.com,775-886-6300,https://www.linkedin.com/company/aloha-medicinals,https://www.instagram.com/alohamedicinals,South Building — 1476,https://ift26.mapyourshow.com/8_0/exhibitor/exhibitor-details.cfm?exhid=01265471,,https://www.facebook.com/AmericanBotanicals,,,,,,,partial,2
"ALS Food Safety, LLC.",United States,Marshfield,,IFT FIRST Expo 2026,http://alsglobal.com,,+1 281-575-2290,https://www.linkedin.com/company/als,,South Building — 1870,https://ift26.mapyourshow.com/8_0/exhibitor/exhibitor-details.cfm?exhid=00000989,,,,,,,,,partial,1
Altnyx Enterprise Command System,Canada,Rigaud,,IFT FIRST Expo 2026,http://www.altnyx.com,,,,,South Building — ST9 — STARTUP Pavilion,https://ift26.mapyourshow.com/8_0/exhibitor/exhibitor-details.cfm?exhid=00087548,,,,,,,,,partial,1
Alvinesa Natural Ingredients,Spain,Ciudad Real,,IFT FIRST Expo 2026,https://www.alvinesa.com,sales@alvinesa.com,+34 926 26 06 70,https://www.linkedin.com/company/alvinesanaturalingredients,,South Building — 4215,https://ift26.mapyourshow.com/8_0/exhibitor/exhibitor-details.cfm?exhid=01222066,,,,,,,,,partial,2
Amalthea Bio,United States of America,Campo,,IFT FIRST Expo 2026,,,,,,South Building — ST37 — STARTUP Pavilion,https://ift26.mapyourshow.com/8_0/exhibitor/exhibitor-details.cfm?exhid=01266285,,,,,,,,,partial,1
Amano Enzyme USA,United States,Elgin,,IFT FIRST Expo 2026,https://www.amano-enzyme.com/,email@amano-enzyme.co.jp,847 -649-0101,https://jp.linkedin.com/company/amanoenzyme,,South Building — 838,https://ift26.mapyourshow.com/8_0/exhibitor/exhibitor-details.cfm?exhid=00000193,,,,,,,,,partial,2
America Pampa Agroindustrial SA,Argentina,AMERICA,,IFT FIRST Expo 2026,http://www.americapampa.com,info@americapampa.com,+54 02337-453139,https://ar.linkedin.com/company/am-rica-pampa-agroindustrial-sa,https://www.instagram.com/americapampaok,South Building — 4753,https://ift26.mapyourshow.com/8_0/exhibitor/exhibitor-details.cfm?exhid=01100248,,,,,,,,,partial,2
American Custom Drying,United States of America,Burlington,,IFT FIRST Expo 2026,https://www.acdprocessing.com/about-us/,info@acdprocessing.com,08016 100,https://www.linkedin.com/company/american-custom-drying,,South Building — 2879,https://ift26.mapyourshow.com/8_0/exhibitor/exhibitor-details.cfm?exhid=00016465,,,,,,,,,partial,2
American Dairy Products Institute,United States,Elmhurst,,IFT FIRST Expo 2026,https://adpi.org/,info@adpi.org,+16305308700,https://www.linkedin.com/company/american-dairy-products-institute,,South Building — 4245,https://ift26.mapyourshow.com/8_0/exhibitor/exhibitor-details.cfm?exhid=00000215,,,,,,,,,partial,2
American Egg Board,United States,Chicago,,IFT FIRST Expo 2026,http://www.incredibleegg.org,,847.296.7043,https://www.linkedin.com/company/american-egg-board,https://www.instagram.com/incredibleegg,South Building — 1976,https://ift26.mapyourshow.com/8_0/exhibitor/exhibitor-details.cfm?exhid=00000219,,https://www.facebook.com/IncredibleEgg,,,,,,,partial,1
"American Food Ingredients, Inc.",United States,Oceanside,,IFT FIRST Expo 2026,https://americanfoodingredients.com/,sales@americanfoodingredients.com,760-967-6287,https://www.linkedin.com/company/4503752,https://www.instagram.com/amerfooding,South Building — 3644,https://ift26.mapyourshow.com/8_0/exhibitor/exhibitor-details.cfm?exhid=00016999,,https://www.facebook.com/americanfoodingredients,,,,,,,partial,2
American Ingredients Inc,United States of America,Wood Dale,,IFT FIRST Expo 2026,http://americaningredientsinc.com/,,,,,South Building — 1365 — Organic Pavilion,https://ift26.mapyourshow.com/8_0/exhibitor/exhibitor-details.cfm?exhid=00555785,,,,,,,,,partial,1
"American Instants, Inc",United States of America,Flanders,,IFT FIRST Expo 2026,http://americaninstants.com,sales@americaninstants.com,973-584-8811,,,South Building — 871,https://ift26.mapyourshow.com/8_0/exhibitor/exhibitor-details.cfm?exhid=00000236,,,,,,,,,partial,2
American Key Food Products,United States of America,Closter,,IFT FIRST Expo 2026,https://akfponline.com/,,2006-2026,,,South Building — 4137,https://ift26.mapyourshow.com/8_0/exhibitor/exhibitor-details.cfm?exhid=00058306,,,,,,,,,partial,1
American Lecithin Company,United States,Oxford,,IFT FIRST Expo 2026,https://americanlecithin.us/,info@americanlecithin.us,203.262.7100,https://www.linkedin.com/company/american-lecithin-company,,South Building — 3216,https://ift26.mapyourshow.com/8_0/exhibitor/exhibitor-details.cfm?exhid=00003064,,,,,,,,,partial,2
American Natural Processors,United States of America,Dakota Dunes,,IFT FIRST Expo 2026,https://americannaturalprocessors.com/,sales@americannaturalprocessors.com,+1 605-242-6074,http://www.linkedin.com/company/american-natural-processors,,South Building — 4849,https://ift26.mapyourshow.com/8_0/exhibitor/exhibitor-details.cfm?exhid=01181809,,https://www.facebook.com/AmericanNaturalProcessors,,,,,,,partial,2
Amerikoa Ingredients,United States of America,Naperville,,IFT FIRST Expo 2026,https://amerikoa.com/,,7089675050,https://www.linkedin.com/company/amerikoa-ingredients-llc,,South Building — 1657 — Organic Pavilion,https://ift26.mapyourshow.com/8_0/exhibitor/exhibitor-details.cfm?exhid=01214735,,,,,,,,,partial,1
Ampco Pumps Company,United States,Glendale,,IFT FIRST Expo 2026,https://www.ampcopumps.com,,1(414)643-1852,https://www.linkedin.com/company/ampco-pumps,,South Building — 4207,https://ift26.mapyourshow.com/8_0/exhibitor/exhibitor-details.cfm?exhid=00963348,,,,,,,,,partial,1
"Amtex Corp, S.A. De C.V.",United States,Lombard,,IFT FIRST Expo 2026,https://www.amtex-corp.com,,1(630)268-0085,,,South Building — 3203,https://ift26.mapyourshow.com/8_0/exhibitor/exhibitor-details.cfm?exhid=00017473,,,,,,,,,partial,1
"Anchin, Block & Anchin LLP",United States of America,New York,,IFT FIRST Expo 2026,https://www.anchin.com/,daniel.parchment@anchin.com,212.840.3456,https://www.linkedin.com/company/anchin-block-&-anchin-llp,https://www.instagram.com/anchincpa,South Building — 4716,https://ift26.mapyourshow.com/8_0/exhibitor/exhibitor-details.cfm?exhid=01273792,,https://www.facebook.com/AnchinBlockandAnchin,,,,,,,partial,2
"ANGEL YEAST CO.,LTD /  ANGEST INC",United States of America,Chicago,,IFT FIRST Expo 2026,https://en.angelyeast.com/products/yeast-baking-ingredients.html?gad_source=1&gad_campaignid=22623543764&gbraid=0AAAAA9WkfY-BAQCW9L8cwuNEFCOlhHFT8&gclid=CjwKCAjw1dLDBhBoEiwAQNRiQWXnvI6GF6HE71b1K9zx2xvIzsFMhUFX5jHCGmU74zw2oiQZWAU-fhoCazYQAvD_BwE,,2021-2024,https://www.linkedin.com/company/angel-yeast,https://www.instagram.com/angelyeast_asia,South Building — 1237,https://ift26.mapyourshow.com/8_0/exhibitor/exhibitor-details.cfm?exhid=00117364,,https://www.facebook.com/Angelyeast600298,,,,,,,partial,1
"Anhui Jinhe Industrial Co., Ltd.",China,Anhui,,IFT FIRST Expo 2026,https://en.jinheshiye.com/,,11013889,,,South Building — 3618,https://ift26.mapyourshow.com/8_0/exhibitor/exhibitor-details.cfm?exhid=00134924,,,,,,,,,partial,1
"ANHUI REAL INTERNATIONAL TRADE CO., LTD.",China,HEFEI,,IFT FIRST Expo 2026,http://www.realchemgroup.com,,29/05/2013,,,South Building — 4820,https://ift26.mapyourshow.com/8_0/exhibitor/exhibitor-details.cfm?exhid=01274328,,,,,,,,,partial,1
Anton Paar,United States,Ashland,,IFT FIRST Expo 2026,https://www.anton-paar.com/us-en/products/,info.us@anton-paar.com,+1 804 550-1051,https://www.linkedin.com/company/anton-paar-usa,,South Building — 1865,https://ift26.mapyourshow.com/8_0/exhibitor/exhibitor-details.cfm?exhid=00017622,,,,,,,,,partial,2
AOI Matcha,United States,Huntington Beach,,IFT FIRST Expo 2026,https://aoimatcha.com/,,1(714)841-2716,,,South Building — 3551,https://ift26.mapyourshow.com/8_0/exhibitor/exhibitor-details.cfm?exhid=00175247,,,,,,,,,partial,1
APAC Chemical Corp,United States,Monrovia,,IFT FIRST Expo 2026,http://www.apacchemical.com/,sales@apacchemical.com,626 203-0066,,,South Building — 3510,https://ift26.mapyourshow.com/8_0/exhibitor/exhibitor-details.cfm?exhid=00060237,,https://www.facebook.com/apacchemical,,,,,,,partial,2
Applied Food Sciences,United States,Kerrville,,IFT FIRST Expo 2026,https://appliedfoods.com/,info@appliedfoods.com,800-345-9666,https://www.linkedin.com/company/appliedfoodsciences,https://www.instagram.com/appliedfoodsciences,South Building — 1414,https://ift26.mapyourshow.com/8_0/exhibitor/exhibitor-details.cfm?exhid=00084677,,,,,,,,,partial,2
Aptean,United States of America,Alpharetta,,IFT FIRST Expo 2026,https://www.aptean.com/en-US/solutions/plm,info@aptean.com,855-411-2783,https://www.linkedin.com/company/aptean,,South Building — 111 — AI & Software Pavilion,https://ift26.mapyourshow.com/8_0/exhibitor/exhibitor-details.cfm?exhid=01220370,,https://www.facebook.com/Aptean,,,,,,,partial,2
Apura Ingredients,United States,Las Vegas,,IFT FIRST Expo 2026,http://www.apuraingredients.com,,909 364-1158,https://www.linkedin.com/company/apura-ingredients,https://www.instagram.com/apuraingredientsinc,South Building — 618,https://ift26.mapyourshow.com/8_0/exhibitor/exhibitor-details.cfm?exhid=00937217,,https://www.facebook.com/apuraingredients,,,,,,,partial,1
Aqua Theon Inc.,United States of America,Torrance,,IFT FIRST Expo 2026,https://aquatheon.com/,xxx@aquatheon.com,,https://www.linkedin.com/company/aquatheon,,South Building — ST63 — STARTUP Pavilion,https://ift26.mapyourshow.com/8_0/exhibitor/exhibitor-details.cfm?exhid=01274986,,,,,,,,,partial,2
Ardent Mills,United States,Denver,,IFT FIRST Expo 2026,https://www.ardentmills.com/,,80202 800-851-9618,https://www.linkedin.com/company/ardent-mills,,South Building — 614,https://ift26.mapyourshow.com/8_0/exhibitor/exhibitor-details.cfm?exhid=00206703,,https://www.facebook.com/ArdentMills,,,,,,,partial,1
Arise Nutrition,United States of America,Wisconsin Rapids,,IFT FIRST Expo 2026,http://www.arisenutrition.com,,,,,South Building — ST33 — STARTUP Pavilion,https://ift26.mapyourshow.com/8_0/exhibitor/exhibitor-details.cfm?exhid=01160719,,,,,,,,,partial,1
Armfield Ltd,United Kingdom,Ringwood,,IFT FIRST Expo 2026,https://www.armfield.co.uk,sales@armfield.co.uk,https://api.whatsapp.com/send?text=https%3A%2F%2Farmfield.co.uk,https://www.linkedin.com/company/1099303/admin/page-posts/published,,South Building — 3825,https://ift26.mapyourshow.com/8_0/exhibitor/exhibitor-details.cfm?exhid=00074053,,https://www.facebook.com/ArmfieldSocialMedia,,,,,,,partial,2
Arnhem Group,United States,Westfield,,IFT FIRST Expo 2026,https://www.arnhemgroup.com/,,908-709-4045,,,South Building — 4105,https://ift26.mapyourshow.com/8_0/exhibitor/exhibitor-details.cfm?exhid=00017345,,,,,,,,,partial,1
Aromatech,United States of America,Orlando,,IFT FIRST Expo 2026,https://aromatechgroup.com/business-units/aromatech-flavorings-usa/,marketing@aromatechus.com,4072775727,https://www.linkedin.com/showcase/aromatech-usa,,South Building — 4518,https://ift26.mapyourshow.com/8_0/exhibitor/exhibitor-details.cfm?exhid=00117141,,,,,,,,,partial,2
ASALYA FOOD INGREDIENTS PVT LTD,India,Gujarat,,IFT FIRST Expo 2026,https://asalya.in,,+91 79 29602609,,,South Building — 1375,https://ift26.mapyourshow.com/8_0/exhibitor/exhibitor-details.cfm?exhid=01268711,,https://www.facebook.com/pages/Accura-Group/366118946795220,,,,,,,partial,1
Ascend Biotech LLC,United States of America,Florham Park,,IFT FIRST Expo 2026,http://www.sinolion.com,info@sinolion.com,+86 021-64959899,,,South Building — 238,https://ift26.mapyourshow.com/8_0/exhibitor/exhibitor-details.cfm?exhid=01262549,,,,,,,,,partial,2
Attribute Analytics,United States of America,Chicago,,IFT FIRST Expo 2026,https://www.attributeanalytics.com,user@domain.com,,,,South Building — ST10 — STARTUP Pavilion,https://ift26.mapyourshow.com/8_0/exhibitor/exhibitor-details.cfm?exhid=01186095,,http://www.facebook.com/2008/fbml,,,,,,,partial,2
Austrade Inc,United States,Tequesta,,IFT FIRST Expo 2026,https://austradeinc.com/,info@austradeinc.com,1997-2026,https://www.linkedin.com/company/austrade-inc,https://www.instagram.com/austradeinc,South Building — 3008,https://ift26.mapyourshow.com/8_0/exhibitor/exhibitor-details.cfm?exhid=00023461,,https://www.facebook.com/austradeinc,,,,,,,partial,2
Avebe U.A.,Netherlands,Veendam,,IFT FIRST Expo 2026,https://www.avebe.com/,info@avebe.com,https://wa.me/?text=https%3A%2F%2Fwww.avebe.com%2F,https://nl.linkedin.com/company/avebe,https://www.instagram.com/royalavebe,South Building — 1614,https://ift26.mapyourshow.com/8_0/exhibitor/exhibitor-details.cfm?exhid=00115364,,,,,,,,,partial,2
Aveka Group,United States of America,Woodbury,,IFT FIRST Expo 2026,http://www.aveka.com,,+18883173700,https://www.linkedin.com/company/aveka,https://www.instagram.com/avekagroup,South Building — 1969,https://ift26.mapyourshow.com/8_0/exhibitor/exhibitor-details.cfm?exhid=00080986,,https://www.facebook.com/avekagroup,,,,,,,partial,1
BABA SIDI Herbs,Morocco,Marrakech,,IFT FIRST Expo 2026,http://www.babasidiherbs.com,,+212 661-340308,https://www.linkedin.com/company/baba-sidi-herbs,https://www.instagram.com/baba_sidi_herbs,South Building — 1443,https://ift26.mapyourshow.com/8_0/exhibitor/exhibitor-details.cfm?exhid=01272046,,https://www.facebook.com/Baba.Sidi.Herbs.Morocco,,,,,,,partial,1
Balchem Corporation,United States,Montvale,,IFT FIRST Expo 2026,https://balchem.com/contact/,communications@balchem.com,845 326-5600,https://www.linkedin.com/company/balchem-corporation,,South Building — 1407,https://ift26.mapyourshow.com/8_0/exhibitor/exhibitor-details.cfm?exhid=00096836,,https://www.facebook.com/BalchemCorp,,,,,,,partial,2
"Baolingbao Biology Co., Ltd",China,Yucheng,,IFT FIRST Expo 2026,http://www.blb-cn.com/,,12005944,,,South Building — 1457 — Organic Pavilion,https://ift26.mapyourshow.com/8_0/exhibitor/exhibitor-details.cfm?exhid=00152972,,,,,,,,,partial,1
Barentz,Canada,Burlington,,IFT FIRST Expo 2026,https://www.barentz-na.com/,,440.937.1000,https://www.linkedin.com/company/barentz,,South Building — 1310,https://ift26.mapyourshow.com/8_0/exhibitor/exhibitor-details.cfm?exhid=00132994,,,,,,,,,partial,1
Barrington Nutritionals,United States of America,Harrison,,IFT FIRST Expo 2026,https://www.barringtonnutritionals.com/,sales@barringtonnutritionals.com,,https://www.linkedin.com/company/barrington-nutritionals/mycompany,,South Building — 4570,https://ift26.mapyourshow.com/8_0/exhibitor/exhibitor-details.cfm?exhid=00000535,,http://www.facebook.com/2008/fbml,,,,,,,partial,2
Barrington Packaging Systems Group,United States of America,Barrington,,IFT FIRST Expo 2026,https://bpsgusa.com/,,+18888147999,https://www.linkedin.com/company/barrington-packaging-systems-group-inc.,,South Building — 1807,https://ift26.mapyourshow.com/8_0/exhibitor/exhibitor-details.cfm?exhid=00666783,,https://www.facebook.com/BarringtonPackaging,,,,,,,partial,1
Bartek Ingredients Inc,Canada,Stoney Creek,,IFT FIRST Expo 2026,https://www.bartek.ca/,info@bartek.ca,+1 800 263-4165,https://www.linkedin.com/company/bartekingredientsincorporated,,South Building — 1910,https://ift26.mapyourshow.com/8_0/exhibitor/exhibitor-details.cfm?exhid=00009779,,,,,,,,,partial,2
Bascom Maple Farms,United States,Brattleboro,,IFT FIRST Expo 2026,https://www.maplesource.com/,,802-257-8100,https://www.linkedin.com/company/bascom-maple-farms,,South Building — 3960,https://ift26.mapyourshow.com/8_0/exhibitor/exhibitor-details.cfm?exhid=00024551,,,,,,,,,partial,1
Basic American Foods,United States,Walnut Creek,,IFT FIRST Expo 2026,https://www.baf.com/our-markets/ingredients/,info@baf.com,800 227 4050,https://www.linkedin.com/company/basic-american-foods,,South Building — 763,https://ift26.mapyourshow.com/8_0/exhibitor/exhibitor-details.cfm?exhid=00000543,,https://www.facebook.com/basicamericanfoods,,,,,,,partial,2
"Baumer Foods, Inc.",United States of America,Metairie,,IFT FIRST Expo 2026,http://www.baumerfoods.com,,5044831434,,,South Building — 4707,https://ift26.mapyourshow.com/8_0/exhibitor/exhibitor-details.cfm?exhid=00014000,,,,,,,,,partial,1
Bay State Milling Company,United States of America,Quincy,,IFT FIRST Expo 2026,https://baystatemilling.com/,time-to-wheat-better-tm@2x.png,800-553-5687,https://www.linkedin.com/company/bay-state-milling-company,,South Building — 1572,https://ift26.mapyourshow.com/8_0/exhibitor/exhibitor-details.cfm?exhid=00021781,,,,,,,,,partial,2
BBFY Industrial USA Inc.,United States of America,City of Industry,,IFT FIRST Expo 2026,https://www.bbfyusa.com/,sales@bbfyusa.com,+1 909 595 5599,,,South Building — 1155 — Organic Pavilion,https://ift26.mapyourshow.com/8_0/exhibitor/exhibitor-details.cfm?exhid=01237651,,,,,,,,,partial,2
BCFoods,United States of America,Santa Rosa,,IFT FIRST Expo 2026,http://www.bcfoods.com,,+852 5 808 333,https://www.linkedin.com/company/bcfoods,,South Building — 2853,https://ift26.mapyourshow.com/8_0/exhibitor/exhibitor-details.cfm?exhid=00025862,,https://www.facebook.com/BCFoodsInc,,,,,,,partial,1
Beckman Coulter Life Sciences,United States,Indianapolis,,IFT FIRST Expo 2026,https://www.beckman.com/microbioreactor/biolector-xt,,800-742-2345,https://www.linkedin.com/company/beckman-coulter-ls,,South Building — 3353 — Food Manufacturing Equipment Pavilion,https://ift26.mapyourshow.com/8_0/exhibitor/exhibitor-details.cfm?exhid=00024665,,,,,,,,,partial,1
Bedemco Inc.,United States of America,White Plains,,IFT FIRST Expo 2026,https://www.bedemco.com/,info@bedemco.com,914-683-1119,https://www.linkedin.com/company/bedemco-inc,,South Building — 1764 — Organic Pavilion,https://ift26.mapyourshow.com/8_0/exhibitor/exhibitor-details.cfm?exhid=00021779,,,,,,,,,partial,2
BELA VIZAGO NATURE SL,Spain,Molina de Segura,,IFT FIRST Expo 2026,http://www.belavizago.com,info@belavizago.com,+34 968 974 701,https://www.linkedin.com/company/bela-vizago-ingredientes-naturales,,South Building — 1660 — Organic Pavilion,https://ift26.mapyourshow.com/8_0/exhibitor/exhibitor-details.cfm?exhid=01269711,,,,,,,,,partial,2
Bell Flavors & Fragrances Inc,United States,Northbrook,,IFT FIRST Expo 2026,https://www.bellff.com,info@bellff.com,(847) 291-8300,https://www.linkedin.com/company/bell-flavors-&-fragrances,,South Building — 722,https://ift26.mapyourshow.com/8_0/exhibitor/exhibitor-details.cfm?exhid=00000600,,https://www.facebook.com/BellFlavorsandFragrances,,,,,,,partial,2
Beneo Inc,United States of America,Parsippany,,IFT FIRST Expo 2026,https://www.beneo.com/,contact@beneo.com,+49 621 421-150,https://www.linkedin.com/company/beneo,,South Building — 425,https://ift26.mapyourshow.com/8_0/exhibitor/exhibitor-details.cfm?exhid=00139394,,,,,,,,,partial,2
Bepex,United States of America,Minneapolis,,IFT FIRST Expo 2026,https://www.bepex.com,,+1-612-331-4370,https://www.linkedin.com/company/bepex-international-llc_3,,South Building — 3445,https://ift26.mapyourshow.com/8_0/exhibitor/exhibitor-details.cfm?exhid=00068539,,,,,,,,,partial,1
Berox® Food GmbH,Germany,Berlin,,IFT FIRST Expo 2026,https://www.beroxfood.com/,info@beroxfood.com,+49 30 26 55 88 40,https://www.linkedin.com/company/berox-food-gmbh,,South Building — 4728,https://ift26.mapyourshow.com/8_0/exhibitor/exhibitor-details.cfm?exhid=01274330,,,,,,,,,partial,2
Besan Nisasta Gida Sanayi ve Tic. A.S.,Turkey,Gaziantep,,IFT FIRST Expo 2026,https://besan.com/en,besan@besan.com,+90 342 337 11 44,https://www.linkedin.com/company/beşan-nişasta-gıda-san-ve-tic-a-ş-/mycompany,https://www.instagram.com/besannisasta,South Building — 2479,https://ift26.mapyourshow.com/8_0/exhibitor/exhibitor-details.cfm?exhid=01274326,,,,,,,,,partial,2
BG Organics,United States of America,Dallas,,IFT FIRST Expo 2026,,,619.218.7007,https://www.linkedin.com/company/bg-organics/posts,,South Building — ST89 — STARTUP Pavilion,https://ift26.mapyourshow.com/8_0/exhibitor/exhibitor-details.cfm?exhid=01239542,,,,,,,,,partial,1
Bia Diagnostics,United States,Colchester,,IFT FIRST Expo 2026,https://www.biadiagnostics.com,info@biadiagnostics.com,+1-802-540-0148,https://www.linkedin.com/company/bia-diagnostics,https://www.instagram.com/bia_diagnostics_laboratories,South Building — 3346,https://ift26.mapyourshow.com/8_0/exhibitor/exhibitor-details.cfm?exhid=00416587,,https://www.facebook.com/biadiagnostics,,,,,,,partial,2
"Bighter Global, LLC. DBA Bighter USA",United States of America,Irvine,,IFT FIRST Expo 2026,http://www.brighterusa.com,info@solarliberty.com,866-807-3639,https://www.linkedin.com/company/solar-liberty,https://www.instagram.com/solar.liberty,South Building — 4621,https://ift26.mapyourshow.com/8_0/exhibitor/exhibitor-details.cfm?exhid=01274332,,https://www.facebook.com/SolarLiberty,,,,,,,partial,2
Bio Kinetics,United States of America,Sheldon,,IFT FIRST Expo 2026,https://bio-kinetics.com/,,,https://www.linkedin.com/company/bio-kinetics,https://www.instagram.com/biokinetics,South Building — 1276,https://ift26.mapyourshow.com/8_0/exhibitor/exhibitor-details.cfm?exhid=01271010,,https://www.facebook.com/biokineticscorp,,,,,,,partial,1
Bioactive Services LLC,United States,South Plainfield,,IFT FIRST Expo 2026,https://bioactive-resources.com/,info@bioactiveresources.com,2020 - 2025,https://www.linkedin.com/company/bioactive-services-bioactive-resources-and-safe-sterilization-usa,https://www.instagram.com/bioactiveservicesllc,South Building — 1355 — Organic Pavilion,https://ift26.mapyourshow.com/8_0/exhibitor/exhibitor-details.cfm?exhid=00264781,,https://www.facebook.com/BioactiveServicesResourcesandSafeSterilizationUSA,,,,,,,partial,2
"Bioakso (Shanghai) Supply Chain Co., Ltd.",China,Shanghai,,IFT FIRST Expo 2026,https://bioakso.net/,akso@bioaksogroup.com,86-021-34770356,https://www.linkedin.com/company/bioakso,,South Building — 1175 — Organic Pavilion,https://ift26.mapyourshow.com/8_0/exhibitor/exhibitor-details.cfm?exhid=01265703,,,,,,,,,partial,2
BioBlends Corporation,Argentina,Buenos Aires,,IFT FIRST Expo 2026,https://bioblends.bio/,info@bioblends.bio,,https://ar.linkedin.com/in/sebastian-zaera,,South Building — ST12 — STARTUP Pavilion,https://ift26.mapyourshow.com/8_0/exhibitor/exhibitor-details.cfm?exhid=01275719,,,,,,,,,partial,2
Bioenergy Life Science Inc (BLS),United States,Minneapolis,,IFT FIRST Expo 2026,https://bioenergylifescience.com/,info@bioenergyls.com,763.757.0032,https://www.linkedin.com/company/bioenergy-life-science,,South Building — 3308,https://ift26.mapyourshow.com/8_0/exhibitor/exhibitor-details.cfm?exhid=00099901,,,,,,,,,partial,2
Bioriginal Food & Science Corp,Canada,Saskatoon,,IFT FIRST Expo 2026,https://www.bioriginal.com,,+81 45-228-7802,https://www.linkedin.com/company/bioriginal-food-&-science-corp,,South Building — 4169,https://ift26.mapyourshow.com/8_0/exhibitor/exhibitor-details.cfm?exhid=00019365,,,,,,,,,partial,1
Biospringer,United States,Milwaukee,,IFT FIRST Expo 2026,http://na.biospringer.com,d.alton@biospringer.lesaffre.com,4146154100,https://fr.linkedin.com/company/biospringer,,South Building — 3669,https://ift26.mapyourshow.com/8_0/exhibitor/exhibitor-details.cfm?exhid=00017814,,,,,,,,,partial,2
BioTech Foods SL,Spain,San Sebastián,,IFT FIRST Expo 2026,https://biotech-foods.com/,info@biotech-foods.com,+ 34 943 47 67 67,https://www.linkedin.com/company/biotech-foods-sl,https://www.instagram.com/biotech_foods,South Building — 4253,https://ift26.mapyourshow.com/8_0/exhibitor/exhibitor-details.cfm?exhid=01271012,,https://www.facebook.com/biotechfoodsspain,,,,,,,partial,2
BioVivo Science,United States of America,Jeffersonville,,IFT FIRST Expo 2026,https://biovivoscience.com/,,,,,South Building — 2203,https://ift26.mapyourshow.com/8_0/exhibitor/exhibitor-details.cfm?exhid=01265882,,,,,,,,,partial,1
Blendtek Ingredients,Canada,Cambridge,,IFT FIRST Expo 2026,https://www.blendtek.com/,,844.279.4401,http://linkedin.com/company/blendtek-fine-ingredients,,South Building — 4242,https://ift26.mapyourshow.com/8_0/exhibitor/exhibitor-details.cfm?exhid=00919265,,,,,,,,,partial,1
BLG Group,China,Jiaxing,,IFT FIRST Expo 2026,https://www.sh-blg.com/,marketing@sh-blg.com,2022020950,https://www.linkedin.com/company/13307083/admin/dashboard,,South Building — 4108,https://ift26.mapyourshow.com/8_0/exhibitor/exhibitor-details.cfm?exhid=01100510,,,,,,,,,partial,2
Blommer Chocolate Company,United States,Chicago,,IFT FIRST Expo 2026,http://blommer.com,,3122267700,,,South Building — 2465,https://ift26.mapyourshow.com/8_0/exhibitor/exhibitor-details.cfm?exhid=00000719,,,,,,,,,partial,1
Bluegrass Ingredients,United States of America,Bowling Green,,IFT FIRST Expo 2026,https://bluegrassingredients.com/,info@bluegrassingredients.com,+1-270-297-7850,https://www.linkedin.com/company/bluegrass-dairy-&-food-inc.,,South Building — 2469,https://ift26.mapyourshow.com/8_0/exhibitor/exhibitor-details.cfm?exhid=00075370,,,,,,,,,partial,2
"BLUETEC NATURALS CO.,LTD",China,Erdos,,IFT FIRST Expo 2026,https://www.bestphycocyanin.com/,inquiry@bestphycocyanin.com,+86-532-80922026,https://www.linkedin.com/company/bluetec-naturals-co-ltd,,South Building — 1275,https://ift26.mapyourshow.com/8_0/exhibitor/exhibitor-details.cfm?exhid=01186199,,,,,,,,,partial,2
BOTANIKind USA,United States of America,Lombard,,IFT FIRST Expo 2026,https://www.botanikind.com,recruitment@botanikind.com,+41 768051748,https://www.linkedin.com/company/botanikind,,South Building — 3616,https://ift26.mapyourshow.com/8_0/exhibitor/exhibitor-details.cfm?exhid=01274644,,,,,,,,,partial,2
BRACE GmbH Chemie-Plastics-DataSystems-Esthétiques,Germany,Karlstein,,IFT FIRST Expo 2026,https://www.brace.de,info@brace.de,+49 6188 991757,,,South Building — 3157 — Food Manufacturing Equipment Pavilion,https://ift26.mapyourshow.com/8_0/exhibitor/exhibitor-details.cfm?exhid=01263570,,,,,,,,,partial,2
Brenntag,United States,Reading,,IFT FIRST Expo 2026,http://www.brenntag.com,,610-926-6100,https://www.linkedin.com/showcase/brenntag-food-nutrition,,South Building — 1103,https://ift26.mapyourshow.com/8_0/exhibitor/exhibitor-details.cfm?exhid=00025231,,,,,,,,,partial,1
Briess Malt & Ingredients Co.,United States,Chilton,,IFT FIRST Expo 2026,https://food.briess.com/,briesspecialty-kirana@2x.jpg,920 849-7711,https://www.linkedin.com/company/briess,https://www.instagram.com/brewingwithbriess,South Building — 2803,https://ift26.mapyourshow.com/8_0/exhibitor/exhibitor-details.cfm?exhid=00000816,,https://www.facebook.com/BrewingWithBriess,,,,,,,partial,2
BrightSpec,United States of America,Charlottesville,,IFT FIRST Expo 2026,http://www.brightspec.com,info@brightspec.com,434-202-2391,https://www.linkedin.com/company/brightspec-inc-,,South Building — 4714,https://ift26.mapyourshow.com/8_0/exhibitor/exhibitor-details.cfm?exhid=01273573,,,,,,,,,partial,2
Brimrose Corporation of America,United States,Sparks,,IFT FIRST Expo 2026,https://www.brimrose.com/,office@brimrose.com,+1 410 472-7070,https://www.linkedin.com/company/brimrose,,South Building — 3251 — Food Manufacturing Equipment Pavilion,https://ift26.mapyourshow.com/8_0/exhibitor/exhibitor-details.cfm?exhid=00024251,,http://www.facebook.com/2008/fbml,,,,,,,partial,2
Brodnica Gelatin USA,United States of America,Chicago,,IFT FIRST Expo 2026,https://brodnicagelatin.com/,office@brodnicagelatin.com,+48 56 498 32 51,https://www.linkedin.com/company/brodnickie-zakłady-żelatyny-sp-z-o-o,https://www.instagram.com/zelatyna_brodnica,South Building — ST52 — STARTUP Pavilion,https://ift26.mapyourshow.com/8_0/exhibitor/exhibitor-details.cfm?exhid=01274777,,https://www.facebook.com/BrodnickieZakladyZelatyny,,,,,,,partial,2
Bruker,United States of America,Billerica,,IFT FIRST Expo 2026,https://www.bruker.com,,,https://www.linkedin.com/company/bruker-corporation,https://www.instagram.com/brukercorp,South Building — 4614,https://ift26.mapyourshow.com/8_0/exhibitor/exhibitor-details.cfm?exhid=00075518,,https://www.facebook.com/bruker.corp,,,,,,,partial,1
BSI Engineering,United States of America,Oak Brook,,IFT FIRST Expo 2026,http://www.bsiengr.com,info@bsiengr.com,+15132013100,,,South Building — 5050,https://ift26.mapyourshow.com/8_0/exhibitor/exhibitor-details.cfm?exhid=01275932,,,,,,,,,partial,2
Buchi Corporation,United States of America,New Castle,,IFT FIRST Expo 2026,https://www.buchi.com/en,buchi@buchi.com,+41 71 394 63 63,https://www.linkedin.com/company/büchi-labortechnik-ag,https://www.instagram.com/buchilabequipment,South Building — 2279,https://ift26.mapyourshow.com/8_0/exhibitor/exhibitor-details.cfm?exhid=00077645,,https://www.facebook.com/buchilabequipment,,,,,,,partial,2
Buckhorn Inc,United States,Milford,,IFT FIRST Expo 2026,https://buckhorninc.com/,sales@buckhorninc.com,800 543 4454,,,South Building — 2878,https://ift26.mapyourshow.com/8_0/exhibitor/exhibitor-details.cfm?exhid=00147125,,,,,,,,,partial,2
Budenheim USA Inc,United States,Mansfield,,IFT FIRST Expo 2026,https://www.budenheim.com/,,4125802641,https://www.linkedin.com/company/budenheim,,South Building — 2228,https://ift26.mapyourshow.com/8_0/exhibitor/exhibitor-details.cfm?exhid=00002534,,,,,,,,,partial,1
Buffalo Creek Mills,Canada,Altona,,IFT FIRST Expo 2026,http://www.buffalocreekmills.ca,,,,,South Building — 4663,https://ift26.mapyourshow.com/8_0/exhibitor/exhibitor-details.cfm?exhid=01273020,,,,,,,,,partial,1
"Buhler, Inc.",United States,Plymouth,,IFT FIRST Expo 2026,https://www.buhlergroup.com/global/en/homepage.html,,763 847 9900,https://www.linkedin.com/company/buhler,https://www.instagram.com/buhler_group,South Building — 2107,https://ift26.mapyourshow.com/8_0/exhibitor/exhibitor-details.cfm?exhid=00000892,,https://www.facebook.com/buhlergroup,,,,,,,partial,1
Bunge,United States of America,Chesterfield,,IFT FIRST Expo 2026,http://www.bunge.com,,+65.6730 6100,https://www.linkedin.com/company/bunge,https://www.instagram.com/proudtobebunge,South Building — 1638,https://ift26.mapyourshow.com/8_0/exhibitor/exhibitor-details.cfm?exhid=00022755,,https://www.facebook.com/Bunge,,,,,,,partial,1
Butter Buds Inc.,United States,Racine,,IFT FIRST Expo 2026,http://www.bbuds.com,,262 598-9900,https://www.linkedin.com/company/butter-buds,,South Building — 708,https://ift26.mapyourshow.com/8_0/exhibitor/exhibitor-details.cfm?exhid=00023876,,https://www.facebook.com/bbuds,,,,,,,partial,1
Cache Creek Foods,United States of America,Woodland,,IFT FIRST Expo 2026,https://hfingredients.com/,,530-662-1764,,,South Building — 4210,https://ift26.mapyourshow.com/8_0/exhibitor/exhibitor-details.cfm?exhid=00084700,,,,,,,,,partial,1
"Cain Food Industries, Inc.",United States of America,Dallas,,IFT FIRST Expo 2026,https://cainfood.com/,,2146304511,,,South Building — 1582,https://ift26.mapyourshow.com/8_0/exhibitor/exhibitor-details.cfm?exhid=00000947,,,,,,,,,partial,1
Caldic,Canada,Elgin,,IFT FIRST Expo 2026,https://www.caldic.com/,,1-847-468-0001,https://www.linkedin.com/company/caldic,,South Building — 1143,https://ift26.mapyourshow.com/8_0/exhibitor/exhibitor-details.cfm?exhid=00004695,,,,,,,,,partial,1
Calidra Group,Mexico,CIUDAD DE MEXICO MEX,,IFT FIRST Expo 2026,https://www.calidra.com/en/,,Int. 1800,,,South Building — 1340,https://ift26.mapyourshow.com/8_0/exhibitor/exhibitor-details.cfm?exhid=01241378,,,,,,,,,partial,1
"California Cereal Products, Inc.",United States,Oakland,,IFT FIRST Expo 2026,https://www.californiacereal.com,mark@californiacereal.com,510 452-4500,,https://www.instagram.com/squarespace,South Building — 1164 — Organic Pavilion,https://ift26.mapyourshow.com/8_0/exhibitor/exhibitor-details.cfm?exhid=00019144,,http://www.facebook.com/2008/fbml,,,,,,,partial,2
California Natural Color,United States,Fresno,,IFT FIRST Expo 2026,https://www.californianaturalcolor.com/,,800-557-0220,https://www.linkedin.com/company/california-natural-color,https://www.instagram.com/california_natural_color,South Building — 2544,https://ift26.mapyourshow.com/8_0/exhibitor/exhibitor-details.cfm?exhid=00023659,,https://www.facebook.com/CaliforniaNaturalColor,,,,,,,partial,1
California Walnut Board,United States of America,Folsom,,IFT FIRST Expo 2026,https://walnuts.org/,info@walnuts.org,916 932-7070,,https://www.instagram.com/cawalnuts,South Building — 4055,https://ift26.mapyourshow.com/8_0/exhibitor/exhibitor-details.cfm?exhid=00384474,,https://www.facebook.com/tr,,,,,,,partial,2
Camlin Fine Sciences Ltd,United States,Urbandale,,IFT FIRST Expo 2026,https://www.camlinfs.com,,515-278-1559,https://www.linkedin.com/company/camlin-fine-sciences,,South Building — 4435,https://ift26.mapyourshow.com/8_0/exhibitor/exhibitor-details.cfm?exhid=00775098,,,,,,,,,partial,1
Caputo Cheese,United States of America,Melrose Park,,IFT FIRST Expo 2026,https://www.caputocheese.com,,708-450-0074,,,South Building — 1707,https://ift26.mapyourshow.com/8_0/exhibitor/exhibitor-details.cfm?exhid=00023319,,,,,,,,,partial,1
CareersInFood.com,United States,Newnan,,IFT FIRST Expo 2026,http://www.careersinfood.com,,(417) 447-0734,,,South Building — 1869,https://ift26.mapyourshow.com/8_0/exhibitor/exhibitor-details.cfm?exhid=00504392,,,,,,,,,partial,1
Cargill Inc,United States,Wayzata,,IFT FIRST Expo 2026,https://www.cargill.com/food-beverage,,,,,South Building — 818,https://ift26.mapyourshow.com/8_0/exhibitor/exhibitor-details.cfm?exhid=00020888,,,,,,,,,partial,1
"Carlyle Cocoa CO., LLC",United States of America,Swedesboro,,IFT FIRST Expo 2026,http://carlylecocoa.com,info@gcbcocoa.com,+607-254 8888,,,South Building — 4915,https://ift26.mapyourshow.com/8_0/exhibitor/exhibitor-details.cfm?exhid=00072426,,,,,,,,,partial,2
Caron Scientific,United States of America,Marietta,,IFT FIRST Expo 2026,http://www.caronscientific.com,,+17403736809,https://www.linkedin.com/company/caron-products,,South Building — 1445,https://ift26.mapyourshow.com/8_0/exhibitor/exhibitor-details.cfm?exhid=00084276,,https://www.facebook.com/caronproducts,,,,,,,partial,1
Casa De Mesquite,United States of America,Austin,,IFT FIRST Expo 2026,http://www.casademesquite.com,,,https://www.linkedin.com/posts/peter-felker-488253a_fhistory-of-mesquite-food-technology-and-activity-7421217153955074048-VxKm,,South Building — ST99 — STARTUP Pavilion,https://ift26.mapyourshow.com/8_0/exhibitor/exhibitor-details.cfm?exhid=00630274,,,,,,,,,partial,1
Cassia Co-op,Indonesia,Kerinci,,IFT FIRST Expo 2026,http://www.cassia.coop,sales@cassia.coop,+31 33 299 6789,https://www.linkedin.com/in/cassia-co-op-77a451409,https://www.instagram.com/cassiacoop,South Building — 1479,https://ift26.mapyourshow.com/8_0/exhibitor/exhibitor-details.cfm?exhid=01269220,,,,,,,,,partial,2
CATALINA FOOD SOLUTIONS SL,Spain,El Palmar,,IFT FIRST Expo 2026,https://catalinafoodsolutions.com/,info@catalinafoodsolutions.com,+34 968 840 065,https://www.linkedin.com/company/catalina-food-solutions,https://www.instagram.com/catalinafoodsolutions,South Building — 241,https://ift26.mapyourshow.com/8_0/exhibitor/exhibitor-details.cfm?exhid=01239543,,,,,,,,,partial,2
"Catalynt Solutions, Inc.",United States of America,Edmonds,,IFT FIRST Expo 2026,https://teamcatalynt.com/,info@teamcatalynt.com,22817 102,https://www.linkedin.com/company/teamcatalynt,https://www.instagram.com/teamcatalynt,South Building — 2475,https://ift26.mapyourshow.com/8_0/exhibitor/exhibitor-details.cfm?exhid=01264887,,https://www.facebook.com/TRIChemicals,,,,,,,partial,2
CBI Select Products,United States of America,Westminster,,IFT FIRST Expo 2026,http://www.cbi-global.com,cbi@cbi-global.com,+62 878 8789 - 8528,,,South Building — 4917,https://ift26.mapyourshow.com/8_0/exhibitor/exhibitor-details.cfm?exhid=01275610,,,,,,,,,partial,2
CEAMSA,Spain,Porrino,,IFT FIRST Expo 2026,http://www.ceamsa.com,,34 986344089,,,South Building — 852,https://ift26.mapyourshow.com/8_0/exhibitor/exhibitor-details.cfm?exhid=00001126,,,,,,,,,partial,1
CEM Corporation,United States,Matthews,,IFT FIRST Expo 2026,http://www.cem.com,info@cem.com,+65 8139 1766,http://www.linkedin.com/company/cem-corporation,https://www.instagram.com/cemcorporation,South Building — 4240,https://ift26.mapyourshow.com/8_0/exhibitor/exhibitor-details.cfm?exhid=00001133,,https://www.facebook.com/CEMCorporation,,,,,,,partial,2
"Centric Software, Inc.",United States of America,Campbell,,IFT FIRST Expo 2026,https://www.centricsoftware.com/,,4085747802,https://www.linkedin.com/company/centric-software/\,,South Building — 205 — AI & Software Pavilion,https://ift26.mapyourshow.com/8_0/exhibitor/exhibitor-details.cfm?exhid=1176048,,https://www.facebook.com/CentricPLM\,,,,,,,partial,1
"Changmao Biochemical Engineering Co., Ltd",China,Changzhou,,IFT FIRST Expo 2026,http://www.cmbec.com/,,2025-07-03,,,South Building — 3320,https://ift26.mapyourshow.com/8_0/exhibitor/exhibitor-details.cfm?exhid=00022246,,,,,,,,,partial,1
"Changsha Vigorous-tech Co.,Ltd",China,Changsha,,IFT FIRST Expo 2026,http://www.vigorous-tech.com,info@vigorous-tech.com,https://api.whatsapp.com/send?phone=+86,https://www.linkedin.com/company/vigorous-tech,,South Building — 666,https://ift26.mapyourshow.com/8_0/exhibitor/exhibitor-details.cfm?exhid=01268708,,https://www.facebook.com/plant.extract.powder,,,,,,,partial,2
Changshu Wealthy Science  and Technology Co Ltd,China,Changshu,,IFT FIRST Expo 2026,http://www.weiyichem.com,wilson@weiyichem.com,1996 1996,,,South Building — 4243,https://ift26.mapyourshow.com/8_0/exhibitor/exhibitor-details.cfm?exhid=00663721,,,,,,,,,partial,2
Cheese Merchants of America LLC,United States of America,Bartlett,,IFT FIRST Expo 2026,http://www.cheesemerchants.com,info@cheesemerchants.com,60103 630 221-0580,https://www.linkedin.com/company/cheesemerchants,https://www.instagram.com/cheesemerchants_,South Building — 4525,https://ift26.mapyourshow.com/8_0/exhibitor/exhibitor-details.cfm?exhid=00129807,,https://www.facebook.com/p/Cheese-Merchants-est1998-100083238673529,,,,,,,partial,2
Chem Inventions LLC,United States of America,Morganville,,IFT FIRST Expo 2026,,,973 641 5778,,,South Building — ST64 — STARTUP Pavilion,https://ift26.mapyourshow.com/8_0/exhibitor/exhibitor-details.cfm?exhid=01204741,,,,,,,,,partial,1
"Chenland Nutritionals, Inc.",China,Qingdao,,IFT FIRST Expo 2026,https://www.chenland.com/,lzhang@chenland.com,+86 13406800411,,,South Building — 141,https://ift26.mapyourshow.com/8_0/exhibitor/exhibitor-details.cfm?exhid=01271520,,,,,,,,,partial,2
Cherry Marketing Institute,United States of America,East Lansing,,IFT FIRST Expo 2026,http://www.usacherries.com,program.intake@usda.gov,20250-9410,,https://www.instagram.com/choosecherries,South Building — 4719,https://ift26.mapyourshow.com/8_0/exhibitor/exhibitor-details.cfm?exhid=00011520,,https://www.facebook.com/ChooseCherries,,,,,,,partial,2
Chesapeake Spice Company,United States,Belcamp,,IFT FIRST Expo 2026,https://www.chesapeakespice.com,,1(410)272-6100,,,South Building — 1743,https://ift26.mapyourshow.com/8_0/exhibitor/exhibitor-details.cfm?exhid=00012896,,,,,,,,,partial,1
Chihon Biotechnology Co Ltd,China,LuoYang,,IFT FIRST Expo 2026,http://www.chihonbio.com,chihon@chihonbio.com,+86-379-6438 2868,,,South Building — 3444,https://ift26.mapyourshow.com/8_0/exhibitor/exhibitor-details.cfm?exhid=00316956,,,,,,,,,partial,2
Chinova Bioworks Inc,Canada,Fredericton,,IFT FIRST Expo 2026,https://www.chinovabioworks.com,user@domain.com,,https://www.linkedin.com/company/chinova-bioworks,,South Building — 3758,https://ift26.mapyourshow.com/8_0/exhibitor/exhibitor-details.cfm?exhid=01178306,,http://www.facebook.com/2008/fbml,,,,,,,partial,2
CHO America,United States,Houston,,IFT FIRST Expo 2026,https://bulkbycho.com/,,2817121549,,,South Building — 1455 — Organic Pavilion,https://ift26.mapyourshow.com/8_0/exhibitor/exhibitor-details.cfm?exhid=01148446,,,,,,,,,partial,1
Chongqing Chuandong Chemical (Group) Co  Ltd,China,Chongqing,,IFT FIRST Expo 2026,http://www.cd1958.com,cxh@cd1958.com,17008440,,,South Building — 3628,https://ift26.mapyourshow.com/8_0/exhibitor/exhibitor-details.cfm?exhid=01176436,,,,,,,,,partial,2
CII Foods,United States,Leavenworth,,IFT FIRST Expo 2026,https://ciifoods.com/,,913-727-3434,https://www.linkedin.com/company/ciifoods,,South Building — 4028,https://ift26.mapyourshow.com/8_0/exhibitor/exhibitor-details.cfm?exhid=00017751,,,,,,,,,partial,1
Citadelle,United States of America,Shillington,,IFT FIRST Expo 2026,http://www.citadelle.coop,,,,,South Building — 1818,https://ift26.mapyourshow.com/8_0/exhibitor/exhibitor-details.cfm?exhid=00132862,,https://www.facebook.com/deliceserableetcie,,,,,,,partial,1
CJ BIO,United States,Downers Grove,,IFT FIRST Expo 2026,https://www.cjbio.net,privacy@hubspot.com,+0000001,https://www.linkedin.com/company/cj-cheiljedang-bio-animal-nutrition-health,https://www.instagram.com/cjbio_official_anh,South Building — 1117,https://ift26.mapyourshow.com/8_0/exhibitor/exhibitor-details.cfm?exhid=00060976,,https://www.facebook.com/cjbioanimalnutritionhealth,,,,,,,partial,2
CJB and Associates,United States of America,Dallas,,IFT FIRST Expo 2026,https://www.cjbandassociates.com/,info@cjbandassociates.com,123 456 7890,https://www.linkedin.com/in/cjbandassociates,,South Building — 2572,https://ift26.mapyourshow.com/8_0/exhibitor/exhibitor-details.cfm?exhid=01242489,,,,,,,,,partial,2
CLEANING STATION #1,United States of America,Chicago,,IFT FIRST Expo 2026,,,,,,South Building — 112,https://ift26.mapyourshow.com/8_0/exhibitor/exhibitor-details.cfm?exhid=01248252,,,,,,,,,partial,1
CLEANING STATION #2,United States of America,,,IFT FIRST Expo 2026,,,,,,South Building — 1591,https://ift26.mapyourshow.com/8_0/exhibitor/exhibitor-details.cfm?exhid=01248256,,,,,,,,,partial,1
CLEANING STATION #3,United States of America,Chicago,,IFT FIRST Expo 2026,https://ift.org,info@ift.org,+1.312.782.8424,https://www.linkedin.com/company/institute-of-food-technologists,https://www.instagram.com/iftfoodscience,South Building — 5159,https://ift26.mapyourshow.com/8_0/exhibitor/exhibitor-details.cfm?exhid=1248255,,https://www.facebook.com/IFTfoodscience,,,,,,,partial,2
CLEANING STATION #4,United States of America,Chicago,,IFT FIRST Expo 2026,,,,,,South Building — 5010,https://ift26.mapyourshow.com/8_0/exhibitor/exhibitor-details.cfm?exhid=01248253,,,,,,,,,partial,1
CleanSense,United States of America,Slater,,IFT FIRST Expo 2026,http://www.cleansense.com,contact@cleansense.com,+1 515 401-8148,,,South Building — ST40 — STARTUP Pavilion,https://ift26.mapyourshow.com/8_0/exhibitor/exhibitor-details.cfm?exhid=01274988,,,,,,,,,partial,2
Clextral Inc.,United States,TAMPA,,IFT FIRST Expo 2026,https://www.clextral.com/,,813-854-4434,https://www.linkedin.com/company/clextral,,South Building — 3351 — Food Manufacturing Equipment Pavilion,https://ift26.mapyourshow.com/8_0/exhibitor/exhibitor-details.cfm?exhid=00011027,,,,,,,,,partial,1
ClonBio Group,Hungary,Budapest,,IFT FIRST Expo 2026,https://www.clonbiofoods.com/,,,https://linkedin.com/company/clonbio-foods,,South Building — 2079,https://ift26.mapyourshow.com/8_0/exhibitor/exhibitor-details.cfm?exhid=01199391,,,,,,,,,partial,1
"CLOUD AND CHEM CO.,LTD",China,HAINAN HAIKOU,,IFT FIRST Expo 2026,http://www.yuayancollagen.com,,0086-898-68557807,,,South Building — 3379,https://ift26.mapyourshow.com/8_0/exhibitor/exhibitor-details.cfm?exhid=01275397,,,,,,,,,partial,1
CMP Water  DBA  20% Water Savings,United States of America,Severna Park,,IFT FIRST Expo 2026,http://www.cmpwater.com,,410980-0626,,,South Building — 3119,https://ift26.mapyourshow.com/8_0/exhibitor/exhibitor-details.cfm?exhid=01274041,,,,,,,,,partial,1
CNJ Nature Co Ltd,China,Yingtan,,IFT FIRST Expo 2026,http://www.cnjnature.com,mnxiongfeiu@126.com,2022-04-06,,,South Building — 1776,https://ift26.mapyourshow.com/8_0/exhibitor/exhibitor-details.cfm?exhid=01176381,,,,,,,,,partial,2
CO2Sustain,United Kingdom,Leeds,,IFT FIRST Expo 2026,https://www.co2sustain.com,info@co2sustain.com,+44 113 465 4601,https://www.linkedin.com/company/17890193,https://www.instagram.com/co2sustain,South Building — 663,https://ift26.mapyourshow.com/8_0/exhibitor/exhibitor-details.cfm?exhid=01260219,,,,,,,,,partial,2
"COFCO Biochemical(Thailand)Co.,Ltd",Thailand,Rayong,,IFT FIRST Expo 2026,https://www.cofco.com,,,,,South Building — 1461 — Organic Pavilion,https://ift26.mapyourshow.com/8_0/exhibitor/exhibitor-details.cfm?exhid=00768069,,,,,,,,,partial,1
Colony Gums Inc,United States of America,Monroe,,IFT FIRST Expo 2026,http://www.ColonyGums.com,colonydocuments@brenntag.com,877-220-5722,https://www.linkedin.com/company/colony-gums-inc,,South Building — 1103,https://ift26.mapyourshow.com/8_0/exhibitor/exhibitor-details.cfm?exhid=00021398,,,,,,,,,partial,2
"colorMaker, Inc.",United States,Anaheim,,IFT FIRST Expo 2026,https://www.colormaker.com,,(714) 572-0444,,,South Building — 3046,https://ift26.mapyourshow.com/8_0/exhibitor/exhibitor-details.cfm?exhid=00025423,,,,,,,,,partial,1
Columbus Vegetable Oils,United States,Des Plaines,,IFT FIRST Expo 2026,https://www.cvoils.com,,847-257-8920,https://www.linkedin.com/company/columbus-vegetable-oils,https://www.instagram.com/columbus_veg_oils,South Building — 2132,https://ift26.mapyourshow.com/8_0/exhibitor/exhibitor-details.cfm?exhid=00379555,,https://www.facebook.com/ColumbusVegetableOils,,,,,,,partial,1
Compass Wire Cloth,United States of America,Vineland,,IFT FIRST Expo 2026,http://www.compasswire.com,,800-257-5241,https://www.linkedin.com/company/compass-wire-cloth,,South Building — 4239,https://ift26.mapyourshow.com/8_0/exhibitor/exhibitor-details.cfm?exhid=01220310,,,,,,,,,partial,1
Compusense Inc.,Canada,Guelph,,IFT FIRST Expo 2026,https://compusense.com,info@compusense.com,+1-519-836-9993,https://www.linkedin.com/company/compusense-inc,,South Building — 314 — AI & Software Pavilion,https://ift26.mapyourshow.com/8_0/exhibitor/exhibitor-details.cfm?exhid=00001437,,,,,,,,,partial,2
CPEG,United States of America,Louisville,,IFT FIRST Expo 2026,https://cpeg.com/,,+32-67 40 01 30,https://www.linkedin.com/company/cpeg,,South Building — 3403,https://ift26.mapyourshow.com/8_0/exhibitor/exhibitor-details.cfm?exhid=00964963,,,,,,,,,partial,1
"CREMER North America, LP",United States of America,Cincinnati,,IFT FIRST Expo 2026,https://www.petercremerna.com/,bfluharty@cremerna.com,513 471-7200,https://www.linkedin.com/company/cremer-northamerica,,South Building — 1679,https://ift26.mapyourshow.com/8_0/exhibitor/exhibitor-details.cfm?exhid=00701329,,https://www.facebook.com/PeterCremerNorthAmerica,,,,,,,partial,2
Crush Dynamics,Canada,Summerland,,IFT FIRST Expo 2026,https://crushdynamics.com,inquiries@crushdynamics.com,877-652-7874,http://www.linkedin.com/company/crushdynamics,https://www.instagram.com/crushdynamics/ Comment start,South Building — ST27 — STARTUP Pavilion,https://ift26.mapyourshow.com/8_0/exhibitor/exhibitor-details.cfm?exhid=01265394,,https://www.facebook.com/CrushDynamics,,,,,,,partial,2
CSPC Healthcare Inc,United States of America,Ontario,,IFT FIRST Expo 2026,https://cspcusa.com,info@cspcusa.com,909 395-5272,,,South Building — 3745,https://ift26.mapyourshow.com/8_0/exhibitor/exhibitor-details.cfm?exhid=00410763,,,,,,,,,partial,2
Cuddon Freeze Dry,New Zealand,Blenheim,,IFT FIRST Expo 2026,https://www.cuddonfreezedry.com,,+64 3 578 4299,https://www.linkedin.com/company/cuddon-freeze-dry,,South Building — 4158,https://ift26.mapyourshow.com/8_0/exhibitor/exhibitor-details.cfm?exhid=01247094,,https://www.facebook.com/cuddonfreezedry,,,,,,,partial,1
CurieCo,United States of America,Durham,,IFT FIRST Expo 2026,https://www.curabind.com,sales@curabind.com,,https://www.linkedin.com/company/curie-co,http://instagram.com/squarespace,South Building — ST31 — STARTUP Pavilion,https://ift26.mapyourshow.com/8_0/exhibitor/exhibitor-details.cfm?exhid=01262554,,http://www.facebook.com/2008/fbml,,,,,,,partial,2
Custom Flavors,United States of America,San Clemente,,IFT FIRST Expo 2026,https://customflavors.com/,info@customflavors.com,949-276-7995,https://www.linkedin.com/company/custom-ingredients-inc-,https://www.instagram.com/customflavors,South Building — 1140,https://ift26.mapyourshow.com/8_0/exhibitor/exhibitor-details.cfm?exhid=01168509,,,,,,,,,partial,2
Daabon Organic USA Inc.,United States,Miami,,IFT FIRST Expo 2026,https://daabonusa.com/,info@daabonusa.com,2025-03-04,https://www.linkedin.com/company/daabonusa,https://www.instagram.com/daabon.usa,South Building — 1772,https://ift26.mapyourshow.com/8_0/exhibitor/exhibitor-details.cfm?exhid=00106829,,https://www.facebook.com/daabonusa,,,,,,,partial,2
"Daepyung Co., Ltd.",Korea  Republic of,Seongnam-Si,,IFT FIRST Expo 2026,http://daepyung.co.kr/web_eng/page/,,82-317097755,,,South Building — 2610,https://ift26.mapyourshow.com/8_0/exhibitor/exhibitor-details.cfm?exhid=00117147,,,,,,,,,partial,1
Daesang America,United States of America,Hackensack,,IFT FIRST Expo 2026,https://ingredient.daesang.com/s/?language=en_US,ingredient@daesang.com,,https://www.linkedin.com/company/82166443,,South Building — 2244,https://ift26.mapyourshow.com/8_0/exhibitor/exhibitor-details.cfm?exhid=01208206,,,,,,,,,partial,2
"Dahui International (Thailand)Co.,Ltd.",Thailand,Bangkok,,IFT FIRST Expo 2026,http://newdahui.com/,,,,,South Building — 1662 — Organic Pavilion,https://ift26.mapyourshow.com/8_0/exhibitor/exhibitor-details.cfm?exhid=01245843,,,,,,,,,partial,1
DairyChem,United States,Fishers,,IFT FIRST Expo 2026,https://www.dairychem.com,cservice@dairychem.com,https://api.whatsapp.com/send?text={URL},https://www.linkedin.com/company/dairychem,,South Building — 3803,https://ift26.mapyourshow.com/8_0/exhibitor/exhibitor-details.cfm?exhid=00017408,,,,,,,,,partial,2
DakotaMB,United States,Fargo,,IFT FIRST Expo 2026,http://www.dakotamb.com,,877-282-9743,,,South Building — 3016,https://ift26.mapyourshow.com/8_0/exhibitor/exhibitor-details.cfm?exhid=00005639,,,,,,,,,partial,1
"Dalian Kien Technology Co.,Ltd",China,Dalian City,,IFT FIRST Expo 2026,https://www.dlkien.com/,dm-jinzhou@300.cn,https://api.whatsapp.com/send?phone=15524725828&text=Hello,,,South Building — 3519,https://ift26.mapyourshow.com/8_0/exhibitor/exhibitor-details.cfm?exhid=01273794,,,,,,,,,partial,2
Dalian Zhen-Ao Bio-Tech Co Ltd,China,Dalian,,IFT FIRST Expo 2026,https://www.zabiotech.com/,info@zabiotech.com,+1 917 667-9467,https://www.linkedin.com/company/zhen-ao-bio-tech,,South Building — 3742,https://ift26.mapyourshow.com/8_0/exhibitor/exhibitor-details.cfm?exhid=00378217,,https://www.facebook.com/ZHENAOBIOTECH,,,,,,,partial,2
Dasa Foods,Mexico,Guadalajara,,IFT FIRST Expo 2026,https://dasafoods.com/,sales@dasafoods.com,2024-11-25,https://mx.linkedin.com/company/dasafoods,,South Building — 3710,https://ift26.mapyourshow.com/8_0/exhibitor/exhibitor-details.cfm?exhid=01046232,,,,,,,,,partial,2
Dassault Systemes,United States of America,Waltham,,IFT FIRST Expo 2026,https://www.3ds.com/industries/consumer-packaged-goods-retail/food-beverage,,,https://www.linkedin.com/company/dassaultsystemes,,South Building — 204 — AI & Software Pavilion,https://ift26.mapyourshow.com/8_0/exhibitor/exhibitor-details.cfm?exhid=01272045,,,,,,,,,partial,1
Datacor,United States of America,Florham Park,,IFT FIRST Expo 2026,https://www.datacor.com/,,+1 973 822-1551,https://www.linkedin.com/company/datacorinc,,South Building — 4157,https://ift26.mapyourshow.com/8_0/exhibitor/exhibitor-details.cfm?exhid=00988598,,,,,,,,,partial,1
Deko International Co Ltd,United States,Earth City,,IFT FIRST Expo 2026,http://www.dekointl.com,cs@dekointl.com,8610/8580,,,South Building — 3642,https://ift26.mapyourshow.com/8_0/exhibitor/exhibitor-details.cfm?exhid=00023472,,,,,,,,,partial,2
Del-Val Food Ingredients,United States of America,Moorestown,,IFT FIRST Expo 2026,http://www.dvfi.com,,856-778-6623,,,South Building — 139,https://ift26.mapyourshow.com/8_0/exhibitor/exhibitor-details.cfm?exhid=01222583,,,,,,,,,partial,1
Delicious Food,India,MAHUVA,,IFT FIRST Expo 2026,https://www.deliciousfood.net.in/,sales@deliciousfood.net.in,+91-6351322898,,https://www.instagram.com/deliciousfoodmahuva,South Building — 4657,https://ift26.mapyourshow.com/8_0/exhibitor/exhibitor-details.cfm?exhid=01266827,,,,,,,,,partial,2
Deosen Biochemical (Ordos) Ltd.,China,Ordos,,IFT FIRST Expo 2026,http://www.deosen.com,,(+86) 13573318006,,,South Building — 4042,https://ift26.mapyourshow.com/8_0/exhibitor/exhibitor-details.cfm?exhid=00098054,,,,,,,,,partial,1
Desert King International,United States,Chula Vista,,IFT FIRST Expo 2026,https://www.desertking.com,info@desertking.com,+1 619 429 5222,,,South Building — 1555 — Organic Pavilion,https://ift26.mapyourshow.com/8_0/exhibitor/exhibitor-details.cfm?exhid=00018917,,,,,,,,,partial,2
DeSilva Brothers & Co,United States of America,Pico Rivera,,IFT FIRST Expo 2026,http://www.desilvabrothers.com,info@desilvabrothers.com,562-363-6104,,https://www.instagram.com/desilvabrothersco,South Building — 4617,https://ift26.mapyourshow.com/8_0/exhibitor/exhibitor-details.cfm?exhid=01271528,,http://www.facebook.com/2008/fbml,,,,,,,partial,2
Detectamet Detectable Products,United States of America,Richmond,,IFT FIRST Expo 2026,https://detectamet.com,,+1-804-303-1983,,,South Building — 3808,https://ift26.mapyourshow.com/8_0/exhibitor/exhibitor-details.cfm?exhid=00937932,,,,,,,,,partial,1
DEVEX Verfahrenstechnik GmbH,Germany,Warendorf,,IFT FIRST Expo 2026,http://www.devex-gmbh.de,,+49-2581-92723-0,https://www.linkedin.com/company/devex-verfahrenstechnik-gmbh,,South Building — 3054 — Food Manufacturing Equipment Pavilion,https://ift26.mapyourshow.com/8_0/exhibitor/exhibitor-details.cfm?exhid=01259707,,,,,,,,,partial,1
"Dezhou Gushen Protein Technology Co., LTD",China,"Dezhou City,",,IFT FIRST Expo 2026,https://www.gushensoy.com,75398405@qq.com,,,,South Building — 3704,https://ift26.mapyourshow.com/8_0/exhibitor/exhibitor-details.cfm?exhid=00117660,,,,,,,,,partial,2
"Dipasa USA, Inc.",United States,Brownsville,,IFT FIRST Expo 2026,https://www.dipasausa.com,,1(956)831-4072,,,South Building — 1460 — Organic Pavilion,https://ift26.mapyourshow.com/8_0/exhibitor/exhibitor-details.cfm?exhid=00014294,,,,,,,,,partial,1
Divis Laboratories,United States,Florham Park,,IFT FIRST Expo 2026,http://www.divisnutraceuticals.com,marketing@divisnutra.com,+1 973 993 1060,https://www.linkedin.com/company/divi's-nutraceuticals,,South Building — 328,https://ift26.mapyourshow.com/8_0/exhibitor/exhibitor-details.cfm?exhid=00127284,,,,,,,,,partial,2
DMC Biotechnologies,United States of America,Morrisville,,IFT FIRST Expo 2026,https://dmcbio.com/,,(720) 239-7239,https://www.linkedin.com/company/dmcbio,,South Building — 316 — AI & Software Pavilion,https://ift26.mapyourshow.com/8_0/exhibitor/exhibitor-details.cfm?exhid=01202546,,,,,,,,,partial,1
Document Compliance Network,United States of America,Port Salerno,,IFT FIRST Expo 2026,http://www.documentcompliance.com,support@documentcompliance.com,503 570-2978,https://www.linkedin.com/company/documentcompliancenetwork,,South Building — 3655,https://ift26.mapyourshow.com/8_0/exhibitor/exhibitor-details.cfm?exhid=01204744,,https://www.facebook.com/documentcompliancenetwork,,,,,,,partial,2
Doehler North America,United States,Cartersville,,IFT FIRST Expo 2026,https://www.doehler.com,,,https://www.linkedin.com/company/doehler,,South Building — 2478,https://ift26.mapyourshow.com/8_0/exhibitor/exhibitor-details.cfm?exhid=00073882,,https://www.facebook.com/doehlergroup,,,,,,,partial,1
Dole Specialty Ingredients,United States of America,Westlake Village,,IFT FIRST Expo 2026,https://www.dolesunshine.com/dsi/en/,info.dsi@doleintl.com,,,,South Building — 2371,https://ift26.mapyourshow.com/8_0/exhibitor/exhibitor-details.cfm?exhid=01207151,,,,,,,,,partial,2
Domino Specialty Ingredients - ASR Group,United States,West Palm Beach,,IFT FIRST Expo 2026,https://www.dominospecialtyingredients.com/,,561-225-0958,,,South Building — 1436,https://ift26.mapyourshow.com/8_0/exhibitor/exhibitor-details.cfm?exhid=00060467,,,,,,,,,partial,1
"Dongsheng Foods USA, Inc.",United States of America,Sunnyvale,,IFT FIRST Expo 2026,http://www.dongshengfoodsusa.com,info@dongshengfoodsusa.com,408.738.5724,https://www.linkedin.com/company/dongsheng-foods-usa-inc,,South Building — 3614,https://ift26.mapyourshow.com/8_0/exhibitor/exhibitor-details.cfm?exhid=01272065,,,,,,,,,partial,2
"Dongxiao Biotechnology Co.,Ltd",China,Weifang,,IFT FIRST Expo 2026,http://www.cndongxiao.com/,,13780874813,,,South Building — 4738,https://ift26.mapyourshow.com/8_0/exhibitor/exhibitor-details.cfm?exhid=00468796,,,,,,,,,partial,1
DOSITECH by Color Service,United States of America,Huntersville,,IFT FIRST Expo 2026,https://dositechglobal.com/,info@dositechglobal.com,+1 704 . 890 . 1112,https://www.linkedin.com/company/dositech,,South Building — 3255 — Food Manufacturing Equipment Pavilion,https://ift26.mapyourshow.com/8_0/exhibitor/exhibitor-details.cfm?exhid=01269713,,,,,,,,,partial,2
Dr. Harnisch Publications,Germany,Nuremberg,,IFT FIRST Expo 2026,https://harnisch.com/,,49- 9112018215,https://www.linkedin.com/authwall,,South Building — 2981,https://ift26.mapyourshow.com/8_0/exhibitor/exhibitor-details.cfm?exhid=00016425,,https://www.facebook.com/Dr.HarnischVerlagsGmbH,,,,,,,partial,1
"DYNE SOZE Co., Ltd.","Korea, Republic of",Gyeonggi-do,,IFT FIRST Expo 2026,http://www.dynesoze.co.kr/,webmaster@dynesoze.co.kr,2026-05-12,,,South Building — 665,https://ift26.mapyourshow.com/8_0/exhibitor/exhibitor-details.cfm?exhid=00996732,,,,,,,,,partial,2
Earth Made Nutritions Inc.,United States of America,Chino,,IFT FIRST Expo 2026,http://www.em-herb.com,info@em-herb.com,9096755016,,,South Building — 1760 — Organic Pavilion,https://ift26.mapyourshow.com/8_0/exhibitor/exhibitor-details.cfm?exhid=01214580,,,,,,,,,partial,2
"EAS Consulting Group, LLC",United States of America,Alexandria,,IFT FIRST Expo 2026,http://www.easconsultinggroup.com,,571 447-5500,http://linkedin.com/company/eas-consulting-group-llc,,South Building — 1645,https://ift26.mapyourshow.com/8_0/exhibitor/exhibitor-details.cfm?exhid=00126227,,,,,,,,,partial,1
"ECI Software Solutions, Inc.",United States of America,Westlake,,IFT FIRST Expo 2026,http://www.ecisolutions.com,,,,,South Building — 2914,https://ift26.mapyourshow.com/8_0/exhibitor/exhibitor-details.cfm?exhid=01243401,,,,,,,,,partial,1
ecoaccess,Malaysia,"Skudai, Johor",,IFT FIRST Expo 2026,https://ecoaccessmy.com/,,6075112292,,,South Building — ST4 — STARTUP Pavilion,https://ift26.mapyourshow.com/8_0/exhibitor/exhibitor-details.cfm?exhid=01276038,,,,,,,,,partial,1
Edlong,Mexico,Elk Grove Village,,IFT FIRST Expo 2026,https://www.edlong.com,info@edlong.com,+353 0 1 536 3027,https://www.linkedin.com/company/edlong-dairy-flavors,https://www.instagram.com/edlongflavors,South Building — 4453,https://ift26.mapyourshow.com/8_0/exhibitor/exhibitor-details.cfm?exhid=00001974,,https://www.facebook.com/EdlongFlavors,,,,,,,partial,2
Eggs Unlimited,United States of America,Irvine,,IFT FIRST Expo 2026,https://www.eggsunlimited.com/,info@eggsunlimited.com,888-554-3977,https://www.linkedin.com/company/eggs-unlimited,https://www.instagram.com/eggs_unlimited,South Building — 4765,https://ift26.mapyourshow.com/8_0/exhibitor/exhibitor-details.cfm?exhid=01213132,,https://www.facebook.com/profile.php,,,,,,,partial,2
Elchemy Inc.,United States of America,Bridgewater,,IFT FIRST Expo 2026,http://www.elchemy.com,info@elchemy.com,+1 908 663 8750,https://www.linkedin.com/company/elchemyinternational,https://www.instagram.com/elchemyhq,South Building — ST39 — STARTUP Pavilion,https://ift26.mapyourshow.com/8_0/exhibitor/exhibitor-details.cfm?exhid=01274990,,https://www.facebook.com/ElchemyHQ,,,,,,,partial,2
"Elite Spice, Inc.",United States,Jessup,,IFT FIRST Expo 2026,http://www.elitespice.com/,,410.796.1900,,,South Building — 3010,https://ift26.mapyourshow.com/8_0/exhibitor/exhibitor-details.cfm?exhid=00010919,,,,,,,,,partial,1
Ellison Custom Food Ingredients/QualiTech,United States,Ft Wayne,,IFT FIRST Expo 2026,https://www.ebakery.com/,sales@ebakery.com,800-711-8091,https://www.linkedin.com/company/ellison-bakery,,South Building — 3963,https://ift26.mapyourshow.com/8_0/exhibitor/exhibitor-details.cfm?exhid=00075330,,https://www.facebook.com/EllisonBakery,,,,,,,partial,2
Emsland Group,United States,Yardley,,IFT FIRST Expo 2026,https://emslandamerica.com/,lgerity@emsland-group.de,203-803-4480,,,South Building — 3814,https://ift26.mapyourshow.com/8_0/exhibitor/exhibitor-details.cfm?exhid=00068492,,,,,,,,,partial,2
EmulsiFi,United States of America,Berkley,,IFT FIRST Expo 2026,http://www.emulsifi.com,,,,,South Building — ST51 — STARTUP Pavilion,https://ift26.mapyourshow.com/8_0/exhibitor/exhibitor-details.cfm?exhid=01273328,,,,,,,,,partial,1
Enifer,Finland,Espoo,,IFT FIRST Expo 2026,,,,https://www.linkedin.com/company/enifer,,South Building — ST73 — STARTUP Pavilion,https://ift26.mapyourshow.com/8_0/exhibitor/exhibitor-details.cfm?exhid=01274051,,,,,,,,,partial,1
ENTR TECHNOLOGIES INC,United States of America,Austin,,IFT FIRST Expo 2026,https://www.entrtechnologies.com/,,2026 6104,https://www.linkedin.com/company/entr-technologies,,South Building — ST75 — STARTUP Pavilion,https://ift26.mapyourshow.com/8_0/exhibitor/exhibitor-details.cfm?exhid=01244187,,,,,,,,,partial,1
EnWave Corporation,Canada,Delta,,IFT FIRST Expo 2026,https://www.enwave.net/,info@enwave.net,+1.604.806.6110,https://www.linkedin.com/company/enwave-corporation,https://www.instagram.com/enwavecorp,South Building — 3053 — Food Manufacturing Equipment Pavilion,https://ift26.mapyourshow.com/8_0/exhibitor/exhibitor-details.cfm?exhid=00068695,,https://www.facebook.com/EnWaveCorp,,,,,,,partial,2
Enzyme Development Corporation,United States,New York,,IFT FIRST Expo 2026,http://EnzymeDevelopment.com,,212-736-1580 x247,,,South Building — 2428,https://ift26.mapyourshow.com/8_0/exhibitor/exhibitor-details.cfm?exhid=00012957,,,,,,,,,partial,1
Enzyme Innovation,United States,Chino,,IFT FIRST Expo 2026,https://www.EnzymeInnovation.com/,,1(909)203-4620,,,South Building — 3857,https://ift26.mapyourshow.com/8_0/exhibitor/exhibitor-details.cfm?exhid=00855598,,,,,,,,,partial,1
Enzymofit,Israel,Shfaram,,IFT FIRST Expo 2026,https://www.enzymofit.com/,hello@enzymofit.com,,https://www.linkedin.com/company/enzymofit,,South Building — ST13 — STARTUP Pavilion,https://ift26.mapyourshow.com/8_0/exhibitor/exhibitor-details.cfm?exhid=01276679,,,,,,,,,partial,2
"EPC Natural Products Co., Ltd.",China,Beijing,,IFT FIRST Expo 2026,http://www.epcflavoring.com,naturalproducts@epcflavoring.com,+86- 010 56865522,https://linkedin.com/company/epc-nextaste,,South Building — 2273,https://ift26.mapyourshow.com/8_0/exhibitor/exhibitor-details.cfm?exhid=00498962,,,,,,,,,partial,2
Equichem International Inc,United States of America,Carol Stream,,IFT FIRST Expo 2026,https://www.equichem.com/,,630 784-0432,https://www.linkedin.com/company/equichem-international-inc-,https://www.instagram.com/equichemfoodblends,South Building — 1608,https://ift26.mapyourshow.com/8_0/exhibitor/exhibitor-details.cfm?exhid=00011995,,https://www.facebook.com/Equichem,,,,,,,partial,1
Equinom LTD.,Israel,Giv'at Brenner,,IFT FIRST Expo 2026,https://www.equi-nom.com/,info@equi-nom.com,+972 8 658 0585,https://www.linkedin.com/company/equinomfoodtech,,South Building — ST91 — STARTUP Pavilion,https://ift26.mapyourshow.com/8_0/exhibitor/exhibitor-details.cfm?exhid=01164382,,,,,,,,,partial,2
Essentia Protein Solutions,United States,Ankeny,,IFT FIRST Expo 2026,https://essentiaproteins.com/na/,,1(515)289-5100,,,South Building — 2845,https://ift26.mapyourshow.com/8_0/exhibitor/exhibitor-details.cfm?exhid=00099139,,,,,,,,,partial,1
Ethical Naturals Inc,United States,Novato,,IFT FIRST Expo 2026,https://ethicalnaturals.com/,info@ethicalnaturals.com,866.459.4454,https://www.linkedin.com/company/ethical-naturals-inc-,https://www.instagram.com/ethicalnaturalsinc,South Building — 772,https://ift26.mapyourshow.com/8_0/exhibitor/exhibitor-details.cfm?exhid=00193718,,https://www.facebook.com/EthicalNaturals,,,,,,,partial,2
"ETON FOOD CO.,LTD",China,Tengzhou,,IFT FIRST Expo 2026,http://www.etonfood.com,sales@etonfood.com,2026-05-21,,,South Building — 3958,https://ift26.mapyourshow.com/8_0/exhibitor/exhibitor-details.cfm?exhid=01240198,,,,,,,,,partial,2
Eurofins,United States,Des Moines,,IFT FIRST Expo 2026,https://www.eurofinsus.com/food-testing/,,515-265-1461,https://www.linkedin.com/company/eurofins-north-america-food-and-feed,https://www.instagram.com/eurofins_usfood,South Building — 1620,https://ift26.mapyourshow.com/8_0/exhibitor/exhibitor-details.cfm?exhid=00022611,,,,,,,,,partial,1
EUROVANILLE Inc.,United States of America,Laguna Beach,,IFT FIRST Expo 2026,https://www.eurovanille.com/en_GB/,,+33 3 21 90 00 10,https://fr.linkedin.com/company/eurovanille,https://www.instagram.com/eurovanille_officiel,South Building — 1973,https://ift26.mapyourshow.com/8_0/exhibitor/exhibitor-details.cfm?exhid=01206520,,https://www.facebook.com/Eurovanille,,,,,,,partial,1
Evergreen Saponins,United States of America,El Cerriot,,IFT FIRST Expo 2026,http://www.foodingredients.berkeley.edu/evergreen-saponins,,,,,South Building — ST72 — STARTUP Pavilion,https://ift26.mapyourshow.com/8_0/exhibitor/exhibitor-details.cfm?exhid=01273336,,,,,,,,,partial,1
EVESA,Spain,La Linea de la Concepcion(Cadiz),,IFT FIRST Expo 2026,http://www.evesa.com,evesa@evesa.com,13-15 11300,,,South Building — 1543,https://ift26.mapyourshow.com/8_0/exhibitor/exhibitor-details.cfm?exhid=00023926,,,,,,,,,partial,2
Evonik Corporation,United States,Piscataway,,IFT FIRST Expo 2026,https://www.evonik.com/en/company/businesslines/se.html,,,https://www.linkedin.com/showcase/evonik-smarteffects,https://www.instagram.com/evonikofficial,South Building — 1623,https://ift26.mapyourshow.com/8_0/exhibitor/exhibitor-details.cfm?exhid=00001757,,https://www.facebook.com/Evonik,,,,,,,partial,1
Exandal Corp / Colorexa Corp,United States of America,Deerfield Beach,,IFT FIRST Expo 2026,https://exandal.com/,sales@exandal-usa.com,+511 5510134,,,South Building — 670,https://ift26.mapyourshow.com/8_0/exhibitor/exhibitor-details.cfm?exhid=00002652,,,,,,,,,partial,2
Exceedient Foods,United States of America,Sacramento,,IFT FIRST Expo 2026,http://exceedientfoods.com,,,https://www.linkedin.com/company/exceedient-foods,,South Building — 1546,https://ift26.mapyourshow.com/8_0/exhibitor/exhibitor-details.cfm?exhid=01263575,,,,,,,,,partial,1
Excel Engineering,United States of America,Fond du Lac,,IFT FIRST Expo 2026,https://www.excelengineer.com/,,,https://www.linkedin.com/company/excel-engineering/posts,,South Building — 4725,https://ift26.mapyourshow.com/8_0/exhibitor/exhibitor-details.cfm?exhid=01164712,,,,,,,,,partial,1
Exhibit Operations Office,United States of America,Chicago,,IFT FIRST Expo 2026,https://www.ift.org/,info@ift.org,+1.312.782.8424,https://www.linkedin.com/company/institute-of-food-technologists,https://www.instagram.com/iftfoodscience,South Building — 4288,https://ift26.mapyourshow.com/8_0/exhibitor/exhibitor-details.cfm?exhid=01248258,,https://www.facebook.com/IFTfoodscience,,,,,,,partial,2
Exosomm Ltd,Israel,Haifa,,IFT FIRST Expo 2026,http://www.exosomm.com,,,https://www.linkedin.com/in/rachelleneumann,,South Building — ST25 — STARTUP Pavilion,https://ift26.mapyourshow.com/8_0/exhibitor/exhibitor-details.cfm?exhid=01275616,,,,,,,,,partial,1
Exter North America,Canada,Montreal,,IFT FIRST Expo 2026,http://www.exter.com,hao.zhang@exter.com,+66 2090 2323,https://www.linkedin.com/company/866305,,South Building — 2021,https://ift26.mapyourshow.com/8_0/exhibitor/exhibitor-details.cfm?exhid=01250030,,,,,,,,,partial,2
Extreme Microbial Technologies,United States,Dayton,,IFT FIRST Expo 2026,https://extrememicrobial.com/,info@extrememicrobial.com,+18448850088,https://www.linkedin.com/company/extreme-microbial,https://www.instagram.com/extrememicrobialtechnologies,South Building — 3154 — Food Manufacturing Equipment Pavilion,https://ift26.mapyourshow.com/8_0/exhibitor/exhibitor-details.cfm?exhid=01161387,,https://www.facebook.com/ExtremeMicrobial,,,,,,,partial,2
F&S FRESH FOODS,United States of America,Vineland,,IFT FIRST Expo 2026,https://www.fsfreshfoods.com/,info@fsfreshfoods.com,866-610-0758,https://www.linkedin.com/company/f&s-produce-inc,,South Building — 4058,https://ift26.mapyourshow.com/8_0/exhibitor/exhibitor-details.cfm?exhid=01245230,,http://www.facebook.com/2008/fbml,,,,,,,partial,2
Faiges Americas Alliance LLC,United States of America,Dundee,,IFT FIRST Expo 2026,https://www.faiges.com/,info@faiges.com,+34 977 500 200,https://www.linkedin.com/company/ffaiges-sl/posts,https://www.instagram.com/aceiteabaco,South Building — 3378,https://ift26.mapyourshow.com/8_0/exhibitor/exhibitor-details.cfm?exhid=01208876,,,,,,,,,partial,2
Farbest Brands,United States,Park Ridge,,IFT FIRST Expo 2026,https://www.farbest.com,,800-897-6096,https://www.linkedin.com/company/farbest-brands,,South Building — 2849,https://ift26.mapyourshow.com/8_0/exhibitor/exhibitor-details.cfm?exhid=00002128,,,,,,,,,partial,1
Farleygreene,United Kingdom,Mapledurwell,,IFT FIRST Expo 2026,https://www.farleygreene.com/,,+44 0 1256 474 547,https://www.linkedin.com/company/farleygreene-limited,,South Building — 3354 — Food Manufacturing Equipment Pavilion,https://ift26.mapyourshow.com/8_0/exhibitor/exhibitor-details.cfm?exhid=01273575,,,,,,,,,partial,1
FBP - Xylose & Xylitol,United States of America,Sarasota,,IFT FIRST Expo 2026,http://www.abiopro.com,support@abiopro.com,941 870-3056,,,South Building — ST53 — STARTUP Pavilion,https://ift26.mapyourshow.com/8_0/exhibitor/exhibitor-details.cfm?exhid=01274810,,http://www.facebook.com/2008/fbml,,,,,,,partial,2
Fenchem,United States,Chino,,IFT FIRST Expo 2026,https://www.fenchem.com/,info@fenchem.com,+27-11-783 6251,,,South Building — 1257 — Organic Pavilion,https://ift26.mapyourshow.com/8_0/exhibitor/exhibitor-details.cfm?exhid=00082333,,,,,,,,,partial,2
Ferm Labs,Switzerland,Zug,,IFT FIRST Expo 2026,http://www.fermlabs.com,info@fermlabs.com,,,,South Building — ST80 — STARTUP Pavilion,https://ift26.mapyourshow.com/8_0/exhibitor/exhibitor-details.cfm?exhid=01271022,,,,,,,,,partial,2
"Fermenstation Co., Ltd.",China,Funabashi,,IFT FIRST Expo 2026,https://fermenstation.co.jp/en/,,2026/03/30,https://www.linkedin.com/company/fermenstation,https://www.instagram.com/fermenstation_jp,South Building — ST20 — STARTUP Pavilion,https://ift26.mapyourshow.com/8_0/exhibitor/exhibitor-details.cfm?exhid=01264893,,https://www.facebook.com/fermenstation,,,,,,,partial,1
Fernando's Food Partners,United States of America,Pasadena,,IFT FIRST Expo 2026,https://www.fernandosfoodpartners.com/,,561-292-0784,https://www.linkedin.com/company/fernando-s-food-partners,,South Building — 3660,https://ift26.mapyourshow.com/8_0/exhibitor/exhibitor-details.cfm?exhid=01259205,,,,,,,,,partial,1
FGF TRAPANI S.A.,Argentina,Tafí Viejo,,IFT FIRST Expo 2026,https://fgftrapani.com/,info@fgftrapani.com,1341 4122,https://ar.linkedin.com/company/fgf-trapani-sa,https://www.instagram.com/fgftrapani,South Building — 1577,https://ift26.mapyourshow.com/8_0/exhibitor/exhibitor-details.cfm?exhid=01182657,,https://www.facebook.com/fgftrapani,,,,,,,partial,2
Fine Organic Industries Ltd.,India,Mumbai,,IFT FIRST Expo 2026,http://www.fineorganics.com,info@fineorganics.com,+91 22 2102 5000,https://www.linkedin.com/company/fine-organic-industries,,South Building — 418,https://ift26.mapyourshow.com/8_0/exhibitor/exhibitor-details.cfm?exhid=00685300,,,,,,,,,partial,2
Flavor House Inc.,United States,Adelanto,,IFT FIRST Expo 2026,http://flavorhouseinc.com,info@flavorhouseinc.com,760 246-9131,https://www.linkedin.com/company/flavor-house-inc,,South Building — 3108,https://ift26.mapyourshow.com/8_0/exhibitor/exhibitor-details.cfm?exhid=00008307,,https://www.facebook.com/100083749802506/timeline,,,,,,,partial,2
Flavor Insights,United States of America,Benicia,,IFT FIRST Expo 2026,https://flavorinsights.com/,taste@www.flavorinsights.com,+17077471002,https://www.linkedin.com/company/flavor-insights-llc,,South Building — 1551 — Organic Pavilion,https://ift26.mapyourshow.com/8_0/exhibitor/exhibitor-details.cfm?exhid=01078570,,https://www.facebook.com/Flavor-Insights-325651444457079,,,,,,,partial,2
Flavorcan International Inc.,Canada,Scarborough,,IFT FIRST Expo 2026,https://flavorcan.ca/,info@flavorcan.ca,416 321-2124,,,South Building — 514,https://ift26.mapyourshow.com/8_0/exhibitor/exhibitor-details.cfm?exhid=00640444,,https://facebook.com/flavorcan,,,,,,,partial,2
Flavours Factory sp. z.o.o,Poland,lipka,,IFT FIRST Expo 2026,https://flavoursfactory.com/,info@flavoursfactory.com,+00454180,https://www.linkedin.com/company/flavours-factory-sp.-z-o.o.,https://www.instagram.com/flavoursfactory1,South Building — 541,https://ift26.mapyourshow.com/8_0/exhibitor/exhibitor-details.cfm?exhid=01267169,,https://www.facebook.com/flavoursfactory,,,,,,,partial,2
FLEX FOODS LTD,India,Noida,,IFT FIRST Expo 2026,https://www.flexfoodsltd.com/,info@flexfoodsltd.com,+91-135-2499234,https://www.linkedin.com/company/flex-foods-limited,https://www.instagram.com/flexfoods_ltd,South Building — 4063,https://ift26.mapyourshow.com/8_0/exhibitor/exhibitor-details.cfm?exhid=00022354,,https://www.facebook.com/tr,,,,,,,partial,2
Flottweg,United States of America,Independence,,IFT FIRST Expo 2026,https://www.flottweg.com,mail@flottweg.com,2026-05-29,https://www.linkedin.com/company/flottweg,https://www.instagram.com/flottwegse,South Building — 3349 — Food Manufacturing Equipment Pavilion,https://ift26.mapyourshow.com/8_0/exhibitor/exhibitor-details.cfm?exhid=01251839,,https://www.facebook.com/FlottwegSE,,,,,,,partial,2
"Fog Valley Co.,Ltd.Of Chengdu",China,Chengdu,,IFT FIRST Expo 2026,,,,,,South Building — 516,https://ift26.mapyourshow.com/8_0/exhibitor/exhibitor-details.cfm?exhid=01270455,,,,,,,,,partial,1
Food Label Maker,United States of America,Wilmington,,IFT FIRST Expo 2026,https://foodlabelmaker.com/,support@foodlabelmaker.com,+1 201 942 6427,https://www.linkedin.com/company/food-label-maker/about,https://www.instagram.com/foodlabelmaker,South Building — ST55 — STARTUP Pavilion,https://ift26.mapyourshow.com/8_0/exhibitor/exhibitor-details.cfm?exhid=01276041,,https://www.facebook.com/foodlabelmaker,,,,,,,partial,2
"Food Safety Net Services, Ltd.",United States,San Antonio,,IFT FIRST Expo 2026,https://fsns.com/,info@fsns.com,70 5000 64,https://www.linkedin.com/company/food-safety-net-services,,South Building — 1645,https://ift26.mapyourshow.com/8_0/exhibitor/exhibitor-details.cfm?exhid=00065062,,,,,,,,,partial,2
Food SMART Strategies Intl. (FSSI),United States of America,Glendale,,IFT FIRST Expo 2026,,,2139990138,https://www.linkedin.com/company/foodsmartstrategiesintl,,South Building — 3716,https://ift26.mapyourshow.com/8_0/exhibitor/exhibitor-details.cfm?exhid=01274646,,,,,,,,,partial,1
FoodChain ID,United States of America,Fairfield,,IFT FIRST Expo 2026,https://www.foodchainid.com,group-154@2x.png,02.06.2026,https://www.linkedin.com/company/foodchainid,,South Building — 210 — AI & Software Pavilion,https://ift26.mapyourshow.com/8_0/exhibitor/exhibitor-details.cfm?exhid=01156820,,https://www.facebook.com/FoodChainID,,,,,,,partial,2
foodguys,United States,Seattle,,IFT FIRST Expo 2026,http://www.foodguys.com,inquiry@foodguys.com,+561-935-3815,https://www.linkedin.com/company/foodguys,,South Building — 3657,https://ift26.mapyourshow.com/8_0/exhibitor/exhibitor-details.cfm?exhid=00580848,,,,,,,,,partial,2
Foodmate Co.，Ltd,China,Jiujiang,,IFT FIRST Expo 2026,https://www.foodmategroup.com/,info@foodmategroup.com,https://wa.me/+8613482424189,https://www.linkedin.com/company/foodmategroup,https://www.instagram.com/foodmategroup,South Building — 416,https://ift26.mapyourshow.com/8_0/exhibitor/exhibitor-details.cfm?exhid=01101606,,https://www.facebook.com/FoodmateGroup,,,,,,,partial,2
Foodology by Univar Solutions,United States,Downers Grove,,IFT FIRST Expo 2026,https://www.univarsolutions.com/foodology,,800.531.7106,,,South Building — 1121,https://ift26.mapyourshow.com/8_0/exhibitor/exhibitor-details.cfm?exhid=00006840,,,,,,,,,partial,1
ForeFront Packaging Solutions,United States of America,Morton Grove,,IFT FIRST Expo 2026,https://goforefront.com,,+53 1-708-836-1105,https://www.linkedin.com/company/food-packaging-consultants-fpc-,https://www.instagram.com/forefrontpkg,South Building — 571,https://ift26.mapyourshow.com/8_0/exhibitor/exhibitor-details.cfm?exhid=01274812,,https://www.facebook.com/ForeFrontPackagingSolutions,,,,,,,partial,1
Foreign Domestic Chemicals Corp,United States of America,Oakland,,IFT FIRST Expo 2026,http://www.fodochemscorp.com,gerencia@exportadoraelsol.com,20100021847,https://www.linkedin.com/company/exportadoraelsol,,South Building — 4006,https://ift26.mapyourshow.com/8_0/exhibitor/exhibitor-details.cfm?exhid=00012974,,,,,,,,,partial,2
Forever Harvest,New Zealand,Lincoln,,IFT FIRST Expo 2026,https://www.foreverharvest.co/,info@foreverharvest.co,,,,South Building — ST1 — STARTUP Pavilion,https://ift26.mapyourshow.com/8_0/exhibitor/exhibitor-details.cfm?exhid=01276217,,http://www.facebook.com/2008/fbml,,,,,,,partial,2
Formo Foods GmbH,Germany,Frankfurt am Main,,IFT FIRST Expo 2026,https://formo.bio/,,,https://www.linkedin.com/company/eat-formo/posts,,South Building — ST81 — STARTUP Pavilion,https://ift26.mapyourshow.com/8_0/exhibitor/exhibitor-details.cfm?exhid=01272627,,,,,,,,,partial,1
Foundation Analytical Laboratory,United States of America,Cherokee,,IFT FIRST Expo 2026,http://foundationanalytical.com,,712.225.6989,,,South Building — 4641,https://ift26.mapyourshow.com/8_0/exhibitor/exhibitor-details.cfm?exhid=00370689,,https://www.facebook.com/FoundationAnalyticalLaboratory,,,,,,,partial,1
FPS Food Process Solutions Corp,Canada,Richmond,,IFT FIRST Expo 2026,https://www.fpscorp.ca,user@domain.com,2010 - 2025,https://www.linkedin.com/company/3136627,,South Building — 3056 — Food Manufacturing Equipment Pavilion,https://ift26.mapyourshow.com/8_0/exhibitor/exhibitor-details.cfm?exhid=01265528,,http://www.facebook.com/2008/fbml,,,,,,,partial,2
Freemen Nutra Group,United States of America,Edison,,IFT FIRST Expo 2026,https://freemennutra.com/,memo-q-logo-2@2x.png,732-981-1288,http://linkedin.com/company/freemennutra,,South Building — 4428,https://ift26.mapyourshow.com/8_0/exhibitor/exhibitor-details.cfm?exhid=01229114,,,,,,,,,partial,2
"Fres-co System USA, Inc.",United States,Telford,,IFT FIRST Expo 2026,https://www.fresco.com/,,18969-1033,https://www.linkedin.com/company/59323,,South Building — 3514,https://ift26.mapyourshow.com/8_0/exhibitor/exhibitor-details.cfm?exhid=00014703,,https://www.facebook.com/frescosystem,,,,,,,partial,1
Fresh Hemp Foods,Canada,Winnipeg,,IFT FIRST Expo 2026,https://www.freshhempfoods.com/,info@hempoilcan.com,800-289-4367,https://www.linkedin.com/company/hempoilcanada,,South Building — 1775,https://ift26.mapyourshow.com/8_0/exhibitor/exhibitor-details.cfm?exhid=00106579,,,,,,,,,partial,2
Friday4:30 Ltd,United Kingdom,Henley-on-Thames,,IFT FIRST Expo 2026,http://www.friday430.io,hello@friday430.io,,https://www.linkedin.com/company/friday430,,South Building — ST38 — STARTUP Pavilion,https://ift26.mapyourshow.com/8_0/exhibitor/exhibitor-details.cfm?exhid=01275197,,,,,,,,,partial,2
Fruit d'Or Inc,Canada,Villeroy,,IFT FIRST Expo 2026,https://fruitdor.ca/en/,cv@fruitdor.ca,+18193851126,https://www.linkedin.com/company/fruit-d,,South Building — 1360 — Organic Pavilion,https://ift26.mapyourshow.com/8_0/exhibitor/exhibitor-details.cfm?exhid=00454219,,https://fr-ca.facebook.com/pages/category/Industrial-Company/Fruit-dOr-1043664015727309,,,,,,,partial,2
Fuji Brandenburg GmbH,Germany,Golßen,,IFT FIRST Expo 2026,https://www.fujibrandenburg.com/en/homepage.html,contact@fujibrandenburg.com,+493545218890,https://de.linkedin.com/company/fuji-brandenburg-gmbh,,South Building — 2881,https://ift26.mapyourshow.com/8_0/exhibitor/exhibitor-details.cfm?exhid=01243731,,,,,,,,,partial,2
Fuji Foods Corp.,Japan,Yokohama,,IFT FIRST Expo 2026,https://www.fuji-foods.co.jp/,,2026.04.24,,,South Building — 4814,https://ift26.mapyourshow.com/8_0/exhibitor/exhibitor-details.cfm?exhid=00444247,,,,,,,,,partial,1
"FUJI OIL CO.,LTD.",Japan,Tokyo,,IFT FIRST Expo 2026,https://www.fujioil.co.jp/en/,,2026.05.12,https://www.linkedin.com/company/fuji-oil-group,,South Building — 2882,https://ift26.mapyourshow.com/8_0/exhibitor/exhibitor-details.cfm?exhid=00002508,,,,,,,,,partial,1
Fuji Vegetable Oil Inc,United States of America,Savannah,,IFT FIRST Expo 2026,https://www.fujioilusa.com/,info@fujioilusa.com,912 966-5900,,,South Building — 2880,https://ift26.mapyourshow.com/8_0/exhibitor/exhibitor-details.cfm?exhid=00010865,,,,,,,,,partial,2
FUL Foods,United States of America,San Francisco,,IFT FIRST Expo 2026,https://fulfoods.com/,info@fulfoods.com,,https://www.linkedin.com/company/ful-company,https://www.instagram.com,South Building — 2905,https://ift26.mapyourshow.com/8_0/exhibitor/exhibitor-details.cfm?exhid=01266363,,,,,,,,,partial,2
Futaste Pharmaceutical Co Ltd.,China,Yucheng,,IFT FIRST Expo 2026,http://www.sdftyy.com/,ftyy@furongcn.com,2019 06-20,,,South Building — 4529,https://ift26.mapyourshow.com/8_0/exhibitor/exhibitor-details.cfm?exhid=00153430,,,,,,,,,partial,2
G S Dunn Limited,Canada,Hamilton,,IFT FIRST Expo 2026,http://www.gsdunn.com,info@gsdunn.com,905 522-0833,https://www.linkedin.com/company/g.s-dunn,,South Building — 2908,https://ift26.mapyourshow.com/8_0/exhibitor/exhibitor-details.cfm?exhid=00011972,,https://www.facebook.com/profile.php,,,,,,,partial,2
"Gadot Biochemical Industries, Ltd.",United States,Florida,,IFT FIRST Expo 2026,https://www.gadotbio.com,,+972-4-8461555,https://www.linkedin.com/company/gadotbio,,South Building — 3839,https://ift26.mapyourshow.com/8_0/exhibitor/exhibitor-details.cfm?exhid=00017876,,,,,,,,,partial,1
Galam Group,Israel,MP Menashe,,IFT FIRST Expo 2026,https://www.galamgroup.com/,info@galam.co.il,+972-4-6375222,https://www.linkedin.com/company/18163845,,South Building — 3842,https://ift26.mapyourshow.com/8_0/exhibitor/exhibitor-details.cfm?exhid=00002530,,,,,,,,,partial,2
"Gansu Bochang Health Technology Co.,Ltd.",China,Dingxi,,IFT FIRST Expo 2026,https://www.gsbochang.com/,,+86-932-8200572,,,South Building — 1675,https://ift26.mapyourshow.com/8_0/exhibitor/exhibitor-details.cfm?exhid=01251622,,,,,,,,,partial,1
Garlic Co.;The,United States,Shafter,,IFT FIRST Expo 2026,http://www.thegarliccompany.com,jobs@thegarliccompany.com,661-393-4212,,,South Building — 2808,https://ift26.mapyourshow.com/8_0/exhibitor/exhibitor-details.cfm?exhid=00068245,,,,,,,,,partial,2
Garon Foods,United States of America,Herrin,,IFT FIRST Expo 2026,http://www.garonfoods.com,,618-942-4810,,,South Building — 1810,https://ift26.mapyourshow.com/8_0/exhibitor/exhibitor-details.cfm?exhid=00764936,,,,,,,,,partial,1
Gateway Food Products Company,United States of America,Dupo,,IFT FIRST Expo 2026,https://www.gatewayfoodproducts.com,sales@gatewayfoodproducts.com,618 286-4844,https://www.linkedin.com/company/gateway-food-products,,South Building — 4208,https://ift26.mapyourshow.com/8_0/exhibitor/exhibitor-details.cfm?exhid=00002548,,,,,,,,,partial,2
"GBH Bioscience (Yunnan) Co., Ltd.",China,YUN NAN,,IFT FIRST Expo 2026,https://en.gbh-co.com/,info@gbh-co.com,+86-875-2810456,,,South Building — 4252,https://ift26.mapyourshow.com/8_0/exhibitor/exhibitor-details.cfm?exhid=01240173,,,,,,,,,partial,2
"GD Process Design, LLC",United States of America,Hartland,,IFT FIRST Expo 2026,https://www.gdprocessdesign.com/,sales@gdprocessdesign.com,19-22 2024,https://www.linkedin.com/company/10567249,,South Building — 3055 — Food Manufacturing Equipment Pavilion,https://ift26.mapyourshow.com/8_0/exhibitor/exhibitor-details.cfm?exhid=01242730,,https://www.facebook.com/GD-Process-Design-LLC-806364056160366,,,,,,,partial,2
GEA Group,United States,Columbia,,IFT FIRST Expo 2026,https://www.gea.com,,4109978700,https://www.linkedin.com/company/geagroup,,South Building — 2221,https://ift26.mapyourshow.com/8_0/exhibitor/exhibitor-details.cfm?exhid=00016266,,https://www.facebook.com/geagroup,,,,,,,partial,1
GELITA USA Inc,United States,Sergeant Bluff,,IFT FIRST Expo 2026,http://www.gelita.com,,12/08/2025,https://www.linkedin.com/company/gelita,https://www.instagram.com/gelita_global,South Building — 3214,https://ift26.mapyourshow.com/8_0/exhibitor/exhibitor-details.cfm?exhid=00060835,,https://www.facebook.com/profile.php,,,,,,,partial,1
Genizer LLC,United States of America,Irvine,,IFT FIRST Expo 2026,https://www.genizer.com,nano@genizer.com,2009-2024,https://www.linkedin.com/company/genizer,https://www.instagram.com/genizertech,South Building — 3861,https://ift26.mapyourshow.com/8_0/exhibitor/exhibitor-details.cfm?exhid=01245593,,https://www.facebook.com/nanogenizer,,,,,,,partial,2
Geo-Fresh Organic Private Limited,India,Sidhpur,,IFT FIRST Expo 2026,https://www.geo-fresh.com/,care@geo-fresh.com,1800-2700-824,,,South Building — 1161 — Organic Pavilion,https://ift26.mapyourshow.com/8_0/exhibitor/exhibitor-details.cfm?exhid=01103634,,,,,,,,,partial,2
Givaudan Sense Colour,United States,Louisville,,IFT FIRST Expo 2026,https://www.ddwcolor.com/,,201 440 5000,https://www.linkedin.com/company/112994,,South Building — 2028,https://ift26.mapyourshow.com/8_0/exhibitor/exhibitor-details.cfm?exhid=00024184,,,,,,,,,partial,1
Glatt Air Techniques Inc,United States,Ramsey,,IFT FIRST Expo 2026,http://www.glatt.com,info@glatt.com,+49 7621 664 0,https://www.linkedin.com/company/glatt-group,,South Building — 3345,https://ift26.mapyourshow.com/8_0/exhibitor/exhibitor-details.cfm?exhid=00002664,,,,,,,,,partial,2
Global Organics Ltd,United States,Cambridge,,IFT FIRST Expo 2026,http://www.global-organics.com,info@global-organics.com,02138-1119,https://www.linkedin.com/company/global-organics-ltd.,https://www.instagram.com/globalorganicsltd,South Building — 1564 — Organic Pavilion,https://ift26.mapyourshow.com/8_0/exhibitor/exhibitor-details.cfm?exhid=00081907,,,,,,,,,partial,2
Global Site Location Industries,United States of America,Dallas,,IFT FIRST Expo 2026,https://www.gslisolutions.com,,,,,South Building — 105 — AI & Software Pavilion,https://ift26.mapyourshow.com/8_0/exhibitor/exhibitor-details.cfm?exhid=01223106,,,,,,,,,partial,1
GloryBee,United States,Eugene,,IFT FIRST Expo 2026,https://glorybee.com/,,800 456-7923,https://www.linkedin.com/company/glorybee,https://www.instagram.com/glorybeefoods,South Building — 1672,https://ift26.mapyourshow.com/8_0/exhibitor/exhibitor-details.cfm?exhid=00104848,,https://www.facebook.com/GloryBeeFoods,,,,,,,partial,1
"GNT USA, LLC",United States,Dallas,,IFT FIRST Expo 2026,http://www.exberry.com,info-germany@gnt-group.com,+49 241 8885-0,https://www.linkedin.com/company/gnt-international-bv,https://www.instagram.com/gntgroup,South Building — 1635,https://ift26.mapyourshow.com/8_0/exhibitor/exhibitor-details.cfm?exhid=00070706,,,,,,,,,partial,2
"Gold Coast Ingredients, Inc.",United States,Commerce,,IFT FIRST Expo 2026,https://goldcoastinc.com/,,+18003526837,https://www.linkedin.com/company/gold-coast-ingredients,,South Building — 1403,https://ift26.mapyourshow.com/8_0/exhibitor/exhibitor-details.cfm?exhid=00013620,,,,,,,,,partial,1
Golden Gate Nut Co.,United States,Ripon,,IFT FIRST Expo 2026,http://www.goldengatenuts.com,,12095997131,,,South Building — 4634,https://ift26.mapyourshow.com/8_0/exhibitor/exhibitor-details.cfm?exhid=01159264,,,,,,,,,partial,1
Golden Peanut Co LLC,United States,Alpharetta,,IFT FIRST Expo 2026,https://www.goldenpeanut.com,,(770) 752-8285,https://linkedin.com,,South Building — 3210,https://ift26.mapyourshow.com/8_0/exhibitor/exhibitor-details.cfm?exhid=00018331,,,,,,,,,partial,1
GRA Nutra,United States of America,Fairfield,,IFT FIRST Expo 2026,https://granutra.com/,info@granutra.com,+1 (973) 362-0151,https://linkedin.com/gra-nutra,,South Building — 1780,https://ift26.mapyourshow.com/8_0/exhibitor/exhibitor-details.cfm?exhid=01247402,,,,,,,,,partial,2
"Graceland Fruit, Inc.",United States,Frankfort,,IFT FIRST Expo 2026,https://www.gracelandfruit.com/,info@gracelandfruit.com,+18003527181,https://www.linkedin.com/company/graceland-fruit-inc,https://www.instagram.com/gracelandfruit,South Building — 2265,https://ift26.mapyourshow.com/8_0/exhibitor/exhibitor-details.cfm?exhid=00017775,,https://www.facebook.com/tr,,,,,,,partial,2
Graham Chemical Corporation,United States,Barrington,,IFT FIRST Expo 2026,https://www.grahamchemical.com/,,847-304-4400,https://www.linkedin.com/company/graham-chemical-corporation,,South Building — 3810,https://ift26.mapyourshow.com/8_0/exhibitor/exhibitor-details.cfm?exhid=00058342,,,,,,,,,partial,1
"Grain Millers, Inc.",United States,Eden Prairie,,IFT FIRST Expo 2026,https://www.grainmillers.com,ben.elliott@grainmillers.com,800.232.6287,https://www.linkedin.com/company/grainmillersinc,https://www.instagram.com/grainmillers,South Building — 1669 — Organic Pavilion,https://ift26.mapyourshow.com/8_0/exhibitor/exhibitor-details.cfm?exhid=00009761,,https://www.facebook.com/grainmillersinc,,,,,,,partial,2
Grain Processing Corporation,United States,MUSCATINE,,IFT FIRST Expo 2026,https://www.grainprocessing.com,sales@grainprocessing.com,52761-1494,https://www.linkedin.com/company/grain-processing-corporation,,South Building — 2332,https://ift26.mapyourshow.com/8_0/exhibitor/exhibitor-details.cfm?exhid=00002735,,,,,,,,,partial,2
Grainwell Puffed Grains,United States of America,Dyersville,,IFT FIRST Expo 2026,https://grainwellfoods.com/,info@grainwellfoods.com,888.587.0750,https://www.linkedin.com/company/grainwell-foods,,South Building — 3962,https://ift26.mapyourshow.com/8_0/exhibitor/exhibitor-details.cfm?exhid=0121163,,,,,,,,,partial,2
Grande Custom Ingredients Group,United States,Fond Du Lac,,IFT FIRST Expo 2026,https://www.grandecig.com/,gcig@grande.com,4697-8685,https://www.linkedin.com/company/grande-custom-ingredients-group,,South Building — 2207,https://ift26.mapyourshow.com/8_0/exhibitor/exhibitor-details.cfm?exhid=00021606,,,,,,,,,partial,2
Granutools,Belgium,Awans,,IFT FIRST Expo 2026,https://www.granutools.com/en/,info@granutools.com,+32 4 384 00 74,https://www.linkedin.com/company/granutools,,South Building — 564,https://ift26.mapyourshow.com/8_0/exhibitor/exhibitor-details.cfm?exhid=01185128,,,,,,,,,partial,2
Great Lakes Pallet,United States of America,Loves Park,,IFT FIRST Expo 2026,https://www.greatlakespallet.com/,,8156371500,,,South Building — 4741,https://ift26.mapyourshow.com/8_0/exhibitor/exhibitor-details.cfm?exhid=01276190,,,,,,,,,partial,1
Green Fresh (Fujian) Foodstuff Co Ltd,China,Longhai,,IFT FIRST Expo 2026,https://www.greenfreshfood.com/,mkt@greenfreshfood.com,86-592-5213819,https://www.linkedin.com/company/13248189/admin/dashboard,https://instagram.com,South Building — 3006,https://ift26.mapyourshow.com/8_0/exhibitor/exhibitor-details.cfm?exhid=00867322,,https://www.facebook.com,,,,,,,partial,2
Green Future Biotech Sdn. Bhd.,Malaysia,Kuantan Phang,,IFT FIRST Expo 2026,http://www.greenfuture. com. my,,+60 12 3219658,,,South Building — 1165 — Organic Pavilion,https://ift26.mapyourshow.com/8_0/exhibitor/exhibitor-details.cfm?exhid=01274638,,,,,,,,,partial,1
Groward Group,Lithuania,Kaunas,,IFT FIRST Expo 2026,http://www.groward.eu,atsiliepimai@groward.eu,+370 800 00 121,https://www.linkedin.com/company/groward-group,,South Building — 2078,https://ift26.mapyourshow.com/8_0/exhibitor/exhibitor-details.cfm?exhid=01271014,,https://www.facebook.com/GrowardGroup,,,,,,,partial,2
GrowinCo.,United States of America,Chicago,,IFT FIRST Expo 2026,https://growinco.com/en/,,,https://br.linkedin.com/company/growin-co,https://www.instagram.com/growinco,South Building — ST92 — STARTUP Pavilion,https://ift26.mapyourshow.com/8_0/exhibitor/exhibitor-details.cfm?exhid=01247726,,https://www.facebook.com/profile.php,,,,,,,partial,1
Grupo Vida,Mexico,Zapopan,,IFT FIRST Expo 2026,https://grupovida.com/,atencionalcliente@grupovida.com,33 32-08-04-00,,,South Building — 3456,https://ift26.mapyourshow.com/8_0/exhibitor/exhibitor-details.cfm?exhid=01092737,,,,,,,,,partial,2
"Guangxi Jinyuan Biochemical Industrial Co., Ltd.",China,Guiping City,,IFT FIRST Expo 2026,http://www.jinyuanbiochem.com,jybc@jinyuan-biochem.com,10201398,,,South Building — 2425,https://ift26.mapyourshow.com/8_0/exhibitor/exhibitor-details.cfm?exhid=01240175,,,,,,,,,partial,2
"Gumix International, Inc.",United States,Fort Lee,,IFT FIRST Expo 2026,https://www.gumix.com,info@gumix.com,201 947-6300,,,South Building — 4142,https://ift26.mapyourshow.com/8_0/exhibitor/exhibitor-details.cfm?exhid=00002819,,,,,,,,,partial,2
Guzen Development Inc,United States,Walnut Creek,,IFT FIRST Expo 2026,http://www.guzendevelopment.com,sales@guzendevelopment.com,2015/2283,https://www.linkedin.com/company/squarespace,,South Building — 1655 — Organic Pavilion,https://ift26.mapyourshow.com/8_0/exhibitor/exhibitor-details.cfm?exhid=00560719,,http://www.facebook.com/2008/fbml,,,,,,,partial,2
H&M USA Inc,United States of America,Syosset,,IFT FIRST Expo 2026,http://www.hmusainc.com,info@hmusainc.com,516-349-9888,http://www.linkedin.com/company/h&m-usa-inc-,,South Building — 4645,https://ift26.mapyourshow.com/8_0/exhibitor/exhibitor-details.cfm?exhid=01271016,,,,,,,,,partial,2
Hainan Super Biotech Co Ltd,China,Haikou,,IFT FIRST Expo 2026,http://www.super-biotech.com,sales_department@super-bio.com.cn,+86 898-68637173,https://www.linkedin.com/company/hainan-super-biotech-rosemary-extract,https://www.instagram.com/superbiotech,South Building — 1549 — Organic Pavilion,https://ift26.mapyourshow.com/8_0/exhibitor/exhibitor-details.cfm?exhid=01187184,,https://www.facebook.com/HainanSuperBiotechRosemaryExtract,,,,,,,partial,2
Hanamaruki Foods Inc.,Japan,Tokyo,,IFT FIRST Expo 2026,https://www.hanamaruki.co.jp/english.html,,81-9047144488,,,South Building — 1723,https://ift26.mapyourshow.com/8_0/exhibitor/exhibitor-details.cfm?exhid=00020547,,,,,,,,,partial,1
"Handan Green And Healthy Dehydrated Vegetables Food Co.,Ltd",China,Handan,,IFT FIRST Expo 2026,https://www.lverkang.cn/,wang@lverkang.cn,https://api.whatsapp.com/send?phone=+86,https://www.linkedin.com/in/maisie-dehydrated-vegetables-liu-74b773197,,South Building — 4622,https://ift26.mapyourshow.com/8_0/exhibitor/exhibitor-details.cfm?exhid=01243173,,,,,,,,,partial,2
Handary SA,Belgium,Brussels,,IFT FIRST Expo 2026,http://www.handary.com,yourname@domainname.com,+32 23 74 63 14,https://be.linkedin.com/company/handary-s-a,,South Building — 2578,https://ift26.mapyourshow.com/8_0/exhibitor/exhibitor-details.cfm?exhid=00350702,,https://www.facebook.com/HandaryCompany,,,,,,,partial,2
"Hangzhou Levinthal Biotechnology Co.,Ltd",China,Hangzhou Zhejiang,,IFT FIRST Expo 2026,https://www.levinthal.bio/,,,https://www.linkedin.com/company/hangzhou-levinthal-biotechnology-co-ltd,,South Building — 108 — AI & Software Pavilion,https://ift26.mapyourshow.com/8_0/exhibitor/exhibitor-details.cfm?exhid=01269715,,,,,,,,,partial,1
"hangzhou RuiLin Chemical Co.,Ltd.",China,Hangzhou,,IFT FIRST Expo 2026,http://www.hzrlhg.com,,11 2019-11,,,South Building — 415,https://ift26.mapyourshow.com/8_0/exhibitor/exhibitor-details.cfm?exhid=01269717,,,,,,,,,partial,1
"Hangzhou Skyherb Technologies Co., Ltd.",China,Hangzhou,,IFT FIRST Expo 2026,https://www.skyherbusa.com/,,+8657188053319 ext. 809,https://www.linkedin.com/company/skyherb,,South Building — 2606,https://ift26.mapyourshow.com/8_0/exhibitor/exhibitor-details.cfm?exhid=00682923,,,,,,,,,partial,1
"Hangzhou Xinfu Science & Technology Co., Ltd.",China,Hangzhou,,IFT FIRST Expo 2026,https://en.yifanyy.com/index.html,,16/09/2025,http://www.linkedin.com/company/xinfu-science,,South Building — 4161,https://ift26.mapyourshow.com/8_0/exhibitor/exhibitor-details.cfm?exhid=01263579,,,,,,,,,partial,1
Happy Plant Protein,Finland,Espoo,,IFT FIRST Expo 2026,https://www.happyplantprotein.com/,jari@happyplantprotein.com,+46 72 393 3775,https://www.linkedin.com/company/happyplantprotein,,South Building — ST71 — STARTUP Pavilion,https://ift26.mapyourshow.com/8_0/exhibitor/exhibitor-details.cfm?exhid=01273806,,,,,,,,,partial,2
Hardline Corporation,United States of America,Middletown,,IFT FIRST Expo 2026,https://www.hardlinekitchen.com/,contact@hardline-corporation.com,+1 815 219-4162,,,South Building — 3249 — Food Manufacturing Equipment Pavilion,https://ift26.mapyourshow.com/8_0/exhibitor/exhibitor-details.cfm?exhid=01272403,,,,,,,,,partial,2
Harris Global Group,United States of America,Anaheim,,IFT FIRST Expo 2026,https://harrisspice.com/,,(714) 507-1919,https://www.linkedin.com/company/harris-spice-company,,South Building — 4709,https://ift26.mapyourshow.com/8_0/exhibitor/exhibitor-details.cfm?exhid=01274640,,,,,,,,,partial,1
Harris Woolf Almonds,United States of America,Coalinga,,IFT FIRST Expo 2026,https://harriswoolfalmonds.com/,,,https://www.linkedin.com/company/harriswoolfalmonds/posts,https://www.instagram.com/hwalmonds,South Building — 4533,https://ift26.mapyourshow.com/8_0/exhibitor/exhibitor-details.cfm?exhid=00553351,,https://www.facebook.com/profile.php,,,,,,,partial,1
"Hauschild SpeedMixer, Inc.",United States of America,Farmington Hills,,IFT FIRST Expo 2026,http://www.speedmixer.com,,8777736937,,,South Building — 4855,https://ift26.mapyourshow.com/8_0/exhibitor/exhibitor-details.cfm?exhid=01276052,,,,,,,,,partial,1
Hawkins Inc,United States of America,Roseville,,IFT FIRST Expo 2026,https://www.hawkinsinc.com/groups/food-ingredients/,customer.service@hawkinsinc.com,800-328-5460,,,South Building — 2081,https://ift26.mapyourshow.com/8_0/exhibitor/exhibitor-details.cfm?exhid=00016135,,,,,,,,,partial,2
HB Taylor,United States of America,Chicago,,IFT FIRST Expo 2026,http://hbtaylor.com,customerservice@hbtaylor.com,2016-12-11,https://www.linkedin.com/company/3995095,,South Building — 1610,https://ift26.mapyourshow.com/8_0/exhibitor/exhibitor-details.cfm?exhid=01207737,,,,,,,,,partial,2
Healthy Food Ingredients,United States,Fargo,,IFT FIRST Expo 2026,https://www.hfifamily.com/,,2016-09-09,https://www.linkedin.com/company/healthy-food-ingredients-llc,https://www.instagram.com/healthyfoodingredients,South Building — 1453 — Organic Pavilion,https://ift26.mapyourshow.com/8_0/exhibitor/exhibitor-details.cfm?exhid=00100706,,https://www.facebook.com/HealthyFoodIngredients,,,,,,,partial,1
Healthy Foods Egypt,Egypt,Cairo,,IFT FIRST Expo 2026,http://www.healthyfoodsegypt.com,,+201060440449,,,South Building — 1475,https://ift26.mapyourshow.com/8_0/exhibitor/exhibitor-details.cfm?exhid=01266455,,,,,,,,,partial,1
Heartland Supply,United States of America,Fayetteville,,IFT FIRST Expo 2026,https://heartlandsupply.com/,csr@heartlandsupply.com,+1-479-444-0970,,,South Building — 4414,https://ift26.mapyourshow.com/8_0/exhibitor/exhibitor-details.cfm?exhid=00010535,,,,,,,,,partial,2
"HEBEI GUANGXIANG PHARMACEUTICAL CO.,LTD.",China,Cangzhou,,IFT FIRST Expo 2026,http://www.sjzsiyao.com,office@sjzsiyao.com,2026-05-25,,,South Building — 1481,https://ift26.mapyourshow.com/8_0/exhibitor/exhibitor-details.cfm?exhid=01222058,,,,,,,,,partial,2
"Hebei Haodong Biological Technology Co.,Ltd",China,Hengshui city,,IFT FIRST Expo 2026,http://www.igelatin.com,info@igelatin.com,+86-186-8100 7286,https://www.linkedin.com/company/igelatin,,South Building — 4627,https://ift26.mapyourshow.com/8_0/exhibitor/exhibitor-details.cfm?exhid=01272050,,https://www.facebook.com/hdswkj,,,,,,,partial,2
"Hebei PureHealth Biotech Co., Ltd.",China,Handan City,,IFT FIRST Expo 2026,http://www.hbpurehealth.com/,,,,,South Building — 4819,https://ift26.mapyourshow.com/8_0/exhibitor/exhibitor-details.cfm?exhid=01266486,,,,,,,,,partial,1
"Henan Feitian Biotechnology Co., Ltd",China,Hebi,,IFT FIRST Expo 2026,https://www.hnycft.com,,+86 532-80868966,,,South Building — 3079,https://ift26.mapyourshow.com/8_0/exhibitor/exhibitor-details.cfm?exhid=01240706,,,,,,,,,partial,1
"Henan Jindan Lactic Acid Technology Co., Ltd.",China,Dancheng County,,IFT FIRST Expo 2026,https://www.jindanlactic.com,jindanla@jindanlactic.com,+86-371-60136136,,,South Building — 3120,https://ift26.mapyourshow.com/8_0/exhibitor/exhibitor-details.cfm?exhid=00098042,,,,,,,,,partial,2
"HENAN SUNNY FOODSTUFF CO.,LTD.",China,Xiangcheng,,IFT FIRST Expo 2026,https://www.hnsunnyfood.com,kelly@hnsunnyfood.com,https://wa.me/+8618638212399,,,South Building — 3762,https://ift26.mapyourshow.com/8_0/exhibitor/exhibitor-details.cfm?exhid=00652899,,,,,,,,,partial,2
"Henan Weichuang Bio-tech Co.,Ltd",China,Xinxiang,,IFT FIRST Expo 2026,https://www.weichuangbio-tech.com/,,+86-373-6815726,,,South Building — 4628,https://ift26.mapyourshow.com/8_0/exhibitor/exhibitor-details.cfm?exhid=01251624,,,,,,,,,partial,1
"Henan Zhongda Hengyuan Biotechnology Stock Co.,Ltd",China,Luohe,,IFT FIRST Expo 2026,http://www.zdextract.com,sales02@hazhongda.com,+1 4088887023,,https://www.instagram.com/zhongdahengyuan1993,South Building — 1272,https://ift26.mapyourshow.com/8_0/exhibitor/exhibitor-details.cfm?exhid=00877717,,https://www.facebook.com/profile.php,,,,,,,partial,2
Herbospice,Spain,San Gines,,IFT FIRST Expo 2026,https://www.herbospice.com/en/,info@herbospice.com,+34 968 88 28 73,https://www.linkedin.com/company/herbospice-sl,,South Building — 2917,https://ift26.mapyourshow.com/8_0/exhibitor/exhibitor-details.cfm?exhid=01245373,,,,,,,,,partial,2
HERBS HELLAS S.A,Greece,Velestino,,IFT FIRST Expo 2026,https://herbshellas.gr,,+30 24257 72833,,,South Building — 4734,https://ift26.mapyourshow.com/8_0/exhibitor/exhibitor-details.cfm?exhid=01274043,,,,,,,,,partial,1
Himalayan Secrets,United States of America,Windsor,,IFT FIRST Expo 2026,http://www.himalayansecrets.com,,8604000150,,,South Building — 2178,https://ift26.mapyourshow.com/8_0/exhibitor/exhibitor-details.cfm?exhid=01271018,,,,,,,,,partial,1
Hinalea Imaging,United States of America,Emeryville,,IFT FIRST Expo 2026,https://hinalea.ai/,,+1 510 879-6408,https://www.linkedin.com/company/hinalea-imaging,,South Building — ST2 — STARTUP Pavilion,https://ift26.mapyourshow.com/8_0/exhibitor/exhibitor-details.cfm?exhid=01266459,,https://www.facebook.com/HinaLeaImaging,,,,,,,partial,1
Holton Food Products,United States of America,Elgin,,IFT FIRST Expo 2026,https://www.holtonfp.com/,info@holtonfp.com,1-708-352-5599,,,South Building — 2025,https://ift26.mapyourshow.com/8_0/exhibitor/exhibitor-details.cfm?exhid=00003046,,,,,,,,,partial,2
Hoogwegt Group,United States,Lake Forest,,IFT FIRST Expo 2026,https://hoogwegt.com/,,+65 6908 5037,https://www.linkedin.com/company/hoogwegt-groep-bv,https://www.instagram.com/hoogwegtinternational,South Building — 3936,https://ift26.mapyourshow.com/8_0/exhibitor/exhibitor-details.cfm?exhid=00012114,,,,,,,,,partial,1
Horner International,United States,Durham,,IFT FIRST Expo 2026,http://www.hornerinternational.com,sales@hornerintl.com,+1 919-787-3112,,,South Building — 3246,https://ift26.mapyourshow.com/8_0/exhibitor/exhibitor-details.cfm?exhid=00023572,,,,,,,,,partial,2
Hosokawa Micron Powder Systems,United States,Summit,,IFT FIRST Expo 2026,https://www.hmicronpowder.com/,,1-907-273-6360,,,South Building — 2409,https://ift26.mapyourshow.com/8_0/exhibitor/exhibitor-details.cfm?exhid=00351036,,,,,,,,,partial,1
House Foods Holding USA Inc.,United States,Garden Grove,,IFT FIRST Expo 2026,https://www.house-foods.com/,,1(714)901-4350,,,South Building — 1654 — Organic Pavilion,https://ift26.mapyourshow.com/8_0/exhibitor/exhibitor-details.cfm?exhid=00017817,,,,,,,,,partial,1
HPS Food & Ingredients,Canada,Saskatoon,,IFT FIRST Expo 2026,https://www.hpsfood.com,,,https://ca.linkedin.com/company/hps-food-ingredients-inc,,South Building — 1574,https://ift26.mapyourshow.com/8_0/exhibitor/exhibitor-details.cfm?exhid=01189597,,,,,,,,,partial,1
HRBL Wellness,United States of America,Whippany,,IFT FIRST Expo 2026,http://vishal@hrbl-wellness.com,info@hrbl-wellness.com,,https://linkedin.com/company/hrbl-wellness,https://instagram.com/drinkhrbl,South Building — ST78 — STARTUP Pavilion,https://ift26.mapyourshow.com/8_0/exhibitor/exhibitor-details.cfm?exhid=01274342,,http://www.facebook.com/people/HRBL/61585085761511,,,,,,,partial,2
"Hubei Sanjiang Good Biotech Co.,Ltd.",China,HUBEI,,IFT FIRST Expo 2026,,,,,,South Building — 3182,https://ift26.mapyourshow.com/8_0/exhibitor/exhibitor-details.cfm?exhid=01273325,,,,,,,,,partial,1
Huber Nutrition Calcium,United States of America,Atlanta,,IFT FIRST Expo 2026,http://www.hubercal.com,,866-252-3699,http://www.linkedin.com/company/huber-engineered-materials,,South Building — 3637,https://ift26.mapyourshow.com/8_0/exhibitor/exhibitor-details.cfm?exhid=00130537,,,,,,,,,partial,1
Human Metabolome Tech,United States of America,Boston,,IFT FIRST Expo 2026,https://en.humanmetabolome.com/,hmtamerica@humanmetabolome.com,+81 3 3551 2180,https://www.linkedin.com/company/human-metabolome-technologies,,South Building — 1974,https://ift26.mapyourshow.com/8_0/exhibitor/exhibitor-details.cfm?exhid=01208245,,https://www.facebook.com/Human-Metabolome-Technologies-America-Inc-1539429129630553,,,,,,,partial,2
Hunan Huacheng/Adallen Nutrition,China,Changsha,,IFT FIRST Expo 2026,http://www.huachengbio.com,,+86-731-88988189,https://www.linkedin.com/company/3647419/admin/page-posts/published,,South Building — 4432,https://ift26.mapyourshow.com/8_0/exhibitor/exhibitor-details.cfm?exhid=00915799,,https://www.facebook.com/huachengbio,,,,,,,partial,1
"Hunan Jiayi Biotechnology Co.,Ltd.",China,Xiangtan,,IFT FIRST Expo 2026,http://www.biojiayi.com/en,yalex@biojiae.com,+86-15858300458,,,South Building — 4638,https://ift26.mapyourshow.com/8_0/exhibitor/exhibitor-details.cfm?exhid=01243174,,,,,,,,,partial,2
Hunan Nutramax Inc,China,CHANGSHA,,IFT FIRST Expo 2026,http://www.nutra-max.com,,2026-05-13,,,South Building — 1550 — Organic Pavilion,https://ift26.mapyourshow.com/8_0/exhibitor/exhibitor-details.cfm?exhid=00886062,,,,,,,,,partial,1
Hunterlab,United States,Reston,,IFT FIRST Expo 2026,https://hunterlab.com,info@hunterlab.com,703-471-6870,https://www.linkedin.com/company/hunterlab,"https://www.instagram.com/hunterlabcolor/""",South Building — 3965,https://ift26.mapyourshow.com/8_0/exhibitor/exhibitor-details.cfm?exhid=00003118,,https://www.facebook.com/HunterLab,,,,,,,partial,2
Hydrite,United States,Brookfield,,IFT FIRST Expo 2026,https://www.hydrite.com,,262-792-1450,https://www.linkedin.com/company/hydrite-chemical-co-,https://www.instagram.com/hydrite,South Building — 4039,https://ift26.mapyourshow.com/8_0/exhibitor/exhibitor-details.cfm?exhid=00008197,,https://www.facebook.com/hydrite,,,,,,,partial,1
Hydrosome Labs LLC,United States of America,Westmont,,IFT FIRST Expo 2026,https://hydrosomelabs.com/,,,,,South Building — ST77 — STARTUP Pavilion,https://ift26.mapyourshow.com/8_0/exhibitor/exhibitor-details.cfm?exhid=01239583,,,,,,,,,partial,1
Hyfe Foods,United States of America,San Francisco,,IFT FIRST Expo 2026,https://hyfe.tech/,info@hyfefoods.com,,https://www.linkedin.com/company/hyfetech,,South Building — ST6 — STARTUP Pavilion,https://ift26.mapyourshow.com/8_0/exhibitor/exhibitor-details.cfm?exhid=01276701,,,,,,,,,partial,2
Hylen Co Ltd,China,Qingdao,,IFT FIRST Expo 2026,http://www.hylen.cn/,sales@hylen.cn,+86-532-55683066,https://www.linkedin.com/uas/login,,South Building — 122,https://ift26.mapyourshow.com/8_0/exhibitor/exhibitor-details.cfm?exhid=01157649,,,,,,,,,partial,2
Hyundai C-Square,"Korea, Republic of",Seoul,,IFT FIRST Expo 2026,http://www.hyundaicsquare.com,,02-390-1433,https://www.linkedin.com/company/hyundai-csquare,,South Building — 4653,https://ift26.mapyourshow.com/8_0/exhibitor/exhibitor-details.cfm?exhid=01274642,,,,,,,,,partial,1
ICL Food Specialties,United States,Webster Groves,,IFT FIRST Expo 2026,https://www.iclfood.com/,,+ 01 02 03 04 05,https://www.linkedin.com/company/icl-food-specialties,,South Building — 1432,https://ift26.mapyourshow.com/8_0/exhibitor/exhibitor-details.cfm?exhid=00023824,,,,,,,,,partial,1
ICOF MUSIM MAS,United States of America,CINCINNATI,,IFT FIRST Expo 2026,http://musimmas.com,icofamerica.sales@icofgroup.com,2261 4918,https://www.linkedin.com/company/musim-mas-group,https://www.instagram.com/musimmas_group,South Building — 4649,https://ift26.mapyourshow.com/8_0/exhibitor/exhibitor-details.cfm?exhid=00687601,,https://www.facebook.com/MusimMasGroup,,,,,,,partial,2
Icon Foods Inc,United States,Portland,,IFT FIRST Expo 2026,https://www.iconfoods.com/,sales@iconfoods.com,310 455-9876,https://www.linkedin.com/company/320936,https://www.instagram.com/icon_foods,South Building — 3242,https://ift26.mapyourshow.com/8_0/exhibitor/exhibitor-details.cfm?exhid=00570772,,https://www.facebook.com/iconfoodsingredients,,,,,,,partial,2
Idaho Pacific Holdings,United States,Ririe,,IFT FIRST Expo 2026,https://www.idahopacific.com,ipc@idahopacific.com,+1 208 538-6971,https://www.linkedin.com/company/idaho-pacific-holdings,https://www.instagram.com/squarespace,South Building — 3635,https://ift26.mapyourshow.com/8_0/exhibitor/exhibitor-details.cfm?exhid=00011225,,http://www.facebook.com/2008/fbml,,,,,,,partial,2
IEH Laboratories & Consulting Group,United States of America,Lake Forest Park,,IFT FIRST Expo 2026,https://www.iehinc.com/,info@iehinc.com,206 522-5432,https://www.linkedin.com/company/ieh-inc-,,South Building — 4264,https://ift26.mapyourshow.com/8_0/exhibitor/exhibitor-details.cfm?exhid=00112537,,,,,,,,,partial,2
IFC Solutions,United States of America,Linden,,IFT FIRST Expo 2026,https://ifc-solutions.com/,logo-sml-onwhite@2x.png,+1-908-862-8810,,,South Building — 3503,https://ift26.mapyourshow.com/8_0/exhibitor/exhibitor-details.cfm?exhid=00003381,,https://www.facebook.com/IFCSolutions,,,,,,,partial,2
IFT CoDeveloper,United States of America,Chicago,,IFT FIRST Expo 2026,https://codeveloper.ift.org/,,,https://www.linkedin.com/company/codeveloper-ift,,South Building — 207,https://ift26.mapyourshow.com/8_0/exhibitor/exhibitor-details.cfm?exhid=01177070,,,,,,,,,partial,1
"IKA Works, Inc.",United States of America,Wilmington,,IFT FIRST Expo 2026,http://www.ika.com,,+49 7633 831 0,https://www.linkedin.com/company/ika-works,https://www.instagram.com/ikaworldwide,South Building — 4742,https://ift26.mapyourshow.com/8_0/exhibitor/exhibitor-details.cfm?exhid=00019800,,https://www.facebook.com/IKAworldwide,,,,,,,partial,1
Illinois Department of Agriculture,United States,Springfield,,IFT FIRST Expo 2026,https://test.com,,1(217)782-5809,,,South Building — 1607,https://ift26.mapyourshow.com/8_0/exhibitor/exhibitor-details.cfm?exhid=00003175,,,,,,,,,partial,1
IMCD,United States of America,Westlake,,IFT FIRST Expo 2026,https://www.imcdus.com/business-groups/food-and-nutrition,,1-844-458-7111,,,South Building — 1832,https://ift26.mapyourshow.com/8_0/exhibitor/exhibitor-details.cfm?exhid=00586409,,,,,,,,,partial,1
"Impact Products, LLC",United States of America,Heber City,,IFT FIRST Expo 2026,http://www.impactyourlife.co/keychain,,,,,South Building — 1677,https://ift26.mapyourshow.com/8_0/exhibitor/exhibitor-details.cfm?exhid=01220932,,,,,,,,,partial,1
Improve,France,dury,,IFT FIRST Expo 2026,https://www.improve-innov.com,,,https://www.linkedin.com/company/sas-improve,,South Building — ST34 — STARTUP Pavilion,https://ift26.mapyourshow.com/8_0/exhibitor/exhibitor-details.cfm?exhid=01275201,,,,,,,,,partial,1
Incipientus,Sweden,"Västra Frölunda,",,IFT FIRST Expo 2026,http://www.incipientus.com,,+46727446649,,,South Building — 3153 — Food Manufacturing Equipment Pavilion,https://ift26.mapyourshow.com/8_0/exhibitor/exhibitor-details.cfm?exhid=01273796,,,,,,,,,partial,1
Indcresa (USA) LLC,United States of America,Naples,,IFT FIRST Expo 2026,https://indcresa.com/,protecciondatos@indcresa.com,+34 93 736 23 70,https://www.linkedin.com/company/indcresa,,South Building — 4660,https://ift26.mapyourshow.com/8_0/exhibitor/exhibitor-details.cfm?exhid=01031724,,,,,,,,,partial,2
"Indiana Sugars, Inc.",United States,Lemont,,IFT FIRST Expo 2026,http://www.sugars.com,myonover@buysugars.com,https://wa.me/630-739-9151,https://www.linkedin.com/company/indiana-sugars-inc.,,South Building — 222,https://ift26.mapyourshow.com/8_0/exhibitor/exhibitor-details.cfm?exhid=00019161,,,,,,,,,partial,2
Indoharvest Spice,Indonesia,Mojokerto,,IFT FIRST Expo 2026,http://.,,,,,South Building — 2916,https://ift26.mapyourshow.com/8_0/exhibitor/exhibitor-details.cfm?exhid=01240200,,,,,,,,,partial,1
Indus Farms Superfoods,United States of America,chicago,,IFT FIRST Expo 2026,http://www.indusfarms.com,,,,,South Building — ST24 — STARTUP Pavilion,https://ift26.mapyourshow.com/8_0/exhibitor/exhibitor-details.cfm?exhid=01249973,,,,,,,,,partial,1
Industry Transparency Center,United States of America,Chicago,,IFT FIRST Expo 2026,https://www.itcstrategy.com,info@itcstrategy.com,60610-9998,https://www.linkedin.com/company/trusttransparency,,South Building — 3835,https://ift26.mapyourshow.com/8_0/exhibitor/exhibitor-details.cfm?exhid=01204748,,,,,,,,,partial,2
Infusd Nutrition,Canada,Halifax,,IFT FIRST Expo 2026,https://infusd.ca/,,,https://www.linkedin.com/company/infusd-nutrition,,South Building — ST65 — STARTUP Pavilion,https://ift26.mapyourshow.com/8_0/exhibitor/exhibitor-details.cfm?exhid=01261681,,,,,,,,,partial,1
"Ingia Bio,lnc",United States of America,Ontario,,IFT FIRST Expo 2026,https://www.ingiabio.com,,909 504 7986,https://www.linkedin.com/company/20423173,,South Building — 4541,https://ift26.mapyourshow.com/8_0/exhibitor/exhibitor-details.cfm?exhid=01243877,,,,,,,,,partial,1
Ingredion Incorporated,United States of America,Westchester,,IFT FIRST Expo 2026,http://ingredion.com,,708-209-0629,,,South Building — 1132,https://ift26.mapyourshow.com/8_0/exhibitor/exhibitor-details.cfm?exhid=00001570,,,,,,,,,partial,1
"Inner Mongolia Condeboo Biotech Co.,Ltd.",China,Hohhot,,IFT FIRST Expo 2026,http://www.condeboo.com,,2026001259,,,South Building — 3421,https://ift26.mapyourshow.com/8_0/exhibitor/exhibitor-details.cfm?exhid=01273798,,,,,,,,,partial,1
"Innophos, Inc.",United States,Cranbury,,IFT FIRST Expo 2026,http://www.innophos.com,,609-495-2495,https://www.linkedin.com/company/innophos,,South Building — MR3388,https://ift26.mapyourshow.com/8_0/exhibitor/exhibitor-details.cfm?exhid=00025767,,,,,,,,,partial,1
Innova Market Insights,United States of America,Chicago,,IFT FIRST Expo 2026,https://www.innovamarketinsights.com,,+31 26 319 2000,https://www.linkedin.com/company/innovamarketinsights,,South Building — 1179,https://ift26.mapyourshow.com/8_0/exhibitor/exhibitor-details.cfm?exhid=00384256,,,,,,,,,partial,1
Interfiber Ltd,Poland,Klembow,,IFT FIRST Expo 2026,https://interfiber.com/,headquater@interfiber.com,+48 22 648 25 09 2022,https://www.linkedin.com/company/interfiber-sp.-z-o.o,,South Building — 541,https://ift26.mapyourshow.com/8_0/exhibitor/exhibitor-details.cfm?exhid=00454209,,https://www.facebook.com/naturalfoodfibers,,,,,,,partial,2
International Food Products Corporation,United States of America,St. Louis,,IFT FIRST Expo 2026,https://ifpc.com/,,63026 800.22,https://www.linkedin.com/company/international-food-products,https://www.instagram.com/ifpc_ingredients,South Building — 4457,https://ift26.mapyourshow.com/8_0/exhibitor/exhibitor-details.cfm?exhid=00662146,,https://www.facebook.com/IntlFood,,,,,,,partial,1
International Paper,United States,Indianapolis,,IFT FIRST Expo 2026,https://www.internationalpaper.com/,,317-704-1200,https://www.linkedin.com/company/international-paper,https://www.instagram.com/internationalpaper,South Building — 1841,https://ift26.mapyourshow.com/8_0/exhibitor/exhibitor-details.cfm?exhid=00101832,,https://www.facebook.com/InternationalPaper,,,,,,,partial,1
Interstarch USA Inc,United States of America,Beaverton,,IFT FIRST Expo 2026,https://interstarch.com.ua/,,2026 22.04.2026,https://www.linkedin.com/company/interstarch-usa-inc,,South Building — 4110,https://ift26.mapyourshow.com/8_0/exhibitor/exhibitor-details.cfm?exhid=01045622,,,,,,,,,partial,1
Invico Worldwide,United States of America,Sunny Isles Beach,,IFT FIRST Expo 2026,https://www.invicoworldwide.com,info@invicoworldwide.com,+1.786.232.3851,https://www.linkedin.com/company/covico-coconut-solutions,https://www.instagram.com/invicoworldwide,South Building — 3305,https://ift26.mapyourshow.com/8_0/exhibitor/exhibitor-details.cfm?exhid=01193838,,https://www.facebook.com/pages/category/Food---Beverage/Invico-Worldwide-111201657242175,,,,,,,partial,2
Islamic Food and Nutrition Council of America (IFANCA),United States of America,Des Plaines,,IFT FIRST Expo 2026,http://www.ifanca.org,halal@ifanca.org,+1 847 993-0034,,https://instagram.com/ifanca_halal,South Building — 4128,https://ift26.mapyourshow.com/8_0/exhibitor/exhibitor-details.cfm?exhid=00013942,,https://facebook.com/ifanca,,,,,,,partial,2
"Itochu Chemicals America, Inc",United States of America,Farmington Hills,,IFT FIRST Expo 2026,https://itochu-ca.com/,,,,,South Building — 4061,https://ift26.mapyourshow.com/8_0/exhibitor/exhibitor-details.cfm?exhid=00580290,,,,,,,,,partial,1
"Ivanhoe Industries, Inc.",United States,Zion,,IFT FIRST Expo 2026,http://www.ivanhoeind.com/,website@ivanhoeind.com,+1 847-872-3311,https://www.linkedin.com/company/ivanhoeindustries,,South Building — 3014,https://ift26.mapyourshow.com/8_0/exhibitor/exhibitor-details.cfm?exhid=00014243,,https://www.facebook.com/IvanhoeInd,,,,,,,partial,2
J Rettenmaier USA LP,United States,Schoolcraft,,IFT FIRST Expo 2026,https://www.jrsusa.com/jrs-usa/,jrs-usa-ffl-horizon-flag-logo-compilation-0faae34d-6e4e3d30-mh432@2560w.webp,+18778954099,https://www.linkedin.com/company/j.-rettenmaier-usa-lp,,South Building — 422,https://ift26.mapyourshow.com/8_0/exhibitor/exhibitor-details.cfm?exhid=00022135,,https://www.facebook.com/JRSHQ,,,,,,,partial,2
Jascole Inc,United States of America,Sugar Land,,IFT FIRST Expo 2026,http://jascole.com,info@jascole.com,713-271-3888,,,South Building — 4233,https://ift26.mapyourshow.com/8_0/exhibitor/exhibitor-details.cfm?exhid=00769941,,,,,,,,,partial,2
Jaworski Vegetable Drying Plant,Poland,Blonie,,IFT FIRST Expo 2026,https://www.jaworski.com.pl/,biuro@jaworski.com.pl,+48227256002,https://www.linkedin.com/company/jaworski-vegetable-drying-plant,,South Building — 4045,https://ift26.mapyourshow.com/8_0/exhibitor/exhibitor-details.cfm?exhid=00693857,,,,,,,,,partial,2
"Jebsen & Jessen Life Science, Inc.",United States,Charlotte,,IFT FIRST Expo 2026,https://www.jj-lifescience.com/,,+1 704 999 6626,https://www.linkedin.com/company/jebsen-jessen-life-science-gmbh,,South Building — 3837,https://ift26.mapyourshow.com/8_0/exhibitor/exhibitor-details.cfm?exhid=00020561,,,,,,,,,partial,1
"Jeneil Biotech, Inc.",United States of America,Saukville,,IFT FIRST Expo 2026,https://www.jeneilbiotech.com,,262 268-6815,https://www.linkedin.com/company/jeneil-biotech-inc,,South Building — 4460,https://ift26.mapyourshow.com/8_0/exhibitor/exhibitor-details.cfm?exhid=00019624,,,,,,,,,partial,1
JHD Corp,United States of America,Ontario,,IFT FIRST Expo 2026,https://www.jhdcorp.com/,,6262701888,,,South Building — 3149 — Food Manufacturing Equipment Pavilion,https://ift26.mapyourshow.com/8_0/exhibitor/exhibitor-details.cfm?exhid=01271524,,,,,,,,,partial,1
Jiaherb Inc,United States,Pine Brook,,IFT FIRST Expo 2026,https://www.jiaherbinc.com/,info@jiaherbinc.com,973.439.6869,https://www.linkedin.com/company/439542,,South Building — 2072,https://ift26.mapyourshow.com/8_0/exhibitor/exhibitor-details.cfm?exhid=00360037,,https://www.facebook.com/jiaherb,,,,,,,partial,2
"JIANGSU BENEFIT OCEAN TECHNOLOGY CO., LTD.",China,Ganyu District,,IFT FIRST Expo 2026,http://www.jsboc.com,,86 518 86780077,,,South Building — 4005,https://ift26.mapyourshow.com/8_0/exhibitor/exhibitor-details.cfm?exhid=01103058,,,,,,,,,partial,1
"JiangSu Debang Duoling Health Technology Co.,Ltd",China,Lianyuangang,,IFT FIRST Expo 2026,http://www.dbfine.com.cn,,,,,South Building — 4009,https://ift26.mapyourshow.com/8_0/exhibitor/exhibitor-details.cfm?exhid=01220312,,,,,,,,,partial,1
"Jiangsu Qisong Food Technology Co.,Ltd.",China,Guannan,,IFT FIRST Expo 2026,http://www.qisongfoodtech.com,,2023006402,,,South Building — 3836,https://ift26.mapyourshow.com/8_0/exhibitor/exhibitor-details.cfm?exhid=01240686,,,,,,,,,partial,1
"Jiangxi Dexing Parchn Sodium Isovitamin C Co.,Ltd.",China,DEXING,,IFT FIRST Expo 2026,http://www.parchn.com/,,+86 15779383528,,,South Building — 2620,https://ift26.mapyourshow.com/8_0/exhibitor/exhibitor-details.cfm?exhid=00467184,,,,,,,,,partial,1
"Jiangyin Healthway International Trade Co.,Ltd.",China,Jiangyin,,IFT FIRST Expo 2026,http://www.healthwaychem.com/,,07037750,,,South Building — 4750,https://ift26.mapyourshow.com/8_0/exhibitor/exhibitor-details.cfm?exhid=00662694,,,,,,,,,partial,1
"Jianlong Biotechnology Co., Ltd",China,Hohhot city,,IFT FIRST Expo 2026,http://www.jianlonggroup.com/,,+86-15253245858,,,South Building — 4532,https://ift26.mapyourshow.com/8_0/exhibitor/exhibitor-details.cfm?exhid=00962404,,,,,,,,,partial,1
Jindal Speciality Chemicals India Pvt Ltd,India,Ahmedabad,,IFT FIRST Expo 2026,https://www.jindalspecialitychemicals.com/,,+91 079 71001500,https://www.linkedin.com/company/jindalcompanies,,South Building — 4633,https://ift26.mapyourshow.com/8_0/exhibitor/exhibitor-details.cfm?exhid=01272055,,,,,,,,,partial,1
"Jinxiang Jinxiyuan Food Co.,Ltd",China,Jining,,IFT FIRST Expo 2026,http://www.jinxiyuanfood.com,,+86 0537-8812388,,,South Building — 1154 — Organic Pavilion,https://ift26.mapyourshow.com/8_0/exhibitor/exhibitor-details.cfm?exhid=01104506,,,,,,,,,partial,1
JK Sucralose Inc,China,Shanghai,,IFT FIRST Expo 2026,http://www.jksucralose.com/,jk@jksucralose.com,+021 3250 8008,https://www.linkedin.com/in/jk-sucralose-inc-a760ba83,,South Building — 4640,https://ift26.mapyourshow.com/8_0/exhibitor/exhibitor-details.cfm?exhid=00144808,,https://www.facebook.com/JKsweetSucralose,,,,,,,partial,2
Jogue Inc,United States,Plymouth,,IFT FIRST Expo 2026,https://jogue.com/,jessica.thoms@jogue.com,734-207-0100,https://www.linkedin.com/company/jogue-corporation,https://www.instagram.com/jogueinc,South Building — 2240,https://ift26.mapyourshow.com/8_0/exhibitor/exhibitor-details.cfm?exhid=00003512,,https://www.facebook.com/Jogue-Inc-265435174264973,,,,,,,partial,2
"Juan Navarro Garcia, S.A.U.",Spain,Espinardo,,IFT FIRST Expo 2026,https://juannavarro.com/,info@juannavarrogarcia.com,+34 968 306 102,,,South Building — 2270,https://ift26.mapyourshow.com/8_0/exhibitor/exhibitor-details.cfm?exhid=01209168,,,,,,,,,partial,2
Jungbunzlauer,Switzerland,Basel,,IFT FIRST Expo 2026,https://www.jungbunzlauer.com,headquarters@jungbunzlauer.com,+43 1 502 00 0,https://www.linkedin.com/company/jungbunzlauer,,South Building — 726,https://ift26.mapyourshow.com/8_0/exhibitor/exhibitor-details.cfm?exhid=00011058,,,,,,,,,partial,2
"Junqi (Shanghai) Import and Export Trading Co., Ltd",China,Shanghai,,IFT FIRST Expo 2026,https://www.junqibio.com,info@junqibio.com,400-828-2991,,,South Building — 2573,https://ift26.mapyourshow.com/8_0/exhibitor/exhibitor-details.cfm?exhid=01246525,,,,,,,,,partial,2
JVM Sales Corp dba Milano's Cheese,United States,Linden,,IFT FIRST Expo 2026,http://www.milanoscheese.com,info@milanoscheese.com,908 862-4866,,,South Building — 4106,https://ift26.mapyourshow.com/8_0/exhibitor/exhibitor-details.cfm?exhid=00403328,,,,,,,,,partial,2
Kadoya Sesame Mills Inc,Japan,Shinagawa-ku,,IFT FIRST Expo 2026,https://www.kadoya.com/english/,yourname@yourdomain.com,81-36721-7657,,https://www.instagram.com/kadoya_global,South Building — 2077,https://ift26.mapyourshow.com/8_0/exhibitor/exhibitor-details.cfm?exhid=00562643,,,,,,,,,partial,2
Kansas State University,United States,Manhattan,,IFT FIRST Expo 2026,https://www.ag.k-state.edu/,kstateag@k-state.edu,66506-4004,https://www.linkedin.com/showcase/kstateagriculture,https://instagram.com/kstateag,South Building — 1745,https://ift26.mapyourshow.com/8_0/exhibitor/exhibitor-details.cfm?exhid=00066063,,https://www.facebook.com/KStateAg,,,,,,,partial,2
Kefiplant,Canada,Drummondville,,IFT FIRST Expo 2026,htttps//:www.kefiplant.com,,,https://linkedin.com/company/kefiplant-inc,,South Building — 1817,https://ift26.mapyourshow.com/8_0/exhibitor/exhibitor-details.cfm?exhid=01264093,,,,,,,,,partial,1
Keicha Matcha,United States,Huntington Beach,,IFT FIRST Expo 2026,https://keichamatcha.com/,,714-907-0030,https://www.linkedin.com/company/38087710,,South Building — 1565 — Organic Pavilion,https://ift26.mapyourshow.com/8_0/exhibitor/exhibitor-details.cfm?exhid=01115104,,,,,,,,,partial,1
Kemin Industries Inc,United States,Des Moines,,IFT FIRST Expo 2026,,,1(515)559-5123,,,South Building — 2037,https://ift26.mapyourshow.com/8_0/exhibitor/exhibitor-details.cfm?exhid=00105353,,,,,,,,,partial,1
Kerry,United States,Beloit,,IFT FIRST Expo 2026,,,1(608)299-5369,,,South Building — MR2788,https://ift26.mapyourshow.com/8_0/exhibitor/exhibitor-details.cfm?exhid=00019721,,,,,,,,,partial,1
Kett US,United States,St. Augustine,,IFT FIRST Expo 2026,https://www.kett.com,support@kett.com,1996-2026,https://www.linkedin.com/company/kett,https://www.instagram.com/kettsupport,South Building — 4008,https://ift26.mapyourshow.com/8_0/exhibitor/exhibitor-details.cfm?exhid=00017950,,https://www.facebook.com/KettTestInstruments,,,,,,,partial,2
Key Interiors,United States of America,Lombard,,IFT FIRST Expo 2026,https://www.keyinteriors.us/,,2026-02-16,https://www.linkedin.com/company/key-interiors-design-llc,https://www.instagram.com/key_interiors_,South Building — 3177,https://ift26.mapyourshow.com/8_0/exhibitor/exhibitor-details.cfm?exhid=01273800,,https://www.facebook.com/keyinteriorsillinois,,,,,,,partial,1
Kikkoman Sales USA Inc,United States,San Francisco,,IFT FIRST Expo 2026,https://www.kikkomanusa.com/foodmanufacturers/,,94142-0784,,https://www.instagram.com/kikkomanusa,South Building — 1107,https://ift26.mapyourshow.com/8_0/exhibitor/exhibitor-details.cfm?exhid=00003663,,https://www.facebook.com/kikkomanskitchen,,,,,,,partial,1
KIMICA Corporation,Japan,Tokyo,,IFT FIRST Expo 2026,https://www.kimica-algin.com/,,81-368251193,,,South Building — 3116,https://ift26.mapyourshow.com/8_0/exhibitor/exhibitor-details.cfm?exhid=00018874,,,,,,,,,partial,1
KJ Ingredients,United States of America,Edison,,IFT FIRST Expo 2026,http://www.kjingredients.com,sales@kjingredients.com,732 662-1555,,https://www.instagram.com/kj_ingredients,South Building — 2341,https://ift26.mapyourshow.com/8_0/exhibitor/exhibitor-details.cfm?exhid=01208877,,https://www.facebook.com/KJ-Ingredients-105613307985854,,,,,,,partial,2
KMC,Denmark,Brande,,IFT FIRST Expo 2026,https://www.kmc.dk/,kmc@kmc.dk,+45 9642 5555,https://www.linkedin.com/company/kmc-amba,,South Building — 3735,https://ift26.mapyourshow.com/8_0/exhibitor/exhibitor-details.cfm?exhid=00011778,,,,,,,,,partial,2
Koel Colours Pvt. Ltd,India,Vapi,,IFT FIRST Expo 2026,http://www.koelcolours.com,sales@koelcolours.com,+91 22 3537 4666,https://www.linkedin.com/in/koel-colours-7b202216b,https://www.instagram.com/koelcolours,South Building — 3114,https://ift26.mapyourshow.com/8_0/exhibitor/exhibitor-details.cfm?exhid=01207342,,https://www.facebook.com/koelcoloursindia,,,,,,,partial,2
KORE International,India,Gujarat,,IFT FIRST Expo 2026,https://koreagro.com/,,13 22.66 28.33,,,South Building — 1874,https://ift26.mapyourshow.com/8_0/exhibitor/exhibitor-details.cfm?exhid=01263581,,,,,,,,,partial,1
Korea Food Research Institute,"Korea, Republic of",Jeonju,,IFT FIRST Expo 2026,https://www.kfri.re.kr/?r=en,parkjm@kfri.re.kr,20260601,,https://www.instagram.com/kfripr,South Building — 4103,https://ift26.mapyourshow.com/8_0/exhibitor/exhibitor-details.cfm?exhid=00011445,,,,,,,,,partial,2
Kraft Heinz Ingredients Corp,United States,Glenview,,IFT FIRST Expo 2026,https://www.kraftheinzingredients.com/,bg-info@2x.png,,,,South Building — 1903,https://ift26.mapyourshow.com/8_0/exhibitor/exhibitor-details.cfm?exhid=00014686,,,,,,,,,partial,2
KSM-66 Ashwagandha,United States of America,Los Angeles,,IFT FIRST Expo 2026,https://ksm66ashwagandhaa.com/,info@ixoreal.com,+1-310-424-5535,https://www.linkedin.com/company/ksm-66-ashwagandha,https://www.instagram.com/ksm_66_ashwagandha,South Building — 1126,https://ift26.mapyourshow.com/8_0/exhibitor/exhibitor-details.cfm?exhid=01239585,,https://www.facebook.com/KSM66-Ashwagandha-274810052710629,,,,,,,partial,2
KUTAS TARIM URUNLERI DIS TIC. VE SAN. A.S.,Turkey,Izmir,,IFT FIRST Expo 2026,https://www.kutas.com.tr/,info@kutas.com.tr,+90 232 433 2312,https://www.linkedin.com/company/kutas-group,https://www.instagram.com/kutasgroup,South Building — 4720,https://ift26.mapyourshow.com/8_0/exhibitor/exhibitor-details.cfm?exhid=01266488,,https://www.facebook.com/pg/KutasGroup/about,,,,,,,partial,2
L&C Global Spice Inc.,United States of America,La Puente,,IFT FIRST Expo 2026,,,(626)-500-6366,,,South Building — 4522,https://ift26.mapyourshow.com/8_0/exhibitor/exhibitor-details.cfm?exhid=01264082,,,,,,,,,partial,1
L&P Food Ingredient Co Ltd,China,Guangzhou,,IFT FIRST Expo 2026,http://www.lpfoodswy.com,,86-15920549951,https://www.linkedin.com/company/l-p-food-ingredient-co-ltd,,South Building — 4420,https://ift26.mapyourshow.com/8_0/exhibitor/exhibitor-details.cfm?exhid=00024313,,,,,,,,,partial,1
L-Blend,Latvia,Talsi,,IFT FIRST Expo 2026,https://lblend.life/,info@lblend.life,+371 26618610,,,South Building — ST70 — STARTUP Pavilion,https://ift26.mapyourshow.com/8_0/exhibitor/exhibitor-details.cfm?exhid=01273022,,,,,,,,,partial,2
La Crosse Milling Co,United States,Cochrane,,IFT FIRST Expo 2026,https://www.lacrossemilling.com,ghartzell@lacrossemilling.com,608 248-2222,https://www.linkedin.com/company/la-crosse-milling-company,,South Building — 4410,https://ift26.mapyourshow.com/8_0/exhibitor/exhibitor-details.cfm?exhid=00021738,,https://www.facebook.com/LaCrosseMillingCo,,,,,,,partial,2
Lakanto,United States of America,Orem,,IFT FIRST Expo 2026,https://www.lakanto.com/,,8005137936,,,South Building — 4037,https://ift26.mapyourshow.com/8_0/exhibitor/exhibitor-details.cfm?exhid=01179662,,,,,,,,,partial,1
Lallemand Bio-Ingredients/Macco.,Canada,Montreal,,IFT FIRST Expo 2026,https://www.bio-lallemand.com,,+1 514 522 2133,https://www.linkedin.com/showcase/lallemand-bio-ingredients,,South Building — 2021,https://ift26.mapyourshow.com/8_0/exhibitor/exhibitor-details.cfm?exhid=00024042,,,,,,,,,partial,1
Lapoint Packaging at PackGen,United States of America,Auburn,,IFT FIRST Expo 2026,https://www.lapointpackaging.com,,04210 207-784-4195,https://www.linkedin.com/company/lapointpackagingatpackgen,,South Building — 3905,https://ift26.mapyourshow.com/8_0/exhibitor/exhibitor-details.cfm?exhid=01227653,,,,,,,,,partial,1
Layn Natural Ingredients,United States,Irvine,,IFT FIRST Expo 2026,http://www.layncorp.com/,,1(949)387-6840,,,South Building — 2203,https://ift26.mapyourshow.com/8_0/exhibitor/exhibitor-details.cfm?exhid=00385414,,,,,,,,,partial,1
LBB Specialties,United States,Norwalk,,IFT FIRST Expo 2026,https://www.lbbspecialties.com/,,1(203)299-3220,,,South Building — 2403,https://ift26.mapyourshow.com/8_0/exhibitor/exhibitor-details.cfm?exhid=00000238,,,,,,,,,partial,1
Leaft Foods,New Zealand,Rolleston,,IFT FIRST Expo 2026,https://www.leaftfoods.com/,,,,,South Building — ST32 — STARTUP Pavilion,https://ift26.mapyourshow.com/8_0/exhibitor/exhibitor-details.cfm?exhid=01267669,,,,,,,,,partial,1
"Lechler, Inc.",United States of America,St. Charles,,IFT FIRST Expo 2026,https://www.lechlerusa.com,,6308441300,https://www.linkedin.com/company/lechler-inc.,,South Building — 3256 — Food Manufacturing Equipment Pavilion,https://ift26.mapyourshow.com/8_0/exhibitor/exhibitor-details.cfm?exhid=01241380,,https://www.facebook.com/tr,,,,,,,partial,1
Lee Kum Kee (USA) Inc.,United States,City Of Industry,,IFT FIRST Expo 2026,https://usa.lkk.com/en/industrial,,1(626)709-1888,https://www.linkedin.com/company/lee-kum-kee-culinary,https://www.instagram.com/leekumkeeusa,South Building — 3003,https://ift26.mapyourshow.com/8_0/exhibitor/exhibitor-details.cfm?exhid=00003887,,https://www.facebook.com/tr,,,,,,,partial,1
Legacy Foods Manufacturing,United States of America,Elk Grove Village,,IFT FIRST Expo 2026,http://www.LegacyFoodsMfg.com,,847-595-9106,https://www.linkedin.com/company/legacy-foods-manufacturing,,South Building — 4565,https://ift26.mapyourshow.com/8_0/exhibitor/exhibitor-details.cfm?exhid=01272405,,,,,,,,,partial,1
Leprino Nutrition,United States of America,Denver,,IFT FIRST Expo 2026,https://leprinonutrition.com/,nutritionsales@leprino.com,1001-5000,https://www.linkedin.com/company/leprino-nutrition,,South Building — 2336,https://ift26.mapyourshow.com/8_0/exhibitor/exhibitor-details.cfm?exhid=00003909,,,,,,,,,partial,2
Levapan Americas LLC,Colombia,Bogota,,IFT FIRST Expo 2026,http://levapan.com,,57-3174239132,,,South Building — 1754 — Organic Pavilion,https://ift26.mapyourshow.com/8_0/exhibitor/exhibitor-details.cfm?exhid=00010261,,,,,,,,,partial,1
Leveking Biotech Co Ltd,China,Chizhou,,IFT FIRST Expo 2026,http://www.levekingenzymes.com,inquiry@leveking.com,+21236547898,https://www.linkedin.com/company/leveking,,South Building — 3662,https://ift26.mapyourshow.com/8_0/exhibitor/exhibitor-details.cfm?exhid=00867360,,https://www.facebook.com/LevekingBiotech,,,,,,,partial,2
LifeSpice Ingredients,United States,Chicago,,IFT FIRST Expo 2026,https://lifespice.com,,1(312)274-0073,https://www.linkedin.com/company/lifespice-ingredients,https://www.instagram.com/lifespiceingredients,South Building — 3645,https://ift26.mapyourshow.com/8_0/exhibitor/exhibitor-details.cfm?exhid=00364932,,,,,,,,,partial,1
LinkOne Ingredient Solutions,United States of America,Monett,,IFT FIRST Expo 2026,https://linkone-solutions.com/,customerservice@linkone-solutions.com,14172369602,,,South Building — 2065,https://ift26.mapyourshow.com/8_0/exhibitor/exhibitor-details.cfm?exhid=01221013,,,,,,,,,partial,2
Liquid Orchard Inc,United States of America,Santa Clara,,IFT FIRST Expo 2026,https://liquidorchard.com/,info@myliquidorchard.com,+88 0 101 0000 000,,http://instagram.com”,South Building — ST28 — STARTUP Pavilion,https://ift26.mapyourshow.com/8_0/exhibitor/exhibitor-details.cfm?exhid=01275622,,https://www.facebook.com/&,,,,,,,partial,2
Living Prairie Family Farms,United States of America,Wolcott,,IFT FIRST Expo 2026,https://www.livingprairiefarms.com,user@domain.com,,,,South Building — ST83 — STARTUP Pavilion,https://ift26.mapyourshow.com/8_0/exhibitor/exhibitor-details.cfm?exhid=01272817,,http://www.facebook.com/2008/fbml,,,,,,,partial,2
Loadsmart,United States of America,Chicago,,IFT FIRST Expo 2026,https://loadsmart.com/,carrier@loadsmart.com,+1 646-887-6278,https://www.linkedin.com/company/loadsmart,https://www.instagram.com/loadsmart,South Building — 304,https://ift26.mapyourshow.com/8_0/exhibitor/exhibitor-details.cfm?exhid=01272815,,https://www.facebook.com/loadsmartUS,,,,,,,partial,2
Lodaat Pharma,United States of America,Oak Brook,,IFT FIRST Expo 2026,https://LodaatPharma.com,info@lodaat.com,+16308527544,,,South Building — 3281,https://ift26.mapyourshow.com/8_0/exhibitor/exhibitor-details.cfm?exhid=00891411,,,,,,,,,partial,2
Louis Dreyfus Company,United States of America,Wilton,,IFT FIRST Expo 2026,https://www.ldc.com/,,,https://www.linkedin.com/company/louis-dreyfus-company/posts,,South Building — 3639,https://ift26.mapyourshow.com/8_0/exhibitor/exhibitor-details.cfm?exhid=00773443,,,,,,,,,partial,1
Louisiana Pepper Exchange,United States of America,New Orleans,,IFT FIRST Expo 2026,http://www.lapepperexchange.com,lapepper-logo-circle-vector_160x@2x.png,2256650006,,https://www.instagram.com/pepperexchange,South Building — 1718,https://ift26.mapyourshow.com/8_0/exhibitor/exhibitor-details.cfm?exhid=01229124,,https://www.facebook.com/lapepperexchange,,,,,,,partial,2
Lovingly Made,Canada,Calgary,,IFT FIRST Expo 2026,https://lovinglymade.ca/,hello@lovinglymade.ca,306-986-6180,https://ca.linkedin.com/company/sunnydale-foods-inc,,South Building — 4269,https://ift26.mapyourshow.com/8_0/exhibitor/exhibitor-details.cfm?exhid=01223008,,https://www.facebook.com/proteinpoweredfarms,,,,,,,partial,2
Lucid Colloids Ltd.,India,Mumbai,,IFT FIRST Expo 2026,https://www.lucidcolloids.com/,admin@lucidcolloids.com,022 4050 6500,https://www.linkedin.com/company/86393716,,South Building — 4425,https://ift26.mapyourshow.com/8_0/exhibitor/exhibitor-details.cfm?exhid=01252688,,,,,,,,,partial,2
"Luding Original Food Co.,Ltd.",China,Luding,,IFT FIRST Expo 2026,https://www.konjac.cc,,09007624,,,South Building — 2410,https://ift26.mapyourshow.com/8_0/exhibitor/exhibitor-details.cfm?exhid=00664221,,,,,,,,,partial,1
Luker Chocolate,Colombia,Bogota,,IFT FIRST Expo 2026,https://lukerchocolate.com/en,,573002462769,https://www.linkedin.com/company/lukerchocolate,https://www.instagram.com/lukerchocolate,South Building — 2378,https://ift26.mapyourshow.com/8_0/exhibitor/exhibitor-details.cfm?exhid=01083638,,https://www.facebook.com/LukerChocolate,,,,,,,partial,1
Lycored Corp,United States,Branchburg,,IFT FIRST Expo 2026,https://www.lycored.com,,+972 8-623-6310,https://www.linkedin.com/company/lycored,,South Building — 2225,https://ift26.mapyourshow.com/8_0/exhibitor/exhibitor-details.cfm?exhid=00019407,,https://www.facebook.com/tr,,,,,,,partial,1
M & U International LLC,United States of America,Branchburg,,IFT FIRST Expo 2026,http://www.mu-intel.us,sales.us@mu-intel.us,908-359-9000,https://www.linkedin.com/in/m-and-u-international-llc-3485251b4,,South Building — 3903,https://ift26.mapyourshow.com/8_0/exhibitor/exhibitor-details.cfm?exhid=00916529,,,,,,,,,partial,2
M2 Ingredients,United States of America,Vista,,IFT FIRST Expo 2026,https://m2ingredients.com/,,866 740-6874,,,South Building — 1674,https://ift26.mapyourshow.com/8_0/exhibitor/exhibitor-details.cfm?exhid=00593197,,,,,,,,,partial,1
Maahir Foods,India,Mahuva,,IFT FIRST Expo 2026,https://www.maahirfoods.com/,office@maahirfoods.com,https://wa.me/918238931330,https://www.linkedin.com/company/maahir-foods,https://www.instagram.com/maahir_foods,South Building — 4010,https://ift26.mapyourshow.com/8_0/exhibitor/exhibitor-details.cfm?exhid=01129016,,https://www.facebook.com/maahirfoods,,,,,,,partial,2
Maharaja Dehydration Pvt Ltd,India,Mahuva,,IFT FIRST Expo 2026,https://maharajadehydration.com/,,+91-9537 212 424,https://www.linkedin.com/company/maharaja-dehydration,https://www.instagram.com/maharajadehydration,South Building — 603,https://ift26.mapyourshow.com/8_0/exhibitor/exhibitor-details.cfm?exhid=00459213,,https://www.facebook.com/MaharajaDehydrationPvtLtd,,,,,,,partial,1
Maia Farms,Canada,Vancouver,,IFT FIRST Expo 2026,,,,,,South Building — ST98 — STARTUP Pavilion,https://ift26.mapyourshow.com/8_0/exhibitor/exhibitor-details.cfm?exhid=01263340,,,,,,,,,partial,1
MAKER'S EDGE INC,United States of America,New York,,IFT FIRST Expo 2026,https://www.getcerti.com,,+1 917 689 34 36,https://www.linkedin.com/company/makers-edge,,South Building — ST87 — STARTUP Pavilion,https://ift26.mapyourshow.com/8_0/exhibitor/exhibitor-details.cfm?exhid=01273334,,,,,,,,,partial,1
Malabar Ingredients,Canada,Mississauga,,IFT FIRST Expo 2026,https://malabaringredients.com/,orders@malabaringredients.com,888-456-6252,https://www.linkedin.com/company/malabar-ingredients,,South Building — 2816,https://ift26.mapyourshow.com/8_0/exhibitor/exhibitor-details.cfm?exhid=01243403,,,,,,,,,partial,2
Malt Products Corporation,United States,Saddle Brook,,IFT FIRST Expo 2026,https://maltproducts.com/maltproducts/,info@maltproducts.com,2021-02-03,https://www.linkedin.com/company/malt-products-corporation,,South Building — 3410,https://ift26.mapyourshow.com/8_0/exhibitor/exhibitor-details.cfm?exhid=00004080,,https://www.facebook.com/maltproducts,,,,,,,partial,2
Mandia Int’l Trading Corp,United States of America,Utica,,IFT FIRST Expo 2026,https://www.mandiacorp.com/,,315-765-0119,https://www.linkedin.com/company/mandia-int'l-trading-corp,,South Building — 563,https://ift26.mapyourshow.com/8_0/exhibitor/exhibitor-details.cfm?exhid=01264321,,,,,,,,,partial,1
Manildra Milling Corp,United States of America,Leawood,,IFT FIRST Expo 2026,https://manildrausa.com/,info@manildrausa.com,913.362.0777,https://www.linkedin.com/company/manildra-milling-corporation,https://www.instagram.com/manildrausa,South Building — 1469 — Organic Pavilion,https://ift26.mapyourshow.com/8_0/exhibitor/exhibitor-details.cfm?exhid=00004088,,https://www.facebook.com/Manildra,,,,,,,partial,2
Mantrose-Haeuser Co Inc,United States,Fairfield,,IFT FIRST Expo 2026,https://mantrose.com/,,1(203)454-1800,,,South Building — 2025,https://ift26.mapyourshow.com/8_0/exhibitor/exhibitor-details.cfm?exhid=00020919,,,,,,,,,partial,1
Manus,United States of America,Augusta,,IFT FIRST Expo 2026,https://www.manusbio.com/,,+1 706 303 5600,https://www.linkedin.com/company/manus,,South Building — 437,https://ift26.mapyourshow.com/8_0/exhibitor/exhibitor-details.cfm?exhid=01187966,,,,,,,,,partial,1
Mara Bio Limited,New Zealand,Hastings,,IFT FIRST Expo 2026,https://mara-bio.co.nz/,,+64 0 27 414 4171,https://www.linkedin.com/company/mara-bio,,South Building — ST49 — STARTUP Pavilion,https://ift26.mapyourshow.com/8_0/exhibitor/exhibitor-details.cfm?exhid=01276604,,,,,,,,,partial,1
Marine Biologics,United States of America,Berkeley,,IFT FIRST Expo 2026,https://www.marinebiologics.com/,user@domain.com,,https://www.linkedin.com/company/marine-biologics-inc,,South Building — ST36 — STARTUP Pavilion,https://ift26.mapyourshow.com/8_0/exhibitor/exhibitor-details.cfm?exhid=01249020,,http://www.facebook.com/2008/fbml,,,,,,,partial,2
Markforged,United States of America,Waltham,,IFT FIRST Expo 2026,https://markforged.com/,nasales@markforged.com,+6590079627,https://www.linkedin.com/company/markforged,https://www.instagram.com/markforged,South Building — 4916,https://ift26.mapyourshow.com/8_0/exhibitor/exhibitor-details.cfm?exhid=01276083,,https://facebook.com/markforged,,,,,,,partial,2
Martech Research LLC,United States of America,Bishopville,,IFT FIRST Expo 2026,https://www.martechresearch.com,martechresearch@gmail.com,803-428-2000,https://www.linkedin.com/company/martech-research-llc,,South Building — 3860,https://ift26.mapyourshow.com/8_0/exhibitor/exhibitor-details.cfm?exhid=00497462,,,,,,,,,partial,1
"Maruhachi Muramatsu Co., Ltd.",Japan,Yaizu-shi,,IFT FIRST Expo 2026,http://www.08m.jp/,,,,,South Building — 1878,https://ift26.mapyourshow.com/8_0/exhibitor/exhibitor-details.cfm?exhid=01045151,,,,,,,,,partial,1
"Marukome USA, Inc.",United States of America,Irvine,,IFT FIRST Expo 2026,https://www.marukomeusa.com/,,(949) 863-0110,,,South Building — 1922,https://ift26.mapyourshow.com/8_0/exhibitor/exhibitor-details.cfm?exhid=01274934,,,,,,,,,partial,1
Matahari Spice LLC,United States,Arlington Heights,,IFT FIRST Expo 2026,https://mataharispice.com,office@mataharispice.com,630 422 3998,https://MATAHARI SPICE,https://www.instagram.com/mataharispice,South Building — 1110,https://ift26.mapyourshow.com/8_0/exhibitor/exhibitor-details.cfm?exhid=00981692,,https://www.facebook.com/mataharispice,,,,,,,partial,2
Matco Foods Limited,Pakistan,Karachi,,IFT FIRST Expo 2026,https://matcofoods.com/,contact@matcofoods.com,+9221-36411661,https://www.linkedin.com/company/matco-foods,https://www.instagram.com/matcofoods,South Building — 1451 — Organic Pavilion,https://ift26.mapyourshow.com/8_0/exhibitor/exhibitor-details.cfm?exhid=01153162,,https://www.facebook.com/matcofoods,,,,,,,partial,2
Matriark Foods Inc,United States of America,New York,,IFT FIRST Expo 2026,https://matriarkfoods.com,,,,,South Building — ST100 — STARTUP Pavilion,https://ift26.mapyourshow.com/8_0/exhibitor/exhibitor-details.cfm?exhid=01272629,,,,,,,,,partial,1
Matrix Sciences,United States,Mt Prospect,,IFT FIRST Expo 2026,http://www.matrixsciences.com,rc.dev@nagarro.com,2026-05-19,,,South Building — 4114,https://ift26.mapyourshow.com/8_0/exhibitor/exhibitor-details.cfm?exhid=00020740,,,,,,,,,partial,2
"Mayer Brothers, Fruit and Vegetable Powders",United States,West Seneca,,IFT FIRST Expo 2026,https://mayerbrothersingredients.com/,sales@mayerbrothers.com,+7166682437,,,South Building — 1372,https://ift26.mapyourshow.com/8_0/exhibitor/exhibitor-details.cfm?exhid=00744822,,,,,,,,,partial,2
"Mays Chemical, a Ravago Company",United States of America,Indianapolis,,IFT FIRST Expo 2026,https://www.mayschem.com/,,317 842-8722,https://www.linkedin.com/company/mays-chemical-company,,South Building — 3855,https://ift26.mapyourshow.com/8_0/exhibitor/exhibitor-details.cfm?exhid=00060631,,https://www.facebook.com/mayschem,,,,,,,partial,1
Meala Foodtech,Israel,Haifa,,IFT FIRST Expo 2026,https://mealafood.com/,,,https://www.linkedin.com/company/meala-foodtech,,South Building — ST54 — STARTUP Pavilion,https://ift26.mapyourshow.com/8_0/exhibitor/exhibitor-details.cfm?exhid=01265266,,,,,,,,,partial,1
Meatingplace,United States of America,Algonquin,,IFT FIRST Expo 2026,http://www.meatingplace.com,support@meatingplace.com,312-274-2222,https://www.linkedin.com/company/meatingplace,,South Building — 4920,https://ift26.mapyourshow.com/8_0/exhibitor/exhibitor-details.cfm?exhid=00701103,,https://www.facebook.com/Meatingplace,,,,,,,partial,2
Medallion Laboratories,United States,Minneapolis,,IFT FIRST Expo 2026,https://www.medallionlabs.com,,800-245-5615,https://www.linkedin.com/company/medallion-labs,,South Building — 849,https://ift26.mapyourshow.com/8_0/exhibitor/exhibitor-details.cfm?exhid=00014763,,,,,,,,,partial,1
"Meduri Farms, Inc.",United States,Dallas,,IFT FIRST Expo 2026,https://medurifarms.com/,info@medurifarms.com,503 623-0308,https://www.linkedin.com/company/meduri-farms-inc,,South Building — 3142,https://ift26.mapyourshow.com/8_0/exhibitor/exhibitor-details.cfm?exhid=00017361,,https://www.facebook.com/Meduri-Farms-Inc-126470494074011,,,,,,,partial,2
Melt&Marble,Sweden,Goteborg,,IFT FIRST Expo 2026,,,,https://www.linkedin.com/company/meltandmarble,,South Building — ST59 — STARTUP Pavilion,https://ift26.mapyourshow.com/8_0/exhibitor/exhibitor-details.cfm?exhid=01263320,,,,,,,,,partial,1
Melt-to-Make,United States of America,Northampton,,IFT FIRST Expo 2026,https://melt-to-make.com/,,,,,South Building — ST61 — STARTUP Pavilion,https://ift26.mapyourshow.com/8_0/exhibitor/exhibitor-details.cfm?exhid=01265530,,,,,,,,,partial,1
MEM Fairway Inc,United States of America,Irvine,,IFT FIRST Expo 2026,https://www.memfairway.com,trade@memfairway.com,3238687135,https://www.linkedin.com/company/memfairway,https://www.instagram.com/memfairway,South Building — 3321,https://ift26.mapyourshow.com/8_0/exhibitor/exhibitor-details.cfm?exhid=01274334,,https://www.facebook.com/profile.php,,,,,,,partial,2
"Mennel Milling Co, The",United States,Fostoria,,IFT FIRST Expo 2026,https://mennel.com/,info@mennel.com,1886 - 2026,https://www.linkedin.com/company/the-mennel-milling-company,https://instagram.com/mennelflourpower,South Building — 2809,https://ift26.mapyourshow.com/8_0/exhibitor/exhibitor-details.cfm?exhid=00021367,,https://www.facebook.com/MennelMilling,,,,,,,partial,2
Mercury Scientific Inc,United States of America,Newtown,,IFT FIRST Expo 2026,https://www.mercuryscientific.com,info@mercuryscientific.com,203-364-5024,,,South Building — 4270,https://ift26.mapyourshow.com/8_0/exhibitor/exhibitor-details.cfm?exhid=00454275,,,,,,,,,partial,2
MERIEUX NutriSciences,United States,Chicago,,IFT FIRST Expo 2026,https://na.mxns.com/,,877-777-6375,https://www.linkedin.com/company/mxnsna,https://www.instagram.com/mxns_na,South Building — 645,https://ift26.mapyourshow.com/8_0/exhibitor/exhibitor-details.cfm?exhid=00015163,,https://www.facebook.com/merieuxnutrisciencesna,,,,,,,partial,1
MetaCen Therapeutics,"Korea, Republic of",Gyeonggi,,IFT FIRST Expo 2026,http://www.metacen.com,inquiry@metacen.com,+82-70-4207-3827,,,South Building — ST21 — STARTUP Pavilion,https://ift26.mapyourshow.com/8_0/exhibitor/exhibitor-details.cfm?exhid=01275620,,,,,,,,,partial,2
Mettler Toledo,United States,Columbus,,IFT FIRST Expo 2026,https://www.mt.com/us/en/home.html,,(800) 638-8537,https://www.linkedin.com/company/mettlertoledo,,South Building — 3408,https://ift26.mapyourshow.com/8_0/exhibitor/exhibitor-details.cfm?exhid=00023045,,,,,,,,,partial,1
Mexenil USA,United States of America,San Antonio,,IFT FIRST Expo 2026,https://mexenil.com/,servicioalcliente@mexenil.com,https://api.whatsapp.com/send?phone=524774092279,https://www.linkedin.com/company/mexenil-aditivos,https://www.instagram.com/benditatortilla.mexenil,South Building — 1446,https://ift26.mapyourshow.com/8_0/exhibitor/exhibitor-details.cfm?exhid=01272053,,https://www.facebook.com/tr,,,,,,,partial,2
MGP Ingredients Inc,United States,Atchison,,IFT FIRST Expo 2026,https://mgpingredients.com,,866-547-2122,https://www.linkedin.com/company/mgp-ingredients,https://www.instagram.com/mgpingredientscollab,South Building — 408,https://ift26.mapyourshow.com/8_0/exhibitor/exhibitor-details.cfm?exhid=00004370,,https://www.facebook.com/MGPIngredientsCollab,,,,,,,partial,1
Michelson Laboratories,United States,Commerce,,IFT FIRST Expo 2026,https://www.michelsonlab.com/,info@michelsonlab.com,90040 1475,https://www.linkedin.com/company/michelson-laboratories-inc,,South Building — 3505,https://ift26.mapyourshow.com/8_0/exhibitor/exhibitor-details.cfm?exhid=00004327,,,,,,,,,partial,2
Michigan State University,United States,East Lansing,,IFT FIRST Expo 2026,https://www.fshn.msu.edu/,,1(517)884-5993,https://www.linkedin.com/company/msufshn,,South Building — 4216,https://ift26.mapyourshow.com/8_0/exhibitor/exhibitor-details.cfm?exhid=00065058,,,,,,,,,partial,1
MicroDried,United States of America,Nampa,,IFT FIRST Expo 2026,https://microdried.com/,sales@microdried.com,208.461.5100,https://www.linkedin.com/company/milnemicrodried,,South Building — 4065,https://ift26.mapyourshow.com/8_0/exhibitor/exhibitor-details.cfm?exhid=01056068,,,,,,,,,partial,2
"Microfarmtory, LLC",United States of America,Cheyanne,,IFT FIRST Expo 2026,https://www.aquafarmtory.com/en,legal@aquafarmtory.com,2023045022,,,South Building — 4744,https://ift26.mapyourshow.com/8_0/exhibitor/exhibitor-details.cfm?exhid=01260221,,,,,,,,,partial,2
MicroSalt Inc,United States of America,Palm Beach,,IFT FIRST Expo 2026,http://www.microsaltinc.com,,514-691-4000,https://www.linkedin.com/company/microsaltinc/about,https://www.instagram.com/microsalt.inc,South Building — 4469,https://ift26.mapyourshow.com/8_0/exhibitor/exhibitor-details.cfm?exhid=01263328,,,,,,,,,partial,1
MicroThermics Inc,United States of America,Raleigh,,IFT FIRST Expo 2026,https://microthermics.com/,info@microthermics.com,+1 919 878 8045,https://www.linkedin.com/company/microthermics-inc,,South Building — 2044,https://ift26.mapyourshow.com/8_0/exhibitor/exhibitor-details.cfm?exhid=00016395,,,,,,,,,partial,2
Midwest Laboratories Inc,United States,Omaha,,IFT FIRST Expo 2026,https://midwestlabs.com/,contactus@midwestlabs.com,2853.01/.02,https://www.linkedin.com/company/midwest-laboratories-inc,,South Building — 143,https://ift26.mapyourshow.com/8_0/exhibitor/exhibitor-details.cfm?exhid=00016419,,https://www.facebook.com/midwestlaboratories,,,,,,,partial,2
Milanaise Mill,Canada,St-Jean-Sur-Richelieu,,IFT FIRST Expo 2026,https://lamilanaise.com/,info@lamilanaise.com,450 349-1747,https://www.linkedin.com/company/la-meunerie-milanaise,https://www.instagram.com/meuneriemilanaise,South Building — 1262 — Organic Pavilion,https://ift26.mapyourshow.com/8_0/exhibitor/exhibitor-details.cfm?exhid=01122842,,https://www.facebook.com/meuneriemilanaise,,,,,,,partial,2
Milne Fruit Products Inc,United States,Prosser,,IFT FIRST Expo 2026,http://www.milnefruit.com,,+15097862611,https://www.linkedin.com/company/milne-fruit-products,,South Building — 2510,https://ift26.mapyourshow.com/8_0/exhibitor/exhibitor-details.cfm?exhid=00350950,,,,,,,,,partial,1
Mincing Spice,United States of America,Dayton,,IFT FIRST Expo 2026,http://www.mincing.com,spice@mincing.com,732-355-9944,,,South Building — 3316,https://ift26.mapyourshow.com/8_0/exhibitor/exhibitor-details.cfm?exhid=00010564,,,,,,,,,partial,2
MinnDak Ag.,United States of America,Grand Forks,,IFT FIRST Expo 2026,https://www.minndak.com/,info@minndak.com,58601 300,https://www.linkedin.com/company/minndakag,,South Building — 4632,https://ift26.mapyourshow.com/8_0/exhibitor/exhibitor-details.cfm?exhid=00981794,,https://www.facebook.com/MinnDak,,,,,,,partial,2
Mitsubishi Chemical Corporation,Japan,Chiyoda-Ku,,IFT FIRST Expo 2026,https://www.mcgc.com/english/,,+81- 0 3-6748-7300,https://www.linkedin.com/company/mcgc-official,,South Building — 971,https://ift26.mapyourshow.com/8_0/exhibitor/exhibitor-details.cfm?exhid=01245700,,,,,,,,,partial,1
Mitsubishi International Food Ingredients,United States,Dublin,,IFT FIRST Expo 2026,https://mifiusa.com/,,(800) 628-3092,,,South Building — 4444,https://ift26.mapyourshow.com/8_0/exhibitor/exhibitor-details.cfm?exhid=00004437,,,,,,,,,partial,1
"Miyako Oriental Foods, Inc.",United States,Baldwin Park,,IFT FIRST Expo 2026,https://coldmountainmiso.com/,,+16269629633,,https://www.instagram.com/coldmountainmiso,South Building — 3916,https://ift26.mapyourshow.com/8_0/exhibitor/exhibitor-details.cfm?exhid=00004442,,,,,,,,,partial,1
"MIYOSHI OIL & FAT CO.,LTD.",Japan,Tokyo,,IFT FIRST Expo 2026,https://www.miyoshi-yushi.co.jp/en/,oversea-mys@miyoshi-yushi.co.jp,,,,South Building — 4726,https://ift26.mapyourshow.com/8_0/exhibitor/exhibitor-details.cfm?exhid=01265807,,,,,,,,,partial,2
MoistTech Corp,United States of America,Sarasota,,IFT FIRST Expo 2026,https://www.moisttech.com,info@moisttech.com,+1 941-727-1800,https://www.linkedin.com/company/moisttech,,South Building — 3254 — Food Manufacturing Equipment Pavilion,https://ift26.mapyourshow.com/8_0/exhibitor/exhibitor-details.cfm?exhid=00371665,,https://www.facebook.com/MoistTech,,,,,,,partial,2
Mondi,United States of America,Romeoville,,IFT FIRST Expo 2026,http://www.mondigroup.com,,,https://www.linkedin.com/company/mondi-group,https://www.instagram.com/mondi_group,South Building — 3744,https://ift26.mapyourshow.com/8_0/exhibitor/exhibitor-details.cfm?exhid=01117726,,https://www.facebook.com/mondigroup,,,,,,,partial,1
Monk Fruit Corp.,United States of America,Libertyville,,IFT FIRST Expo 2026,https://monkfruitcorp.com/,,+64 212 130 820,,,South Building — 3665,https://ift26.mapyourshow.com/8_0/exhibitor/exhibitor-details.cfm?exhid=00364976,,https://www.facebook.com/MonkFruit,,,,,,,partial,1
MontBlancAI,United States of America,Arlington,,IFT FIRST Expo 2026,https://montblanc.ai,,,,,South Building — ST90 — STARTUP Pavilion,https://ift26.mapyourshow.com/8_0/exhibitor/exhibitor-details.cfm?exhid=01227297,,,,,,,,,partial,1
Monterey Nutra,United States of America,Watsonville,,IFT FIRST Expo 2026,https://www.montereynutra.com/,sales@montereynutra.com,,,,South Building — ST8 — STARTUP Pavilion,https://ift26.mapyourshow.com/8_0/exhibitor/exhibitor-details.cfm?exhid=01276355,,,,,,,,,partial,2
Morii Foods Inc.,United States,Roseville,,IFT FIRST Expo 2026,http://www.morii-foods.com,contact@morii-foods.com,1(503)806-4018,,,South Building — 1169 — Organic Pavilion,https://ift26.mapyourshow.com/8_0/exhibitor/exhibitor-details.cfm?exhid=00100472,,http://www.facebook.com/2008/fbml,,,,,,,partial,2
Morton Salt,United States of America,Overland Park,,IFT FIRST Expo 2026,https://www.mortonsalt.com/,buyroadsalt@mortonsalt.com,1995-2021,,https://instagram.com/mortonsalt,South Building — 864,https://ift26.mapyourshow.com/8_0/exhibitor/exhibitor-details.cfm?exhid=00060311,,https://www.facebook.com/tr,,,,,,,partial,2
"MSC Co., Ltd.","Korea, Republic of",Gyeongsangnam-do,,IFT FIRST Expo 2026,http://www.msckorea.com,,055 389-1001,,,South Building — 4626,https://ift26.mapyourshow.com/8_0/exhibitor/exhibitor-details.cfm?exhid=00060722,,,,,,,,,partial,1
Munson Machinery Company Inc,United States,Utica,,IFT FIRST Expo 2026,https://www.munsonmachinery.com,sales@munsonmachinery.com,800-944-6644,https://www.linkedin.com/company/munson-machinery,,South Building — 3542,https://ift26.mapyourshow.com/8_0/exhibitor/exhibitor-details.cfm?exhid=00429596,,,,,,,,,partial,2
Munzing,United States of America,Bloomfield,,IFT FIRST Expo 2026,https://www.munzing.com/en/,info@munzing.com,973-279-1306,https://www.linkedin.com/company/münzing-chemie-gmbh,,South Building — 4538,https://ift26.mapyourshow.com/8_0/exhibitor/exhibitor-details.cfm?exhid=00777407,,,,,,,,,partial,2
MycoTechnology Inc,United States of America,Aurora,,IFT FIRST Expo 2026,http://www.mycoiq.com,chosen-sprite@2x.png,80011 720 897-9306,https://www.linkedin.com/company/myco-technology-inc-,,South Building — 2903,https://ift26.mapyourshow.com/8_0/exhibitor/exhibitor-details.cfm?exhid=00808765,,,,,,,,,partial,2
Mycsology Foods Inc.,United States of America,Princeton,,IFT FIRST Expo 2026,,,,,,South Building — ST11 — STARTUP Pavilion,https://ift26.mapyourshow.com/8_0/exhibitor/exhibitor-details.cfm?exhid=01266273,,,,,,,,,partial,1
NABIL MORSI CO FOR EGYPTIAN HERBS AND SPICES,Egypt,Beba,,IFT FIRST Expo 2026,http://www.almorsico.com,,+01006879157,,,South Building — 4817,https://ift26.mapyourshow.com/8_0/exhibitor/exhibitor-details.cfm?exhid=01241525,,,,,,,,,partial,1
Nambawan Spain SLU,Spain,"Badajoz, Extremadura",,IFT FIRST Expo 2026,,,,,,South Building — ST67 — STARTUP Pavilion,https://ift26.mapyourshow.com/8_0/exhibitor/exhibitor-details.cfm?exhid=01264897,,,,,,,,,partial,1
Nantong Acetic Acid Chemical Co Ltd.,China,Nantong,,IFT FIRST Expo 2026,https://www.ntacf.com,yxn@ntacf.com,05064972,,,South Building — 4035,https://ift26.mapyourshow.com/8_0/exhibitor/exhibitor-details.cfm?exhid=00060313,,,,,,,,,partial,2
National Association of Flavors and Food Ingredients Systems (NAFFS),United States of America,Neptune,,IFT FIRST Expo 2026,https://naffs.org/,,732-922-3218,,,South Building — 4655,https://ift26.mapyourshow.com/8_0/exhibitor/exhibitor-details.cfm?exhid=00111917,,https://m.facebook.com/people/National-Association-of-Flavors-Food-Ingredient-Systems-NAFFS/100066621256945,,,,,,,partial,1
National Cortina,United States of America,Montvale,,IFT FIRST Expo 2026,,,,,,South Building — 1720,https://ift26.mapyourshow.com/8_0/exhibitor/exhibitor-details.cfm?exhid=00014774,,,,,,,,,partial,1
National Honey Board,United States,Erie,,IFT FIRST Expo 2026,https://honey.com,,303 776-2337,https://www.linkedin.com/company/national-honey-board,https://www.instagram.com/nationalhoneyboard,South Building — 3756,https://ift26.mapyourshow.com/8_0/exhibitor/exhibitor-details.cfm?exhid=00014775,,https://www.facebook.com/tr,,,,,,,partial,1
Native Vanilla,United States of America,Sanford,,IFT FIRST Expo 2026,http://nativevanilla.com,,,,,South Building — 1781,https://ift26.mapyourshow.com/8_0/exhibitor/exhibitor-details.cfm?exhid=01273330,,,,,,,,,partial,1
NaturaExtracta,Mexico,Guadalajara,,IFT FIRST Expo 2026,https://naturaextracta.com/en/,,52-3332689470,https://www.linkedin.com/company/naturaextracta,,South Building — 3711,https://ift26.mapyourshow.com/8_0/exhibitor/exhibitor-details.cfm?exhid=00371672,,,,,,,,,partial,1
Natural Sweeteners,United States of America,Bleu Bell,,IFT FIRST Expo 2026,http://www.natural-sweeteners.com,impallari@gmail.com,,https://www.linkedin.com/company/natural-sweeteners/about,,South Building — ST86 — STARTUP Pavilion,https://ift26.mapyourshow.com/8_0/exhibitor/exhibitor-details.cfm?exhid=01247085,,https://www.facebook.com/profile.php,,,,,,,partial,1
NATURE'S KINGDOM USA LLC,United States of America,White Plains,,IFT FIRST Expo 2026,http://www.natureskingdomusa.com,,,,,South Building — 1681,https://ift26.mapyourshow.com/8_0/exhibitor/exhibitor-details.cfm?exhid=01252181,,,,,,,,,partial,1
NATURPAK,United States of America,Janesville,,IFT FIRST Expo 2026,http://www.naturpak.com,info@naturpak.com,608.466.1844,https://www.linkedin.com/company/naturpakfood,,South Building — 2977,https://ift26.mapyourshow.com/8_0/exhibitor/exhibitor-details.cfm?exhid=01264725,,,,,,,,,partial,2
Navada Imports LLC,United States of America,Tinton Falls,,IFT FIRST Expo 2026,http://www.navadaimports.com,sales@navadaimports.com,732-295-1900,,,South Building — 1374,https://ift26.mapyourshow.com/8_0/exhibitor/exhibitor-details.cfm?exhid=00878883,,,,,,,,,partial,2
NECTAR,United States of America,Claremont,,IFT FIRST Expo 2026,https://www.fsi.org/food-intel-lab,user@domain.com,,https://www.linkedin.com/company/food-system-innovations,,South Building — ST97 — STARTUP Pavilion,https://ift26.mapyourshow.com/8_0/exhibitor/exhibitor-details.cfm?exhid=01271530,,http://www.facebook.com/2008/fbml,,,,,,,partial,2
"Nederland USA, Inc",United States of America,Chicago,,IFT FIRST Expo 2026,https://www.nessentis.com,info@nessentis.com,+34 93 637 34 72,https://www.linkedin.com/company/nessentis,,South Building — 3549,https://ift26.mapyourshow.com/8_0/exhibitor/exhibitor-details.cfm?exhid=00705267,,,,,,,,,partial,2
Nedspice US Inc,United States,Myrtle Beach,,IFT FIRST Expo 2026,https://www.nedspice.com/,spices@nedspice.com,+31 10 28 01 380,https://www.linkedin.com/company/nedspice,,South Building — 4204,https://ift26.mapyourshow.com/8_0/exhibitor/exhibitor-details.cfm?exhid=00703036,,,,,,,,,partial,2
Neelikon Colors Global USA Inc.,United States of America,Piscataway,,IFT FIRST Expo 2026,http://www.neelikoncolors.com,info@neelikon.com,https://api.whatsapp.com/send?phone=917208901108,https://www.linkedin.com/company/neelikon-food-dyes-and-chemicals-limited,https://www.instagram.com/neelikoncoloursglobal,South Building — 4520,https://ift26.mapyourshow.com/8_0/exhibitor/exhibitor-details.cfm?exhid=00082476,,https://www.facebook.com/neelikon,,,,,,,partial,2
Nestle Quality Assurance Center (NQAC) Dublin,United States,Dublin,,IFT FIRST Expo 2026,https://www.nqacdublin.com/,,614.526.5200,,,South Building — 3105,https://ift26.mapyourshow.com/8_0/exhibitor/exhibitor-details.cfm?exhid=01146826,,,,,,,,,partial,1
NETWORKING,United States of America,Chicago,,IFT FIRST Expo 2026,http://www.ift.org,info@ift.org,+1.312.782.8424,https://www.linkedin.com/company/institute-of-food-technologists,https://www.instagram.com/iftfoodscience,South Building — 528,https://ift26.mapyourshow.com/8_0/exhibitor/exhibitor-details.cfm?exhid=01177071,,https://www.facebook.com/IFTfoodscience,,,,,,,partial,2
NETZSCH,United States,Exton,,IFT FIRST Expo 2026,https://grinding.netzsch.com/en,,23.07.2024,https://www.linkedin.com/company/36963231,,South Building — 3110,https://ift26.mapyourshow.com/8_0/exhibitor/exhibitor-details.cfm?exhid=00019550,,,,,,,,,partial,1
"Newtrend Group Holding Co., Ltd.",China,Ji'an,,IFT FIRST Expo 2026,http://www.newtrend-group.com,sales@newtrend-group.com,19000559,,,South Building — 4441,https://ift26.mapyourshow.com/8_0/exhibitor/exhibitor-details.cfm?exhid=00277836,,,,,,,,,partial,2
Nexcel Oils,United States,Springfield,,IFT FIRST Expo 2026,http://www.nexceloils.com,,+1 217 391-0091,https://www.linkedin.com/company/nexcel-natural-ingredients,,South Building — 1450 — Organic Pavilion,https://ift26.mapyourshow.com/8_0/exhibitor/exhibitor-details.cfm?exhid=00006130,,,,,,,,,partial,1
Nexira Inc,France,Rouen Cedex,,IFT FIRST Expo 2026,https://www.nexira.com/fr/nexira/,,+33 2 32 83 18 18,https://www.linkedin.com/company/nexira,,South Building — 2842,https://ift26.mapyourshow.com/8_0/exhibitor/exhibitor-details.cfm?exhid=00001394,,,,,,,,,partial,1
NexTec Group,United States of America,Seattle,,IFT FIRST Expo 2026,https://www.nextecgroup.com/,info@nextecgroup.com,+18444668477,https://linkedin.com/company/nextec-group,,South Building — 110 — AI & Software Pavilion,https://ift26.mapyourshow.com/8_0/exhibitor/exhibitor-details.cfm?exhid=00565340,,https://www.facebook.com/nextecgroup,,,,,,,partial,2
Nexxus Foods Inc,Canada,LACHINE,,IFT FIRST Expo 2026,https://www.nexxusfoods.com/,,+31.548.659.045,https://www.linkedin.com/company/nexxus-foods,,South Building — 4644,https://ift26.mapyourshow.com/8_0/exhibitor/exhibitor-details.cfm?exhid=00108298,,,,,,,,,partial,1
Niche Naturals LLC,United States of America,Miami,,IFT FIRST Expo 2026,https://www.naturalglobalsupplies.com/,user@domain.com,,,,South Building — 3209,https://ift26.mapyourshow.com/8_0/exhibitor/exhibitor-details.cfm?exhid=01239854,,http://www.facebook.com/2008/fbml,,,,,,,partial,2
"Nielsen Citrus Products Company, Inc. - Polenghi USA",United States of America,Huntington Beach,,IFT FIRST Expo 2026,https://www.nielsencitrus.com/,,,https://www.linkedin.com/company/nielsen-citrus,,South Building — 4746,https://ift26.mapyourshow.com/8_0/exhibitor/exhibitor-details.cfm?exhid=00011363,,,,,,,,,partial,1
Ningbo Hengxian Biotechnology Co. Ltd.,China,Ningbo,,IFT FIRST Expo 2026,http://www.hengxianbio.com,info@hengxianbio.com,+86-574-56266562,,,South Building — 3319,https://ift26.mapyourshow.com/8_0/exhibitor/exhibitor-details.cfm?exhid=01266263,,,,,,,,,partial,2
Ningbo Herb/Best Global Nutrition Inc.,China,Ningbo,,IFT FIRST Expo 2026,http://www.ningboherb.com,sales@ningboherb.com,+1 626 363-3319,,,South Building — 1472,https://ift26.mapyourshow.com/8_0/exhibitor/exhibitor-details.cfm?exhid=1236529,,,,,,,,,partial,2
Ningbo Wanglong Tech Co. Ltd.,China,Yuyao,,IFT FIRST Expo 2026,,,,,,South Building — 4104,https://ift26.mapyourshow.com/8_0/exhibitor/exhibitor-details.cfm?exhid=00664354,,,,,,,,,partial,1
Nitta Gelatin NA Inc,United States of America,Morrisville,,IFT FIRST Expo 2026,http://www.nitta-gelatin.com,,919-238-3300,,,South Building — 706,https://ift26.mapyourshow.com/8_0/exhibitor/exhibitor-details.cfm?exhid=00018594,,,,,,,,,partial,1
Niusource Inc.,United States of America,Ontario,,IFT FIRST Expo 2026,http://www.niusource.com,sales@niusource.com,+52 55 5524 6574,https://linkedin.com/company/niusourceinc,https://www.instagram.com/NiuSource,South Building — 4407,https://ift26.mapyourshow.com/8_0/exhibitor/exhibitor-details.cfm?exhid=00120944,,https://www.facebook.com/niusource,,,,,,,partial,2
NMC Group LLC,United States of America,Houston,,IFT FIRST Expo 2026,,,,,,South Building — ST35 — STARTUP Pavilion,https://ift26.mapyourshow.com/8_0/exhibitor/exhibitor-details.cfm?exhid=01275403,,,,,,,,,partial,1
NNB Nutrition,China,Nanjing,,IFT FIRST Expo 2026,https://www.nnbnutrition.com/,info@nnbnutrition.com,18016160759,https://www.linkedin.com/company/nnb-nutrition,https://www.instagram.com/nnbnutrition,South Building — 1426,https://ift26.mapyourshow.com/8_0/exhibitor/exhibitor-details.cfm?exhid=01260605,,https://www.facebook.com/nnbnutrition,,,,,,,partial,2
Nofar Food Innovation and R&D LLC,United States of America,Coconut Creek,,IFT FIRST Expo 2026,https://www.LegendMeat.com,,,,,South Building — ST96 — STARTUP Pavilion,https://ift26.mapyourshow.com/8_0/exhibitor/exhibitor-details.cfm?exhid=01244017,,,,,,,,,partial,1
North Carolina State University,United States,Raleigh,,IFT FIRST Expo 2026,https://cals.ncsu.edu/food-bioprocessing-and-nutrition-sciences/,,27695-7624,https://www.linkedin.com/company/fbns,https://www.instagram.com/fbns_ncstate,South Building — 1622,https://ift26.mapyourshow.com/8_0/exhibitor/exhibitor-details.cfm?exhid=00004795,,https://www.facebook.com/CALSNCState,,,,,,,partial,1
Northwest Hazelnut Co,United States of America,Hubbard,,IFT FIRST Expo 2026,https://hazelnuts.com/,,+15039828030,,,South Building — 4464,https://ift26.mapyourshow.com/8_0/exhibitor/exhibitor-details.cfm?exhid=01154993,,https://www.facebook.com/tr,,,,,,,partial,1
NP Nutra,United States,Gardena,,IFT FIRST Expo 2026,https://npnutra.com,inquiries@npnutra.com,+1 310 694-3031,https://www.linkedin.com/company/np-nutra,,South Building — 1260 — Organic Pavilion,https://ift26.mapyourshow.com/8_0/exhibitor/exhibitor-details.cfm?exhid=00808743,,https://www.facebook.com/npnutra,,,,,,,partial,2
Nu Life Market LLC,United States,Scott City,,IFT FIRST Expo 2026,https://www.nulifemarket.com,,866-962-5236,https://www.linkedin.com/company/nu-life-market-llc,,South Building — 3911,https://ift26.mapyourshow.com/8_0/exhibitor/exhibitor-details.cfm?exhid=00688395,,https://www.facebook.com/NuLifeMarket,,,,,,,partial,1
"NuCicer, Inc.",United States of America,Davis,,IFT FIRST Expo 2026,https://nucicer.com/,,,https://www.linkedin.com/company/nucicer,,South Building — ST82 — STARTUP Pavilion,https://ift26.mapyourshow.com/8_0/exhibitor/exhibitor-details.cfm?exhid=01221529,,,,,,,,,partial,1
NuLiv Science USA Inc.,United States of America,Brea,,IFT FIRST Expo 2026,http://www.nulivscience.com,,9095943188,https://www.linkedin.com/company/nuliv-science,https://instagram.com/nulivscience,South Building — 4463,https://ift26.mapyourshow.com/8_0/exhibitor/exhibitor-details.cfm?exhid=01136441,,https://facebook.com/nulivscience,,,,,,,partial,1
NURA USA,United States of America,Irvine,,IFT FIRST Expo 2026,https://nurausa.com/,contact@nurausa.com,949-946-5700,https://www.linkedin.com/company/nura-usa,https://www.instagram.com/nurausa,South Building — 1649 — Organic Pavilion,https://ift26.mapyourshow.com/8_0/exhibitor/exhibitor-details.cfm?exhid=01207259,,https://www.facebook.com/nurausa,,,,,,,partial,2
Nuritas,Ireland,Dublin,,IFT FIRST Expo 2026,http://www.nuritas.com,group-707@2x.png,+353 1 430 1290,https://www.linkedin.com/company/nuritas,https://www.instagram.com/nuritasresearch,South Building — 869,https://ift26.mapyourshow.com/8_0/exhibitor/exhibitor-details.cfm?exhid=01266265,,,,,,,,,partial,2
Nurtured Nuts Company,United States of America,Minneapolis,,IFT FIRST Expo 2026,https://NurturedNuts.com,bryant@nurturednuts.com,+1 507 441-0811,https://www.linkedin.com/company/hardcore-peanut-butter-spread-co,https://www.instagram.com/hardcorepb_,South Building — ST69 — STARTUP Pavilion,https://ift26.mapyourshow.com/8_0/exhibitor/exhibitor-details.cfm?exhid=01274346,,https://www.facebook.com/hardcorepb,,,,,,,partial,2
Nutkao USA Inc.,United States of America,Battleboro,,IFT FIRST Expo 2026,https://www.nutkaousa.com/,sales@nutkao.com,,,,South Building — 4717,https://ift26.mapyourshow.com/8_0/exhibitor/exhibitor-details.cfm?exhid=00806658,,,,,,,,,partial,2
Nutlicious,United States of America,Sandpoint,,IFT FIRST Expo 2026,https://nutlicious.com/,hello@nutlicious.com,+12086274992,https://www.linkedin.com/company/nutlicious-hazelnut-spreads,https://www.instagram.com/nutliciousbrand,South Building — 4465,https://ift26.mapyourshow.com/8_0/exhibitor/exhibitor-details.cfm?exhid=01240179,,https://www.facebook.com/NutliciousHazelnutSpreads,,,,,,,partial,2
"Nutra Food Ingredients, LLC",United States,Kentwood,,IFT FIRST Expo 2026,https://www.nutrafoodingredients.com,sales@nutrafoodingredients.com,+1 616-656-9928,,,South Building — 858,https://ift26.mapyourshow.com/8_0/exhibitor/exhibitor-details.cfm?exhid=00136892,,,,,,,,,partial,2
Nutra-Agri Ingredients,United States of America,Las Vegas,,IFT FIRST Expo 2026,https://www.nutra-agri.com/,,7253109234,,,South Building — 1265 — Organic Pavilion,https://ift26.mapyourshow.com/8_0/exhibitor/exhibitor-details.cfm?exhid=01244171,,,,,,,,,partial,1
Nutraberry,United States of America,Kenmore,,IFT FIRST Expo 2026,,,4255779020,https://www.linkedin.com/company/nutraberry,,South Building — ST29 — STARTUP Pavilion,https://ift26.mapyourshow.com/8_0/exhibitor/exhibitor-details.cfm?exhid=01209087,,,,,,,,,partial,1
Nutramont Inc,China,Wuxi,,IFT FIRST Expo 2026,http://www.runloy.com,,2021-06-01,,,South Building — 3544,https://ift26.mapyourshow.com/8_0/exhibitor/exhibitor-details.cfm?exhid=01107398,,,,,,,,,partial,1
Nutriart s.e.c,Canada,Quebec,,IFT FIRST Expo 2026,http://www.nutriart.ca,andree.bouchard@nutriart.ca,2018 / 08 / 10,https://www.linkedin.com/company/nutriart-inc,,South Building — 2176,https://ift26.mapyourshow.com/8_0/exhibitor/exhibitor-details.cfm?exhid=00704837,,,,,,,,,partial,2
Nutrin Distribution Co,United States,Washington,,IFT FIRST Expo 2026,https://www.nutrin.com/,sales@nutrin.com,+1 202 588 7367,,,South Building — 1871,https://ift26.mapyourshow.com/8_0/exhibitor/exhibitor-details.cfm?exhid=00075889,,,,,,,,,partial,2
NXW Nutrition from Water,Portugal,Faro,,IFT FIRST Expo 2026,https://www.nutritionfromwater.com,user@domain.com,,"https://www.linkedin.com/company/nutritionfromwater/""",https://www.instagram.com/nutritionfromwater,South Building — ST26 — STARTUP Pavilion,https://ift26.mapyourshow.com/8_0/exhibitor/exhibitor-details.cfm?exhid=01275624,,http://www.facebook.com/2008/fbml,,,,,,,partial,2
Nyle Dehydrators,United States of America,Brewer,,IFT FIRST Expo 2026,https://www.nyledehydrators.com/,,+1 207 989-4335,https://www.linkedin.com/company/nyle-dehydrators/posts,https://www.instagram.com/nyledehydrators,South Building — 2271,https://ift26.mapyourshow.com/8_0/exhibitor/exhibitor-details.cfm?exhid=01181060,,https://www.facebook.com/NyleDehydrators,,,,,,,partial,1
Ocean's Balance,United States of America,Biddeford,,IFT FIRST Expo 2026,https://oceansbalance.com/,,9173195887,,,South Building — 3708,https://ift26.mapyourshow.com/8_0/exhibitor/exhibitor-details.cfm?exhid=01087672,,,,,,,,,partial,1
ofi (Olam Food Ingredients),United States of America,Chicago,,IFT FIRST Expo 2026,http://ofi.com,mailtomedia@ofi.com,+65 6329 0800,https://www.linkedin.com/company/ofi-group\,,South Building — 1808,https://ift26.mapyourshow.com/8_0/exhibitor/exhibitor-details.cfm?exhid=00084158,,,,,,,,,partial,2
"OKAWARA MFG. CO., LTD.",Japan,Shizuoka,,IFT FIRST Expo 2026,http://www.okawara-mfg.com/english/corporate/companyabout/,,5743-7461,https://www.linkedin.com/company/okawara-mfg-co-ltd,https://www.instagram.com/okawara_shizuoka,South Building — 3253 — Food Manufacturing Equipment Pavilion,https://ift26.mapyourshow.com/8_0/exhibitor/exhibitor-details.cfm?exhid=01272820,,,,,,,,,partial,1
Omnia Nisasta,Turkey,Adana,,IFT FIRST Expo 2026,https://www.omnianisasta.com.tr,info@omnianisasta.com.tr,+40 21 527 0300,,,South Building — 2242,https://ift26.mapyourshow.com/8_0/exhibitor/exhibitor-details.cfm?exhid=00920737,,,,,,,,,partial,2
OMVE LAB & Pilot Equipment,Netherlands,De Meern,,IFT FIRST Expo 2026,https://omve.com/,,+1 416 986 8442,https://www.linkedin.com/company/omve,,South Building — 3632,https://ift26.mapyourshow.com/8_0/exhibitor/exhibitor-details.cfm?exhid=00132292,,,,,,,,,partial,1
Omya,United States of America,Long Beach,,IFT FIRST Expo 2026,https://www.omyanutrition.us,,5629613333,https://www.linkedin.com/showcase/omya-consumer-goods,,South Building — 1907,https://ift26.mapyourshow.com/8_0/exhibitor/exhibitor-details.cfm?exhid=00071335,,,,,,,,,partial,1
Once Again Nut Butter,United States,Nunda,,IFT FIRST Expo 2026,http://www.onceagain.com,,1(612)413-1454,,,South Building — 1449 — Organic Pavilion,https://ift26.mapyourshow.com/8_0/exhibitor/exhibitor-details.cfm?exhid=00240645,,,,,,,,,partial,1
Onego Bio,United States of America,San Diego,,IFT FIRST Expo 2026,http://www.test.com,,,,,South Building — ST60 — STARTUP Pavilion,https://ift26.mapyourshow.com/8_0/exhibitor/exhibitor-details.cfm?exhid=01244169,,,,,,,,,partial,1
Onion Solutions,United States of America,Hollywood,,IFT FIRST Expo 2026,https://www.onionusa.com/,info@onionusa.com,+1 754 256 1195,,,South Building — 1376,https://ift26.mapyourshow.com/8_0/exhibitor/exhibitor-details.cfm?exhid=01236102,,,,,,,,,partial,2
Onset Worldwide,United States of America,Frenchtown,,IFT FIRST Expo 2026,https://www.onsetworldwide.com,,908-777-5151,https://www.linkedin.com/company/onset-worldwide,,South Building — 1277,https://ift26.mapyourshow.com/8_0/exhibitor/exhibitor-details.cfm?exhid=01239586,,,,,,,,,partial,1
ONWO Canada Ltd,Canada,Burnaby,,IFT FIRST Expo 2026,https://www.onwo.trade/en,abhishek.pathak@onwo.trade,https://wa.me/+919611490899,https://www.linkedin.com/company/onwo,https://www.instagram.com/onwotrade,South Building — ST14 — STARTUP Pavilion,https://ift26.mapyourshow.com/8_0/exhibitor/exhibitor-details.cfm?exhid=01276656,,,,,,,,,partial,2
Onza Corp,United States of America,Denver,,IFT FIRST Expo 2026,http://www.onzacorp.com,contact@sansoxygen.com,,,,South Building — ST30 — STARTUP Pavilion,https://ift26.mapyourshow.com/8_0/exhibitor/exhibitor-details.cfm?exhid=01275195,,,,,,,,,partial,2
ORCHID EXIM (INDIA) PVT. LTD,India,Ahmedabad,,IFT FIRST Expo 2026,https://orchidexim.com/,info@orchidexim.com,+91 982 502 0224,https://in.linkedin.com/company/orchidexim,,South Building — 1821,https://ift26.mapyourshow.com/8_0/exhibitor/exhibitor-details.cfm?exhid=01274936,,,,,,,,,partial,2
Oskaloosa Food Products,United States,Oskaloosa,,IFT FIRST Expo 2026,http://www.oskyfoods.com,info@oskyfoods.com,1(641)676-7500,,,South Building — 121,https://ift26.mapyourshow.com/8_0/exhibitor/exhibitor-details.cfm?exhid=00004984,,,,,,,,,partial,2
Oterra,United States,Mount Pleasant,,IFT FIRST Expo 2026,https://oterra.com/,info@oterra.com,+45 35 15 56 00,https://www.linkedin.com/company/oterra,,South Building — MR 3188,https://ift26.mapyourshow.com/8_0/exhibitor/exhibitor-details.cfm?exhid=00002867,,,,,,,,,partial,2
OurRecords Inc,United States of America,Plano,,IFT FIRST Expo 2026,https://ourrecords.com/,sales@ourrecords.com,877-300-2497,https://www.linkedin.com/company/ourrecords,,South Building — 104 — AI & Software Pavilion,https://ift26.mapyourshow.com/8_0/exhibitor/exhibitor-details.cfm?exhid=01162969,,https://www.facebook.com/OurRecords.1022645937763513,,,,,,,partial,2
Out of Mexico,United States of America,San Diego,,IFT FIRST Expo 2026,https://www.outofmex.com,info@outofmex.com,619 713-7400,,,South Building — 1918,https://ift26.mapyourshow.com/8_0/exhibitor/exhibitor-details.cfm?exhid=00958827,,https://www.facebook.com/outofmexico,,,,,,,partial,2
Ovitage Inc,New Zealand,Christchurch,,IFT FIRST Expo 2026,http://www.tertiaryextracts.com,hello@tertiaryextracts.com,,https://www.linkedin.com/company/tertiary-extracts-otautahi,https://www.instagram.com/evereewomen,South Building — ST66 — STARTUP Pavilion,https://ift26.mapyourshow.com/8_0/exhibitor/exhibitor-details.cfm?exhid=01274648,,http://www.facebook.com/2008/fbml,,,,,,,partial,2
Pacific Basin Partnership Inc.,Vietnam,"Tu Son City, Bac Ninh Province",,IFT FIRST Expo 2026,https://pbpspice.com,sales@pbpspice.com,+84 243 878 4284,,,South Building — 4737,https://ift26.mapyourshow.com/8_0/exhibitor/exhibitor-details.cfm?exhid=01227942,,,,,,,,,partial,2
Pacific Spice Co Inc,United States,Commerce,,IFT FIRST Expo 2026,https://www.pacificspice.com,,323.726.9190,https://www.linkedin.com/company/pacific-spice-co,https://www.instagram.com/pacificspice,South Building — 1921,https://ift26.mapyourshow.com/8_0/exhibitor/exhibitor-details.cfm?exhid=00098684,,https://www.facebook.com/Pacspice,,,,,,,partial,1
Palmera Dates Agriculture & Trading LLC,Jordan,AMMAN,,IFT FIRST Expo 2026,http://www.palmera-dates.com,sales@palmera-dates.com,+962 78 1212135,https://www.linkedin.com/company/palmeradates,https://www.instagram.com/palmeradatesjo,South Building — 1782,https://ift26.mapyourshow.com/8_0/exhibitor/exhibitor-details.cfm?exhid=01274045,,https://facebook.com/palmeradatesjo,,,,,,,partial,2
Panasource Ingredients,United States of America,Edison,,IFT FIRST Expo 2026,https://www.panasourceusa.com/,info@panasourceusa.com,732-512-0886,https://www.linkedin.com/company/panasource-ingredients-inc/posts,,South Building — 3453,https://ift26.mapyourshow.com/8_0/exhibitor/exhibitor-details.cfm?exhid=00653794,,,,,,,,,partial,2
Paradise,United States,Louisville,,IFT FIRST Expo 2026,https://paradisetomato.com/,,502-637-1700,https://www.linkedin.com/company/paradise-tomato-kitchens-inc.,,South Building — 4146,https://ift26.mapyourshow.com/8_0/exhibitor/exhibitor-details.cfm?exhid=00016264,,https://www.facebook.com/ParadiseTomato,,,,,,,partial,1
Paradise Fruits North America Inc.,United States,Norwood,,IFT FIRST Expo 2026,https://www.paradisefruits.com,info@paradisefruits.com,+49 4148 615 111,https://de.linkedin.com/company/paradise-fruits,,South Building — 3405,https://ift26.mapyourshow.com/8_0/exhibitor/exhibitor-details.cfm?exhid=00016149,,https://www.facebook.com/paradisefruitsfreezedried,,,,,,,partial,2
Pardes Quick Foods and Dehydration pvt ltd.,India,Rajkot,,IFT FIRST Expo 2026,https://pardesquick.com/,harsh@pardesdehydration.com,https://wa.me/+919825049026,https://www.linkedin.com/in/harsh-parekh-199ba828,,South Building — 4636,https://ift26.mapyourshow.com/8_0/exhibitor/exhibitor-details.cfm?exhid=00133719,,,,,,,,,partial,2
Parker Food Group,United States of America,Fort Worth,,IFT FIRST Expo 2026,http://www.parkerfoodgroup.com,info@parkerfoodgroup.com,817 336-7441,https://www.linkedin.com/company/parker-food-group,https://www.instagram.com/parkerfoodgroup,South Building — 2379,https://ift26.mapyourshow.com/8_0/exhibitor/exhibitor-details.cfm?exhid=00016725,,http://www.facebook.com/2008/fbml,,,,,,,partial,2
Parker Freeze Dry,United States of America,Beresford,,IFT FIRST Expo 2026,https://parkerfreezedry.com/,,6059105843,https://www.linkedin.com/company/parkerfreezedry,https://www.instagram.com/parkerfreezedry,South Building — 3155 — Food Manufacturing Equipment Pavilion,https://ift26.mapyourshow.com/8_0/exhibitor/exhibitor-details.cfm?exhid=01245378,,https://www.facebook.com/people/Parker-Freeze-Dry-a-Division-of-ProForm-Fabrication-LLC/100067950639293,,,,,,,partial,1
PB2 Foods,United States of America,Tifton,,IFT FIRST Expo 2026,https://pb2foods.com/,,229-387-7238,https://www.linkedin.com/company/pb2foods/posts,,South Building — 2679,https://ift26.mapyourshow.com/8_0/exhibitor/exhibitor-details.cfm?exhid=01242953,,,,,,,,,partial,1
"Pear Foods, LLC",United States of America,Inman,,IFT FIRST Expo 2026,https://www.pearfoods.com/,hello@pearfoods.com,,https://www.linkedin.com/company/pearfoods,,South Building — ST76 — STARTUP Pavilion,https://ift26.mapyourshow.com/8_0/exhibitor/exhibitor-details.cfm?exhid=01274049,,,,,,,,,partial,2
Perfetto Naturals Private Limited,India,Panamaram,,IFT FIRST Expo 2026,http://www.perfettonaturals.com,info@perfettonaturals.com,+91-8113021115,https://www.linkedin.com/company/perfetto-naturals-pvt-ltd,https://instagram.com/perfetto_naturals,South Building — 4069,https://ift26.mapyourshow.com/8_0/exhibitor/exhibitor-details.cfm?exhid=01268723,,https://www.facebook.com/NaturalswithPerfetto,,,,,,,partial,2
Perfumes Sodexim,Mexico,Naucalpan,,IFT FIRST Expo 2026,https://www.sodexim.com.mx/en,ventas@sodexim.com.mx,55 4777-5900,https://www.linkedin.com/company/perfumes-sodexim-s.a.-de-c.v./about,https://www.instagram.com/sodeximpulpassaboresyperfumes,South Building — 2814,https://ift26.mapyourshow.com/8_0/exhibitor/exhibitor-details.cfm?exhid=01178358,,https://www.facebook.com/SodeximPulpasSaboresyPerfumes,,,,,,,partial,2
"Perten, a PerkinElmer Company",United States,Shelton,,IFT FIRST Expo 2026,https://www.perten.com,,1998 - 2026,https://www.linkedin.com/showcase/perkinelmer-food-safety-and-quality,https://www.instagram.com/perkinelmer,South Building — 1710,https://ift26.mapyourshow.com/8_0/exhibitor/exhibitor-details.cfm?exhid=00005132,,https://www.facebook.com/PerkinElmer,,,,,,,partial,1
Phytolon,Israel,Yokne'am Illit,,IFT FIRST Expo 2026,http://www.phytolon.com,info@phytolon.com,+972.733.266.744,https://www.linkedin.com/company/phytolon,,South Building — 1822,https://ift26.mapyourshow.com/8_0/exhibitor/exhibitor-details.cfm?exhid=01214916,,,,,,,,,partial,2
Pizzey Ingredients,Canada,Russell,,IFT FIRST Expo 2026,https://pizzeyingredients.com/,,204-773-3532,,,South Building — 4057,https://ift26.mapyourshow.com/8_0/exhibitor/exhibitor-details.cfm?exhid=00767256,,,,,,,,,partial,1
Plantible,United States of America,Vista,,IFT FIRST Expo 2026,,,,,,South Building — ST88 — STARTUP Pavilion,https://ift26.mapyourshow.com/8_0/exhibitor/exhibitor-details.cfm?exhid=01162587,,,,,,,,,partial,1
Planture Inc.,United States of America,Chicago,,IFT FIRST Expo 2026,https://planture.com/,info@planture.com,+31 20 20 90 470,https://www.linkedin.com/company/planture-group,,South Building — ST74 — STARTUP Pavilion,https://ift26.mapyourshow.com/8_0/exhibitor/exhibitor-details.cfm?exhid=01263595,,,,,,,,,partial,2
PLT Health Solutions,United States,Morristown,,IFT FIRST Expo 2026,http://www.plthealth.com,,973.984.0900,http://www.linkedin.com/company/plthealth,https://www.instagram.com/plthealthsolutions,South Building — 3042,https://ift26.mapyourshow.com/8_0/exhibitor/exhibitor-details.cfm?exhid=00006489,,http://www.facebook.com/plthealth,,,,,,,partial,1
Pocantico Resources Inc,United States,Tarrytown,,IFT FIRST Expo 2026,https://www.pocanticoresources.com,,9146313545,,,South Building — 3760,https://ift26.mapyourshow.com/8_0/exhibitor/exhibitor-details.cfm?exhid=00141049,,,,,,,,,partial,1
POLA Marketing,United States of America,Covington,,IFT FIRST Expo 2026,,,,,,South Building — 4841,https://ift26.mapyourshow.com/8_0/exhibitor/exhibitor-details.cfm?exhid=01266610,,,,,,,,,partial,1
POM Wonderful,United States of America,Los Angeles,,IFT FIRST Expo 2026,http://www.pomwonderful.com,pompr@wonderful.com,877-450-9493,,https://www.instagram.com/pomwonderful,South Building — 1716,https://ift26.mapyourshow.com/8_0/exhibitor/exhibitor-details.cfm?exhid=00135531,,https://www.facebook.com/pomwonderful,,,,,,,partial,2
POOJA DEHY FOODS PVT LTD,India,Mahuva,,IFT FIRST Expo 2026,http://Www.poojafoods.com,info@poojafoods.com,https://wa.me/+919227979440,,,South Building — 1344,https://ift26.mapyourshow.com/8_0/exhibitor/exhibitor-details.cfm?exhid=01124644,,,,,,,,,partial,2
Porter Logistics,United States of America,Atlanta,,IFT FIRST Expo 2026,http://www.porter-logistics.com,,404-574-4641,https://www.linkedin.com/company/myporter-commercial,https://www.instagram.com/porterlogisticswh,South Building — 1876,https://ift26.mapyourshow.com/8_0/exhibitor/exhibitor-details.cfm?exhid=01274982,,https://www.facebook.com/myporterlogistics,,,,,,,partial,1
PRATHISTA INTERNATIONAL INC,United States of America,Missouri City,,IFT FIRST Expo 2026,http://www.prathista.us,info@prathista.us,+1 412 626-9417,,,South Building — 4619,https://ift26.mapyourshow.com/8_0/exhibitor/exhibitor-details.cfm?exhid=01229334,,,,,,,,,partial,2
Prayon,United States of America,Augusta,,IFT FIRST Expo 2026,https://www.prayon.com,share-facebook@2x.jpg,706-771-3443,https://www.linkedin.com/company/prayon,,South Building — 2421,https://ift26.mapyourshow.com/8_0/exhibitor/exhibitor-details.cfm?exhid=00060706,,,,,,,,,partial,2
Premium Goods,France,Chennevieres-sur-Marne,,IFT FIRST Expo 2026,http://www.premiumgoods.fr,premiumgoods@premiumgoods.fr,+33 1 82 38 02 20,,,South Building — 1676,https://ift26.mapyourshow.com/8_0/exhibitor/exhibitor-details.cfm?exhid=01268717,,,,,,,,,partial,2
Prevera,Israel,Rehovot,,IFT FIRST Expo 2026,https://prevera.co/,,,,,South Building — ST22 — STARTUP Pavilion,https://ift26.mapyourshow.com/8_0/exhibitor/exhibitor-details.cfm?exhid=01266105,,,,,,,,,partial,1
Primis Global,United States of America,Manhasset,,IFT FIRST Expo 2026,https://www.primisglobal.net/,info@primisglobal.net,11030 917-615-3941,,,South Building — 3081,https://ift26.mapyourshow.com/8_0/exhibitor/exhibitor-details.cfm?exhid=01273804,,,,,,,,,partial,2
Prinova,United States,Itasca,,IFT FIRST Expo 2026,https://www.prinovaglobal.com/us/en,,630-868-0300,https://www.linkedin.com/company/prinova-usa,,South Building — 3082,https://ift26.mapyourshow.com/8_0/exhibitor/exhibitor-details.cfm?exhid=00020101,,,,,,,,,partial,1
Procomer Essential Costa Rica,Costa Rica,"Escazú, San Jose",,IFT FIRST Expo 2026,https://procomer.com/en/,,,,,South Building — 4162,https://ift26.mapyourshow.com/8_0/exhibitor/exhibitor-details.cfm?exhid=01259209,,,,,,,,,partial,1
Profile Food Ingredients,United States of America,Elgin,,IFT FIRST Expo 2026,https://www.profilefoodingredients.com/,customerservice@profilefoodingredients.com,847-622-1700,https://www.linkedin.com/company/profile-food-ingredients,,South Building — 2025,https://ift26.mapyourshow.com/8_0/exhibitor/exhibitor-details.cfm?exhid=00026874,,,,,,,,,partial,2
ProFood International Inc.,United States,Naperville,,IFT FIRST Expo 2026,http://profoodinternational.com,,6304282386,,,South Building — 4732,https://ift26.mapyourshow.com/8_0/exhibitor/exhibitor-details.cfm?exhid=00005336,,,,,,,,,partial,1
"Prosur, Inc.",United States of America,Naperville,,IFT FIRST Expo 2026,https://prosur.es/,info@prosur.es,+34 968 881 991,https://www.linkedin.com/company/productos-sur-s-a-,,South Building — 4821,https://ift26.mapyourshow.com/8_0/exhibitor/exhibitor-details.cfm?exhid=01174976,,,,,,,,,partial,2
Prova Inc.,United States,Beverly,,IFT FIRST Expo 2026,http://www.provaus.com,innovation@provaus.com,978-739-9055,https://www.linkedin.com/company/prova-us,,South Building — 2603,https://ift26.mapyourshow.com/8_0/exhibitor/exhibitor-details.cfm?exhid=00014478,,,,,,,,,partial,2
Pulse Canada,Canada,Winnipeg,,IFT FIRST Expo 2026,https://pulsecanada.com,hello@pulsecanada.com,204-925-4455,https://ca.linkedin.com/company/pulse-canada,,South Building — 4727,https://ift26.mapyourshow.com/8_0/exhibitor/exhibitor-details.cfm?exhid=00261575,,,,,,,,,partial,2
Purdue University,United States of America,W Lafayette,,IFT FIRST Expo 2026,https://ag.purdue.edu/department/foodsci,foodsci@purdue.edu,47907-2053,https://www.linkedin.com/company/purdue-agriculture,https://www.instagram.com/purdue_ag,South Building — 4211,https://ift26.mapyourshow.com/8_0/exhibitor/exhibitor-details.cfm?exhid=00005370,,https://www.facebook.com/PurdueAg,,,,,,,partial,2
Purearth Supplies Inc,United States of America,Chino,,IFT FIRST Expo 2026,http://www.purearthsupplies.com,joyce@purearthsupplies.com,+ 123 456 78 90,,,South Building — 2616,https://ift26.mapyourshow.com/8_0/exhibitor/exhibitor-details.cfm?exhid=01272057,,,,,,,,,partial,2
PureField Ingredients,United States of America,Russell,,IFT FIRST Expo 2026,https://www.purefield.com/ingredients/food-ingredients/,,586-596-7810,https://www.linkedin.com/company/purefield-ingredients/posts,,South Building — 4708,https://ift26.mapyourshow.com/8_0/exhibitor/exhibitor-details.cfm?exhid=01274336,,,,,,,,,partial,1
Puris,United States of America,Minneapolis,,IFT FIRST Expo 2026,https://www.puris.com,,19715 321,https://www.linkedin.com/company/purisfoods,https://www.instagram.com/purisfoods,South Building — 1176 — Organic Pavilion,https://ift26.mapyourshow.com/8_0/exhibitor/exhibitor-details.cfm?exhid=00673895,,https://www.facebook.com/purisfoods,,,,,,,partial,1
Pyure Brands LLC,United States of America,Naples,,IFT FIRST Expo 2026,https://pyureorganic.com,,2398880955,https://www.linkedin.com/company/pyure-brands-llc,,South Building — 1172 — Organic Pavilion,https://ift26.mapyourshow.com/8_0/exhibitor/exhibitor-details.cfm?exhid=00798340,,,,,,,,,partial,1
"Qingdao Bright Moon Seaweed Group Co., Ltd.",China,Qingdao,,IFT FIRST Expo 2026,http://www.bmsg.com,service@bmsg.com,+86 15092038786,,,South Building — 3181,https://ift26.mapyourshow.com/8_0/exhibitor/exhibitor-details.cfm?exhid=00106268,,,,,,,,,partial,2
"Qingdao Hiche Bio-Technology Co., Ltd",China,Qingdao,,IFT FIRST Expo 2026,https://www.hichebio.com,,,https://jennyf@hiche-bio.com,,South Building — 1544,https://ift26.mapyourshow.com/8_0/exhibitor/exhibitor-details.cfm?exhid=01263334,,,,,,,,,partial,1
Qingdao Lulin Processed Vegetable Co Ltd.,United States of America,Qingdao,,IFT FIRST Expo 2026,http://www.lulinfood.com,lulin@lulinfood.com,+86-532-88737862,,,South Building — 4715,https://ift26.mapyourshow.com/8_0/exhibitor/exhibitor-details.cfm?exhid=00134925,,,,,,,,,partial,2
"QINGDAO MATSUMOTO FOODS CO., LTD",China,Qingdao,,IFT FIRST Expo 2026,http://www.matsumotofoods.com,info@matsumotofoods.com,2025-06-18,,,South Building — 2376,https://ift26.mapyourshow.com/8_0/exhibitor/exhibitor-details.cfm?exhid=00277782,,,,,,,,,partial,2
Qingdao Terio Corporation,China,Qingdao,,IFT FIRST Expo 2026,http://www.untedint.com,,+86-532-83893699,,,South Building — 4615,https://ift26.mapyourshow.com/8_0/exhibitor/exhibitor-details.cfm?exhid=01247808,,,,,,,,,partial,1
"QINGDAO TIANJIAO SHENGTAI TRADING CO.,LTD",China,Shihezi,,IFT FIRST Expo 2026,http://www.xjlajiao.com.cn/,,2024-05-11,,,South Building — 3605,https://ift26.mapyourshow.com/8_0/exhibitor/exhibitor-details.cfm?exhid=01230714,,,,,,,,,partial,1
"Qingdao Vland KC Biotechnology CO., LTD",China,QingDao,,IFT FIRST Expo 2026,http://www.vlandgroup.com,kdn@vlandgroup.com,+86 532 8896 6607,,,South Building — 3521,https://ift26.mapyourshow.com/8_0/exhibitor/exhibitor-details.cfm?exhid=01273802,,,,,,,,,partial,2
"Qinhuangdao Lihua Starch Co.,Ltd",China,Qinhuangdao,,IFT FIRST Expo 2026,http://www.qhdlihua.com/,lihuamyb@qhdlihua.com,+86 335 6034330,,,South Building — 3910,https://ift26.mapyourshow.com/8_0/exhibitor/exhibitor-details.cfm?exhid=00570812,,,,,,,,,partial,2
Quadra,United States of America,The Woodlands,,IFT FIRST Expo 2026,https://www.quadragroup.com,,18006656553,https://www.linkedin.com/company/quadra-chemicals/posts,https://www.instagram.com/quadragroup_,South Building — 803,https://ift26.mapyourshow.com/8_0/exhibitor/exhibitor-details.cfm?exhid=01194802,,,,,,,,,partial,1
Quick Dry Foods,United States of America,Gurnee,,IFT FIRST Expo 2026,https://www.quickdryfoods.com/,info@quickdryfoods.com,+1 847 785-1249,,,South Building — 1609,https://ift26.mapyourshow.com/8_0/exhibitor/exhibitor-details.cfm?exhid=00022712,,,,,,,,,partial,2
R-Biopharm Inc,United States,Washington,,IFT FIRST Expo 2026,https://food.r-biopharm.com/,info@r-biopharm.de,+49 0 6151 - 81 02-0,https://de.linkedin.com/company/r-biopharm-ag,,South Building — 2269,https://ift26.mapyourshow.com/8_0/exhibitor/exhibitor-details.cfm?exhid=00060344,,,,,,,,,partial,2
R2DIO Inc.,United States of America,Berkeley,,IFT FIRST Expo 2026,https://r2dio.com/,,,https://www.linkedin.com/company/r2dio,,South Building — ST18 — STARTUP Pavilion,https://ift26.mapyourshow.com/8_0/exhibitor/exhibitor-details.cfm?exhid=01276140,,,,,,,,,partial,1
Radicle Science,United States of America,Del Mar,,IFT FIRST Expo 2026,https://www.radiclescience.com/,,,https://www.linkedin.com/company/radiclescience,https://www.instagram.com/radiclescience,South Building — 565,https://ift26.mapyourshow.com/8_0/exhibitor/exhibitor-details.cfm?exhid=01266540,,https://www.facebook.com/radiclescience,,,,,,,partial,1
Rainbow Expochem Company,India,Gujarat,,IFT FIRST Expo 2026,https://www.rainbowexpochem.com/,info@rainbowexpochem.com,https://wa.me/+916359997650,,,South Building — 4658,https://ift26.mapyourshow.com/8_0/exhibitor/exhibitor-details.cfm?exhid=01266824,,https://www.facebook.com/rainbowexpochem,,,,,,,partial,2
Rainforest Supply,United States of America,Deerfield Beach,,IFT FIRST Expo 2026,http://rainforestsupply.com,john@doe.com,+1-561-210-0771,https://linkedin.com/company/rainforestsupply,https://instagram.com/rainforestsupply,South Building — 4922,https://ift26.mapyourshow.com/8_0/exhibitor/exhibitor-details.cfm?exhid=01276498,,https://www.facebook.com/rainforestsupplyusa,,,,,,,partial,2
RAMA GUM INDUSTRIES INDIA LTD.,India,Gujarat,,IFT FIRST Expo 2026,https://www.ramagum.com/,info@ramagum.com,+91-2744-226761,https://www.linkedin.com/company/rama-gum-industries-i-ltd,https://www.instagram.com/rama.gum,South Building — 3806,https://ift26.mapyourshow.com/8_0/exhibitor/exhibitor-details.cfm?exhid=1236908,,https://www.facebook.com/share/1BFhXzMuSy,,,,,,,partial,2
Ramboll – Ingredient Authorization Strategies,United States of America,Cincinnati,,IFT FIRST Expo 2026,https://ramboll.com,cathy.hang@ramboll.com,5136460818,https://www.linkedin.com/company/ramboll,https://www.instagram.com/rambollgroup,South Building — 872,https://ift26.mapyourshow.com/8_0/exhibitor/exhibitor-details.cfm?exhid=01240693,,,,,,,,,partial,2
RD Global Products,United States of America,El Paso,,IFT FIRST Expo 2026,https://rdglobalproducts.com/,,5756363212,,,South Building — 4745,https://ift26.mapyourshow.com/8_0/exhibitor/exhibitor-details.cfm?exhid=01274984,,,,,,,,,partial,1
Red Oak  Foods LLC,United States of America,Closter,,IFT FIRST Expo 2026,https://www.redoakfoods.net,inquiry@redoakfoods.net,201 885-3270,,http://instagram.com/simplybeyondfoods,South Building — 1661 — Organic Pavilion,https://ift26.mapyourshow.com/8_0/exhibitor/exhibitor-details.cfm?exhid=01111185,,http://www.facebook.com/2008/fbml,,,,,,,partial,2
Red River Commodities Inc.,United States,Fargo,,IFT FIRST Expo 2026,http://redriv.com/,contact@redriv.com,+18004375539,,,South Building — 3862,https://ift26.mapyourshow.com/8_0/exhibitor/exhibitor-details.cfm?exhid=00495552,,,,,,,,,partial,2
Redox Inc.,United States of America,Lakewood,,IFT FIRST Expo 2026,https://redox.com/,,+64 9 250 6222,https://www.linkedin.com/company/redox,https://www.instagram.com/redox_global,South Building — 3409,https://ift26.mapyourshow.com/8_0/exhibitor/exhibitor-details.cfm?exhid=01221294,,https://www.facebook.com/RedoxGlobal,,,,,,,partial,1
Redzone by QAD,United States of America,Miami,,IFT FIRST Expo 2026,https://www.rzsoftware.com/?r=0,,,https://www.linkedin.com/company/rzsoftware,,South Building — 103 — AI & Software Pavilion,https://ift26.mapyourshow.com/8_0/exhibitor/exhibitor-details.cfm?exhid=01276605,,,,,,,,,partial,1
Reichert AMETEK,United States of America,Depew,,IFT FIRST Expo 2026,https://www.reichert.com/,,+1-716-686-4500,https://www.linkedin.com/company/reichert-inc,https://www.instagram.com/reicherteye,South Building — 606,https://ift26.mapyourshow.com/8_0/exhibitor/exhibitor-details.cfm?exhid=01243745,,https://www.facebook.com/reicherteye,,,,,,,partial,1
Renaissance Flavors International,Canada,Scarborough,,IFT FIRST Expo 2026,http://www.renaissanceflavors.com,,+1-519-783-1556,,,South Building — 1162 — Organic Pavilion,https://ift26.mapyourshow.com/8_0/exhibitor/exhibitor-details.cfm?exhid=01229570,,,,,,,,,partial,1
Revtech Process Systems Inc,United States of America,Chicago,,IFT FIRST Expo 2026,https://www.revtech-process-systems.com/,contact@revtech-ps.com,+33 475 601 626,https://www.linkedin.com/company/revtech-process-system,,South Building — 2678,https://ift26.mapyourshow.com/8_0/exhibitor/exhibitor-details.cfm?exhid=00132102,,,,,,,,,partial,2
Revyve,Netherlands,Bronland 10,,IFT FIRST Expo 2026,https://revyve.bio/,info@revyve.bio,+31641134008,https://www.linkedin.com/company/revyve-simplygood,,South Building — 2021,https://ift26.mapyourshow.com/8_0/exhibitor/exhibitor-details.cfm?exhid=01242733,,,,,,,,,partial,2
RFI Ingredients,United States,Orangeburg,,IFT FIRST Expo 2026,http://www.rfiingredients.com,,(845) 358-8600,,,South Building — 2440,https://ift26.mapyourshow.com/8_0/exhibitor/exhibitor-details.cfm?exhid=00025772,,,,,,,,,partial,1
Rheonics,United States of America,Sugar Land,,IFT FIRST Expo 2026,https://rheonics.com/,info@rheonics.com,+41 52 511 3200,https://www.linkedin.com/company/rheonics,https://www.instagram.com/rheonics,South Building — 3150 — Food Manufacturing Equipment Pavilion,https://ift26.mapyourshow.com/8_0/exhibitor/exhibitor-details.cfm?exhid=01271526,,https://www.facebook.com/rheonics,,,,,,,partial,2
Rhino Foods,United States of America,Burlington,,IFT FIRST Expo 2026,https://www.rhinofoods.com,,+18028620252,https://www.linkedin.com/company/rhino-foods-inc.,https://www.instagram.com/rhinofoods,South Building — 2482,https://ift26.mapyourshow.com/8_0/exhibitor/exhibitor-details.cfm?exhid=00017253,,https://www.facebook.com/rhinofoodsinc,,,,,,,partial,1
"RIBUS, Inc.",United States of America,Sparks,,IFT FIRST Expo 2026,https://www.ribus.com,,+1.314.727.4287,,,South Building — 1815,https://ift26.mapyourshow.com/8_0/exhibitor/exhibitor-details.cfm?exhid=00017272,,https://www.facebook.com/RIBUSInc,,,,,,,partial,1
"Richardson Centre for Food Technology and Research, University of Manitoba",Canada,Winnipeg,,IFT FIRST Expo 2026,https://umanitoba.ca/richardson-centre-food-technology-research/,rcftr@umanitoba.ca,+1800-432-1960,http://www.linkedin.com/company/2817916,https://www.instagram.com/umanitoba,South Building — 4564,https://ift26.mapyourshow.com/8_0/exhibitor/exhibitor-details.cfm?exhid=01223007,,https://www.facebook.com/umanitoba,,,,,,,partial,2
Richardson Food & Ingredients,Canada,Winnipeg,,IFT FIRST Expo 2026,http://www.richardsonfoodandingredients.com,,800-635-3296,,,South Building — 1603,https://ift26.mapyourshow.com/8_0/exhibitor/exhibitor-details.cfm?exhid=00127404,,https://www.facebook.com/RichardsonInternational,,,,,,,partial,1
Richmond Baking Co,United States of America,Richmond,,IFT FIRST Expo 2026,http://www.richmondbaking.com/,info@richmondbaking.com,+17659628535,https://www.linkedin.com/company/richmond-baking,,South Building — 4609,https://ift26.mapyourshow.com/8_0/exhibitor/exhibitor-details.cfm?exhid=00010928,,,,,,,,,partial,2
Rierden Chemical & Trading,United States,Libertyville,,IFT FIRST Expo 2026,http://www.rierdenchemical.com,,+1-847-816-9310,,,South Building — 3516,https://ift26.mapyourshow.com/8_0/exhibitor/exhibitor-details.cfm?exhid=00705755,,,,,,,,,partial,1
Riviana Foods,United States,Houston,,IFT FIRST Expo 2026,http://www.rivianaindustrial.com/,,1(713)525-9501,,,South Building — 3416,https://ift26.mapyourshow.com/8_0/exhibitor/exhibitor-details.cfm?exhid=00005584,,,,,,,,,partial,1
RKL eSolutions,United States of America,Lancaster,,IFT FIRST Expo 2026,https://www.rklesolutions.com/,support@rklesolutions.com,717 735-9109,https://www.linkedin.com/company/rkl-esolutions-llc,https://www.instagram.com/rklesolutions,South Building — 4563,https://ift26.mapyourshow.com/8_0/exhibitor/exhibitor-details.cfm?exhid=00917167,,https://www.facebook.com/rklesolutions,,,,,,,partial,2
Rochem International Inc.,United States of America,Hauppauge,,IFT FIRST Expo 2026,https://rochemintl.com/,,631-738-1188,https://www.linkedin.com/company/rochem-interntational-inc.,,South Building — 3621,https://ift26.mapyourshow.com/8_0/exhibitor/exhibitor-details.cfm?exhid=00067477,,https://www.facebook.com/Rochem-International-135782736467958,,,,,,,partial,1
Roha USA LLC,United States,Saint Louis,,IFT FIRST Expo 2026,https://test.com,,1(314)289-8300,,,South Building — 2010,https://ift26.mapyourshow.com/8_0/exhibitor/exhibitor-details.cfm?exhid=00067942,,,,,,,,,partial,1
Roland Foods LLC,United States of America,New York,,IFT FIRST Expo 2026,http://www.rolandfoods.com,hello@rolandfoods.com,800.221.4030,https://www.linkedin.com/company/roland-foods,https://www.instagram.com/rolandfoods,South Building — 1444,https://ift26.mapyourshow.com/8_0/exhibitor/exhibitor-details.cfm?exhid=00917282,,https://www.facebook.com/RolandFoods.Page,,,,,,,partial,2
Roquette,United States of America,Geneva,,IFT FIRST Expo 2026,https://www.roquette.com/food-nutrition,,13312902435,https://www.linkedin.com/company/roquette,,South Building — MR5464,https://ift26.mapyourshow.com/8_0/exhibitor/exhibitor-details.cfm?exhid=00017945,,,,,,,,,partial,1
"Rousselot, Inc.",United States,West Allis,,IFT FIRST Expo 2026,https://www.rousselot.com,,888-455-3556,https://www.linkedin.com/company/rousselot,https://www.instagram.com/rousselotglobal,South Building — 861,https://ift26.mapyourshow.com/8_0/exhibitor/exhibitor-details.cfm?exhid=00084905,,https://www.facebook.com/RousselotGlobal,,,,,,,partial,1
Royal Dates Group,United Arab Emirates,Business Bay,,IFT FIRST Expo 2026,https://yadefood.com/,,,https://www.linkedin.com/company/100153560/admin/dashboard,,South Building — 569,https://ift26.mapyourshow.com/8_0/exhibitor/exhibitor-details.cfm?exhid=01241001,,,,,,,,,partial,1
Royal Ingredients Group,United States of America,Chicago,,IFT FIRST Expo 2026,https://www.royal-ingredients.com/,info@royal-ingredients.com,+31 72 520 8080,https://www.linkedin.com/company/royal-ingredients-group-bv-the-netherlands,,South Building — 3310,https://ift26.mapyourshow.com/8_0/exhibitor/exhibitor-details.cfm?exhid=00589344,,,,,,,,,partial,2
Royal Ridge Fruits,United States,Royal City,,IFT FIRST Expo 2026,https://www.royalridgefruits.com,,509-346-1520,https://www.linkedin.com/company/royal-ridge-fruit-&-cold-storage-llc,,South Building — 1362 — Organic Pavilion,https://ift26.mapyourshow.com/8_0/exhibitor/exhibitor-details.cfm?exhid=00331704,,https://www.facebook.com/RoyalRidgeFruitsWA,,,,,,,partial,1
RTI International,United States of America,Durham,,IFT FIRST Expo 2026,https://www.rti.org,respondentinquiry@rti.org,9198880028,https://www.linkedin.com/companies/rti-international,https://www.instagram.com/rti_intl,South Building — 3277,https://ift26.mapyourshow.com/8_0/exhibitor/exhibitor-details.cfm?exhid=00846324,,https://www.facebook.com/rti.international,,,,,,,partial,2
Ruchi Foods LLP,India,Vadodara,,IFT FIRST Expo 2026,http://www.ruchifoods.in,info@ruchifood.in,+91-63532 39127,,,South Building — 4666,https://ift26.mapyourshow.com/8_0/exhibitor/exhibitor-details.cfm?exhid=01112016,,,,,,,,,partial,2
RX Food Ingredients,United States of America,Enfield,,IFT FIRST Expo 2026,,,,https://www.linkedin.com/company/106504065/admin/dashboard,,South Building — ST47 — STARTUP Pavilion,https://ift26.mapyourshow.com/8_0/exhibitor/exhibitor-details.cfm?exhid=01276354,,,,,,,,,partial,1
RZBC GROUP CO. LTD.,China,Rizhao,,IFT FIRST Expo 2026,http://www.rzbc.com,dm-qingdao@300.cn,+86-633-8282018,,,South Building — 3419,https://ift26.mapyourshow.com/8_0/exhibitor/exhibitor-details.cfm?exhid=01247729,,,,,,,,,partial,2
S&G Exports,India,Navi Mumbai,,IFT FIRST Expo 2026,https://sandgexports.com/,,,,,South Building — 1545,https://ift26.mapyourshow.com/8_0/exhibitor/exhibitor-details.cfm?exhid=01272813,,,,,,,,,partial,1
Sabater USA,United States,Miami,,IFT FIRST Expo 2026,https://sabaterglobal.com/eu-en/,,1(786)725-5716,,,South Building — 4637,https://ift26.mapyourshow.com/8_0/exhibitor/exhibitor-details.cfm?exhid=00657221,,,,,,,,,partial,1
Safe Food Corp.,United States,Edgewater,,IFT FIRST Expo 2026,http://www.safefoodcorp.com,info@safefoodcorp.com,+1 201 865 7111,,,South Building — 969,https://ift26.mapyourshow.com/8_0/exhibitor/exhibitor-details.cfm?exhid=00100760,,,,,,,,,partial,2
SafePlate Technologies Inc.,United States of America,San Luis Obispo,,IFT FIRST Expo 2026,https://www.safeplatetech.com/,,,,,South Building — ST79 — STARTUP Pavilion,https://ift26.mapyourshow.com/8_0/exhibitor/exhibitor-details.cfm?exhid=01266275,,,,,,,,,partial,1
Sahyadri Farms Post Harvest Care Limited,India,Maharashtra,,IFT FIRST Expo 2026,https://www.sahyadrifarms.com/,info@sahyadrifarms.com,1800 212 002 020,https://www.linkedin.com/company/sahyadri-farmers-producer-company-limited,https://www.instagram.com/sahyadrifarms,South Building — 771,https://ift26.mapyourshow.com/8_0/exhibitor/exhibitor-details.cfm?exhid=01268115,,https://www.facebook.com/SahyadriFarms,,,,,,,partial,2
SALPA & CHERUBINI SRL,Italy,Rome,,IFT FIRST Expo 2026,http://www.salpa.it,info@salpa.it,+592180541,https://www.linkedin.com/company/qode-themes,https://www.instagram.com/qodeinteractive,South Building — 4257,https://ift26.mapyourshow.com/8_0/exhibitor/exhibitor-details.cfm?exhid=01174497,,https://www.facebook.com/salpaspecialfood,,,,,,,partial,2
SALTWELL,Sweden,Göteborg,,IFT FIRST Expo 2026,https://www.saltwellsalt.com,info@saltwellsalt.com,+46313092560,https://www.linkedin.com/company/saltwellab,,South Building — 2340,https://ift26.mapyourshow.com/8_0/exhibitor/exhibitor-details.cfm?exhid=00623727,,https://www.facebook.com/saltwellab,,,,,,,partial,2
Salvi Chemical Industries Ltd.,India,Mumbai,,IFT FIRST Expo 2026,http://www.salvichem.com,info@salvichem.com,+91 22 2870 1438,https://in.linkedin.com/company/salvichemicalindustries,https://www.instagram.com/salvichemical,South Building — 1917,https://ift26.mapyourshow.com/8_0/exhibitor/exhibitor-details.cfm?exhid=00067516,,https://www.facebook.com/SalviChemical,,,,,,,partial,2
Sampco LLC,United States of America,Chicago,,IFT FIRST Expo 2026,https://www.sampcoinc.com/,,312 346-1506,,,South Building — 1607,https://ift26.mapyourshow.com/8_0/exhibitor/exhibitor-details.cfm?exhid=00011889,,,,,,,,,partial,1
Samyang Corp,Korea  Republic of,Seongnam-Si,,IFT FIRST Expo 2026,https://www.samyangspecialty.com/en/index,,+82-2-2157-9114,https://www.linkedin.com/showcase/samyangspecialtyingredients,,South Building — 841,https://ift26.mapyourshow.com/8_0/exhibitor/exhibitor-details.cfm?exhid=01070517,,,,,,,,,partial,1
SANE Foods,Mexico,Chapala,,IFT FIRST Expo 2026,https://sane.com.mx/,contacto@sane.com.mx,376 76 540 20,,https://www.instagram.com/chilechilechapala,South Building — 4521,https://ift26.mapyourshow.com/8_0/exhibitor/exhibitor-details.cfm?exhid=1236910,,https://www.facebook.com/p/Chile-Chapala-61555302126025,,,,,,,partial,2
SANFORD GIDA A.S.,Turkey,Torbali,,IFT FIRST Expo 2026,http://www.sanford.com.tr,info@sanford.com.tr,+90-232-856-9011,,https://www.instagram.com/sanfordfoods,South Building — 1264 — Organic Pavilion,https://ift26.mapyourshow.com/8_0/exhibitor/exhibitor-details.cfm?exhid=01270457,,https://www.facebook.com/sanford.com.tr,,,,,,,partial,2
SANTIS,Morocco,Casablanca,,IFT FIRST Expo 2026,https://www.santis-co.com/,,,https://fr.linkedin.com/company/santis,,South Building — 4417,https://ift26.mapyourshow.com/8_0/exhibitor/exhibitor-details.cfm?exhid=01221353,,,,,,,,,partial,1
Satnam Psyllium Industries,India,"Unjha, Gujarat",,IFT FIRST Expo 2026,https://satnampsyllium.com/,,+912767 282 833,https://www.linkedin.com/company/satnampsyllium,https://www.instagram.com/axiom_themes,South Building — 4761,https://ift26.mapyourshow.com/8_0/exhibitor/exhibitor-details.cfm?exhid=01273577,,https://www.facebook.com/AxiomThemes,,,,,,,partial,1
Save the Bee,United States of America,Eugene,,IFT FIRST Expo 2026,http://www.savethebee.org,info@savethebee.org,2023/2024,https://www.linkedin.com/company/save-the-bee,https://www.instagram.com/savethebeeorg,South Building — ST93 — STARTUP Pavilion,https://ift26.mapyourshow.com/8_0/exhibitor/exhibitor-details.cfm?exhid=01270459,,https://www.facebook.com/savethebeeorg,,,,,,,partial,2
Scale Food Labs,United States of America,Golden,,IFT FIRST Expo 2026,https://www.scalefoodlabs.com/,hello@scalefoodlabs.com,,,,South Building — ST43 — STARTUP Pavilion,https://ift26.mapyourshow.com/8_0/exhibitor/exhibitor-details.cfm?exhid=01276585,,,,,,,,,partial,2
Scale Foods,United States of America,Buffalo,,IFT FIRST Expo 2026,https://scalefoods.com/,,800-646-1995,,,South Building — 765,https://ift26.mapyourshow.com/8_0/exhibitor/exhibitor-details.cfm?exhid=01222825,,,,,,,,,partial,1
Schmalz Inc.,United States of America,Raleigh,,IFT FIRST Expo 2026,https://www.schmalz.com/en-us,schmalz.us@schmalz.com,+1 919 713-0880,https://www.linkedin.com/company/schmalz-usa,https://www.instagram.com/schmalzusa,South Building — 1345,https://ift26.mapyourshow.com/8_0/exhibitor/exhibitor-details.cfm?exhid=01272049,,https://www.facebook.com/schmalzgroup,,,,,,,partial,2
Schrödinger,United States of America,New York,,IFT FIRST Expo 2026,https://www.schrodinger.com/materials-science/,,2122955800,https://www.linkedin.com/company/schr-dinger,https://www.instagram.com/schrodinger.inc,South Building — 203 — AI & Software Pavilion,https://ift26.mapyourshow.com/8_0/exhibitor/exhibitor-details.cfm?exhid=01222590,,,,,,,,,partial,1
SD Guthrie International,United States of America,San Diego,,IFT FIRST Expo 2026,https://www.sdguthrie-international.com/,sg.trades@sdguthrie.com,+603 7848 4000,https://my.linkedin.com/company/sd-guthrie-international,https://www.instagram.com/sdguthrieinternational,South Building — 1632,https://ift26.mapyourshow.com/8_0/exhibitor/exhibitor-details.cfm?exhid=01244018,,https://web.facebook.com/sdguthrieinternational,,,,,,,partial,2
SD HEAD USA LLC,United States of America,Syosset,,IFT FIRST Expo 2026,http://www.sdheadusa.com,info@sdheadusa.com,516-494-3238,https://www.linkedin.com/company/sd-head-usa-llc,,South Building — 1421,https://ift26.mapyourshow.com/8_0/exhibitor/exhibitor-details.cfm?exhid=01221252,,,,,,,,,partial,2
"SDIC Dongsheng Biotech (TAIZHOU) Co., Ltd.",China,Taizhou,,IFT FIRST Expo 2026,https://www.ds-food.com/contact.html,dm-yangzhou@300.cn,+52-811-0705287,,,South Building — 3220,https://ift26.mapyourshow.com/8_0/exhibitor/exhibitor-details.cfm?exhid=00385407,,,,,,,,,partial,2
SE Tylose USA,United States of America,Totowa,,IFT FIRST Expo 2026,https://www.setylose.com/,logo@2x.svg,,https://de.linkedin.com/company/se-tylose,,South Building — 3714,https://ift26.mapyourshow.com/8_0/exhibitor/exhibitor-details.cfm?exhid=01272060,,,,,,,,,partial,2
Season Harvest Foods,United States of America,Los Altos,,IFT FIRST Expo 2026,http://www.seasonharvestfoods.com,,6509682273,,,South Building — 4610,https://ift26.mapyourshow.com/8_0/exhibitor/exhibitor-details.cfm?exhid=00085880,,,,,,,,,partial,1
Seawind Foods,United States,San Clemente,,IFT FIRST Expo 2026,https://seawindfoods.com/,,1(949)542-8382,,,South Building — 4135,https://ift26.mapyourshow.com/8_0/exhibitor/exhibitor-details.cfm?exhid=00016055,,,,,,,,,partial,1
Sensapure Flavors,United States of America,Salt Lake City,,IFT FIRST Expo 2026,https://www.sensapure.com/,info@sensapure.com,8014564284,https://www.linkedin.com/company/18065637,,South Building — 325,https://ift26.mapyourshow.com/8_0/exhibitor/exhibitor-details.cfm?exhid=01164512,,https://www.facebook.com/SensapureFlavors,,,,,,,partial,2
Senspire Co,United States of America,Walnut Creek,,IFT FIRST Expo 2026,http://www.flavorstudio.com,info@senspirellc.com,+16502514429,https://www.linkedin.com/company/senspire,,South Building — 315 — AI & Software Pavilion,https://ift26.mapyourshow.com/8_0/exhibitor/exhibitor-details.cfm?exhid=00496723,,,,,,,,,partial,2
Sethness Roquette,United States,Rosemont,,IFT FIRST Expo 2026,http://www.sethness-roquette.com,,(847) 329-2080,https://www.linkedin.com/company/sethness-roquette,https://instagram.com/sethnessroquette,South Building — 949,https://ift26.mapyourshow.com/8_0/exhibitor/exhibitor-details.cfm?exhid=00022602,,https://www.facebook.com/SethnessRoquette,,,,,,,partial,1
SGS North America,United States of America,Bloomfield,,IFT FIRST Expo 2026,http://www.sgs.com/foodsafety,,+41 22 739 91 11,https://www.linkedin.com/company/sgs,https://www.instagram.com/sgsglobal,South Building — 605,https://ift26.mapyourshow.com/8_0/exhibitor/exhibitor-details.cfm?exhid=01174174,,https://www.facebook.com/sgs,,,,,,,partial,1
"Shaanxi Green Juice and Beverage Co., Ltd.",China,Xian,,IFT FIRST Expo 2026,http://www.shaanxigreenjuice.com/,sales@shaanxigreenjuice.com,,,,South Building — 4016,https://ift26.mapyourshow.com/8_0/exhibitor/exhibitor-details.cfm?exhid=01274348,,,,,,,,,partial,2
"Shaanxi Healthful Bioengineering Co.,Ltd",China,Xi'an,,IFT FIRST Expo 2026,Http://www.healthfulbio.com,sales@healthfulbio.com,+86 29 62651717,,,South Building — 1978,https://ift26.mapyourshow.com/8_0/exhibitor/exhibitor-details.cfm?exhid=01244166,,,,,,,,,partial,2
"Shaanxi Hongda Flavor Technology Co., Ltd",China,,,IFT FIRST Expo 2026,http://www.hdhuajiao.com,,16007607,,,South Building — 2525,https://ift26.mapyourshow.com/8_0/exhibitor/exhibitor-details.cfm?exhid=01275399,,,,,,,,,partial,1
Shafi Gluco Chem,Pakistan,Balochistan,,IFT FIRST Expo 2026,,,,,,South Building — 1553 — Organic Pavilion,https://ift26.mapyourshow.com/8_0/exhibitor/exhibitor-details.cfm?exhid=01229137,,,,,,,,,partial,1
"Shandong Bailong Chuangyuan Biotech Co, Ltd.",China,Yucheng City,,IFT FIRST Expo 2026,https://www.chinabailong.com,84cf8798251d2a76f6a982cf60f36f.png@95q.webp,https://wa.me/0086-15153473451,https://www.linkedin.com/in/agnes-zhao-331218251,,South Building — 1421,https://ift26.mapyourshow.com/8_0/exhibitor/exhibitor-details.cfm?exhid=00563422,,https://www.facebook.com/BailongChuangyuanFoodAdditives,,,,,,,partial,2
"SHANDONG BENYUE BIOLOGICAL TECHNOLAGY CO.,LTD",China,Dongying,,IFT FIRST Expo 2026,http://www.benyuekj.com/,sales@benyuekj.com,+86-533-5203505,https://www.linkedin.com/company/shandong-benyue-biological-technology-co-ltd,,South Building — 3179,https://ift26.mapyourshow.com/8_0/exhibitor/exhibitor-details.cfm?exhid=01263588,,,,,,,,,partial,2
"SHANDONG FUKUAN BIOLOGICAL ENGINEERING CO.,LTD",China,Taian,,IFT FIRST Expo 2026,http://www.shengdatrade.com.cn,info@shengdatrade.com.cn,+86-532-8501-0535,,https://www.instagram.com,South Building — 2609,https://ift26.mapyourshow.com/8_0/exhibitor/exhibitor-details.cfm?exhid=01251880,,https://www.facebook.com,,,,,,,partial,2
"Shandong Furun Biotechnology Co.,Ltd",China,Yantai,,IFT FIRST Expo 2026,https://www.furunprotein.com,,+86-535-8330888,,,South Building — 1474,https://ift26.mapyourshow.com/8_0/exhibitor/exhibitor-details.cfm?exhid=01252048,,,,,,,,,partial,1
"SHANDONG GATHER GREAT OCEAN MARITECH CO., LTD",China,Qingdao,,IFT FIRST Expo 2026,http://www.judayang.com,info@judayang.com,2026 05 / 11,https://www.linkedin.com/company/qingdao-gather-great-ocean-algae-industry-group,,South Building — 4232,https://ift26.mapyourshow.com/8_0/exhibitor/exhibitor-details.cfm?exhid=00152879,,,,,,,,,partial,2
"Shandong Haigen Biotechnology Co.,ltd",China,Qufu City,,IFT FIRST Expo 2026,http://www.haigenstevia.com,,+86-537-4512333,,,South Building — 2278,https://ift26.mapyourshow.com/8_0/exhibitor/exhibitor-details.cfm?exhid=01273018,,,,,,,,,partial,1
Shandong Jianyuan Bioengineering  Co Ltd,China,Zhaoyuan City,,IFT FIRST Expo 2026,http://www.jianyuangroup.com,info@jianyuangroup.com,+86-535-8139201,,,South Building — 2617,https://ift26.mapyourshow.com/8_0/exhibitor/exhibitor-details.cfm?exhid=00406934,,,,,,,,,partial,2
"SHANDONG JINDU TALIN FOODS CO.,LTD",China,ZHAOYUAN,,IFT FIRST Expo 2026,http://www.jdtl.cn,dm-yantai@300.cn,+86-535-8038808,,,South Building — 1465 — Organic Pavilion,https://ift26.mapyourshow.com/8_0/exhibitor/exhibitor-details.cfm?exhid=01240208,,,,,,,,,partial,2
"Shandong Kanbo Biochemical Technology Co., Ltd.",China,Dongying City,,IFT FIRST Expo 2026,http://kanbosweet.com,,86 546 6092777,,,South Building — 3832,https://ift26.mapyourshow.com/8_0/exhibitor/exhibitor-details.cfm?exhid=00734731,,,,,,,,,partial,1
Shandong Kunda Biotechnology Co Ltd,China,Linyi,,IFT FIRST Expo 2026,https://www.hongdabio.com,info@hongdabio.com,10207327,,,South Building — 3414,https://ift26.mapyourshow.com/8_0/exhibitor/exhibitor-details.cfm?exhid=00771081,,,,,,,,,partial,2
Shandong Longda Bio-Products Co Ltd,China,Yishui,,IFT FIRST Expo 2026,https://www.longkete-enzyme.com/,dm-jinan@300.cn,+00-00000000,,,South Building — 3506,https://ift26.mapyourshow.com/8_0/exhibitor/exhibitor-details.cfm?exhid=01169481,,,,,,,,,partial,2
"Shandong New Element Biotechnology Co.,Ltd",China,Jinning,,IFT FIRST Expo 2026,https://www.newelementbio.com/,hello@newelementchina.com,https://api.whatsapp.com/send?l=en&phone=8615253799879,https://www.linkedin.com/in/jun-chen-0334b0104,,South Building — 2815,https://ift26.mapyourshow.com/8_0/exhibitor/exhibitor-details.cfm?exhid=01236531,,https://www.facebook.com/profile.php,,,,,,,partial,2
"SHANDONG SANYUAN BIOTECHNOLOGY CO., LTD",China,BINZHOU CITY,,IFT FIRST Expo 2026,http://www.sanyuanbz.com/,bzsanyuan@bzsanyuan.com,+86-0543-3529851,,,South Building — 3221,https://ift26.mapyourshow.com/8_0/exhibitor/exhibitor-details.cfm?exhid=01240202,,,,,,,,,partial,2
"Shandong Shengli Bioengineering Co, Ltd",China,,,IFT FIRST Expo 2026,https://shenglibio.cnadc.com.cn/,,,,,South Building — 3178,https://ift26.mapyourshow.com/8_0/exhibitor/exhibitor-details.cfm?exhid=01274805,,,,,,,,,partial,1
"Shandong Starlight So True Biotechnology Co., Ltd",China,Laoling City,,IFT FIRST Expo 2026,http://www.so-true.com,sales1@so-true.com,2026.05.21,,,South Building — 1269 — Organic Pavilion,https://ift26.mapyourshow.com/8_0/exhibitor/exhibitor-details.cfm?exhid=01220275,,,,,,,,,partial,2
"Shandong Xinnuo Food Technology Co.,Ltd",China,jinxiang,,IFT FIRST Expo 2026,https://www.xinnuofood.com/,dm-jinan@300.cn,+865372368469,,,South Building — 4015,https://ift26.mapyourshow.com/8_0/exhibitor/exhibitor-details.cfm?exhid=01223107,,,,,,,,,partial,2
Shandong Xuanyi Food Co Ltd,United States of America,Jining,,IFT FIRST Expo 2026,https://xuanyifood.en.alibaba.com,,86-537-8816633,https://jocelynfang24@hotmail.com,,South Building — 4060,https://ift26.mapyourshow.com/8_0/exhibitor/exhibitor-details.cfm?exhid=01160946,,,,,,,,,partial,1
"Shandong Yangcheng Biotechnology Co., Ltd.",China,HeZe,,IFT FIRST Expo 2026,https://en.yangchengshengwu.com/,dm-jinan2@300.cn,+86-537-8956880,https://www.linkedin.com/company/13418898/admin/page-posts/published,,South Building — 764,https://ift26.mapyourshow.com/8_0/exhibitor/exhibitor-details.cfm?exhid=01249968,,,,,,,,,partial,2
Shandong Yulong Cellulose Technology Co Ltd,China,Linyi,,IFT FIRST Expo 2026,http://www.sdyl.com.cn/,sales@sdyl.com.cn,https://api.whatsapp.com/send?phone=+8618852552799,,,South Building — 4616,https://ift26.mapyourshow.com/8_0/exhibitor/exhibitor-details.cfm?exhid=01067551,,,,,,,,,partial,2
"SHANDONG YUWANG ECOLOGICAL FOOD INDUSTRY CO., LTD.",China,YUCHENG,,IFT FIRST Expo 2026,http://www.yuwangcn.com,,86-0534-7420769,,,South Building — 1881,https://ift26.mapyourshow.com/8_0/exhibitor/exhibitor-details.cfm?exhid=00873684,,,,,,,,,partial,1
"Shandong Yuxin Bio-tech Co.,Ltd",China,Qingdao,,IFT FIRST Expo 2026,http://www.soya-protein.com/,inquiry@yuxinprotein.com,+86-543-2617666,,,South Building — 4656,https://ift26.mapyourshow.com/8_0/exhibitor/exhibitor-details.cfm?exhid=01245897,,,,,,,,,partial,2
"Shanghai Doolong International Co.,Ltd",China,Shanghai,,IFT FIRST Expo 2026,https://www.doolong.net,,0086 13621887632,,,South Building — 1879,https://ift26.mapyourshow.com/8_0/exhibitor/exhibitor-details.cfm?exhid=01260608,,,,,,,,,partial,1
"SHANGHAI PROTIN BIOTECH CO.,LTD",China,Shanghai,,IFT FIRST Expo 2026,Http://www.protinbiotech.com,wills.wang@protinbiotech.com,https://api.whatsapp.com/send?phone=8618321400961,,,South Building — 3245,https://ift26.mapyourshow.com/8_0/exhibitor/exhibitor-details.cfm?exhid=00389015,,,,,,,,,partial,2
SHANSONG USA INC,United States of America,Torrance,,IFT FIRST Expo 2026,http://www.shansong.com/,sales@shansong.com,https://api.whatsapp.com/send?phone=8618954909006&text=Hello,,,South Building — 4722,https://ift26.mapyourshow.com/8_0/exhibitor/exhibitor-details.cfm?exhid=01264089,,,,,,,,,partial,2
Shemberg Corporation,Philippines,Mandaue City,,IFT FIRST Expo 2026,https://www.shemberg.com.ph,,63 32 3460789,,,South Building — 3103,https://ift26.mapyourshow.com/8_0/exhibitor/exhibitor-details.cfm?exhid=00005959,,https://web.facebook.com/shemberg,,,,,,,partial,1
Shihan Overseas Pvt. Ltd,India,Gujarat,,IFT FIRST Expo 2026,https://shihanoverseas.com/,info@shihanoverseas.com,+91 80000 60125,,,South Building — 2877,https://ift26.mapyourshow.com/8_0/exhibitor/exhibitor-details.cfm?exhid=01263331,,,,,,,,,partial,2
Shimadzu Scientific Instruments,United States,Columbia,,IFT FIRST Expo 2026,http://www.FeedYourLab.com,,(410) 381-1227,https://www.linkedin.com/company/shimadzu-scientific-instruments,https://www.instagram.com/shimadzussi,South Building — 3044,https://ift26.mapyourshow.com/8_0/exhibitor/exhibitor-details.cfm?exhid=00060965,,https://www.facebook.com/ShimadzuCorp,,,,,,,partial,1
Shoreline Fruit LLC,United States,Traverse City,,IFT FIRST Expo 2026,https://www.shorelinefruit.com,cs@shorelinefruit.com,+12319414336,https://www.linkedin.com/company/shoreline-fruit-llc,,South Building — 4011,https://ift26.mapyourshow.com/8_0/exhibitor/exhibitor-details.cfm?exhid=00149354,,,,,,,,,partial,2
Siemer Specialty Ingredients,United States,Teutopolis,,IFT FIRST Expo 2026,https://www.siemerspecialtyingredients.com,contact-header@2x-100-scaled-1.jpg,800-826-1065 111,https://www.linkedin.com/company/siemer-specialty-ingredients,,South Building — 1709,https://ift26.mapyourshow.com/8_0/exhibitor/exhibitor-details.cfm?exhid=00193807,,,,,,,,,partial,2
"SIGACHI US, Inc.",United States of America,Iselin,,IFT FIRST Expo 2026,http://www.sigachinutrition.com/,,,,,South Building — 4044,https://ift26.mapyourshow.com/8_0/exhibitor/exhibitor-details.cfm?exhid=01227721,,,,,,,,,partial,1
Silva International Inc,United States,Momence,,IFT FIRST Expo 2026,https://silva-intl.com,,815-472-3535,https://www.linkedin.com/company/silva-international-inc.,,South Building — 1536,https://ift26.mapyourshow.com/8_0/exhibitor/exhibitor-details.cfm?exhid=00019164,,https://www.facebook.com/SilvaInternationalNatureRefined,,,,,,,partial,1
Simpson Seeds,Canada,Moose Jaw,,IFT FIRST Expo 2026,https://simpsonseeds.com/,ssi@simpsonseeds.com,+1-306-693-2132,https://www.linkedin.com/company/simpson-seeds,https://www.instagram.com/simpsonseeds,South Building — 3520,https://ift26.mapyourshow.com/8_0/exhibitor/exhibitor-details.cfm?exhid=01274338,,https://www.facebook.com/SimpsonSeeds,,,,,,,partial,2
Sinochem Health Company  Ltd,China,Qingdao,,IFT FIRST Expo 2026,http://www.sinochemhealth.com/,sinochemhealth@sinochem.com,2020-07-24,,,South Building — 1580,https://ift26.mapyourshow.com/8_0/exhibitor/exhibitor-details.cfm?exhid=00277812,,,,,,,,,partial,2
SinoSweet Co Ltd,China,Yixing,,IFT FIRST Expo 2026,http://www.sinosweet.com,sales@sinosweet.com,+86 0510-87126008,,,South Building — 3144,https://ift26.mapyourshow.com/8_0/exhibitor/exhibitor-details.cfm?exhid=00001433,,,,,,,,,partial,2
Sioux Honey Association (Sue Bee Honey),United States of America,Sioux City,,IFT FIRST Expo 2026,https://siouxhoney.com/,,712-258-0638,,https://www.instagram.com/suebeeusa,South Building — 2681,https://ift26.mapyourshow.com/8_0/exhibitor/exhibitor-details.cfm?exhid=00008468,,https://www.facebook.com/SueBeeHoneyUSA,,,,,,,partial,1
Siveele B.V.,Netherlands,Breda,,IFT FIRST Expo 2026,https://www.siveele.com/,info@siveele.com,+31 0 76 5710222,,,South Building — 4736,https://ift26.mapyourshow.com/8_0/exhibitor/exhibitor-details.cfm?exhid=01229971,,,,,,,,,partial,2
SKS NUTRITION,United States of America,Chicago,,IFT FIRST Expo 2026,http://www.sksnutrition.com,,,,,South Building — ST42 — STARTUP Pavilion,https://ift26.mapyourshow.com/8_0/exhibitor/exhibitor-details.cfm?exhid=01274652,,,,,,,,,partial,1
SM Ingredients Inc.,United States,San Juan Capistrano,,IFT FIRST Expo 2026,http://www.smingredients.com,info@smingredients.com,714.602.7006,,,South Building — 1560 — Organic Pavilion,https://ift26.mapyourshow.com/8_0/exhibitor/exhibitor-details.cfm?exhid=00708062,,,,,,,,,partial,2
Smirk's Ltd,United States of America,Fort Morgan,,IFT FIRST Expo 2026,http://www.smirks.com,,970-762-0202,,,South Building — 3755,https://ift26.mapyourshow.com/8_0/exhibitor/exhibitor-details.cfm?exhid=00626689,,,,,,,,,partial,1
Socius Ingredients,United States of America,Evanston,,IFT FIRST Expo 2026,https://sociusingredients.com/,info@sociusingredients.com,+1 847-440-0156,https://www.linkedin.com/company/socius-ingredients-llc,,South Building — 3715,https://ift26.mapyourshow.com/8_0/exhibitor/exhibitor-details.cfm?exhid=00146879,,,,,,,,,partial,2
SODIVAS,United States of America,Park Ridge,,IFT FIRST Expo 2026,https://www.soficada.com/fr/sodivas/,,+33 299 192 570,https://www.linkedin.com/company/soficada-groupe,,South Building — 2481,https://ift26.mapyourshow.com/8_0/exhibitor/exhibitor-details.cfm?exhid=00953938,,,,,,,,,partial,1
Sokol Custom Food Ingredients,United States,Countryside,,IFT FIRST Expo 2026,https://www.sokolcustomfoods.com/,industrialsales@sokolcustomfoods.com,+1 708 482 8250,https://www.linkedin.com/company/sokol-and-company,,South Building — 3865,https://ift26.mapyourshow.com/8_0/exhibitor/exhibitor-details.cfm?exhid=00006053,,,,,,,,,partial,2
Soleil Foods LLC,United States,Fairfax,,IFT FIRST Expo 2026,http://www.soleilfoods.com,info@soleilfoods.com,https://api.whatsapp.com/send/?phone&text=https://www.soleilfoods.com,,,South Building — 5014,https://ift26.mapyourshow.com/8_0/exhibitor/exhibitor-details.cfm?exhid=01085097,,,,,,,,,partial,2
"Solidec, Inc.",United States of America,Houston,,IFT FIRST Expo 2026,https://solidec.com/,,,https://www.linkedin.com/company/solidec-inc,,South Building — ST68 — STARTUP Pavilion,https://ift26.mapyourshow.com/8_0/exhibitor/exhibitor-details.cfm?exhid=01274650,,,,,,,,,partial,1
Sosland Publishing Company,United States,Kansas City,,IFT FIRST Expo 2026,https://www.sosland.com/,subscriptions@sosland.com,800-338-6201,https://www.linkedin.com/company/sosland-publishing,,South Building — 4032,https://ift26.mapyourshow.com/8_0/exhibitor/exhibitor-details.cfm?exhid=00006073,,,,,,,,,partial,2
Southwest Research Institute,United States,San Antonio,,IFT FIRST Expo 2026,https://www.swri.org/industries/microencapsulation,,+1 210 522 2691,https://www.linkedin.com/company/9047,https://instagram.com/SouthwestResearchInstitute,South Building — 2369,https://ift26.mapyourshow.com/8_0/exhibitor/exhibitor-details.cfm?exhid=00008256,,https://www.facebook.com/southwestresearch,,,,,,,partial,1
Spray-Tek,United States of America,Middlesex,,IFT FIRST Expo 2026,https://spray-tek.com/,,732-469-0050,https://linkedin.com/company/spray-tek-inc,,South Building — 5022,https://ift26.mapyourshow.com/8_0/exhibitor/exhibitor-details.cfm?exhid=01241673,,,,,,,,,partial,1
Spraying Systems Co.,United States,Wheaton,,IFT FIRST Expo 2026,https://www.spray.com,,+1 630.665.5000,https://www.linkedin.com/company/spraying-systems-co-,https://www.instagram.com/SprayingSystemsCo,South Building — 855,https://ift26.mapyourshow.com/8_0/exhibitor/exhibitor-details.cfm?exhid=00012927,,https://www.facebook.com/SprayingSystemsCo,,,,,,,partial,1
Springer,United States,New York,,IFT FIRST Expo 2026,https://link.springer.com/,,1(212)726-9628,,,South Building — 4711,https://ift26.mapyourshow.com/8_0/exhibitor/exhibitor-details.cfm?exhid=00025219,,,,,,,,,partial,1
"St. Charles Trading, Inc.",United States,Elgin,,IFT FIRST Expo 2026,https://www.stcharlestrading.com/,customerservice@stcharlestrading.com,+16303770608,https://www.linkedin.com/company/st-charles-trading,https://www.instagram.com/stcharlestrading,South Building — 2069,https://ift26.mapyourshow.com/8_0/exhibitor/exhibitor-details.cfm?exhid=00702568,,https://www.facebook.com/StCharlesTrading,,,,,,,partial,2
Stabil Nutrition,United States of America,St. Louis,,IFT FIRST Expo 2026,https://www.stabilnutrition.com,,(435) 467-8477,,,South Building — 3377,https://ift26.mapyourshow.com/8_0/exhibitor/exhibitor-details.cfm?exhid=01264512,,,,,,,,,partial,1
Standing Ovation,France,Paris,,IFT FIRST Expo 2026,http://www.standing-ovation.co/en,press@standing-ovation.co,,https://www.linkedin.com/company/standingovation,,South Building — ST56 — STARTUP Pavilion,https://ift26.mapyourshow.com/8_0/exhibitor/exhibitor-details.cfm?exhid=01274344,,,,,,,,,partial,2
Stoneridge Software,United States of America,Fargo,,IFT FIRST Expo 2026,http://stoneridgesoftware.com,,+1-6123544966,https://www.linkedin.com/company/stoneridge-software,https://www.instagram.com/stoneridgemn,South Building — 303,https://ift26.mapyourshow.com/8_0/exhibitor/exhibitor-details.cfm?exhid=01210086,,https://www.facebook.com/StoneridgeSoftware,,,,,,,partial,1
Sudeep Pharma  USA,United States of America,Branchford,,IFT FIRST Expo 2026,https://www.sudeepgroup.com,,925-208-1271,,,South Building — 769,https://ift26.mapyourshow.com/8_0/exhibitor/exhibitor-details.cfm?exhid=01208835,,,,,,,,,partial,1
Sugaright (Division of CSC Sugar),United States,Fairless Hills,,IFT FIRST Expo 2026,https://www.sugaright.com/,sales@sugaright.com,203-803-3361,https://www.linkedin.com/company/sugarightdivisionofcscsugar,,South Building — 1152 — Organic Pavilion,https://ift26.mapyourshow.com/8_0/exhibitor/exhibitor-details.cfm?exhid=01091810,,https://www.facebook.com/profile.php,,,,,,,partial,2
Sumo Nutrients,United States of America,Providence,,IFT FIRST Expo 2026,http://www.sumonutrients.com,,(458) 209-0193,https://www.linkedin.com/company/sumonutrients,,South Building — ST46 — STARTUP Pavilion,https://ift26.mapyourshow.com/8_0/exhibitor/exhibitor-details.cfm?exhid=01266490,,,,,,,,,partial,1
Sun Chemical,United States of America,Cincinnati,,IFT FIRST Expo 2026,https://www.sunchemical.com/,regulatory.emsds@sunchemical.com,07054-1285,https://www.linkedin.com/company/sun-chemical,https://www.instagram.com/lifeatsunchemical,South Building — 2581,https://ift26.mapyourshow.com/8_0/exhibitor/exhibitor-details.cfm?exhid=01034399,,,,,,,,,partial,2
SUNAR,Turkey,Adana,,IFT FIRST Expo 2026,https://www.sunarmisir.com.tr/,info@sunarmisir.com.tr,+90 322 441 01 65,https://www.linkedin.com/company/24598611,https://www.instagram.com/sunarmisir,South Building — 4014,https://ift26.mapyourshow.com/8_0/exhibitor/exhibitor-details.cfm?exhid=00986522,,https://www.facebook.com/sunarmisir,,,,,,,partial,2
Sunita Hydrocolloids Inc,United States of America,Houston,,IFT FIRST Expo 2026,http://www.sunitahydrocolloids.com,info@sunitausa.com,+1 832 581 2156,https://www.linkedin.com/company/sunita-hydrocolloids-inc-usa-,,South Building — 2276,https://ift26.mapyourshow.com/8_0/exhibitor/exhibitor-details.cfm?exhid=00873525,,https://www.facebook.com/SHIUSAINC,,,,,,,partial,2
Sunresin,United States of America,Flushing,,IFT FIRST Expo 2026,https://www.sunresinlifesciences.com/,info.lifescience@sunresin.com,+32 0 14.70.50.41,https://www.linkedin.com/company/sunresin/posts,,South Building — 4921,https://ift26.mapyourshow.com/8_0/exhibitor/exhibitor-details.cfm?exhid=01275612,,,,,,,,,partial,2
Sunshine USA Produce Inc,United States of America,Warren,,IFT FIRST Expo 2026,http://www.sunshineproduce.com.cn,,+1 732 777-7300,https://www.linkedin.com/company/sunshineproduceusa,,South Building — 1575,https://ift26.mapyourshow.com/8_0/exhibitor/exhibitor-details.cfm?exhid=01252047,,,,,,,,,partial,1
Sunsweet Growers Inc.,United States,Yuba City,,IFT FIRST Expo 2026,http://www.sunsweetingredients.com,sales@sunsweetingredients.com,888 275-3735,https://www.linkedin.com/company/sunsweet-growers-inc-/posts,,South Building — 845,https://ift26.mapyourshow.com/8_0/exhibitor/exhibitor-details.cfm?exhid=00013362,,,,,,,,,partial,2
Super Beta Glucan Inc,United States,Irvine,,IFT FIRST Expo 2026,http://www.superbetaglucan.com,service@superbetaglucan.com,+1 949 -264-2888,,,South Building — 1464 — Organic Pavilion,https://ift26.mapyourshow.com/8_0/exhibitor/exhibitor-details.cfm?exhid=00553000,,,,,,,,,partial,2
SupplySide,United States,Phoenix,,IFT FIRST Expo 2026,https://supplysidenetwork.com/,supplyside_logo_nav_400x80@2x.png,,https://www.linkedin.com/company/supplysidenetwork,https://www.instagram.com/supplysidenetwork,South Building — 3545,https://ift26.mapyourshow.com/8_0/exhibitor/exhibitor-details.cfm?exhid=00084424,,https://www.facebook.com/SupplySideNetwork,,,,,,,partial,2
Supreme Rice,United States of America,Crowley,,IFT FIRST Expo 2026,,,3377839777,,,South Building — 4517,https://ift26.mapyourshow.com/8_0/exhibitor/exhibitor-details.cfm?exhid=01271020,,,,,,,,,partial,1
"Suzanne's Specialties, Inc.",United States,New Brunswick,,IFT FIRST Expo 2026,https://suzannes-specialties.com/,,800-762-2135,,https://www.instagram.com/suzannesspecialtiesinc,South Building — 1553 — Organic Pavilion,https://ift26.mapyourshow.com/8_0/exhibitor/exhibitor-details.cfm?exhid=00135767,,https://www.facebook.com/suzannesspecialties,,,,,,,partial,1
Swan Neck Bio,Denmark,Kastrup,,IFT FIRST Expo 2026,https://www.swanneck.bio/,enquiries@swanneck.bio,+45 3115 3553,https://www.linkedin.com/company/swan-neck-bio,,South Building — ST19 — STARTUP Pavilion,https://ift26.mapyourshow.com/8_0/exhibitor/exhibitor-details.cfm?exhid=01275618,,http://www.facebook.com/2008/fbml,,,,,,,partial,2
Sweet Additions Inc,United States,Palm Beach Gardens,,IFT FIRST Expo 2026,https://www.sweetadditions.com/,customerservice@sweetadditions.com,33410 212,https://www.linkedin.com/authwall,https://www.instagram.com/sweetadditionsusa,South Building — 1253 — Organic Pavilion,https://ift26.mapyourshow.com/8_0/exhibitor/exhibitor-details.cfm?exhid=00431104,,https://www.facebook.com/SweetAdditionsUSA,,,,,,,partial,2
Sweet Harvest Foods,United States of America,Cannon Falls,,IFT FIRST Expo 2026,https://www.sweetharvestfoods.com,,507-263-8599,https://www.linkedin.com/company/sweetharvestfoods,,South Building — 1717,https://ift26.mapyourshow.com/8_0/exhibitor/exhibitor-details.cfm?exhid=00159322,,,,,,,,,partial,1
Sweet Solutions LLC,United States of America,Plainfield,,IFT FIRST Expo 2026,https://www.thesweetsolutions.com,,+16303642843,https://www.linkedin.com/company/the-sweet-solutions/posts,,South Building — 671,https://ift26.mapyourshow.com/8_0/exhibitor/exhibitor-details.cfm?exhid=00019259,,,,,,,,,partial,1
SYENSQO,United States of America,Lawrence,,IFT FIRST Expo 2026,https://www.syensqo.com/,,,https://www.linkedin.com/company/syensqo,,South Building — 145,https://ift26.mapyourshow.com/8_0/exhibitor/exhibitor-details.cfm?exhid=01248461,,,,,,,,,partial,1
Symbio Bioculinary,United States of America,Bloomington,,IFT FIRST Expo 2026,https://symbiobc.com/,,3144202976,,,South Building — ST84 — STARTUP Pavilion,https://ift26.mapyourshow.com/8_0/exhibitor/exhibitor-details.cfm?exhid=01263591,,,,,,,,,partial,1
Symega Food Ingredients Ltd,India,Ernakulam,,IFT FIRST Expo 2026,http://www.symega.com,info@symega.com,+91-484-2734555,https://www.linkedin.com/company/symegafoodingredients,https://www.instagram.com/symega_official,South Building — 4438,https://ift26.mapyourshow.com/8_0/exhibitor/exhibitor-details.cfm?exhid=01268104,,https://www.facebook.com/symegafoodingredients,,,,,,,partial,2
Sympatec Inc,United States,Pennington,,IFT FIRST Expo 2026,http://www.sympatec.com,info@sympatec.com,+49 5323 717 0,https://www.linkedin.com/company/sympatec-gmbh,,South Building — 3357 — Food Manufacturing Equipment Pavilion,https://ift26.mapyourshow.com/8_0/exhibitor/exhibitor-details.cfm?exhid=00292057,,,,,,,,,partial,2
Syner Tech,United States of America,Ogden,,IFT FIRST Expo 2026,http://www.synertechusa.com,orders@synertechusa.com,385-900-7460,https://www.linkedin.com/company/synertech-automation,,South Building — 604,https://ift26.mapyourshow.com/8_0/exhibitor/exhibitor-details.cfm?exhid=01275614,,https://www.facebook.com/SynerTechAutomation,,,,,,,partial,2
Synthite USA Inc.,United States,Oak Park,,IFT FIRST Expo 2026,https://www.synthite.com,,1(708)846-8551,https://www.linkedin.com/company/synthite,https://www.instagram.com/synthite,South Building — 3828,https://ift26.mapyourshow.com/8_0/exhibitor/exhibitor-details.cfm?exhid=00369949,,https://www.facebook.com/synthite,,,,,,,partial,1
TA Instruments,United States,New Caslte,,IFT FIRST Expo 2026,https://www.tainstruments.com/,,302-427-4000,https://www.linkedin.com/company/ta-instruments,,South Building — 2682,https://ift26.mapyourshow.com/8_0/exhibitor/exhibitor-details.cfm?exhid=00025419,,,,,,,,,partial,1
Tanbo Food Ingredients,Egypt,Giza,,IFT FIRST Expo 2026,https://tanbofoods.com,info@tanbofoods.com,+202 38383840,https://www.linkedin.com/company/30710298,,South Building — 1761 — Organic Pavilion,https://ift26.mapyourshow.com/8_0/exhibitor/exhibitor-details.cfm?exhid=01223006,,,,,,,,,partial,2
Target Flavors,United States of America,Newport News,,IFT FIRST Expo 2026,https://targetflavors.com/,,1-800-538-3350,https://www.linkedin.com/company/target-flavors-inc,,South Building — 1114,https://ift26.mapyourshow.com/8_0/exhibitor/exhibitor-details.cfm?exhid=01236527,,,,,,,,,partial,1
TasteWorks Flavors,United States of America,Branchburg,,IFT FIRST Expo 2026,http://www.tasteworksflavors.com,info@tasteworksflavors.com,2026 2026,,,South Building — 3615,https://ift26.mapyourshow.com/8_0/exhibitor/exhibitor-details.cfm?exhid=01236528,,,,,,,,,partial,2
TAT Nisasta San Ve Tic A. S.,Turkey,Adana,,IFT FIRST Expo 2026,http://www.tatnisasta.com.tr,info@tatnisasta.com.tr,+90 322 394 38 78,https://www.linkedin.com/company/tatnisasta,https://www.instagram.com/tatnisasta,South Building — 4246,https://ift26.mapyourshow.com/8_0/exhibitor/exhibitor-details.cfm?exhid=01175127,,,,,,,,,partial,2
Tate & Lyle,United States,Hoffman Estates,,IFT FIRST Expo 2026,https://www.tateandlyle.com,,+49 0 451-1604-0,https://www.linkedin.com/company/tate-&-lyle,,South Building — MR 3687,https://ift26.mapyourshow.com/8_0/exhibitor/exhibitor-details.cfm?exhid=00013045,,https://www.facebook.com/tr,,,,,,,partial,1
tec5USA,United States of America,Planview,,IFT FIRST Expo 2026,https://www.tec5usa.com,,516 653-2000,,,South Building — 4760,https://ift26.mapyourshow.com/8_0/exhibitor/exhibitor-details.cfm?exhid=00968166,,,,,,,,,partial,1
Techno (Fujian) Food Ingredients Co Ltd,China,Yongan,,IFT FIRST Expo 2026,https://www.techno-fi.com/en/,sales@techno-fi.com,+1-626-288-8478,https://www.linkedin.com/company/techno-food-ingredients-inc,,South Building — 2910,https://ift26.mapyourshow.com/8_0/exhibitor/exhibitor-details.cfm?exhid=00093266,,https://www.facebook.com/Techno-Food-Ingredients-Co-Ltd-1465752510359268,,,,,,,partial,2
TechSource Systems,United States of America,Hurricane,,IFT FIRST Expo 2026,https://techsourcesystems.com/index.php,,3854503828,,,South Building — 3355 — Food Manufacturing Equipment Pavilion,https://ift26.mapyourshow.com/8_0/exhibitor/exhibitor-details.cfm?exhid=01229572,,,,,,,,,partial,1
Tentamus,United States of America,Fredericksburg,,IFT FIRST Expo 2026,https://www.tentamus.com/north-america,hello@tentamus.com,https://wa.me/15558263278,https://www.linkedin.com/company/tentamus-group,https://www.instagram.com/tentamus,South Building — 1581,https://ift26.mapyourshow.com/8_0/exhibitor/exhibitor-details.cfm?exhid=01242359,,https://www.facebook.com/Tentamus,,,,,,,partial,2
Tenzo,United States of America,Los Angeles,,IFT FIRST Expo 2026,https://www.tenzotea.co,,585-737-4744,,,South Building — 1664 — Organic Pavilion,https://ift26.mapyourshow.com/8_0/exhibitor/exhibitor-details.cfm?exhid=01242734,,,,,,,,,partial,1
Terra Nostra Organics,United States of America,Palo Alto,,IFT FIRST Expo 2026,https://www.terranostra.com/,hello@terranostra.com,650- 514- 5101,https://www.linkedin.com/company/terra-nostra-organics,https://www.instagram.com/terra.nostra.organics,South Building — 1361 — Organic Pavilion,https://ift26.mapyourshow.com/8_0/exhibitor/exhibitor-details.cfm?exhid=01243243,,,,,,,,,partial,2
Tetra Pak Inc.,United States of America,Denton,,IFT FIRST Expo 2026,https://www.tetrapakusa.com,,17056308,http://www.linkedin.com/company/tetra-pak,https://www.instagram.com/tetrapak,South Building — 1779,https://ift26.mapyourshow.com/8_0/exhibitor/exhibitor-details.cfm?exhid=00006457,,https://www.facebook.com/TetraPak,,,,,,,partial,1
Texas A&M University - Department of Food Science & Technology,United States of America,College Station,,IFT FIRST Expo 2026,https://foodscience.tamu.edu/,casey.flint@ag.tamu.edu,2025 2026,https://www.linkedin.com/company/tamufstc,https://www.instagram.com/tamufstc,South Building — 1680,https://ift26.mapyourshow.com/8_0/exhibitor/exhibitor-details.cfm?exhid=01274047,,https://www.facebook.com/tamufstc,,,,,,,partial,2
Texture Technologies Corp.,United States,Hamilton,,IFT FIRST Expo 2026,https://www.texturetechnologies.com/,sales@texturetechnologies.com,+19144720531,https://www.linkedin.com/company/texture-technologies,https://www.instagram.com/texturetechnologies,South Building — 2856,https://ift26.mapyourshow.com/8_0/exhibitor/exhibitor-details.cfm?exhid=00014816,,https://www.facebook.com/TextureTechnologies,,,,,,,partial,2
TFT Logistica,Mexico,San Francisco Chilpan,,IFT FIRST Expo 2026,https://www.tftlogistica.com/,tftswit@tftlogistica.com,https://api.whatsapp.com/send?phone=5518266987,https://mx.linkedin.com/company/tftlogistica,https://www.instagram.com/tft_logistica,South Building — 4751,https://ift26.mapyourshow.com/8_0/exhibitor/exhibitor-details.cfm?exhid=01273579,,https://www.facebook.com/TFTlogisticamx,,,,,,,partial,2
The Better Meat Co.,United States of America,Sacramento,,IFT FIRST Expo 2026,https://www.bettermeat.co/,hello@bettermeat.co,6107819552,https://www.linkedin.com/company/bettermeatco,https://www.instagram.com/bettermeatco,South Building — 4749,https://ift26.mapyourshow.com/8_0/exhibitor/exhibitor-details.cfm?exhid=01273332,,http://www.facebook.com/2008/fbml,,,,,,,partial,2
The EVERY Company,United States of America,Daly City,,IFT FIRST Expo 2026,https://every.com/,,2002-2026,https://www.linkedin.com/company/theeverycompany,https://www.instagram.com/theeverycompany,South Building — 4160,https://ift26.mapyourshow.com/8_0/exhibitor/exhibitor-details.cfm?exhid=00996744,,https://www.facebook.com/theEVERYcompany,,,,,,,partial,1
The Iidea Company,United States,San Diego,,IFT FIRST Expo 2026,http://www.iidea.com.mx,info@iidea.com.mx,+1 619 274 8998,https://www.linkedin.com/company/the-iidea-company,https://www.instagram.com/theiideacompany,South Building — 1364 — Organic Pavilion,https://ift26.mapyourshow.com/8_0/exhibitor/exhibitor-details.cfm?exhid=00663028,,https://www.facebook.com/theiideacompany,,,,,,,partial,2
The Morning Star Company,United States of America,Los Banos,,IFT FIRST Expo 2026,https://www.morningstarco.com/,payroll@morningstarco.com,+1 209.826.8000,https://www.linkedin.com/company/the-morning-star-company,,South Building — 142,https://ift26.mapyourshow.com/8_0/exhibitor/exhibitor-details.cfm?exhid=01268703,,https://www.facebook.com/tr,,,,,,,partial,2
The Mushroom Company,United States,Cambridge,,IFT FIRST Expo 2026,http://www.themushroomcompany.com,,410-221-8971,https://www.linkedin.com/company/the-mushroom-company-part-of-the-south-mill-champs-family/posts,,South Building — 3607,https://ift26.mapyourshow.com/8_0/exhibitor/exhibitor-details.cfm?exhid=00004571,,,,,,,,,partial,1
The Neil Jones Food Company,United States,Vancouver,,IFT FIRST Expo 2026,https://neiljonesfoodcompany.com/,,800-543-4356,https://www.linkedin.com/company/neiljonesfoodcompany,https://www.instagram.com/neiljonesfoodcompany,South Building — 4422,https://ift26.mapyourshow.com/8_0/exhibitor/exhibitor-details.cfm?exhid=00108182,,https://www.facebook.com/neiljonesfoodcompany,,,,,,,partial,1
The Ohio State University,United States,Columbus,,IFT FIRST Expo 2026,http://fst.osu.edu,,614-292-6281,,https://www.instagram.com/osufoodscience,South Building — 2607,https://ift26.mapyourshow.com/8_0/exhibitor/exhibitor-details.cfm?exhid=00004900,,https://www.facebook.com/osufsc,,,,,,,partial,1
"The Perfect Purée of Napa Valley, LLC",United States of America,Napa,,IFT FIRST Expo 2026,http://www.perfectpuree.com,info@perfectpuree.com,707 261-5100,https://www.linkedin.com/company/15737366/admin,https://www.instagram.com/theperfectpuree,South Building — 1715,https://ift26.mapyourshow.com/8_0/exhibitor/exhibitor-details.cfm?exhid=01274340,,https://www.facebook.com/theperfectpuree,,,,,,,partial,2
The Wright Group,United States,Lafayette,,IFT FIRST Expo 2026,https://www.thewrightgroup.net/,,800 201-3096,https://www.linkedin.com/company/wright-enrichment,,South Building — 2819,https://ift26.mapyourshow.com/8_0/exhibitor/exhibitor-details.cfm?exhid=00060363,,https://www.facebook.com/innovatewithtwg,,,,,,,partial,1
Third Wave Bioactives,United States of America,Wauwatosa,,IFT FIRST Expo 2026,https://www.thirdwavebio.com/,info@thirdwavebio.com,414 343-6215,https://www.linkedin.com/company/third-wave-bioactives,https://www.instagram.com/thirdwavebio,South Building — 3610,https://ift26.mapyourshow.com/8_0/exhibitor/exhibitor-details.cfm?exhid=00991130,,http://www.facebook.com/2008/fbml,,,,,,,partial,2
"Tianjin Norland Biotech Co., Ltd",China,Tianjin,,IFT FIRST Expo 2026,http://www.greenjoyalgae.com,,15502274502,,,South Building — 1576,https://ift26.mapyourshow.com/8_0/exhibitor/exhibitor-details.cfm?exhid=01268713,,,,,,,,,partial,1
"Tianzhen Bocheng Vegetables Co.,Ltd.",China,Datong,,IFT FIRST Expo 2026,https://www.bocfoods.com/,sale@bocfoods.com,+86 186-1352-8588,,,South Building — 1909,https://ift26.mapyourshow.com/8_0/exhibitor/exhibitor-details.cfm?exhid=01102993,,,,,,,,,partial,2
"Tilley Distribution, Inc.",United States,Middle River,,IFT FIRST Expo 2026,https://www.tilleydistribution.com,orders_mi@tilleydistribution.com,+55 11 3060-9150,https://www.linkedin.com/company/tilleycompany,,South Building — 1844,https://ift26.mapyourshow.com/8_0/exhibitor/exhibitor-details.cfm?exhid=00060462,,,,,,,,,partial,2
"TLC Ingredients, Inc.",United States of America,Crest Hill,,IFT FIRST Expo 2026,http://www.tlcingredients.com,sales@tlcingredients.com,+18157239900,https://www.linkedin.com/search/results/all,,South Building — 4510,https://ift26.mapyourshow.com/8_0/exhibitor/exhibitor-details.cfm?exhid=00082732,,https://www.facebook.com/tlcingredients,,,,,,,partial,2
Tomorrow Taste,United States of America,San Carlos,,IFT FIRST Expo 2026,https://www.tomorrowtaste.com/,,6266608775,,,South Building — ST48 — STARTUP Pavilion,https://ift26.mapyourshow.com/8_0/exhibitor/exhibitor-details.cfm?exhid=01276661,,,,,,,,,partial,1
TOOTSI IMPEX USA,United States of America,Montclair,,IFT FIRST Expo 2026,https://tootsi.com/,,2010 - 2025,https://www.linkedin.com/company/tootsi-impex-inc,,South Building — 1765 — Organic Pavilion,https://ift26.mapyourshow.com/8_0/exhibitor/exhibitor-details.cfm?exhid=01189178,,,,,,,,,partial,1
Topchance Foods Inc,Canada,Richmond Hill,,IFT FIRST Expo 2026,https://www.topchancefoods.com,info@topchancefoods.com,+1 888 527-8818,,,South Building — 4229,https://ift26.mapyourshow.com/8_0/exhibitor/exhibitor-details.cfm?exhid=00941537,,,,,,,,,partial,2
Totally Mushrooms LLC,United States of America,Nashville,,IFT FIRST Expo 2026,http://totallymushrooms.com,user@domain.com,615-627-8832,https://www.linkedin.com/company/squarespace,http://instagram.com/squarespace,South Building — ST58 — STARTUP Pavilion,https://ift26.mapyourshow.com/8_0/exhibitor/exhibitor-details.cfm?exhid=01275733,,http://www.facebook.com/2008/fbml,,,,,,,partial,2
TraceGains Inc,United States of America,Broomfield,,IFT FIRST Expo 2026,https://tracegains.com/,info@tracegains.com,80021 720 465-9400,https://www.linkedin.com/company/tracegains-inc-,https://www.instagram.com/tracegains,South Building — 2575,https://ift26.mapyourshow.com/8_0/exhibitor/exhibitor-details.cfm?exhid=00162749,,https://www.facebook.com/TraceGainsInc,,,,,,,partial,2
Tradin Organic,United States,aptos,,IFT FIRST Expo 2026,https://www.tradinorganic.com/,info@tradinorganic.com,+7909901,https://www.linkedin.com/company/tradin-organic-agriculture-b-v-,https://www.instagram.com/tradinorganic,South Building — 1652 — Organic Pavilion,https://ift26.mapyourshow.com/8_0/exhibitor/exhibitor-details.cfm?exhid=00022720,,https://www.facebook.com/tradinorganic,,,,,,,partial,2
Traina Foods,United States of America,Patterson,,IFT FIRST Expo 2026,http://TRAINA.COM,cropped-traina_favicon@2x-270x270.png,209 892-5472,https://www.linkedin.com/company/traina-foods,,South Building — 4256,https://ift26.mapyourshow.com/8_0/exhibitor/exhibitor-details.cfm?exhid=00025260,,https://www.facebook.com/Trainafoods,,,,,,,partial,2
"Tree Top, Inc.",United States of America,Selah,,IFT FIRST Expo 2026,https://treetop.com,,98942-0248,https://www.linkedin.com/company/tree-top-inc.,https://instagram.com/treetopinc,South Building — 3303,https://ift26.mapyourshow.com/8_0/exhibitor/exhibitor-details.cfm?exhid=00006571,,https://www.facebook.com/TreeTop,,,,,,,partial,1
Trustwell,United States of America,Beaverton,,IFT FIRST Expo 2026,https://www.trustwell.com/,info@trustwell.com,503-585-6242,https://www.linkedin.com/company/trustwell-llc,https://www.instagram.com/trustwell.connect,South Building — 305,https://ift26.mapyourshow.com/8_0/exhibitor/exhibitor-details.cfm?exhid=00020728,,https://www.facebook.com/trustwell.connect,,,,,,,partial,2
Tulkoff Food Products Inc,United States,Baltimore,,IFT FIRST Expo 2026,https://www.tulkoff.com/,,800 638-7343,https://www.linkedin.com/company/tulkoff-food-products-inc,https://www.instagram.com/tulkofffoods,South Building — 4115,https://ift26.mapyourshow.com/8_0/exhibitor/exhibitor-details.cfm?exhid=00024450,,https://www.facebook.com/tulkoff,,,,,,,partial,1
Turing Labs,United States of America,Sunnyvale,,IFT FIRST Expo 2026,https://www.turingsaas.com/,info@turingsaas.com,628 600-1888,https://www.linkedin.com/company/turing-labs-inc,,South Building — ST45 — STARTUP Pavilion,https://ift26.mapyourshow.com/8_0/exhibitor/exhibitor-details.cfm?exhid=01276622,,,,,,,,,partial,2
U.S. Soy,United States,Chesterfield,,IFT FIRST Expo 2026,https://ussoy.org/,,206-229-6515,https://www.linkedin.com/company/ussoy-org,https://www.instagram.com/u.s.soy,South Building — 1838,https://ift26.mapyourshow.com/8_0/exhibitor/exhibitor-details.cfm?exhid=00102667,,https://www.facebook.com/ussoyforagrowingworld,,,,,,,partial,1
U.S. Sugar Specialty Products,United States,Port Wentworth,,IFT FIRST Expo 2026,https://www.ussugarspecialtyproducts.com,csr.specialty@ussugarsavannah.com,1(281)490-9709,,,South Building — 3146,https://ift26.mapyourshow.com/8_0/exhibitor/exhibitor-details.cfm?exhid=00006463,,,,,,,,,partial,2
UMASS Food Science,United States of America,Amherst,,IFT FIRST Expo 2026,https://www.umass.edu/food-science/,,413-545-2277,https://www.linkedin.com/company/umass-food-science,https://www.instagram.com/umassfoodscience,South Building — 4109,https://ift26.mapyourshow.com/8_0/exhibitor/exhibitor-details.cfm?exhid=00004179,,https://www.facebook.com/umassfoodscience,,,,,,,partial,1
Uncountable,United States of America,San Francisco,,IFT FIRST Expo 2026,https://www.uncountable.com/,,5038666065,https://www.linkedin.com/company/uncountable-inc,,South Building — 3869,https://ift26.mapyourshow.com/8_0/exhibitor/exhibitor-details.cfm?exhid=01201004,,https://www.facebook.com/tr,,,,,,,partial,1
Unitech Chemicals Zibo Ltd.,China,Zibo,,IFT FIRST Expo 2026,http://www.unitechzibo.com,sales@unitechzibo.com,+86-533-6292769,,,South Building — 4629,https://ift26.mapyourshow.com/8_0/exhibitor/exhibitor-details.cfm?exhid=00293589,,,,,,,,,partial,2
United Foods International (USA) Inc,United States,Pheonix,,IFT FIRST Expo 2026,https://ufiusa.com,,+66-26240649,,,South Building — 3761,https://ift26.mapyourshow.com/8_0/exhibitor/exhibitor-details.cfm?exhid=00758952,,,,,,,,,partial,1
United Group for Investment and Trade,Egypt,Ibrahimia,,IFT FIRST Expo 2026,http://www.united-git.com,webmaster@united-git.com,20325923477,,,South Building — 572,https://ift26.mapyourshow.com/8_0/exhibitor/exhibitor-details.cfm?exhid=01242127,,,,,,,,,partial,2
University of Arkansas,United States,Fayetteville,,IFT FIRST Expo 2026,https://food-science.uark.edu/,mailto@uark.edu,+1-479-575-2000,https://www.linkedin.com/company/university-of-arkansas,https://instagram.com/uarkansas,South Building — 2509,https://ift26.mapyourshow.com/8_0/exhibitor/exhibitor-details.cfm?exhid=00000382,,https://www.facebook.com/pages/Department-of-Food-Science-University-of-Arkansas/126043274119017,,,,,,,partial,2
UPP,United Kingdom,Newport,,IFT FIRST Expo 2026,http://www.upp.farm,hello@upp.farm,+44 1952 327 357,"https://www.linkedin.com/company/upcycled-plant-protein""]}]]],""mobile"":[0,{""top"":[0,824],""left"":[0,206],""width"":[0,91],""height"":[0,41]}],""desktop"":[0,{""top"":[0,40],""left"":[0,1000],""width"":[0,54],""height"":[0,41]}],""settings"":[0,{""styles"":[0,{""icon-size"":[0,""41px""],""icon-color"":[0,""rgb(255",,South Building — ST23 — STARTUP Pavilion,https://ift26.mapyourshow.com/8_0/exhibitor/exhibitor-details.cfm?exhid=UPP05012026,,,,,,,,,partial,2
Uprooted Mushroom Extracts,United States of America,Kennett Square,,IFT FIRST Expo 2026,,,,,,South Building — 3607,https://ift26.mapyourshow.com/8_0/exhibitor/exhibitor-details.cfm?exhid=01264891,,,,,,,,,partial,1
USA Pulses,United States of America,Moscow,,IFT FIRST Expo 2026,https://www.usapulses.org/,bhooper@usapulses.org,085960108,https://www.linkedin.com/company/usa-dry-pea-and-lentil-council,https://www.instagram.com/usapulses,South Building — 4569,https://ift26.mapyourshow.com/8_0/exhibitor/exhibitor-details.cfm?exhid=00023232,,https://www.facebook.com/tr,,,,,,,partial,2
Valley Fig Growers,United States,Fresno,,IFT FIRST Expo 2026,http://www.valleyfig.com,info@valleyfig.com,559 237-3893,,https://instagram.com/valleyfig,South Building — 4228,https://ift26.mapyourshow.com/8_0/exhibitor/exhibitor-details.cfm?exhid=00006815,,https://www.facebook.com/pages/Valley-Fig-Growers/65936745209,,,,,,,partial,2
Van Drunen Farms / FutureCeuticals,United States,Momence,,IFT FIRST Expo 2026,https://www.vandrunenfarms.com,,815-472-6853,https://www.linkedin.com/company/van-drunen-farms,,South Building — 938,https://ift26.mapyourshow.com/8_0/exhibitor/exhibitor-details.cfm?exhid=00129169,,https://www.facebook.com/VanDrunenFarms,,,,,,,partial,1
Vegan Minerals,United States of America,Beverly Hills,,IFT FIRST Expo 2026,https://veganminerals.com/,,,,,South Building — ST41 — STARTUP Pavilion,https://ift26.mapyourshow.com/8_0/exhibitor/exhibitor-details.cfm?exhid=01267163,,,,,,,,,partial,1
Venkatesh Naturals Inc,United States of America,Stamford,,IFT FIRST Expo 2026,https://www.venkateshnaturals.co.in/,info@venkateshnaturals.co.in,+91 9827235078,,,South Building — 1877,https://ift26.mapyourshow.com/8_0/exhibitor/exhibitor-details.cfm?exhid=01212052,,,,,,,,,partial,2
Verder Scientific,United States of America,Newtown,,IFT FIRST Expo 2026,https://www.verder-scientific.com/,,2026 17-18,https://www.linkedin.com/company/verder-scientific,,South Building — 3955,https://ift26.mapyourshow.com/8_0/exhibitor/exhibitor-details.cfm?exhid=00282937,,,,,,,,,partial,1
Vida-Blend,United States of America,Amsterdam,,IFT FIRST Expo 2026,https://www.linkedin.com/company/vida-blend-llc/,,518.627.4138,https://www.linkedin.com/company/vida-blend-llc,,South Building — 3663,https://ift26.mapyourshow.com/8_0/exhibitor/exhibitor-details.cfm?exhid=00496774,,,,,,,,,partial,1
Vidhi Specialty Food Ingredients,India,Mumbai,,IFT FIRST Expo 2026,http://www.vidhifoodcolour.com,,91-2261406666,,,South Building — 4651,https://ift26.mapyourshow.com/8_0/exhibitor/exhibitor-details.cfm?exhid=00397498,,,,,,,,,partial,1
Vidya,United States of America,Red Bank,,IFT FIRST Expo 2026,https://www.vidyaherbs.com,,732-784-1587,,,South Building — 1752 — Organic Pavilion,https://ift26.mapyourshow.com/8_0/exhibitor/exhibitor-details.cfm?exhid=00704493,,,,,,,,,partial,1
"Viobin Products, LLC",United States of America,Monticello,,IFT FIRST Expo 2026,https://viobin.com/,contactus@viobin.com,217 318-2463,https://www.linkedin.com/company/viobin/posts,,South Building — 3935,https://ift26.mapyourshow.com/8_0/exhibitor/exhibitor-details.cfm?exhid=01274980,,,,,,,,,partial,2
Virginia Dare Flavors & Extracts,United States,Carteret,,IFT FIRST Expo 2026,https://www.virginiadare.com,flavorinfo@virginiadare.com,+8 1-718-788-1776,https://www.linkedin.com/company/614617,,South Building — 1827,https://ift26.mapyourshow.com/8_0/exhibitor/exhibitor-details.cfm?exhid=00006873,,,,,,,,,partial,2
VIRUN,United States of America,Colton,,IFT FIRST Expo 2026,https://www.virun.com,innovate.today@virun.com,9098390629,https://www.linkedin.com/company/virun,https://www.instagram.com/virun.nutrabiosciences,South Building — 4449,https://ift26.mapyourshow.com/8_0/exhibitor/exhibitor-details.cfm?exhid=00318247,,https://www.facebook.com/tr,,,,,,,partial,2
Vita-Pakt Citrus Products Co,United States of America,Bakersfield,,IFT FIRST Expo 2026,http://www.vita-pakt.com,,888-684-8272,https://www.linkedin.com/company/vita-pakt-citrus-products-co-,https://www.instagram.com/vitapaktcitrusproducts,South Building — 4155,https://ift26.mapyourshow.com/8_0/exhibitor/exhibitor-details.cfm?exhid=00006883,,https://www.facebook.com/Vita-Pakt-Citrus-Products-Co-100516938417987,,,,,,,partial,1
Vitabio Innovations LLC,United States of America,Hummelstown,,IFT FIRST Expo 2026,https://www.vitabioinnovations.com/,info@vitabioinnovations.com,717 979-0017,,,South Building — 4763,https://ift26.mapyourshow.com/8_0/exhibitor/exhibitor-details.cfm?exhid=01275711,,http://www.facebook.com/2008/fbml,,,,,,,partial,2
Vitajoy Group USA Inc,United States of America,Dallas,,IFT FIRST Expo 2026,https://www.vitajoygroupusa.com/,,+1-855-900-8482,https://www.linkedin.com/company/vitajoyusa,https://www.instagram.com/vitajoyusa,South Building — 3442,https://ift26.mapyourshow.com/8_0/exhibitor/exhibitor-details.cfm?exhid=00672831,,https://www.facebook.com/VitaJoyUSAInc,,,,,,,partial,1
"Vitusa Products, Inc.",United States,Berkeley Heights,,IFT FIRST Expo 2026,http://www.vitusaproducts.com,custserv@vitusaproducts.com,908.665.2900,,,South Building — 3603,https://ift26.mapyourshow.com/8_0/exhibitor/exhibitor-details.cfm?exhid=00018610,,,,,,,,,partial,2
Vivify,United States of America,Glendale Heights,,IFT FIRST Expo 2026,https://www.vivifycompany.com/,info@vivifycompany.com,+1 630.469.3838,https://www.linkedin.com/company/aakash-chemicals,,South Building — 445,https://ift26.mapyourshow.com/8_0/exhibitor/exhibitor-details.cfm?exhid=00688566,,https://www.facebook.com/AakashChemicals,,,,,,,partial,2
VTT,Finland,Espoo,,IFT FIRST Expo 2026,Http://www.vttresearch.com/en,firstname.lastname@vtt.fi,+3726473754,https://www.linkedin.com/company/vtt,https://www.instagram.com/vttfinland,South Building — ST62 — STARTUP Pavilion,https://ift26.mapyourshow.com/8_0/exhibitor/exhibitor-details.cfm?exhid=00621654,,https://www.facebook.com/VTTFinland,,,,,,,partial,2
W Hydrocolloids Inc,United States of America,Wilton,,IFT FIRST Expo 2026,https://www.whydrocolloids.com,,2037709627,,,South Building — 3707,https://ift26.mapyourshow.com/8_0/exhibitor/exhibitor-details.cfm?exhid=00707871,,,,,,,,,partial,1
Weber Flavors,United States,Wheeling,,IFT FIRST Expo 2026,http://www.weberflavors.com,sales@weberflavors.com,847 947-7345,https://www.linkedin.com/company/weberflavors,https://www.instagram.com/weberflavors,South Building — 2507,https://ift26.mapyourshow.com/8_0/exhibitor/exhibitor-details.cfm?exhid=00023752,,https://www.facebook.com/WeberFlavorsWheeling,,,,,,,partial,2
"Wecare Probiotics Co., Ltd.",China,Suzhou,,IFT FIRST Expo 2026,https://www.wecare-life.com,sales@wecare-life.com,86 0512 86856998,https://www.linkedin.com/company/wecare-probiotics,,South Building — 3278,https://ift26.mapyourshow.com/8_0/exhibitor/exhibitor-details.cfm?exhid=01210569,,https://www.facebook.com/Wecare-Probiotics-Co-Ltd-108524751933718,,,,,,,partial,2
Wego Chemical Group,United States,Great Neck,,IFT FIRST Expo 2026,https://www.wegochem.com/,sales@wegoglobal.com,+1 516 487 3510,https://www.linkedin.com/company/1434685,,South Building — 1353 — Organic Pavilion,https://ift26.mapyourshow.com/8_0/exhibitor/exhibitor-details.cfm?exhid=00012690,,,,,,,,,partial,2
"Weifang Shengtai Medicine Co.,Ltd",China,Weifang,,IFT FIRST Expo 2026,http://www.shengtaigroup.net,office@shengtaigroup.net,2026/05/15,,,South Building — 4611,https://ift26.mapyourshow.com/8_0/exhibitor/exhibitor-details.cfm?exhid=01222730,,,,,,,,,partial,2
"WEISHAN HENGXIN FOODS CO.,LTD.",China,Jining,,IFT FIRST Expo 2026,http://www.hxspice.com,sales@hxspice.com,+86-537-8451948,,,South Building — 4721,https://ift26.mapyourshow.com/8_0/exhibitor/exhibitor-details.cfm?exhid=01240187,,,,,,,,,partial,2
"Wenger Manufacturing, Inc.",United States,Sabetha,,IFT FIRST Expo 2026,http://www.wenger.com,logo@2x.png,+32 3 232 7005,https://www.linkedin.com/company/wenger-manufacturing-inc-,,South Building — 3057 — Food Manufacturing Equipment Pavilion,https://ift26.mapyourshow.com/8_0/exhibitor/exhibitor-details.cfm?exhid=00006986,,https://www.facebook.com/WengerMfg,,,,,,,partial,2
Western Foods Inc,United States,Woodland,,IFT FIRST Expo 2026,http://www.westernfoodsco.com/,,71602 420,https://www.linkedin.com/company/westernfoodsco,https://www.instagram.com/westernfoodsco,South Building — 1561 — Organic Pavilion,https://ift26.mapyourshow.com/8_0/exhibitor/exhibitor-details.cfm?exhid=00101546,,https://www.facebook.com/westernfoodscompany,,,,,,,partial,1
Wielkopolskie Przedsiebiorstwo Przemysłu Ziemniaczanego  S.A.,Poland,Lubon,,IFT FIRST Expo 2026,,,,,,South Building — 3077,https://ift26.mapyourshow.com/8_0/exhibitor/exhibitor-details.cfm?exhid=01268720,,,,,,,,,partial,1
Wiley,United States of America,Hoboken,,IFT FIRST Expo 2026,https://onlinelibrary.wiley.com/product/food-science,,,,,South Building — 566,https://ift26.mapyourshow.com/8_0/exhibitor/exhibitor-details.cfm?exhid=00023347,,,,,,,,,partial,1
"Winland Foods, Inc",United States,Oak Brook,,IFT FIRST Expo 2026,https://www.winlandfoods.com/,,630-320-7447,https://www.linkedin.com/company/winland-foods,,South Building — 219,https://ift26.mapyourshow.com/8_0/exhibitor/exhibitor-details.cfm?exhid=00331554,,,,,,,,,partial,1
Wintersun International Inc.,United States,Ontario,,IFT FIRST Expo 2026,https://www.wintersunchem.com/,inquiries@wintersunchem.com,+1 800 930 1688,,,South Building — 2407,https://ift26.mapyourshow.com/8_0/exhibitor/exhibitor-details.cfm?exhid=00083483,,https://www.facebook.com/wintersunchemical,,,,,,,partial,2
Wisconsin Spice Inc,United States,Berlin,,IFT FIRST Expo 2026,http://www.wisconsinspice.com,,1(708)606-1678,https://www.linkedin.com/company/wisconsinspice,,South Building — 3205,https://ift26.mapyourshow.com/8_0/exhibitor/exhibitor-details.cfm?exhid=00019067,,https://www.facebook.com/pages/Wisconsin-Spice/142693872443154,,,,,,,partial,1
"Wixon, Inc.",United States,St Francis,,IFT FIRST Expo 2026,https://www.wixon.com/,,+1800-841-5304,https://www.linkedin.com/company/wixon,,South Building — 4607,https://ift26.mapyourshow.com/8_0/exhibitor/exhibitor-details.cfm?exhid=00007111,,,,,,,,,partial,1
WTI,United States of America,Jefferson,,IFT FIRST Expo 2026,https://www.wtiinc.com/,contactus@wtiinc.com,+49 6192 92856-90,https://www.linkedin.com/company/wti-inc-,,South Building — 119,https://ift26.mapyourshow.com/8_0/exhibitor/exhibitor-details.cfm?exhid=00226411,,,,,,,,,partial,2
Wuhan Green Food Biological Engineering Co Ltd.,China,Wuhan,,IFT FIRST Expo 2026,http://www.whgreenfood.com,sales@whgreenfood.com,10002622,,,South Building — 4851,https://ift26.mapyourshow.com/8_0/exhibitor/exhibitor-details.cfm?exhid=00385374,,,,,,,,,partial,2
"WUHAN HUASWEET CO.,LTD",China,E Zhou,,IFT FIRST Expo 2026,http://www.huasweet.com,sales@huasweet.com,+86 27 59370818,,,South Building — 4816,https://ift26.mapyourshow.com/8_0/exhibitor/exhibitor-details.cfm?exhid=01168960,,,,,,,,,partial,2
"Wuhan Youji Industries Co., Ltd",China,Wuhan,,IFT FIRST Expo 2026,http://www.chinaorganic.com,organic@chinaorganic.com,027-87561777,,,South Building — 4740,https://ift26.mapyourshow.com/8_0/exhibitor/exhibitor-details.cfm?exhid=00469972,,,,,,,,,partial,2
"Xena International, Inc.",United States,Polo,,IFT FIRST Expo 2026,https://www.xenainternational.com,,1(630)460-0883,,,South Building — 3703,https://ift26.mapyourshow.com/8_0/exhibitor/exhibitor-details.cfm?exhid=00025499,,,,,,,,,partial,1
"Xinghua GL Stevia Co., Ltd",China,Xinghua,,IFT FIRST Expo 2026,https://www.glstevia.com/,,2025-12-10,,,South Building — 3908,https://ift26.mapyourshow.com/8_0/exhibitor/exhibitor-details.cfm?exhid=00467767,,https://www.facebook.com/GL-Stevia-111209705139037,,,,,,,partial,1
"Xinghua Lianfu Food Co., Ltd.",China,Xinghua,,IFT FIRST Expo 2026,http://www.xhlf.com.cn/,,13809019218,,,South Building — 3219,https://ift26.mapyourshow.com/8_0/exhibitor/exhibitor-details.cfm?exhid=00771892,,,,,,,,,partial,1
"Xitrical Group Co., Ltd.",Thailand,,,IFT FIRST Expo 2026,http://www.xitrical.com,info@xitrical.com,https://api.whatsapp.com/send?phone=66881857272,https://www.linkedin.com/company/xitrical,,South Building — 2526,https://ift26.mapyourshow.com/8_0/exhibitor/exhibitor-details.cfm?exhid=01275401,,https://www.facebook.com/profile.php,,,,,,,partial,2
Xylem Lab Solutions,United States of America,Yellow Springs,,IFT FIRST Expo 2026,https://www.ysi.com/lab-solutions,info@ysi.com,+1 937-688-4255,https://www.linkedin.com/company/ysi,https://www.instagram.com/ysiinc,South Building — 3909,https://ift26.mapyourshow.com/8_0/exhibitor/exhibitor-details.cfm?exhid=00550150,,https://www.facebook.com/myYSI,,,,,,,partial,2
"Yancheng Weiguan Foods Co., Ltd",China,Yancheng,,IFT FIRST Expo 2026,http://www.weiguanfoods.com/,,86- 51588431005,,,South Building — 2604,https://ift26.mapyourshow.com/8_0/exhibitor/exhibitor-details.cfm?exhid=00149281,,,,,,,,,partial,1
Yantai Oriental Protein Tech Co Ltd,China,Zhaoyuan City,,IFT FIRST Expo 2026,http://www.pea-protein.com.cn,info@orientalprotein.com,2026-05-08,,,South Building — 1151 — Organic Pavilion,https://ift26.mapyourshow.com/8_0/exhibitor/exhibitor-details.cfm?exhid=00467193,,,,,,,,,partial,2
"Yantai Shuangta Food Co., Ltd - Follow Nature Inc",United States of America,City of Industry,,IFT FIRST Expo 2026,http://www.follownatureusa.com,,7347093756,,,South Building — 4144,https://ift26.mapyourshow.com/8_0/exhibitor/exhibitor-details.cfm?exhid=00564413,,,,,,,,,partial,1
"YOSIN BIOTECHNOLOGY (YANTAI) CO., LTD",China,Zhanyuan,,IFT FIRST Expo 2026,http://www.yosinbio.com,yosin@yosin.com.cn,+86 0535-8129001,,,South Building — 1158 — Organic Pavilion,https://ift26.mapyourshow.com/8_0/exhibitor/exhibitor-details.cfm?exhid=01219486,,,,,,,,,partial,2
Yufeng America Corporation,United States of America,City of Industry,,IFT FIRST Expo 2026,http://www.yufenggp.com,sales@yufenggp.com,https://api.whatsapp.com/send?phone=1-9497356112,https://www.linkedin.com/company/86748953/admin,https://www.instagram.com/lucy_yufeng,South Building — 1682,https://ift26.mapyourshow.com/8_0/exhibitor/exhibitor-details.cfm?exhid=01274775,,https://www.facebook.com/yufengchemical,,,,,,,partial,2
"Yunnan Future Bio-tech. Co., Ltd.",China,Kunming City,,IFT FIRST Expo 2026,https://www.cnfuture-bio.com/sy,,,,,South Building — 3208,https://ift26.mapyourshow.com/8_0/exhibitor/exhibitor-details.cfm?exhid=01272631,,,,,,,,,partial,1
"Yusweet Co.,Ltd.",China,Anyang City,,IFT FIRST Expo 2026,http://www.ayyuxin.com,sales@ayyuxin.com,+86-532-85630,,,South Building — 3314,https://ift26.mapyourshow.com/8_0/exhibitor/exhibitor-details.cfm?exhid=01222503,,,,,,,,,partial,2
"Zhaoqing Huanfa Biotechnology Co.,Ltd",China,Zhaoqing,,IFT FIRST Expo 2026,,,,https://www.linkedin.com/company/zhaoqing-huanfa-bio-technology-co-ltd,,South Building — 2370,https://ift26.mapyourshow.com/8_0/exhibitor/exhibitor-details.cfm?exhid=01269928,,,,,,,,,partial,1
"Zhejiang Binmei Biotechnology Co., Ltd.",China,Taizhou,,IFT FIRST Expo 2026,https://www.binmei-color.com/,,+86-576-89395152,https://www.linkedin.com/company/binmeifoodcolor,,South Building — 1173 — Organic Pavilion,https://ift26.mapyourshow.com/8_0/exhibitor/exhibitor-details.cfm?exhid=01272409,,,,,,,,,partial,1
"Zhejiang Huakang Pharmaceutical Co., Ltd",China,Kaihua,,IFT FIRST Expo 2026,https://www.huakangpharma.com/en,,2000-2018,,,South Building — 3914,https://ift26.mapyourshow.com/8_0/exhibitor/exhibitor-details.cfm?exhid=00022244,,,,,,,,,partial,1
"ZHEJIANG TIANYI FOOD ADDITIVES CO.,LTD.",China,Wuzhen Town,,IFT FIRST Expo 2026,http://www.sinotianyi.com/about/id/1.html,sales@sinotianyi.com,17023920,,,South Building — 1579,https://ift26.mapyourshow.com/8_0/exhibitor/exhibitor-details.cfm?exhid=01272063,,,,,,,,,partial,2
Zhejiang Zancheng Life Sciences Limited,China,Hangzhou,,IFT FIRST Expo 2026,https://www.zanchenglife.com/,sales@zanchenglife.com,https://api.whatsapp.com/send?phone=8615579137947,https://www.linkedin.com/company/74762990/admin,,South Building — 414,https://ift26.mapyourshow.com/8_0/exhibitor/exhibitor-details.cfm?exhid=01270171,,https://www.facebook.com/ZanchengLife,,,,,,,partial,2
"Zhucheng Haotian Pharm Co., Ltd.",China,Zhucheng City,,IFT FIRST Expo 2026,https://www.howtiangroup.com,info@howtiangroup.com,+1 646-504-1750,https://www.linkedin.com/company/howtian,,South Building — 2040,https://ift26.mapyourshow.com/8_0/exhibitor/exhibitor-details.cfm?exhid=01207562,,https://www.facebook.com/howtiangroup,,,,,,,partial,2
"ZHUCHENG HUAYUAN BIOENGINEERING CO.,LTD.",China,ZHUCHENG,,IFT FIRST Expo 2026,,,+8615120005525,https://Graceland Lifescience,,South Building — 2619,https://ift26.mapyourshow.com/8_0/exhibitor/exhibitor-details.cfm?exhid=00873511,,,,,,,,,partial,1
ZoomEssence Inc,United States,Hebron,,IFT FIRST Expo 2026,http://www.zoomessence.com,sales@zoomessence.com,844 374.9666,https://www.linkedin.com/company/zoomessence-inc-,,South Building — 1920,https://ift26.mapyourshow.com/8_0/exhibitor/exhibitor-details.cfm?exhid=00600728,,,,,,,,,partial,2
