name,years,stand_2023,stand_2024,stand_2025,status_2023,status_2024,status_2025,website,description_pl,description_en,contact,nip,logo,real_website,email,phone,whatsapp,linkedin,facebook,instagram,youtube,tiktok,representative
HERTw,2023,B2.01,,,Sprzedane,,,https://www.hert.pl/,"Zobacz nowości:

- Kocioł smażąco-gotujący Cucimix CBTV500

- Piec Houno 10.1

- Krajalnica FS-800 MHS – cięcie stałowagowe

- Krajalnica przelotowa ICC28 MHS",,,5240018433,https://www4.pwe-expoplanner.com/sklep/img/logo/5579.jpg,https://www.hert.pl/,biuro@hert.pl; serwis@hert.pl; czesci@hert.pl,+48 22 594 05 00; 122 574.00; 117 119.00,,https://www.linkedin.com/company/hert/,https://www.facebook.com/maszynypiekarnicze,,https://www.youtube.com/channel/UC8ZDAtpGklUFLY1sEVef2Tg,,
Fabryka Systemów Pakujących PABLO PL,2023,B3.01,,,Sprzedane,,,https://www.maszynypablo.pl/,"Od ponad 20 lat jesteśmy liderem w produkcji maszyn w przemyśle spożywczym, chemicznym, kosmetycznym, logistycznym i farmaceutycznym. Jako polski producent instalujemy na całym świecie aplikacje takie jak: linie rozlewnicze, zakręcarki, maszyny pakujące w folię termokurczliwą, kartoniarki, zaklejarki kartonów, owijarki palet, tubiarki, roboty paletyzujące oraz kompletne linie produkcyjne.",,,9592017357,https://www4.pwe-expoplanner.com/sklep/img/logo/6871.jpg,https://www.maszynypablo.pl/,biuro@maszynypablo.pl; handlowy@maszynypablo.pl; serwis1@maszynypablo.pl,90792678; 96928571; +48 41 234 11 00,,https://pl.linkedin.com/company/fabryka-system%C3%B3w-pakuj%C4%85cych-pablo,https://pl-pl.facebook.com/Fabryka-System%C3%B3w-Pakuj%C4%85cych-PABLO-PL-859706694095039/,,https://www.youtube.com/channel/UCUIAdNhw81-jBG_eYjposgg,,
VEMAG POLSKA,2023,B2.23,,,Sprzedane,,,https://www.vemag.pl/,,,,5223000324,https://www4.pwe-expoplanner.com/sklep/img/logo/5219.jpg,https://www.vemag.pl/,info@vemag.pl,137353690; 48 22 867 56 59; 48 22 867 67 50,,,,,,,
GEA Food Solutions Poland,2023,B2.08,,,Sprzedane,,,https://www.gea.com/en/index.jsp,.,,,9531670063,https://www4.pwe-expoplanner.com/sklep/img/logo/11629.jpg,https://www.gea.com/en//,,4320412412; 44179073241; 9037-57131,,https://www.linkedin.com/company/geagroup,https://www.facebook.com/geagroup,,http://www.youtube.com/user/TheGEAGroup,,Stefan Klebert (CEO)
Filmat,2023,B1.08,,,Sprzedane,,,https://www.filmat.eu/,,,,5761011468,https://www4.pwe-expoplanner.com/sklep/img/logo/7200.jpg,https://filmat.pl/,kamila.wisniewska@pkoleasing.pl,11.03.2020; +48 604523592; +48 694 493 978,,,,,,,Kamila Wiśniewska Starszy (Specjalista)
Jarvis Polska Limited,2023,B2.24,,,Sprzedane,,,http://www.jarvispolska.pl/,"Jarvis Polska jest światowym liderem w dziedzinie sprzętu do przetwórstwa mięsnego oraz autoryzowanym przedstawicielem firm:Jarvis, EDGE Manufacturing, La Permantiere, SZV – Schlacht-, Zerlege- und Vakuumtechnik, Schlachthausfreund, Longwood.W naszej ofercie posiadamy wszystkie produkty wyżej wymienionych producentów oraz służymy pomocą techniczną.",,,8522605663,https://www4.pwe-expoplanner.com/sklep/img/logo/11623.jpg,http://www.jarvispolska.pl/,info@jarvispolska.pl,+48 696 625 474; +48 59 725 62 67; 8522605663,,,,,,,
NOMA Sp. z o.o.,2023,B3.07,,,Sprzedane,,,https://nowickifm.com/,,,,8351148991,https://www4.pwe-expoplanner.com/sklep/img/logo/11636.jpg,,,,,,,,,,
POLPACK ZEUS,2023,B2.03,,,Sprzedane,,,https://polpack.pl/,.,,,8790168872,https://www4.pwe-expoplanner.com/sklep/img/logo/8761.jpg,https://polpack.pl/,info@polpack.pl; sekretariat@polpack.pl; serwis@polpack.pl,2020-04-27; 2026-02-04; 70401269,,https://pl.linkedin.com/company/polpack-maszyny-i-materia%C5%82y-do-pakowania,https://www.facebook.com/Polpack-maszyny-i-materia%C5%82y-do-pakowania-2048761541856277/,,https://www.youtube.com/user/kamilradosc/videos,,
Premac,2023,B2.19,,,Sprzedane,,,https://premac.pl/,,,,5213644971,https://www4.pwe-expoplanner.com/sklep/img/logo/10027.jpg,https://premac.pl/,,1342177279; 601 321 163; 537 721 960,,,,,,,
Brokelmann,2023,B2.20,,,Sprzedane (Targi PWE),,,http://www.brokelmann.pl/,,,,9161001802,https://www4.pwe-expoplanner.com/sklep/img/logo/10748.jpg,https://www.brokelmann.eu/,brokelmann@brokelmann.pl; export@brokelmann.eu; export@brokelmann.pl,1036453600; 2026-03-23-130146; +48713842584,,https://pl.linkedin.com/company/brokelmannpl,https://www.facebook.com/BrokelmannFoodIndustrySolutions,,https://www.youtube.com/channel/UCXVgvGik0GBBz8n6DPeI7Tw,,
METROOPACK,2023,B3.23,,,Sprzedane,,,https://www.metro-plast.pl/aktualnosci-wszystkie/item/114-nowa-spolka-informacja,,,,7532461490,https://www4.pwe-expoplanner.com/sklep/img/logo/17923.jpg,https://www.metro-plast.pl/aktualnosci-wszystkie/item/114-nowa-spolka-informacja,zamowienia@metroopack.eu; zakupy@metro-plast.pl; anna@metro-plast.pl,20220207; 2021-12-31; 2022-02-07,,https://www.linkedin.com/company/metro-plast-nysa/,https://www.facebook.com/metrocateringnysa/,,,,
Tewes-Bis,2023,B2.07,,,Sprzedane,,,http://tewesbis.com.pl/,,,,7390100114,https://www4.pwe-expoplanner.com/sklep/img/logo/15856.jpg,http://tewesbis.com.pl/,firma@tewesbis.com.pl; handlowy@tewesbis.com.pl; serwis@tewesbis.com.pl,2017-03-17; 79006835; 1489764222070,,,https://www.facebook.com/p/Tewes-Bis-sp-z-oo-100063885646642,,,,
JEREMY,2023,B3.05,,,Sprzedane,,,https://jeremy.pl/content/1-firma,,,,1251127980,https://www4.pwe-expoplanner.com/sklep/img/logo/11625.jpg,https://jeremy.pl/content/1-firma,,16042285; 52.305460; 21.014503,,,,,,,
Dadaux,2023,B2.16,,,Sprzedane,,,http://dadaux.pl/,.,,,7282541301,https://www4.pwe-expoplanner.com/sklep/img/logo/7715.jpg,https://dadaux.com.pl/,dadaux@dadaux.pl,20100101; 021827 50; +48 43 843 07 65,,,,,,,
N&N Nadratowski Food Processing Equipment,2023,B3.11,,,Sprzedane,,,http://www.nadratowski.com/,,,,7742868938,https://www4.pwe-expoplanner.com/sklep/img/logo/4011.jpg,https://www.nadratowski.com/,info@nadratowski.com; serwis@nadratowski.com,2014-2020; 7742868938; +48 24 261 52 61,,https://pl.linkedin.com/company/nn-nadratowski,https://pl-pl.facebook.com/nnnadratowski/,,https://www.youtube.com/user/NNFoodProcessingEq/videos,,
Polska Izba Opakowań,"2023,2024,2025",B2.12,C3.04,C1.40b,Sprzedane,Sprzedane,Sprzedane,https://pio.org.pl/,"Polska Izba Opakowań została utworzona w październiku 1994 r. Izba jest organizacją samorządu przedsiębiorców skupiającą producentów opakowań, materiałów opakowaniowych, maszyn i urządzeń dla przemysłu opakowań.",,,5211206178,https://www4.pwe-expoplanner.com/sklep/img/logo/4322.jpg,https://pio.org.pl/,info@pio.org.pl; biuro@pio.org.pl; prezes@pio.org.pl,10000000; 548622567991; 96793340,,https://www.linkedin.com/company/polska-izba-opakowan/,https://www.facebook.com/polskaizbaopakowan,,,,Izby Do (Prezes)
Urschel International-Polska,2023,B1.14,,,Sprzedane,,,https://www.urschel.com/index.php,,,,1230740327,https://www4.pwe-expoplanner.com/sklep/img/logo/4929.jpg,https://www.urschel.com/,,2023-11-27; 2026-05-19; 00000026,,https://www.linkedin.com/company/urschel,https://www.facebook.com/urschelUSA/,,https://www.youtube.com/channel/UCm1slk3jkE5kvJASoAPRXyw/videos,,
Womat,2023,B3.37,,,Sprzedane,,,https://womat.com.pl/,,,,6351794738,https://www4.pwe-expoplanner.com/sklep/img/logo/9334.jpg,https://womat.com.pl/,biuro@womat.com.pl; redakcja@womat.com.pl; dtp@womat.com.pl,0000324489; 635-179-47-38; 6890 0183,,,,,,,
SCANVAEGT SYSTEMS,2023,B2.17,,,Sprzedane,,,https://www.scanvaegt.com/pl/,"Jesteśmy liderem w zakresie rozwiązań optymalizacyjnych dla procesów produkcyjnych w przemyśle spożywczym, opartych na ważeniu, etykietowaniu, porcjowaniu, kalibrowaniu i zarządzaniu produkcją. Z nami uzyskasz pełną kontrolę nad produkcją, zwiększysz wydajność i uzyski. Zapewniamy sprawdzone narzędzia do ochrony Twojej marki.","We are the leader in scope of optimization solutions for production processes in food industry based on weighing, labeling, portioning, grading and production management. With us, you will gain full control over production, increase efficiency and yields. We provide proven tools to protect your brand.",,5272681608,https://www4.pwe-expoplanner.com/sklep/img/logo/7807.jpg,https://www.scanvaegt.com:443/,,,,,,,,,
Mysak Group,2023,B2.15,,,Sprzedane,,,http://mysak.pl/,,,,7811829121,https://www4.pwe-expoplanner.com/sklep/img/logo/10116.jpg,https://mysak.pl/,mysak@mysak.pl; serwis@mysak.pl; r.rumplewicz@mysak.pl,2021-06-08; 2026-02-24; 618101627,,https://www.linkedin.com/company/mysak-group,,,https://www.youtube.com/channel/UCEnRnBSHMlWO6MwIbpN0JhQ,,
FC Foodconcept,2023,B2.06,,,Sprzedane,,,https://food-concept.eu/,,,,6040112406,https://www4.pwe-expoplanner.com/sklep/img/logo/15055.jpg,https://www.food-concept.eu/,m.banhegyi@food-concept.eu; d.wasowicz@food-concept.eu; p.wasowicz@food-concept.eu,+48 514 119 002; +48 514 119 004; +48 514 119 003,https://wa.me/+48669449413,https://www.linkedin.com/company/fcfoodconcept,https://www.facebook.com/FCfoodconcept,https://www.instagram.com/food_concept.eu/,https://www.youtube.com/@FoodconceptPoland,,
TI-MA,2023,B2.28,,,Sprzedane,,,https://www.ti-ma.pl/,,,,5840452770,https://www4.pwe-expoplanner.com/sklep/img/logo/17537.jpg,https://ti-ma.pl/,sekretariat@ti-ma.pl; a.stadnik@ti-ma.pl; g.szarmach@ti-ma.pl,2024-02-16; 2025-09-23; 2023-02-16,,,,,https://www.youtube.com/@Ti-MaMaszyny,,Grzegorz Szarmach Młodszy (Specjalista) | Wojciech Urban Młodszy (Specjalista) | Grzegorz Szwed Starszy (Specjalista)
PPHU MADEJPAK,2023,B1.07,,,Sprzedane,,,https://madejpak.pl/,,,,8681986442,https://www4.pwe-expoplanner.com/sklep/img/logo/17160.jpg,https://madejpak.pl/,biuro@madejpak.pl; serwis@madejpak.pl,+48123454397; 8681986442; +48 12 345 43 97,,https://www.linkedin.com/company/madejpak/posts/,,,,,
Radpak Fabryka Maszyn Pakującychwied,2023,B3.05,,,Sprzedane,,,https://www.radpak.pl/,,,,8880401289,https://www4.pwe-expoplanner.com/sklep/img/logo/17753.jpg,https://www.radpak.pl/,,,,,,,,,
SPOMASZ ZAMOŚĆ,2023,B1.24a,,,Sprzedane,,,https://spomasz.biz.pl/pl,,,,9221332679,https://www4.pwe-expoplanner.com/sklep/img/logo/7035.jpg,https://www.spomasz.biz.pl/pl,marketing@spomasz.biz.pl; spomasz@spomasz.biz.pl; karpinski@spomasz.biz.pl,2147483647; 17095858128; 84 639 36 71,,,https://www.facebook.com/SpomaszZamoscSa/about/,,,,Produkcji Stanisław Szykuła (Kierownik)
Air Products,2023,B1.16,,,Sprzedane (Targi PWE),,,http://www.airproducts.com.pl/,.,,,5260213184,https://www4.pwe-expoplanner.com/sklep/img/logo/7940.jpg,https://www.airproducts.com.pl/,,1996-2026,,,,,,,
Domowe Sanatorium Zimnoch,"2023,2024,2025",B3.21a,C1.18a,C3.20,Sprzedane,Sprzedane,Sprzedane,https://domowesanatorium.pl/,Wyciskarki,,,5422991903,https://www4.pwe-expoplanner.com/sklep/img/logo/3096.jpg,https://domowesanatorium.pl/,kontakt@domowesanatorium.pl; marketing@domowesanatorium.pl,2017-10-01; 2024-07-08; 1553675757871,,,,,,,
Sacmi Packaging & Chocolate,2023,B2.27b,,,Sprzedane,,,https://www.sacmi.com/,MIĘDZYNARODOWY LIDER W INŻYNIERII INSTALACJI PRZEMYSŁOWYCH,,,6751640039,https://www4.pwe-expoplanner.com/sklep/img/logo/3352.jpg,https://sacmi.com/,sacmi@sacmi.it; sacmiimola@legalmail.it; sacmiamministrazione@legalmail.it,(57251605; +39-0542-607111; +39-0542-642354,,https://www.linkedin.com/company/sacmi,https://www.facebook.com/sacmi.it/,,https://www.youtube.com/user/SacmiWebServices,,
PB Technik Sp. z o.o.,2023,B2.14b,,,Sprzedane,,,https://pbtechnik.com.pl/,"PB Technik od 25 lat specjalizuje się w dostarczaniu zaawansowanych rozwiązań technologicznych dla przemysłu elektronicznego.
Oferta obejmuje szeroką gamę rozwiązań, od urządzeń do lutowania, przez systemy inspekcji optycznej, aż po maszyny do automatycznego montażu komponentów SMT i THT.",,,9521783400,https://www4.pwe-expoplanner.com/sklep/img/logo/4753.jpg,https://pbtechnik.com.pl/,info@pbtechnik.com.pl,26589340; 2026-05-25; 2026-03-01,,https://www.linkedin.com/company/pbtechnik-pl,https://www.facebook.com/PB-Technik-maszyny-materia%C5%82y-i-technologie-dla-przemys%C5%82u-elektronicznego-602380906579551/,,https://www.youtube.com/channel/UCKLXsT4ZAMkNMMwiNKmXyLQ/featured,,
CLEVRO Robert Klemba PHUP,2023,B1.23,,,Sprzedane,,,https://www.clevro.pl/,,,,8351384183,https://www4.pwe-expoplanner.com/sklep/img/logo/5333.jpg,https://www.clevro.pl/,clevro@clevro.pl; serwis@clevro.pl; handel@clevro.pl,2022-04-05; 2023-10-06; 1678126669667,,,https://www.facebook.com/Clevro-Myjki-245060425686426,,,,Arkadiusz Wolnicki (Dyrektor)
NABOR,2023,B3.31a,,,Sprzedane,,,http://nabor.pl/,,,,7151138616,https://www4.pwe-expoplanner.com/sklep/img/logo/13506.jpg,https://nabor.pl/,nabor@nabor.pl,25050794; 119012880,,,,,,,
BACHA,2023,B2.27a,,,Sprzedane,,,http://www.bachabg.com.pl/,,,,5242425042,https://www4.pwe-expoplanner.com/sklep/img/logo/8827.jpg,,,,,,,,,,
STIGEN,2023,B1.24b,,,Sprzedane (Targi PWE),,,http://www.stigen.pl/,,,,5532463803,https://www4.pwe-expoplanner.com/sklep/img/logo/7954.jpg,https://stigen.pl/,biuro@stigen.pl; handel@stigen.pl; serwis@stigen.pl,2021-05-10; 2026-03-12; +48 33 861 65 70,,,,,,,
PPHU LA-MAR Tadeusz Lasotano,2023,B1.28a,,,Sprzedane,,,https://la-mar.com.pl/pl/kontakt,,,,7290105359,https://www4.pwe-expoplanner.com/sklep/img/logo/7998.jpg,https://la-mar.com.pl/kontakt/,rafal.debowski@la-mar.com.pl; roksana.jankowska@la-mar.com.pl; michal.opilowski@la-mar.com.pl,2023-10-04; 2026-02-20; 42-680-23-94,,,,,,,
Garos,2023,B2.14a,,,Sprzedane,,,https://garos.se/representatives/,,,,9671167335,https://www4.pwe-expoplanner.com/sklep/img/logo/15813.jpg,https://garos.se/representatives/,,2022-08-01; 2026-05-21; (5411) 5368-8228,,https://www.linkedin.com/company/food-technology-sa,,,https://www.youtube.com/@abgaros6164,,
SIMUL,2023,B1.17,,,Sprzedane,,,https://aplikacja.ceidg.gov.pl/CEIDG/CEIDG.Public.UI/Search.aspx,,,,8231641252,https://www4.pwe-expoplanner.com/sklep/img/logo/15576.jpg,,,,,,,,,,
Trade Mysak,2023,B3.15,,,Sprzedane,,,http://trademysak.pl/,,,,7811876853,https://www4.pwe-expoplanner.com/sklep/img/logo/12875.jpg,https://trademysak.pl/,biuro@trademysak.pl; k.wozniak@trademysak.pl; d.witkiewicz@trademysak.pl,00000000; 20120202; 1693310399766,,https://www.linkedin.com/company/3481373/admin/feed/posts/,,,https://www.youtube.com/channel/UCGLDDqjDIVY1JhUBp2uUFAQ,,Jan Kowalski (CEO) | Jan Kowalski (CEO) | Jan Kowalski (CEO)
REMMERS POLSKA,2023,B3.31b,,,Sprzedane,,,https://www.remmers.pl/pl/Remmers-Polska,"Specjalizujemy się w produkcji chemii budowlanej, farb i lakierów do drewna oraz powłok przemysłowych",,,7821420221,https://www4.pwe-expoplanner.com/sklep/img/logo/13426.jpg,https://www.remmers.pl/pl/Remmers-Polska,info.pl@remmers.com; rekrutacja@remmers.com,1779362066164; 73125579; 48) 61 816 81 00,,,,,,,Pan Michał Reck (Prezes) | Krzysztof Borzymiński (Dyrektor) | Michał Reck (Prezes)
No Limits Composites,2023,B3.08,,,Sprzedane,,,https://nolimitscomposites.pl/,ADRES KORESPONDENCYJNYul. Kolejowa 31A29-100 Włoszczowa,,,6090039462,https://www4.pwe-expoplanner.com/sklep/img/logo/14265.jpg,https://nolimitscomposites.pl/,michal.lichosik@nolimitscomposites.pl,2022-10-29; 2023-01-03; 1342177279,,,,,,,
Luneos,2023,B3.17,,,Sprzedane,,,https://www.luneos.pl,LUNEOS to czołowy dostawca rozwiązań z zakresu odnawialnych źródeł energii dla polskich firm. Oferowane rozwiązania transformacji energetycznej finansowane w usłudze abonamentu pozwalają wprowadzić niezbędne innowacje i przejść z czarnej na zieloną energię.,LUNEOS is a leading provider of renewable energy solutions for Polish companies. The offered subscription-based energy transformation solutions allow you to introduce the necessary innovations and move from black to green energy.,,8513221064,https://www4.pwe-expoplanner.com/sklep/img/logo/14527.jpg,https://luneos.pl/,info@luneos.pl; zgloszenia@luneos.pl; j.kwiatkowski@luneos.pl,2022-02-02; 2026-02-27; 2022-02-07,,https://www.linkedin.com/company/luneos/,https://www.facebook.com/Luneos-Tw%C3%B3j-partner-transformacji-energetycznej-111828403601113,,https://www.youtube.com/channel/UCCwCh-St3pmAbZrVXRcx9Rg,,Marek Kostecki (Prezes) | Radosław Andrzejewski (Dyrektor) | Quality Group (Manager)
AIC,2023,B1.28b,,,Sprzedane,,,https://www.myrma.eu/,,,,5891936466,https://www4.pwe-expoplanner.com/sklep/img/logo/15108.jpg,https://myrma.eu/,sales@myrma.eu,934573210; +48 58 350 65 50; 0000304949,,https://www.linkedin.com/company/18023562/,https://www.facebook.com/LaserExpertsRMA,https://www.instagram.com/laserexpertsrma/,https://www.youtube.com/channel/UCtlwgSlAH9MJ0-B7FM945aw,,
Niagara-System,2023,B3.25a,,,Sprzedane,,,https://niagara-system.eu/,,,,5621814003,https://www4.pwe-expoplanner.com/sklep/img/logo/16579.jpg,https://niagara-system.eu/,info@niagara-system.eu,2020-11-12; 2024-12-02; +48 516 707 858,,,,,https://www.youtube.com/channel/UCkvr_1lWEL0KvOwtynSUv2Q,,
Atmopol,2023,B3.06,,,Sprzedane,,,https://www.atmopol.com.pl/,,,,6791105080,,https://atmopol.com.pl/,biuro@atmopol.com.pl,2022-09-05; 2025-09-01; 84394186,,https://www.linkedin.com/company/atmopolkrakow/,,,,,
kablonex,2023,B1.18,,,Sprzedane,,,https://kablonex.pl/,"Firma Kablonex powstała w 1971 roku i od tego czasu nieustannie się rozwija inwestując w najnowsze technologie do produkcji folii oraz poszerzając swoja ofertę o nowe innowacyjne produkty. Odbiorcami są zarówno producenci krajowi jak i zagraniczni, w tym duże korporacje oraz mniejsze zakłady produkcyjne. Kablonex jest producentem zaawansowanych technologicznie folii wielowarstwowych, gdzie połączenie najnowocześniejszych technologii z polityką zrównoważonego rozwoju stawia nas w czołówce liderów promujących zasadę ekologia-produkcja-ekonomia.",,,6070084790,https://www4.pwe-expoplanner.com/sklep/img/logo/17292.jpg,https://kablonex.pl/,,2015-12-12; 2026-05-14; 48) 67 281 11 51,,,,,,,Roman Łęga Key (Account Manager) | Monika Kułak Key (Account Manager) | Junior Business Development (Manager)
Solution 4 Labs,2023,B3.21b,,,Sprzedane,,,https://solution4labs.com/pl/,,,,5272725493,https://www4.pwe-expoplanner.com/sklep/img/logo/17952.jpg,https://www.solution4labs.com/,,2545352419; 2197735472; 1180020854,,,,,,,
FHU THN SŁAWOMIR SZROMEK,2023,B1.21c,,,Sprzedane,,,https://witrynki.pl/,,,,6461813224,https://www4.pwe-expoplanner.com/sklep/img/logo/12624.jpg,https://witrynki.pl/,sklep@witrynki.pl,05.82110326; 444534370667404; 514 195 142,,,,,,,
Oex Cursor,"2023,2024",B1.21a,C3.46,,Sprzedane,Sprzedane (Targi PWE),,https://oexcursor.pl/,.,,,5213141885,https://www4.pwe-expoplanner.com/sklep/img/logo/9217.jpg,,,,,,,,,,
Hoben -omandytowa,2023,B1.21b,,,Sprzedane,,,https://www.hoben.pl/,,,,7732489866,https://www4.pwe-expoplanner.com/sklep/img/logo/17676.jpg,https://www.hoben.pl/,biuro@hoben.pl; dboryslawski@hoben.pl; rpowierza@hoben.pl,2020-07-08; 2023-04-18; 507 725 736,,,https://www.facebook.com/HOBEN-246261562446562/,,,,Techniczny Krzysztof Węgrzynowski (Dyrektor)
Województwo Wielkopolskie z siedzibą Urzędu Marszałkowskiego Woj,"2024,2025",,C2.20,C3.01,,Sprzedane,Sprzedane (Targi PWE),https://www.umww.pl/,URZAD,,,7781346888,https://www4.pwe-expoplanner.com/sklep/img/logo/36783.jpg,https://www.umww.pl/,kancelaria@umww.pl; sejmik@umww.pl,41944380; 61 626 66 66; 2021-2027,,,https://www.facebook.com/umwwpl,,https://www.youtube.com/channel/UCZ9qTi9FJVqJ4DjQ1rXs9PA,,Małgorzata Ziarnek Zastępca (Dyrektor)
URZĄD MARSZAŁKOWSKI WOJEWÓDZTWA MAZOWIECKIEGO W WARSZAWIE,"2024,2025",,C2.02,C3.15,,Sprzedane,Sprzedane (Targi PWE),HTTP://www.mazovia.pl,"Urząd Marszałkowski Województwa Mazowieckiego w Warszawie jest wojewódzką samorządową jednostką organizacyjną działającą w formie jednostki budżetowej, przy pomocy której zarząd i marszałek województwa wykonują swoje zadania i kompetencje niezastrzeżone na rzecz sejmiku i wojewódzkich samorządowych jednostek organizacyjnych. Został utworzony 1 stycznia 1999 r. na podstawie art. 27 ustawy z dnia 13 października 1998 r. - Przepisy wprowadzające ustawy reformujące administrację publiczną (Dz. U. Nr 133, poz. 872 ze zm.).Zapewnia on realizację zadań przypisanych marszałkowi województwa, zarządowi województwa oraz sejmikowi województwa przez dostarczanie najwyższej jakości usług publicznych, celowe i efektywne gospodarowanie powierzonymi środkami, tak aby maksymalizować wartość dla obywateli na terenie województwa.",,,5252087227,https://www4.pwe-expoplanner.com/sklep/img/logo/14726.jpg,https://mazovia.pl/,urzad_marszalkowski@mazovia.pl; rzecznik@mazovia.pl; koordynator_dostepnosci@mazovia.pl,2023-2027; 2022-2025; 2522735003,,,https://www.facebook.com/MazowieckieWojewodztwo,,https://www.youtube.com/channel/UCADZyobDCWVBe6I6CwLzcMQ,,
ETERNO,"2024,2025",,C2.02,C3.15,,Sprzedane,Sprzedane (Targi PWE),https://eterno.pl/,"Jesteśmy rodzinną manufakturą z serca Mazowsza, nasze przetworyprzygotowujemy tradycyjnie wg przepisów przekazywanych od pokoleń.Łączymy tradycję z nowoczesnością. Tworzymy też własne, unikalnereceptury. Produkujemy naturalne przetwory, owoce w syropach,powidła śliwkowe, konfitury, sosy, syropy, chrzany. W ofercie posiadamyprodukty wegańskie, wegetariańskie, bezglutenowe i bez cukru.","We are a family manufactore from the heart of Mazovia, we prepare ourpreserves traditionally according to recipes handed down forgenerations. We combine tradition with modernity. We also create ourown, unique recipes. We produce natural preserves, fruit in syrups, plumjam, preserves, sauces, syrups and horseradish. We offer vegan,vegetarian, gluten-free and sugar-free products.","xxx, 00-000, xxx, Polska",,https://www4.pwe-expoplanner.com/sklep/img/logo/18500.png,,,,,,,,,,
Zielono Mi Agnieszka Jarosińska,"2024,2025",,C2.02,C3.15,,Sprzedane,Sprzedane (Targi PWE),https://www.przetworyzborowki.pl,"Konfitury (o obniżonej zawartości cukru oraz bez dodatku cukru, soki (tłoczone na zimno, bez dodatku cukru) oraz przeciery owocowe (bez dodatku cukru) głównie z borówki amerykańskiej, którą pozyskujemy z rodzinnego gospodarstwa, zajmującego się uprawą borówki od ponad 30 lat. W naszym asortymencie znajdują się również przetwory z jagody kamczackiej, wiśni, truskawek, jabłek, pigwowca, malin oraz żurawiny. 
","Zielono Mi is a fruit processing company. We produce jams - with reduced sugar content and no added sugar, juices - cold-pressed with no added sugar and natural fruit purees. Our assortment includes preserves mainly from Polish fruits. We operate in private label and service processing",,,https://www4.pwe-expoplanner.com/sklep/img/logo/46544.jpg,https://zielonomi.net/,kontakt@przetworyzborowki.pl; sklep@zielonomi.net; biuro@zielonomi.net,64181172; 37343463; 58490938,,,https://www.facebook.com/PrzetworyzBorowki,https://www.instagram.com/przetworyzborowki/,,,
Piekarnia Ratuszowa Radzikowscy,2024,,C2.02,,,Sprzedane,,http://ratuszowasiedlce.pl/,"Piekarnia Ratuszowa Radzikowscy to firma rodzinna z blisko 100-letnią tradycją. Jest to jedyna, przedwojenna i najstarsza piekarnia prowadzona nieprzerwanie od 1930 roku - obecnie przez trzecie pokolenie. Nasza firma do dzisiaj znajduje się w samym sercu starego centrum Siedlec, przy ulicy Piłsudskiego 12, obok zabytkowego ratusza zwanego „ Jackiem”.",,,,https://www4.pwe-expoplanner.com/sklep/img/logo/53845.jpg,http://ratuszowasiedlce.pl/,piekarnia@ratuszowasiedlce.pl,19077145; 25 632 36 74; 25 644 14 83,,,,,,,
Kraina Czarnego Bzu - Teresa i Andrzej Lubeccy,2024,,C2.02,,,Sprzedane,,https://krainabzu.pl/,"Kraina Czarnego Bzu to ekologiczne gospodarstwo na terenie gminy Puszcza Mariańska, gdzie od 2016 r. zajmujemy się uprawą i przetwarzaniem czarnego bzu. Zachowuje on najwyższą jakość poprzez tradycyjne metody konserwacji. Jest znany jako skarb medycyny ludowej. Oferujemy m. in. soki i syropy z kwiatów i owoców czarnego bzu, herbatki ziołowe z kwiatów czarnego bzu oraz czarny bez z jabłkiem.","The Elderberry Land is an ecological farm in the Puszcza Mariańska commune, where we cultivate and process elderberry since 2016. The products keep the highest quality through traditional methods of maintenance. We offer juices and syrups of elderberry and elderflowers from Puszcza Mariańska, herbal teas with elderflowers and elderberry with apples.","Budy-Kałki 5, 96-330, Budy-Kałki, Polska",,https://www4.pwe-expoplanner.com/sklep/img/logo/53881.jpg,https://krainabzu.pl/,eko@krainabzu.pl,2017-04-12; 2023-04-07; 2147483647,,,https://www.facebook.com/KrainaCzarnegoBzu/,,,,
INTERCHEMALL ZESPÓŁ MŁYNÓW JELONKI SPÓŁKA Z OGRANICZONĄ ODPOWIED,2024,,C2.02,,,Sprzedane,,http://www.zmjelonki.pl/,"INTERCHEMALL Zespół Młynów Jelonki Sp. z o.o. powstał w 1991 roku i jest jednym z największych Młynów w Polsce. Posiada trzy linie przemiałowe o łącznej zdolności produkcyjnej 800 t na dobę. Dostarcza swoje produkty zarówno na rynek krajowy, jak i zagraniczny, obsługując głównie piekarnie, makaroniarnie, zakłady cukiernicze, hurtownie spożywcze, sklepy sieciowe, mieszalnie pasz i rolników. Oferuje różnorodne mąki, w tym specjalistyczne na zamówienie. Posiada również system zarządzania zgodny z normami FSSC 22000, GMP+B1, produkcji ekologicznej i jakości Tradycja. Działy technologiczne, takie jak laboratorium surowca, mieszalnia mąk i dział kontroli jakości, wspierają realizację polityki jakościowej firmy.",,"., 00-000, ., Polska",,https://www4.pwe-expoplanner.com/sklep/img/logo/53905.jpg,http://www.zmjelonki.pl/,mlyn.jelonki@zmjelonki.pl; biuro@zmjelonki.pl,+48 29 645 75 60; +48 29 645 75 90; 137386884,,,https://www.facebook.com/Zesp%C3%B3%C5%82-M%C5%82yn%C3%B3w-Jelonki-Sp-z-oo-115584513526524/,,,,
MALWA Food Company,2024,,C2.02,,,Sprzedane,,http://www.malwa.org.pl/,"Jesteśmy producentem żywności funkcjonalnej. Receptury naszych produktów są tak dobrane, żeby nasz konsument oprócz przyjemności jedzenia, mógł spożywać produkty, które będą miały korzystny wpływ na zdrowie i poprawę samopoczucia. Produktami tymi są: cukierki mleczne, ciastka zbożowe, ciastka bez dodatku cukru, ciastka z serii SNACK TAKE IT EASY: z zawartością błonnika oraz białka 15%.","We are a manufacturer of functional food. The recipes of our products are selected so that, in addition to the pleasure of eating, our consumers can consume products that will have a beneficial effect on health and improve well-being. These products are: cereal cookies, cookies without added sugar, SNACK TAKE IT EASY series cookies: with 15% fiber and 15% protein, milk candies.","Blichowo, 09-452, Blichowo, Polska",,https://www4.pwe-expoplanner.com/sklep/img/logo/53932.jpg,http://malwa.org.pl/,malwa@malwa.org.pl,2022-03-29; 2022-06-02; 27-04-2022,,,,,,,
"PRODUKCJA I SPRZEDAŻ WYROBÓW Z MLEKA ""SERMLEK"" Mariusz Gregorczy",2024,,C2.02,,,Sprzedane,,https://sermlek.pl/,"Firma SERMLEK została założona została w 2018 roku, lecz początki produkcji sera dla potrzeb własnych nasza rodzina rozpoczęła wiele lat wcześniej. Zamiłowanie do serów, doskonalenie ich produkcji było inspiracją do stworzenia naszej marki Sermlek. Nasze sery produkowane są wyłącznie z naturalnych składników, bez sztucznych konserwantów i wzmacniaczy smaków – to je wyróżnia. Sery podpuszczkowe jakie Państwu oferujemy charakteryzują się niepowtarzalnym smakiem i aromatem uzyskiwanym dzięki wyłącznie naturalnym dodatkom smakowym, oraz mlekiem pochodzącym od sprawdzonych gospodarstw rolnych z Doliny Liwca.","The SERMLEK company was founded in 2018, but our family started producing cheese for our own needs many years earlier. The passion for cheese and improving their production was the inspiration to create our Sermlek brand. Our cheeses are made only from natural ingredients, without artificial preservatives and flavor enhancers - this is what sets them apart. The rennet cheeses we offer are characterized by a unique taste and aroma obtained thanks to only natural flavor additives and milk from proven farms in the Liwiec Valley.",,,https://www4.pwe-expoplanner.com/sklep/img/logo/53993.jpg,https://sermlek.pl/,sermlek@sermlek.pl,20190623; 8241488119; 698 482 170,,,,,,,
MICHROWSKA PIWNICZKA,2024,,C2.02,,,Sprzedane,,https://www.facebook.com/MichrowskaPiwniczka/,"O ekologii mówiłam już w szkole średniej, opowiadając o ziemi, maszynach, zmianach i erozji. Staramy się być samowystarczalni, zawsze u nas było kolorowo, są zwierzęta, owoce, warzywa, łąki, staw. Planujemy barcie, może owce i emu dla bioróżnorodności. Gdy mam czas, pieczemy chleb, wędzimy, odnawiamy starocie, odtwarzamy tradycję. Rodzice nas uczą i pomagają, my uczymy nasze dzieci i dzieci gości. Od zawsze robiliśmy słoiczki, a wino było moją pasją. Od kilku lat dzielę się tym, co robię – stąd Michrowska Piwniczka. Nigdy nie chciałam komercji, stąd brak cukru lub jego minimalna ilość, bez wspomagaczy. Ma być prosto i zdrowo. Chcę, aby małe rolnictwo przetrwało, mimo opinii, że to nie ma sensu. Lubię moich klientów, moich gości, kocham tradycję i prostotę, ale wykorzystuję nowoczesność, która ułatwia życie. Zapraszam do stoiska po tradycyjne soki, syropy, octy, powidła, musy i kiszonki – produkty nagradzane na Mazowszu i w Polsce.","I talked about ecology in high school, discussing the earth, machinery, changes, and erosion.We strive to be self-sufficient$REDNIK it’s colorful here with animals, fruits, vegetables, meadows, and a pond. We plan to add beehives, maybe sheep, and emus for biodiversity. When I have time, we bake bread, smoke meat, restore antiques, and revive traditions. Our parents teach and help us, and we also teach our children and the children of our guests. We have always made jars, and wine has been my passion. For years, I have shared what I do – hence Michrowska Piwniczka. I avoid commercialism, hence no sugar or minimal sugar, and no additives. It has to be simple and healthy. I want small farming to survive. I love my customers, tradition, and simplicity but also use modernity that eases life. Visit our stall for traditional juices, syrups, vinegars, jams, purees, and pickles – products awarded in Mazovia and Poland.",,,https://www4.pwe-expoplanner.com/sklep/img/logo/54043.jpg,,,,,,,,,,
Ogólnopolskie Stowarzyszenie Szefów Kuchni i Cukierni,"2024,2025",,C2.01,C3.39,,Sprzedane,Sprzedane,http://www.osskic.org.pl/,,,,5212922698,https://www4.pwe-expoplanner.com/sklep/img/logo/10853.jpg,http://www.osskic.org.pl/,sekretariat@osskic.org.pl; cookpro@gmail.com,155369997828734; 2023-12-22; 20265-03-21,,,https://www.facebook.com/Og%C3%B3lnopolskie-Stowarzyszenie-Szef%C3%B3w-Kuchni-I-Cukierni-155369997828734/,,,,
ELAVON,"2024,2025",,C1.02,C4.33,,Sprzedane,Sprzedane (Targi PWE),https://www.elavon.pl/index.html,,,,2090000825,https://www4.pwe-expoplanner.com/sklep/img/logo/30040.jpg,https://www.elavon.pl/,,0345-850-0195; 0533-4468; 22 306 42 22,,https://www.linkedin.com/company/elavon-europe/,https://www.facebook.com/ElavonEurope,https://www.instagram.com/elavon_europe/,https://www.youtube.com/@elavonpolska3406,,Wojciech Budzowski (Dyrektor)
Województwo Lubelskie,2024,,C2.57,,,Sprzedane,,https://www.lubelskie.pl/,"Wojewódzka samorządowa jednostka organizacyjna działająca w formie jednostki budżetowej, przy pomocy której zarząd i marszałek województwa wykonują swoje zadania i kompetencje niezastrzeżone na rzecz sejmiku i wojewódzkich samorządowych jednostek organizacyjnych",,,7122904545,https://www4.pwe-expoplanner.com/sklep/img/logo/34721.png,,,,,,,,,,
FSZ POLLENA AROMA,"2024,2025",,C2.05,C1.32,,Sprzedane,Sprzedane (Targi PWE),https://pollenaaroma.pl/,"Pollena-Aroma to największy w Polsce producent aromatów spożywczych, kompozycji zapachowych i dostawca wysokiej jakości olejków eterycznych. Od 68 lat szlifujemy nasze umiejętności i kompetencje, by dostarczać Państwu wyjątkowe doświadczenia smakowe i zapachowe. Od 2017 roku jesteśmy częścią międzynarodowej Grupy TURPAZ. Nasze aromaty znajdują szerokie zastosowanie w wielu branżach. Oferujemy m.in. aromaty cukiernicze, mleczarskie, do napojów, wyrobów tłuszczowych, koncentratów spożywczych słodkich i wytrawnych, do produktów farmaceutycznych i kosmetycznych.","optionally for use on social media Pollena-Aroma is Poland's largest producer of food flavours, fragrances and supplier of high-quality essential oils. For 68 years, we have been honing our skills and competencies to provide you with unique taste and aroma experiences. Since 2017, we have been part of the international TURPAZ Group. Our flavours are widely used in many industries. Among others, we offer flavours for confectionery, dairy, beverages, fatty products, sweet and dry food concentrates, pharmaceutical and cosmetic products.",,5240104871,https://www4.pwe-expoplanner.com/sklep/img/logo/25438.jpg,,,,,,,,,,
Turpaz Industries Ltd.,2024,,C2.05,,,Sprzedane,,https://turpaz.co.il,"Grupa Turpaz to międzynarodowy koncern zajmujący się produkcją aromatów spożywczych, kompozycji zapachowych, a także dostawca wysokiej jakości składników, zarówno naturalnych, jak i syntetycznych. Firma oferuje szeroką gamę produktów dla klientów z branży spożywczej, perfumeryjnej, farmaceutycznej, nutraceutyków oraz kosmetycznej. Działalność Turpaz obejmuje rozwój, produkcję i marketing szerokiej gamy wysokiej jakości aromatów, esencji zapachowych oraz składników naturalnych i syntetycznych.","Established in 1970, Turpaz is a fast-growing, multinational flavor and fragrance house and fine ingredients company. Turpaz’s activities include the development, production, and marketing of an extensive variety of high-quality flavors, fragrances, and natural and synthetic fine ingredients for customers in the food, beverage, functional food, flavor, fragrance, pharmaceutical/nutraceutical, and cosmetic industries.",,,https://www4.pwe-expoplanner.com/sklep/img/logo/51631.jpg,https://www.turpaz.co.il/,info@willich-tauchmassen.de; Sales@icgflavours.co.uk,+32 81 22 2381; +32-68-250-230; 32-68-250-233,,,,,,,
FOOD INGREDIENTS TECHNOLOGIES,2024,,C2.05,,,Sprzedane,,https://foodingredientstechnologies.com,,"Food Ingredients Technologies is a company that exists since 1998 and is based in Belgium. The core of our business is the harmonization of our know-how using functional and aromatic ingredients to develop delicious and innovative culinary creations for your business. Our driving force is based on quality, flexibility, love of food and service, which makes us the preferred partner for customers looking for unique products and practical solutions.",,,https://www4.pwe-expoplanner.com/sklep/img/logo/51632.jpg,,,,,,,,,,
Food Base Kft.,2024,,C2.05,,,Sprzedane,,https://foodbase.hu/en/,,"As a flavour manufacturing company, our expertise lies in creating food flavours, vinegar powders, essential oils, and herbal extracts.",,,https://www4.pwe-expoplanner.com/sklep/img/logo/51633.jpg,https://foodbase.hu/en/,info@foodbase.hu; sales@foodbase.hu,2025-08-08; 2025-08-15; 827904307,,https://hu.linkedin.com/company/foodbasekft,,https://www.instagram.com/foodbasekft/,,,
Urząd Marszałkowski Województwa Podlaskiego - Samorządowa jednos,2024,,C2.64,,,Sprzedane,,https://www.wrotapodlasia.pl/,,,,5422542016,https://www4.pwe-expoplanner.com/sklep/img/logo/21011.jpg,,,,,,,,,,
ECO-CORN,2024,,C2.13,,,Sprzedane (Targi PWE),,https://eco-corn.pl/,,,,9691593880,,https://ecocore.pl/,kontakt@eco-corn.pl,9691593880,,,,,,,
FROST a.s. Presov,"2024,2025",,C2.12,C4.01,,Sprzedane (Targi PWE),Sprzedane (Targi PWE),https://frostpresov.sk/home.html,,,,2021588734,https://www4.pwe-expoplanner.com/sklep/img/logo/22985.jpg,https://www.frost.sk/sk,info@frostslovakia.sk; marketing@frostslovakia.sk; praca@frostslovakia.sk,2021588734; 2001-04-19; 011.523.99,,https://www.linkedin.com/company/frostpresov/,https://www.facebook.com/frost.presov,https://www.instagram.com/frost_presov/,,https://www.tiktok.com/@frost_presov,
EUROMAX Rokicki Krzysztof,2024,,C2.45,,,Sprzedane,,http://chrrup.pl/,,,,7231112180,https://www4.pwe-expoplanner.com/sklep/img/logo/40453.jpg,https://www.crazybakery.pl/,biuro@smartfoods.eu; kontakt@crazybakery.pl,580754371; 3694043720; 45570682,,,,,,,
ARRIBA SPÓŁKA Z OGRANICZONĄ ODPOWIEDZIALNOŚCIĄ,2024,,C2.43,,,Sprzedane,,"https://aleo.com/pl/firma/arriba-spolka-cywilna-maria-julia-barboza-de-sztyler,-jacek-sztyler-katowice",,,,6342532401,,,,,,,,,,,
Zariphico,2024,,C2.53,,,Sprzedane,,https://www.zariphico.com/,"Kosta Varnali 11, Chalandri 152 33, Grecja",,,,https://www4.pwe-expoplanner.com/sklep/img/logo/52651.jpg,,,,,,,,,,
Zero One Olive Oil,2024,,C2.53,,,Sprzedane,,http://www.zerooneoliveoil.gr/,,,,,https://www4.pwe-expoplanner.com/sklep/img/logo/52649.jpg,https://zerooneoliveoil.gr/,info@zerooneoliveoil.gr,9999999999; 03564453125,,,,,,,
VASSILAKIS EMM. SA – VASSILAKIS ESTATE,2024,,C2.53,,,Sprzedane,,https://vassilakisestate.gr/,,,,,https://www4.pwe-expoplanner.com/sklep/img/logo/52652.jpg,https://vassilakisestate.gr/,,,,,,,,,
REGION OF CRETE,2024,,C2.53,,,Sprzedane,,https://www.crete.gov.gr/en/,,,,,https://www4.pwe-expoplanner.com/sklep/img/logo/52653.jpg,https://www.crete.gov.gr/en-archi-in-o-logos-moysikopoiitikes-ekdiloseis-me-tin-stirixi-tis-perifereias-kritis/,gram.pkr@crete.gov.gr; dpo@crete.gov.gr; info@crete.gov.gr,2024-08-09; (64 217 241; 11-05-2023,,,https://facebook.com/CreteRegion,https://www.instagram.com/creteregion/,https://youtube.com/user/creteregion,,
PATHOS EXTRA VIRGIN OLIVE OIL,2024,,C2.53,,,Sprzedane,,https://pathosoliveoil.gr/,,,,,https://www4.pwe-expoplanner.com/sklep/img/logo/52655.jpg,,,,,,,,,,
MANOS AND Co. - Dictamus,2024,,C2.53,,,Sprzedane,,https://www.dictamus.gr/contact/,,,,,https://www4.pwe-expoplanner.com/sklep/img/logo/52657.jpg,https://www.dictamus.gr/contact/,info@dictamus.gr,132870494; 2810 821284; 2810 253375,,https://www.linkedin.com/company/dictamus---manos-&-co,https://www.facebook.com/DictamusCrete ,https://www.instagram.com/dictamus.gr/,,,
SCHUR STAR SYSTEMS GmbH,2024,,C1.40a,,,Sprzedane,,https://www.schur.com/,"We are offering packaging, packaging machines, packaging systems, and knowhow. Schur has a staff of approx. 850 persons employed at factories in Denmark, Sweden, Germany, Australia and the USA.",,,134642242,https://www4.pwe-expoplanner.com/sklep/img/logo/6997.jpg,https://www.schur.com/,,10000001; 36830494; 68653975,,https://www.linkedin.com/company/schur-international-as/,,,https://www.youtube.com/channel/UCBSr18Y7tIf-90W7wjOJX9w,,
Kujawskie Zioła,2024,,C2.36b,,,Sprzedane,,http://kujawskieziola.pl/,ZIOLA,,,8883085386,https://www4.pwe-expoplanner.com/sklep/img/logo/7848.jpg,https://kujawskieziola.pl/,kontakt@kujawskieziola.pl,721 111 336; 79298876; 30-10-2025,https://api.whatsapp.com/send?phone=48790504139,,,,,,
Gebr. Baldauf,2024,,C2.35a,,,Sprzedane,,https://www.baldauf-kaese.de/pl,"Firma Gebr. Baldauf od ponad 150 lat oferuje najlepsze serowe specjały z mleka siennego. Siedzibą przedsiębiorstwa jest region Allgäu na południowym krańcu Niemiec. Działalność, która w 1862 r. zaczynała się od sprzedaży emmentalera, rozwinęła się w nowoczesne przedsiębiorstwo, które łączy najnowsze technologie i tradycyjne receptury.",,,7871402372,https://www4.pwe-expoplanner.com/sklep/img/logo/7685.jpg,https://www.baldauf-kaese.de/,info@baldauf-kaese.de; dalmiro.cruz@baldauf-kaese.de; waldemar.reichert@baldauf-kaese.de,8381 89020; +49 8381 8902 60; +49 8381 8902 70,,,,https://www.instagram.com/baldauf_kaese/,https://www.youtube.com/channel/UCz_lgWowuIHyTj0xM_DG5sg,,Key Account (Manager)
QUALITY MEAT PAWĘTA SP. Z O.O.,2024,,C2.35a,,,Sprzedane,,https://www.paweta.com/,"Pawęta – Mięsa dojrzewające. Specjalizujemy się w produkcji surowych szynek dojrzewających ( z wołowiny, wieprzowiny, jagnięciny, jelenia, daniela). Łączymy tradycje z nowoczesnością. Stawiamy na prosty skład i moc naturalnego smaku. Naszą domeną jest tradycyjne ręczne wytwarzanie i jakość klasy premium.","Pawęta – Aging meats. We specialize in the production of maturing hams (beef, pork, lamb, deer, fallow deer). We combine tradition with modernity. We focus on simple composition and the strength of natural flavor. Our domain is traditional manual production and the highest quality.",,,https://www4.pwe-expoplanner.com/sklep/img/logo/52920.jpg,https://www.paweta.com/,office@paweta.com,2020-07-30; 2025-05-28; 1596133015,,https://www.linkedin.com/company/pawetamiesadojrzewajace/,https://www.facebook.com/profile.php,https://www.instagram.com/pawetamiesadojrzewajace,,https://www.tiktok.com/@pawetamiesadojrzewajace,Sylwester Pawęta (Założyciel)
VIKLINOVA/ swiezowyciskaj.pl,"2024,2025",,C2.30a,C4.22,,Sprzedane (Targi PWE),Sprzedane (Targi PWE),https://swiezowyciskaj.pl/kontakt/,.,,,6751712796,https://www4.pwe-expoplanner.com/sklep/img/logo/7288.jpg,https://swiezowyciskaj.pl/kontakt/,info@swiezowyciskaj.pl,2016-12-29; 2026-02-22; 126981267,,,https://www.facebook.com/swiezowyciskaj/,,https://www.youtube.com/user/Orange4events,,
VOG Polska,"2024,2025",,C3.17a,C4.27,,Sprzedane (Targi PWE),Sprzedane (Targi PWE),https://www.vog.pl/,"VOG Polska Sp. z o.o. Twój mocny partner w art. spożywczychGwarantujemy najwyższą jakość oferowanych produktów oraz dotrzymanie wszystkich obowiązujących w Polsce przepisów prawa. Tą konsekwentną polityką firmy realizujemy naszą wizję, bycia przedsiębiorstwem odnoszącym sukcesy dzięki naszym markom oraz szczególnemu zaangażowaniu naszych pracowników.",,,9510046336,https://www4.pwe-expoplanner.com/sklep/img/logo/8410.jpg,https://www.vog.pl/,office@vog.pl; zbyt@vog.pl; nonfood@vog.pl,2018-08-02; 2019-08-29; 2019-11-19,,,https://www.facebook.com/SwiadomeOdzywianie/, https://www.instagram.com/kresto_swiadome_odzywianie/,https://www.youtube.com/channel/UCIoJcjUPPsqVNLIW2HpFo6Q,,
EuroFoods Gastro,2024,,C2.26,,,Sprzedane,,https://www.eurofoodsgastro.pl,,,,1182124486,https://www4.pwe-expoplanner.com/sklep/img/logo/50488.jpg,,,,,,,,,,
Lovare Sp. z o.o.,"2024,2025",,C1.08a,C3.08,,Sprzedane,Sprzedane (Targi PWE),http://www.krs-online.com.pl/vlcreate-sp-z-o-o-krs-8417641.html,,,,5272798629,https://www4.pwe-expoplanner.com/sklep/img/logo/20944.jpg,,,,,,,,,,
Caf Artser Srl / CONFARTIGIANATO IMPRESE VARESE,2024,,C3.19a,,,Sprzedane,,https://www.artser.it/,VIALE MILANO 5 Postcode- 21100 VARESE (VA),,,01878290129,https://www4.pwe-expoplanner.com/sklep/img/logo/16702.jpg,https://www.artser.it/,customer@artser.it,11150794191; 11150794193; 01878290129,,https://linkedin.com/company/artser/,https://www.facebook.com/Artser.srl/,https://www.instagram.com/artser_srl/,https://www.youtube.com/channel/UCIPF_ueD0ANjeXclZkisBmg,,
Dabex,"2024,2025",,C3.17b,C1.16,,Sprzedane (Targi PWE),Sprzedane (Targi PWE),http://dabex.pl/pl/,,,,6492307189,https://www4.pwe-expoplanner.com/sklep/img/logo/24341.jpg,https://dabex.pl/pl/,biuro@dabex.pl; anna@dabex.pl; tomasz@dabex.pl,48 32 67 12 514; 120 42-400; +48 32 67 12 514,,,,,,,
P.P.H.U. MARUSARZ,2024,,C2.46a,,,Sprzedane,,https://www.gorwit.pl/,ul. Papieska 114 34-424 Bańska,,,7361079759,https://www4.pwe-expoplanner.com/sklep/img/logo/109319.png,https://gorwit.pl/,biuro@gorwit.pl; marek@gorwit.pl; maciej@gorwit.pl,2022-11-26; 2023-02-20; 99999999,,,https://www.facebook.com/ZbojEnergyDrink/,https://www.instagram.com/witaminyzgor/,,https://www.tiktok.com/@witaminyzgor/,
mobile24,2024,,C3.21a,,,Sprzedane (Targi PWE),,https://mobile24.info/,"adres kore. ul Towarowa 24, Żagań",,,9241064963,https://www4.pwe-expoplanner.com/sklep/img/logo/20246.jpg,,,,,,,,,,
Dodoni,"2024,2025",,C1.34b,C1.10,,Sprzedane,Sprzedane (Targi PWE),"https://www.gowork.pl/borek-drink-sp.-z-o.o.,24002105/dane-kontaktowe-firmy",,,,9451414151,https://www4.pwe-expoplanner.com/sklep/img/logo/24017.jpg,,,,,,,,,,
PRODMAR,2024,,C2.42b,,,Sprzedane,,https://aleo.com/pl/firma/prodmar-spolka-z-ograniczona-odpowiedzialnoscia-golaszew,,,,1182234890,,,,,,,,,,,
GREENVECTOR AGRO,2024,,A1.44a,,,Sprzedane (Targi PWE),,https://aleo.com/pl/firma/greenvector-agro-spolka-z-ograniczona-odpowiedzialnoscia-warszawa,,,,5213967869,,,,,,,,,,,
Plakias Olive Oil,"2024,2025",,C2.29a,C3.31,,Sprzedane,Sprzedane (Targi PWE),https://plakiasoliveoil.com/,,,,,https://www4.pwe-expoplanner.com/sklep/img/logo/50465.jpg,https://plakiasoliveoil.com/,plakiasoliveoil@gmail.com,335046-20; +30 28320 31234,,,,,,,
SIGMA NUTS,2024,,C1.12b,,,Sprzedane (Targi PWE),,http://sigma-stg.pl/,,,,5922223113,https://www4.pwe-expoplanner.com/sklep/img/logo/23047.jpg,http://sigma-stg.pl/,biuro@sigmanuts.pl; r.cwiklinski@sigmanuts.pl; w.cwiklinski@sigmanuts.pl,2019-11-21; 2026-04-14; 592-222-31-13,,,,,,,
Mawo Trade,"2024,2025",,C1.16a,C1.02,,Sprzedane (Targi PWE),Sprzedane (Dział Prawny),https://mawotrade.pl/biuro-handlu-artykulami-spozywczymi/artykuly,,,,6182157985,https://www4.pwe-expoplanner.com/sklep/img/logo/23381.jpg,https://mawotrade.pl/biuro-handlu-artykulami-spozywczymi/artykuly,marcin.wojtczak@mawotrade.pl; iza.czarnecka@mawotrade.pl; eryk.walczak@mawotrade.pl,220516480; +48 608 019-644; +48 573 375-574,,,,,,,Spożywczymi Marcin Wojtczak (Prezes) | Iza Czarnecka (Dyrektor) | Eryk Walczak (Specjalista)
Embassy of the Republic of Indonesia,"2024,2025",,C1.36a,C3.12,,Sprzedane (Targi PWE),Sprzedane (Targi PWE),https://kemlu.go.id/warsaw/en,,,,666666666,https://www4.pwe-expoplanner.com/sklep/img/logo/43555.jpg,https://kemlu.go.id/warsaw/en,,,,,,,,,
WABO KRAŚNIK,"2024,2025",,C2.39b,C1.08,,Sprzedane,Sprzedane (Targi PWE),https://aleo.com/pl/firma/selekta-wieslaw-pysniak-sp-z-oo-opole-lubelskie,,,,7171831266,https://www4.pwe-expoplanner.com/sklep/img/logo/29638.jpg,,,,,,,,,,
Krajowa Federacja Hodowców Drobiu i Producentów Jaj,2024,,C2.38b,,,Sprzedane,,https://mocdrobiu.drobiarze.pl/,.,,,8371450724,https://www4.pwe-expoplanner.com/sklep/img/logo/29680.jpg,https://mocdrobiu.drobiarze.pl/,,02010100; 35450854,,,https://www.facebook.com/moc.drobiu,,,,
LOVARE,2024,,C1.20a,,,Sprzedane,,https://aleo.com/pl/firma/lovare-spolka-z-ograniczona-odpowiedzialnoscia-warszawa,,,,1133059636,,,,,,,,,,,
KONSHURT,2024,,C1.38a,,,Sprzedane,,http://konshurt.com.pl/,,,,9492207845,https://www4.pwe-expoplanner.com/sklep/img/logo/44260.jpg,https://konshurt.com.pl/,konshurt@konshurt.com.pl; jaroslaw@konshurt.com.pl; maciej.lukaszuk@konshurt.com.pl,2016-11-17; 2022-02-16; 16 621 18 65,,,https://www.facebook.com/Konshurtcompl-552762298081051,,,,Marek Kasprzyk (Prezes) | Zarządu Maciej Łukaszuk (Dyrektor) | Marek Kasprzyk (Prezes)
A.r.c. SRL,2024,,C2.32a,,,Sprzedane,,https://www.arcsrl.com/,,,,02013030765,,https://www.arcsrl.com/,info@arcsrl.com,1712763777956; 1712763777955; 1712848473993,,,,,,,
"LOKALNA GRUPA DZIAŁANIA STOWARZYSZENIE ""POŁUDNIOWA WARMIA""",2024,,C3.05a,,,Sprzedane,,https://poludniowawarmia.pl/,,,,7393637607,,https://poludniowawarmia.pl/,lgd@poludniowawarmia.pl,20100101; 2022-06-06; 2024-07-16,,,https://pl-pl.facebook.com/poludniowawarmia/,,,,
Coffee Import SRL,2024,,C3.11a,,,Sprzedane,,https://www.coffeeimport.it/en/home,"Via Alba-Cortemilia, 13712055 - Diano d'Alba (CN)",,,00618110043,,https://www.coffeeimport.it/en/home,coffeeimport@coffeeimport.it,+39 0173612157; 00618110043; 111789211,,,,,,,
EWA GIFTS SP. Z O.O.,2024,,C2.28a,,,Sprzedane (Targi PWE),,https://ewagifts.pl/,,,,1133066613,,https://ewagifts.pl/,,99399369045; 188623913301; 1780480478,,,https://www.facebook.com/profile.php,https://www.instagram.com/ewagifts.pl/,https://www.youtube.com/@EwaGifts-robimygadzetyreklamow,,
fritz-kulturgüter GmbH,2024,,C2.38a,,,Sprzedane,,https://de.linkedin.com/company/fritz-kulturg%C3%BCter-gmbh,,,,814938815,,,,,,,,,,,
Malaysian Palm Oil Council (MPOC),2024,,C1.32b,,,Sprzedane,,http://mpoc.org.my/,,,,9909408410,https://www4.pwe-expoplanner.com/sklep/img/logo/44388.jpg,https://www.mpoc.org.my/,webmaster@mpoc.org.my; wbmaster@mpoc.org.my,11.111111111111; 603-7806 4097; 7806 2272,,https://www.linkedin.com/company/mpochq,https://www.facebook.com/MalaysiaPavilionUNFCCC/videos/1211896826778249,https://www.instagram.com/mpochq,,,Firdaus Tarmizi General (Manager) | Faisal Iqbal General (Manager) | Eva Voong General (Manager)
TERYTORIIA SMAKU LLC,2024,,C2.51b,,,Sprzedane,,https://brak.pl,,,,5252897386,,,,,,,,,,,
Województwo Opolskie,2024,,C3.09a,,,Sprzedane,,https://www.opolskie.pl/,,,,7543077565,https://www4.pwe-expoplanner.com/sklep/img/logo/45311.jpg,https://www.opolskie.pl/,umwo@opolskie.pl; v.ruszczewska@opolskie.pl; biuro.prasowe@opolskie.pl,2016-03-25; 2023-04-02; 2021-2027,,,https://www.facebook.com/Urz%C4%85d-Marsza%C5%82kowski-Wojew%C3%B3dztwa-Opolskiego-625787964102223/,https://www.instagram.com/wojewodztwo_opolskie/,https://www.youtube.com/channel/UCqNBVeXGe_RQI2Wa7HPMZXw,,
VSE DOM MEDIOWY SPÓŁKA Z OGRANICZONĄ ODPOWIEDZIALNOŚCIĄ,"2024,2025",,C1.16b,C3.32,,Sprzedane,Sprzedane (Targi PWE),https://aleo.com/pl/firma/sale-force-four-spolka-z-ograniczona-odpowiedzialnoscia-warszawa,,,,5272944864,https://www4.pwe-expoplanner.com/sklep/img/logo/51672.jpg,,,,,,,,,,
HIMALAYAN PINK SALT,2024,,C2.34a,,,Sprzedane,,https://mapa.targeo.pl/5342268323/nip/firma,,,,5342268323,https://www4.pwe-expoplanner.com/sklep/img/logo/52997.jpg,,,,,,,,,,
ТМ - snEco,2024,,C2.27a,,,Sprzedane,,https://sneco.ua/en,.,.,,40271201,,https://sneco.ua/en/,info@sneco.ua,2147483646; 2147483645; 2025-01-28,,,https://www.facebook.com/sneco.ua,https://www.instagram.com/sneco.ua,https://www.youtube.com/channel/UC6uzYj4q6abGzqA51bj4Liw,,
Yanko,"2024,2025",,C3.38,C5.17,,Sprzedane,Sprzedane (Targi PWE),https://yanko.com.pl/,,,,8130335743,https://www4.pwe-expoplanner.com/sklep/img/logo/3334.jpg,https://yanko.com.pl/,yanko@yanko.com.pl; sekretariat@yanko.com.pl; b.tomon@yanko.com.pl,2019-06-12; 2025-10-09; +48 17 772 57 20,,,https://www.facebook.com/Yankoproducentopakowan,,,,
RADZIOWI,"2024,2025",,C3.32,C3.54a,,Sprzedane (Targi PWE),Sprzedane (Dział Prawny),https://radziowi.pl/,Importer dystrybutor produktow,,,6861687349,https://www4.pwe-expoplanner.com/sklep/img/logo/5595.jpg,https://radziowi.pl/,office@radziowi.pl; przemyslaw.slys@radziowi.pl; joanna.sawicka-mazur@radziowi.pl,2025-06-06; 2026-04-24; 00000005,,https://www.linkedin.com/company/80151712/admin/dashboard/,https://www.facebook.com/profile.php,,,,Sprzedaż Przemysław Słyś (Specjalista)
SAT-VEND S.J.,2024,,C3.10c,,,Sprzedane (Targi PWE),,http://www.sat-vend.pl/,.,,,7123141635,https://www4.pwe-expoplanner.com/sklep/img/logo/10112.jpg,https://sat-vend.pl/,info@sat-vend.pl; zamowienia@sat-vend.pl,2022-10-19; 2026-01-28; 341972566975,,,https://www.facebook.com/satvendpl,https://www.instagram.com/satvend/,https://www.youtube.com/user/SatVend,,
Beak Beak,"2024,2025",,C3.22,C4.20,,Sprzedane,Sprzedane,https://beakbeak.pl/,,,,7252291035,https://www4.pwe-expoplanner.com/sklep/img/logo/11273.jpg,https://beakbeak.pl/,wsparcie@cyberfolks.pl,33.333333,,,,,,,
Aslan food,2024,,C1.05b,,,Sprzedane,,https://krs-pobierz.pl/aslan-food-spolka-z-ograniczona-odpowiedzialnoscia-i7097465,,,,8222383678,https://www4.pwe-expoplanner.com/sklep/img/logo/15787.jpg,,,,,,,,,,
Propss Dystrybucja,2024,,C3.52,,,Sprzedane (Targi PWE),,https://www.propss.pl/,,,,7963001600,https://www4.pwe-expoplanner.com/sklep/img/logo/16007.jpg,https://propss.pl/,propss@propss.pl,347826087; 23334155; 57 35.171 26 16,,,https://www.facebook.com/Propssnaturalnie,https://www.instagram.com/propss_official,,,
"CÁRNICAS SERRANO, S.L.",2024,,C3.50d,,,Sprzedane (Targi PWE),,https://pasateaserrano.com/,,,,B46114724,https://www4.pwe-expoplanner.com/sklep/img/logo/18836.jpg,https://pasateaserrano.com/,rgpd@serrano.es,2023-11-30; 2025-12-11; 49599804,,,https://www.facebook.com/pasateaserrano,https://www.instagram.com/serrano_carnicas,https://www.youtube.com/@PasateaSerrano,,
Solida Food,2024,,C1.03,,,Sprzedane,,https://solidafood.com.pl/,ZYWNOSC BIO,,,1231100937,https://www4.pwe-expoplanner.com/sklep/img/logo/39487.jpg,https://solidafood.pl/,biuro@solidafood.pl,86120694075; 177297457467; 898-1780480484,,,https://www.facebook.com/solidafood/,https://www.instagram.com/solidafood/,https://www.youtube.com/c/SolidaFood,https://tiktok.com/@solidafood,
Afripol Buhari Musa,2024,,C3.12a,,,Sprzedane,,https://africannuts.pl,,,,5322093702,,https://africannuts.pl,m.musa.amus@gmail.com,+48 501626584; 10170045,,,https://www.facebook.com/African-Peanut-Spice-101245878636436,https://www.instagram.com/africannuts_pl/,,,
"PHZSM ""LACPOL"" Sp. z o.o.",2024,,C3.06a,,,Sprzedane (Targi PWE),,https://www.mk-group.com.pl/,,,,9721118593,https://www4.pwe-expoplanner.com/sklep/img/logo/26137.jpg,https://www.mk-group.com.pl/,sekretariat@mk-group.com.pl,600 953 917; 209076791; 16777215,,,https://www.facebook.com/MKgroupReklama/,,https://www.youtube.com/user/mkgroupfilms,,
NAVIGATOR M.Pilaciński S.K.,2024,,C1.27,,,Sprzedane,,https://navigator-polska.com/,,,,5242840114,https://www4.pwe-expoplanner.com/sklep/img/logo/26618.jpg,https://navigator-polska.com/,marcin@navigator-polska.com; robert.pilacinski@navigator-polska.com; janusz@navigator-polska.com,3263-1024; 2024-06-03; 2024-07-16,,https://www.linkedin.com/company/navigator-polska/,https://www.facebook.com/navigatorpolska/,,,,Marcin Pilaciński (Prezes) | Robert Pilaciński (Wiceprezes) | Janusz Wrona (Manager)
Crimston,2024,,C1.29,,,Sprzedane,,https://crimston.pl/,.,.,,7010936221,https://www4.pwe-expoplanner.com/sklep/img/logo/27480.jpg,https://crimston.pl/,,2019-12-09; 2025-05-20; +48 512 569 456,,https://www.linkedin.com/company/crimston/,https://www.facebook.com/CrimstonPoland/,https://www.instagram.com/crimston.ltd/,,,
GIBAR,2024,,C1.53b,,,Sprzedane,,https://gibar.com.pl/,,,,7260378503,https://www4.pwe-expoplanner.com/sklep/img/logo/28956.jpg,https://gibar.com.pl/,biuro@gibar.com.pl,2023-06-29; 2026-05-25; 451.847 451.847,,,https://facebook.com/,https://www.instagram.com/gibar_sklep,https://www.youtube.com/@Gibar-ew9mv,https://www.tiktok.com/@gibar_poland,
"Przedsiębiorstwo Wielobranżowe ""NOWPOL"" S.C R.Nawrocki, S. Rosia",2024,,C3.18,,,Sprzedane,,https://nowpol.com.pl/,,,,8291514037,,https://nowpol.com.pl/,kontakt@nowpol.com.pl; form@nowpol.com.pl; biuro@nowpol.com.pl,1208297175599; 41497483; 1670935062,,,https://www.facebook.com/nowpolpieprzisol/,https://www.instagram.com/nowpol_pieprz_i_sol/,,,
Przedsiębiorstwo Wielobranżowe,"2024,2025",,C3.72,C5.06,,Sprzedane (Targi PWE),Sprzedane (Targi PWE),https://xylomatrix.eu/,"XyloMatrix to innowacyjny producent ekologicznych opakowań cateringowych 3D z włókien celulozowych. Nasza zaawansowana technologia zapewnia wysoką odporność na wodę i tłuszcze, oferując jednocześnie bezpieczne i przyjazne dla środowiska rozwiązanie. Wszystkie nasze produkty są poddawane rygorystycznym testom w akredytowanych laboratoriach, co potwierdza ich jakość i zgodność z obowiązującymi normami. Jako pionierzy w Polsce i jeden z nielicznych producentów w Europie, dostarczamy alternatywę dla plastikowych opakowań, wspierając zrównoważony rozwój i ograniczenie odpadów.","We have started the production of 3D catering packaging made of cellulose fibers obtained from spruce wood. Our technology allows us to achieve a barrier against water and fats without the use of commonly used PFAS, which makes our products fully biodegradable and compostable. We are the first venture of this type in Poland and a unique player in Europe.",,7831540582,https://www4.pwe-expoplanner.com/sklep/img/logo/31797.jpg,https://xylomatrix.eu/,biuro@xylomatrix.eu; k.stankowiak@xylomatrix.eu; a.pietkiewicz@xylomatrix.eu,2023-09-21; 2025-03-06; +0152-0153,,,https://www.facebook.com/profile.php,https://www.instagram.com/xylomatrix,,,
Nerano,2024,,C1.07b,,,Sprzedane (Targi PWE),,https://www.jedzbezglutenu.pl/regulamin/,,,,1251724397,https://www4.pwe-expoplanner.com/sklep/img/logo/31960.jpg,https://www.jedzbezglutenu.pl/regulamin/,biuro@jedzbezglutenu.pl; zakupy@jedzbezglutenu.pl,419392172; +48 507 518 915; 1181901723,,,https://www.facebook.com/profile.php,https://www.instagram.com/jedzbezglutenu/,,,
"""AGROIP""ra",2024,,C1.35,,,Sprzedane (Targi PWE),,https://aleo.com/pl/firma/agroip-spolka-z-ograniczona-odpowiedzialnoscia,,,,5730106009,,,,,,,,,,,
PIERROT PK,"2024,2025",,C1.07a,C1.39,,Sprzedane,Sprzedane (Targi PWE),https://wodapierrot.pl/,,,,7990001142,https://www4.pwe-expoplanner.com/sklep/img/logo/33282.jpg,https://wodapierrot.pl/,,(48) 618 65 15; (48) 618 63 71; 56264981,,,,,,,
Druk Serwis 24 SPÓŁKA Z OGRANICZONĄ ODPOWIEDZIALNOŚCIĄ,2024,,C3.04,,,Sprzedane,,drukserwis24.com.pl,"Druk Serwis 24 to największy dystrybutor firmy Squid Ink Manufacturing w Europie. Na polskim rynku obecnie jesteśmy również największym dystrybutorem amerykańskich systemów znakujących na liniach produkcyjnych. W naszej ofercie znajdują się także drukarki naszej produkcji. Ich największą zaletą jest stosunek ceny do ich parametrów technicznych. W działalności Druk Serwis 24 zajmujemy się również serwisem takich drukarek jak Linx czy Hitachi. Ekspresowo dojeżdżamy do awarii w zakładach produkcyjnych zlokalizowanych w całej Polsce. Dostarczamy wszystkie części zamienne oraz urządzenia zastępcze. Naszym klientom oferujemy również tusze i rozpuszczalniki od amerykańskich, brytyjskich, francuskich oraz niemieckich producentów. To wszystko sprawia, że współpraca z nami oznacza nie tylko wejście na wyższy poziom znakowania, ale również znaczące obniżenie kosztów eksploatacyjnych.","Druk Serwis 24 is the largest distributor of Squid Ink Manufacturing products in Europe. We are also currently the leading distributor of American marking systems for production lines in the Polish market. Additionally, we offer printers of our own production, known for their excellent price-to-performance ratio. At Druk Serwis 24, we also specialize in servicing printers such as Linx and Hitachi. We promptly respond to breakdowns in manufacturing plants located throughout Poland, providing all necessary parts and replacement equipment. We also supply inks and solvents from American, British, French, and German manufacturers to our customers. All of these factors contribute to elevating the marking standards and significantly reducing operational costs for our clients","ul. Jana Pawła II nr 7, 05-077, Warszawa, Polska",,https://www4.pwe-expoplanner.com/sklep/img/logo/1304.jpg,https://drukserwis24.com.pl,biuro@drukserwis24.com.pl; zamowienia@drukserwis24.com.pl; handlowy@drukserwis24.com.pl,+48 514 128 375; 5252700739; 2025-03-17,,,,,,,Krzysztof Niczyporuk (Dyrektor) | Krzysztof Walczak (Kierownik) | Arkadiusz Jędrzejczyk (Kierownik)
"HUROM / PUREGREEN MARCIN PEC, MAGDALENA PEC",2024,,C3.08a,,,Sprzedane (Targi PWE),,https://hurom.pl/,.,,,7831835375,https://www4.pwe-expoplanner.com/sklep/img/logo/40156.jpg,https://hurom.pl/,bok@hurom.pl; info@hurom.pl,959222901; 1743165583; 44 711 1655,,,,,,,
Daktyli.pl,2024,,C3.14a,,,Sprzedane,,https://daktyli.pl,,,,5223261527,,https://daktyli.pl,shop@daktyli.pl,481466050387497; 10941301782; 568386214,,,https://www.facebook.com/daktylipl/,https://www.instagram.com/daktyli.pl/,,,
Toyota Chodzeń Piaseczno,2024,,C1.01,,,Sprzedane,,https://www.chodzen.pl/,"Jest oficjalnym dystrybutorem marek Toyota, Lexus i Maserati.",,,1230040386,https://www4.pwe-expoplanner.com/sklep/img/logo/45498.jpg,https://www.chodzen.pl/,recepcja@toyota.chodzen.pl; recepcja@czerniakowska.chodzen.pl; info@lexuswarszawa-pulawska.pl,+48 22 757 00 25; +48 22 851 51 51; +48 22 544 06 06,,,,,,,
KONICZYNA BIOGAZ SPÓŁKA Z OGRANICZONĄ ODPOWIEDZIALNOŚCIĄ,2024,,C3.02,,,Sprzedane,,https://www.koniczyna.com.pl/,,,,5273044789,,https://www.koniczyna.com.pl/,biuro@koniczyna.com.pl,33.333333333333; 1780480497; +48 698 368 871,,https://www.linkedin.com/company/koniczynabiogaz,https://www.facebook.com/KoniczynaBiogaz,https://www.instagram.com/koniczyna.biogaz/,https://www.youtube.com/@KoniczynaBiogaz,https://www.tiktok.com/@koniczynabiogaz,
Witpol,2024,,C1.05e,,,Sprzedane (Targi PWE),,https://wit-pol.com.pl/aktualnosci/witpol-sp-z-o-o-producentem-napojow-roslinnych-lovege-organic-napoj-owsiany-lovege-organic-na,,,,7692180475,https://www4.pwe-expoplanner.com/sklep/img/logo/46894.jpg,https://wit-pol.com.pl/aktualnosci/witpol-sp-z-o-o-producentem-napojow-roslinnych-lovege-organic-napoj-owsiany-lovege-organic-napoj-migdalowy/,BIURO@WIT-POL.COM.PL; jkurzela@wit-pol.com.pl; laboratorium.stodzew@wit-pol.com.pl,09.01.2024; +48 48 36 55 059; 2025-12-11 12,,,,,,,
"ZHONG ZHAN GLOBAL (TIANJIN) BUSINESS EXHIBITION SERVICE CO.,LTD.","2024,2025",,C3.42,C3.68a,,Sprzedane,Sprzedane (Agenci),,"No.10-14-504, Ji Sheng Li, Huanghe Road, Nankai District, Tianjin, China",,,111,,,,,,,,,,,
Eat-Me Sp. z o.o.,2024,,C3.16a,,,Sprzedane,,https://www.eatme.pl/,,,,7010063715,https://www4.pwe-expoplanner.com/sklep/img/logo/49661.jpg,,,,,,,,,,
EKOANKA Anna Krawców,"2024,2025",,C1.49b,C3.49b,,Sprzedane,Sprzedane (Targi PWE),https://ekoanka.business.site/?utm_source=gmb&utm_medium=referral,-,,,8841166513,https://www4.pwe-expoplanner.com/sklep/img/logo/23751.png,,,,,,,,,,
Topass: international tradingia,2024,,C3.59a,,,Sprzedane (Targi PWE),,https://www.topasstrading.com/,,,,NL863550721B01,https://www4.pwe-expoplanner.com/sklep/img/logo/21245.jpg,https://www.topasstrading.com/cgi-sys/suspendedpage.cgi,,428571429,,,,,,,
LNS Trade,2024,,C3.39a,,,Sprzedane (Targi PWE),,http://lnstrade.fr/,,,,1111111112,https://www4.pwe-expoplanner.com/sklep/img/logo/23574.jpg,https://lnstrade.fr/,info@lnstrade.fr,88 84 03 80,,https://fr.linkedin.com/company/ultrapopbylnstrade,,https://www.instagram.com/ultrapop_/,,https://www.tiktok.com/@ultrapop_,Eric Uzan (Founder) | In Cyril Motz (Managing Director) | Jonathan Bertrand Operational (Director)
ZAKŁADY MIĘSNE KOZŁOWSKInośc,2024,,C1.48a,,,Sprzedane (Targi PWE),,http://kozlowskiwedliny.pl/,,,,9950236934,https://www4.pwe-expoplanner.com/sklep/img/logo/23837.jpg,http://kozlowskiwedliny.pl/,biuro@kozlowskiwedliny.pl; iod@kozlowskiwedliny.pl; szymon@kozlowskiwedliny.pl,2018-06-27; 2022-08-24; 800149878927703,,,https://www.facebook.com/ZakladyMiesneKozlowski/,https://www.instagram.com/kozlowskiwedliny/,,,Szymon Kozłowski (Dyrektor) | Piotr Kozłowski (Dyrektor) | Marek Nowicki (Manager)
Create And Production,2024,,C3.37a,,,Sprzedane,,https://krs-pobierz.pl/create-and-production-spolka-z-ograniczona-odpowiedzialnoscia-i7018591,,,,9512479909,https://www4.pwe-expoplanner.com/sklep/img/logo/28359.jpg,,,,,,,,,,
Firma Handlowo Usługowa DANMAR Mariusz Król,2024,,C3.27a,,,Sprzedane,,https://www.fhudanmar.pl/,,,,8621519091,,https://www.fhudanmar.pl/,fhu.mariuszkrol@gmail.com,+48 518 455 984; +48 607 558 378; 91592482,,,,,,,
MultiCook Polska,"2024,2025",,C0.04,C3.16,,Sprzedane,Sprzedane (Dział Prawny),https://aleo.com/pl/firma/multi-cook-svitlana-borovyk,,,,5252610829,,,,,,,,,,,
URI FOOD,2024,,C3.23a,,,Sprzedane,,https://aleo.com/pl/firma/uri-food-spolka-z-ograniczona-odpowiedzialnoscia-warszawa,,,,7011084760,,,,,,,,,,,
Browar Gryfus,2024,,C3.07a,,,Sprzedane,,https://krs-pobierz.pl/mustank-craft-spolka-z-ograniczona-odpowiedzialnoscia-i0000453525,",",Nazwa firmy :Browar Gryfus,,8522679182,,,,,,,,,,,
Vėtrija UAB,2024,,C1.54a,,,Sprzedane,,https://vetrija.lt/en/,,,,149752041,https://www4.pwe-expoplanner.com/sklep/img/logo/39488.jpg,https://vetrija.lt/en/,vetrija@vetrija.lt,2021-08-11; 2026-01-26; 18053843866,,https://lt.linkedin.com/company/vetrija,https://www.facebook.com/Vetrija-Frozen-Food-Industry-200613638614/,,,,
Paperovyi Eco Svit,2024,,C1.50a,,,Sprzedane,,https://warsawexpo.eu,,,,42796159,,https://warsawexpo.eu,info@warsawexpo.eu; rodo@warsawexpo.eu,2025-06-16; 2026-02-18; 00000099,,https://www.linkedin.com/company/warsaw-expo/,https://www.facebook.com/warsawexpo/,https://www.instagram.com/ptak_warsaw_expo/,https://www.youtube.com/@ptakwarsawexpo2557,,
ReVend Sp. z o.o.,"2024,2025",,C2.43a,C4.07,,Sprzedane,Sprzedane (Dział Prawny),https://revend.pl/,,,,5862398948,https://www4.pwe-expoplanner.com/sklep/img/logo/47670.jpg,https://revend.pl/,kontakt@revend.pl; serwis@revend.pl,679577-77; 674594-02; 758016-23,,,,,,,Rafał Stremel (Dyrektor)
mGrupa.coPL,2024,,C1.43a,,,Sprzedane,,https://aleo.com/pl/firma/mgrupacopl-kieszkowski-tomasz-zakres-dzialalnosci-handel-i-uslugi-okole,,,,5542479237,,,,,,,,,,,
Atlantika International SIA,2024,,C0.06,,,Sprzedane,,https://atlantika.lv/pl/atlantika-international-polish/,,,,40203106827,,https://atlantika.lv/pl/atlantika-international-polish/,info@atlantika.lv,+371 66 102 172; (250 250 250; 31.01.2024,https://wa.me/+37125483101,,https://www.facebook.com/atlantikainternationale,https://www.instagram.com/atlantika_international/,https://www.youtube.com/channel/UCQvixE0Qn6KrkPclb4iiLqw,,
ARH Group,"2024,2025",,C2.44a,C3.43c,,Sprzedane,Sprzedane (Dział Prawny),https://weed-land.pl/,,,,7282859322,,,,,,,,,,,
WANTED VEGAN,2024,,C1.60a,,,Sprzedane,,http://www.kringredients.ua/,.,.,,,,https://kringredients.ua/,office@kringredients.ua,143210053; +38 (044) 593-20-44; +380503485834,,,,,,,
Dried Foods,2024,,C3.47a,,,Sprzedane,,https://objerky.com/en-pl,.,.,,37046318,,https://objerky.com/en-pl,info@objerky.com,60746039447; 131145990295; 36865979,,,https://www.facebook.com/objerky/,https://www.instagram.com/objerky_official/,,,
RONIC Polska Sp.zo.o.,2024,,C1.12a,,,Sprzedane,,https://sklep.ronic.pl/,"ADRES KORESPONDENCYJNY: BRUKPWA 6 LOK 35, 91-341 ŁÓDŹ",,,9471983260,https://www4.pwe-expoplanner.com/sklep/img/logo/3160.jpg,https://sklep.ronic.pl/,bok@ronic.pl; p.ptaszek@ronic.pl; m.ptaszek@ronic.pl,1720700004; 9975054113; 1780480507,,,"https://www.facebook.com/rsrc.php/v3/yw/l/0,cross/fT90TVSi-j_.css",https://www.instagram.com/ronic_polska/,https://www.youtube.com/channel/UCNJ3Q1fS_dnJrV6VA66eZ7Q,https://www.tiktok.com/@ronicpolska,Google Tag (Manager)
AG HOUSE,"2024,2025",,C3.59b,C1.05,,Sprzedane,Sprzedane,https://ambasadazapachu.pl/,PERFUMY,,,7151163123,https://www4.pwe-expoplanner.com/sklep/img/logo/4592.jpg,https://ambasadazapachu.pl/,aghouse2016@gmail.com,2021-10-20; 2026-01-21; 499.04.701.663.321,,,https://www.facebook.com/ambasadazapachu,https://www.instagram.com/ambasadazapachu/,,,
DROK PRZEMYSLAW JAROMIN,2024,,C1.58b,,,Sprzedane,,http://drok.pl/,,,,6112305759,https://www4.pwe-expoplanner.com/sklep/img/logo/40193.jpg,http://drok.pl/,sklep@drok.pl,+48 509 586 110,,,,,,,
Fundacja Hodowców Polskiej Białej Gęsi - Fundacja,"2024,2025",,C0.10,C3.79b,,Sprzedane,Sprzedane (Dział Prawny),http://polskabialages.pl/,Ges,,,5562752417,https://www4.pwe-expoplanner.com/sklep/img/logo/23997.png,,,,,,,,,,
Euro-Most,2024,,C1.18b,,,Sprzedane,,https://euro-most.eu/,EURO – MOST należy do czołówki firm zajmujących się konsultingiem europejskim w Polsce.,,,7122404216,https://www4.pwe-expoplanner.com/sklep/img/logo/30545.jpg,,,,,,,,,,
Dobrodiya,"2024,2025",,C3.39b,C4.39a,,Sprzedane (Targi PWE),Sprzedane (Targi PWE),https://dobrodiya.com.ua/,,,,34786,https://www4.pwe-expoplanner.com/sklep/img/logo/18536.jpg,https://dobrodiya.com.ua/,,2021-08-09; 2025-07-07; 486911896337215,,,,,,,
Stema & Manless Paluszki I Przekąski,2024,,C3.25,,,Sprzedane,,https://stema-manless.pl/,,,,7010832579,https://www4.pwe-expoplanner.com/sklep/img/logo/22835.jpg,https://paluszkizpieca.pl/,bok@paluszkizpieca.pl,2021-10-22; 2025-10-02; 60 88 777 08,,,https://www.facebook.com/naturalnepaluszkizpieca,https://www.instagram.com/paluszkizpieca.pl/,,,
FOREVER YOUNG KOMBUCHA SP. Z O.O.,2024,,C0.08,,,Sprzedane,,https://fyk.bar/,,,,5272954288,https://www4.pwe-expoplanner.com/sklep/img/logo/25682.jpg,,,,,,,,,,
Browar Bałtów,"2024,2025",,C0.02,C3.60a,,Sprzedane,Sprzedane (Targi PWE),https://www.browarbaltow.pl/,,,,6612366557,https://www4.pwe-expoplanner.com/sklep/img/logo/40546.jpg,https://www.browarbaltow.pl/,,739178520630074,,,,,,,
ArmLand Sp.zo.o,2024,,C3.27b,,,Sprzedane,,"http://krs.infoveriti.pl/Beeapi,Lomianki,KRS,0000895132.html",,,,9522240707,https://www4.pwe-expoplanner.com/sklep/img/logo/23862.jpg,,,,,,,,,,
ALLCOR cywilna,2024,,C3.31b,,,Sprzedane,,http://allcor.pl/,,,,5242755940,https://www4.pwe-expoplanner.com/sklep/img/logo/26178.jpg,https://allcor.pl/,iza.parzonka@allcor.pl; biuro@allcor.pl; trade@allcor.pl,48) 664 452 100; +48 25 787 22 88; 48) 537 111 100,,,,,,,Izabela Parzonka (Kierownik)
Chris (DRY AGER),"2024,2025",,C3.45b,C4.59b,,Sprzedane,Sprzedane (Dział Prawny),http://dry-ager.pl/#cel,,,,6762087675,https://www4.pwe-expoplanner.com/sklep/img/logo/40874.jpg,https://dry-ager.pl/,biuro@dry-ager.pl,1775724955; 2026-06-03 11; 2262130826,,,https://www.facebook.com/szafy.dry.ager,,https://www.youtube.com/channel/UCg-VnTy_ojOD67DcZr4Tw6A,,
REYPOL Sp. z o.o.,2024,,C0.18,,,Sprzedane,,https://www.reypol.com.pl/,.,,,7162804152,https://www4.pwe-expoplanner.com/sklep/img/logo/46902.jpg,https://reypol.com.pl/,reypol@reypol.com.pl; agnieszka.zlot@reypol.com.pl; j.jasik@reypol.com.pl,1796032519; 2025-12-11 12; 13325663,,,https://www.facebook.com/reypol.janowiec,https://www.instagram.com/reypol.kusiodpokolen,,,
Ekovoltis,"2024,2025",,C1.54b,C4.40,,Sprzedane,Sprzedane (Dział Prawny),https://e2v.pl/,,,,8992751675,https://www4.pwe-expoplanner.com/sklep/img/logo/32428.jpg,https://ekovoltis.pl/,bok@ekovoltis.pl; iod@ekovoltis.pl; biuro@ekovoltis.pl,2025-09-30; 2026-05-21; 51588449604,,https://www.linkedin.com/company/ekovoltispl/,https://www.facebook.com/ekovoltis/,,https://www.youtube.com/channel/UCzUk5Nc6TvfyhyHImX2z4pQ,,Hotel Bartosz Binkowski (Dyrektor) | Gerard Maćko (Właściciel) | Juergen Mayerhofer (CEO)
MGDF,2024,,C0.09,,,Sprzedane,,https://mgdf.pl,,,,6762567085,https://www4.pwe-expoplanner.com/sklep/img/logo/35246.jpg,https://mgdf.pl,biuro@mgdf.pl,2023-11-05; 2024-09-17; 999999999,,https://www.linkedin.com/company/mgdf-consulting/,,,,,Bartłomiej Muzykiewicz (Prezes)
DELTA-TECH,2024,,C3.13a,,,Sprzedane,,http://www.deltatech.com.pl/,,,,6793062021,https://www4.pwe-expoplanner.com/sklep/img/logo/40490.jpg,http://www.deltatech.com.pl/,biuro@deltatech.com.pl,+48 (12) 410 00 50; 693 418 190,,,https://www.facebook.com/delta.tech.technology/,,,,
DRACO-BIS,2024,,C3.13a,,,Sprzedane,,https://draco-bis.pl/,,,".Miejscowość poczty: Mycielin, 62-831, Korzeniew, Polska",,https://www4.pwe-expoplanner.com/sklep/img/logo/134172.png,https://draco-bis.pl/,r.wawrzyniak@draco-bis.pl,48 62 767 23 55; +48 62 767 23 55; +48 62 767 23 85,,,,,,,Renata Jackowska (Specjalista) | Mateusz Turkiewicz (Dyrektor) | Tomasz Kozubek (Przedstawiciel)
Kuchnie Świata S.A.,2024,,C3.43b,,,Sprzedane,,https://www.kuchnieswiata.com.pl/,,,,1180039859,https://www4.pwe-expoplanner.com/sklep/img/logo/40939.jpg,https://www.kuchnieswiata.com.pl/,zamowienie@kuchnieswiata.com.pl; iodo@kuchnieswiata.com.pl; iod@kuchnieswiata.com.pl,2014-2020; 03.04.00-14-0284; +48 22 785-95-20,,,https://www.facebook.com/KuchnieSwiata,https://www.instagram.com/_kuchnie_swiata_/,,,Chojnacka Prezes Zarządu (Dyrektor) | Jarosław Rymuszka (Prezes) | Joanna Kołodziejczyk (Dyrektor)
Emborio Quality Products Sp.zo.o.,"2024,2025",,C3.55b,C1.72a,,Sprzedane,Sprzedane (Dział Prawny),https://aleo.com/pl/firma/emborio-quality-products-spolka-z-ograniczona-odpowiedzialnoscia,,,,8792752664,,,,,,,,,,,
"Przedsiębiorstwo Produkcyjno Handlowe ""WAF"" ANETA ŻUREK I MAREK",2024,,C2.43b,,,Sprzedane,,https://aleo.com/pl/firma/przedsiebiorstwo-produkcyjno-handlowe-waf-aneta-zurek-i-marek-sadowski-spolka-cywilna-dabrowa-gornicza,,,,6292473552,,,,,,,,,,,
Iwoniczanka Sp. z o.o.,2024,,C2.46b,,,Sprzedane,,https://iwoniczanka.pl/polityka-prywatnosci,,,,8133850807,,https://iwoniczanka.pl/polityka-prywatnosci,,23261086; 849423772317218,,,,,,,
SLOMAX GROUP,2024,,C3.37b,,,Sprzedane,,https://slomax.eu/,,,,28195809,,https://slomax.eu/,info@slomax.eu,+420 720 071 920; 28195809,,,,,,,
ZIOMEK FISH SPÓŁKA Z OGRANICZONĄ ODPOWIEDZIALNOŚCIĄ,"2024,2025",,C0.05,C3.61a,,Sprzedane,Sprzedane (Targi PWE),https://brak@brak.pl,.,,,5223239864,,,,,,,,,,,
"LLC ""PRINTING HOUSE  ""PARUS""",2024,,C1.36b,,,Sprzedane,,https://en.parusflex.com.ua/kolorist/,-,-,,403119926571,,https://en.parusflex.com.ua/kolorist/,office@parusflex.com; office@parusflex.com.ua,+38 097 182 68 17; +38 050 526 73 17; +38 098 096 28 00,https://api.whatsapp.com/send?phone=380505267317,,https://www.facebook.com/Tipografiia.Parusflex,"
https://www.instagram.com/tipografiiaparus/",https://www.youtube.com/watch,,
Food trade Sp. z o.o.,2024,,C3.16,,,Sprzedane,,https://foodtrade.com.pl/,.,,,5252799896,https://www4.pwe-expoplanner.com/sklep/img/logo/52789.jpg,https://foodtrade.com.pl/,info@foodtrade.com.pl,2022-06-07; 2025-09-11; 2024-02-05 07,,,,,,,
Volynski Browar LLC,2024,,C0.07,,,Sprzedane,,https://volynskibrowar.ua/,"Volynski Browar is the newest Ukrainian brewing company, specializing in the production of craft beer, ciders, energy drinks, kombucha, kvas, vitamin water, lemonades of the highest quality. It was created in 2014 and is located in the city of Berezne, western Ukraine.Our trademarks:Volynski Browar - has 18 types of beer in its portfolio and is constantly updated. The product is presented in a 0.35 l glass bottles, a 0.5 l cans, and a 30 l kegs.Mikki Brew - the assortment includes 10 types of beer and 5 flavors of cider. Beer is presented in cans of 0.33 l and kegs of 30 l and cider - in glass bottles of 0.33 l and kegs of 30 l.Forever Brewing Co. - 8 exquisite flavors of beer, which are bottled in 0.5 l cans, glass and 30 l kegs.Geyser – the energy drink is presented in four flavors in 0.5 l cans.Kombucha - fermented beverage from TM Mikki Brew has five different tastes in a 0.35 l bottles and 0.33 cans.Ever Aid - vitamin water in 0.5L cans","Volynski Browar is the newest Ukrainian brewing company, specializing in the production of craft beer, ciders, energy drinks, kombucha, kvas, vitamin water, lemonades of the highest quality. It was created in 2014 and is located in the city of Berezne, western Ukraine.Our trademarks:Volynski Browar - has 18 types of beer in its portfolio and is constantly updated. The product is presented in a 0.35 l glass bottles, a 0.5 l cans, and a 30 l kegs.Mikki Brew - the assortment includes 10 types of beer and 5 flavors of cider. Beer is presented in cans of 0.33 l and kegs of 30 l and cider - in glass bottles of 0.33 l and kegs of 30 l.Forever Brewing Co. - 8 exquisite flavors of beer, which are bottled in 0.5 l cans, glass and 30 l kegs.Geyser – the energy drink is presented in four flavors in 0.5 l cans.Kombucha - fermented beverage from TM Mikki Brew has five different tastes in a 0.35 l bottles and 0.33 cans.Ever Aid - vitamin water in 0.5L cans",,34254691,https://www4.pwe-expoplanner.com/sklep/img/logo/53647.jpg,https://volynskibrowar.ua/,info@volynskibrowar.ua,2021-08-25; 2026-04-08; +38 097 773 77 07,,,https://www.facebook.com/volynskibrowar.ua,https://instagram.com/volynskibrowar,https://www.youtube.com/@volynskibrowar,,
LLC BIO Products Factory,2024,,C0.16,,,Sprzedane,,https://ukrainian-food.com.ua/producers/producer/lls-bio-products-factory,.,.,,7011100430,,https://ukrainian-food.com.ua/producers/producer/lls-bio-products-factory,,157594455; +380934628035,,,,,,,
F.H. MANY ZBIGNIEW PRUSACZYK,2024,,C3.16b,,,Sprzedane (Targi PWE),,https://aleo.com/pl/firma/fh-many-zbigniew-prusaczyk-lodz,,,,7292524238,,,,,,,,,,,
Świat Pigwowca,"2024,2025",,C3.57c,C3.61d,,Sprzedane (Targi PWE),Sprzedane (Targi PWE),https://lokalninaturalni.pl/gospodarstwo-rolne-rodziny-poslednikow,,,,7191374783,https://www4.pwe-expoplanner.com/sklep/img/logo/15847.jpg,https://lokalninaturalni.pl/gospodarstwo-rolne-rodziny-poslednikow,kontakt@lokalninaturalni.pl,10943699187; 1666392111; 1666881705,,,https://www.facebook.com/lokalninaturalni/,https://www.instagram.com/lokalni_naturalni/,,,
BOROWCZYK s.c.,2024,,C1.65e,,,Sprzedane,,http://ubojniaborowczyk.pl/,",",,,6961635719,https://www4.pwe-expoplanner.com/sklep/img/logo/35349.jpg,,,,,,,,,,
Galeria Konopi,"2024,2025",,C1.52c,C1.22,,Sprzedane (Targi PWE),Sprzedane (Targi PWE),https://galeriakonopi.pl/,KONOPIA,,,6482791462,https://www4.pwe-expoplanner.com/sklep/img/logo/3524.jpg,https://galeriakonopi.pl/,bok@galeriakonopi.pl,355966050490282; 19-06-2024; 19-12-2023,,,https://www.facebook.com/Galeria-Konopi-2266598773374540/,https://instagram.com/galeriakonopi,,,
Pure & Sweet,2024,,C1.57d,,,Sprzedane,,https://www.pureandsweet.pl/o-nas-puresweet/,,,,6392019249,https://www4.pwe-expoplanner.com/sklep/img/logo/8776.jpg,,,,,,,,,,
FHU ARCHONT 2018 Danuta Parvi,2024,,C0.01,,,Sprzedane (Targi PWE),,https://www.pkt.pl/firma/fhu-archont-2018-danuta-parvi-7079530,"Odzież, konfekcja - detal",,,7541357148,https://www4.pwe-expoplanner.com/sklep/img/logo/30531.jpg,,,,,,,,,,
DALTRA – MLEKOLANDIA,2024,,C3.13b,,,Sprzedane,,https://mlekolandia.pl/,Artykuły żywnościowe dla niemowląt/dzieci,,,8943046310,https://www4.pwe-expoplanner.com/sklep/img/logo/16618.jpg,https://nesbru.com.pl/,kontakt@nesbru.com.pl,10943720208; 1743165583; +48 782 629 566,,,https://www.facebook.com/profile.php,https://www.instagram.com/nesbru.sklep/,,,
Centrum Prawa Żywnościowego,2024,,C2.43c,,,Sprzedane,,https://www.food-law.pl/,,,,9512361131,https://www4.pwe-expoplanner.com/sklep/img/logo/17485.jpg,https://food-law.pl/,,2021-03-23; 2024-10-11; 0000943423,,https://www.linkedin.com/company/foodlaw/,https://www.facebook.com/FOODLEX,,,,Michał Kowański (Manager) | Adwokat Iga Wiśniewicz (Specjalista) | Adwokat Iga Henc (Specjalista)
Ecofactor,2024,,C0.13,,,Sprzedane (Targi PWE),,https://aplikacja.ceidg.gov.pl/ceidg/ceidg.public.ui/SearchDetails.aspx?Id=d03eca0f-c325-424a-a3e3-4689fbed4366,,,,6832107384,https://www4.pwe-expoplanner.com/sklep/img/logo/13015.jpg,,,,,,,,,,
SYBIL GROUP SPÓŁKA Z OGRANICZONĄ ODPOWIEDZIALNOŚCIĄ,2024,,C3.29c,,,Sprzedane,,https://aleo.com/pl/firma/sybil-group-spolka-z-ograniczona-odpowiedzialnoscia,,,,7831887564,,,,,,,,,,,
BACÓWKA U KRZYŚKA Krzysztof Łaś,2024,,C1.63b,,,Sprzedane,,https://www.malopolska.pl/_userfiles/uploads/Stop%20koronawirusowi/Oferta_U%20KRZY%C5%9AKA_sery_L.pdf,,,,6521105851,,,,,,,,,,,
People Media Company,2024,,C1.51b,,,Sprzedane,,https://krs-pobierz.pl/people-media-company-i5106882,,,,5213668612,,,,,,,,,,,
Przedsiębiorstwo Produkcyjno Handlowe WOX,2024,,C1.47c,,,Sprzedane (Targi PWE),,https://www.wox.pl/,,,,8631355403,,https://wox.pl/,biuro@wox.pl,2024-08-10; 2025-12-20; 330867 100,,,,,,,
Trade Xpo,"2024,2025",,C3.51b,C1.62b,,Sprzedane,Sprzedane (Agenci),https://www.tradexpo.co.kr/,-,,,,https://www4.pwe-expoplanner.com/sklep/img/logo/20121.jpg,https://www.tradexpo.co.kr/,info@tradexpo.co.kr,896661621863264; +0490-0491; +0102-0103,,,,,,,
Violetta Wegner Tupperware,2024,,C1.43b,,,Sprzedane,,https://mapa.targeo.pl/7260035016/nip/firma,,,,7260035016,,,,,,,,,,,
SVANPOL,2024,,C1.52b,,,Sprzedane (Targi PWE),,https://aleo.com/pl/firma/svanpol-spolka-z-ograniczona-odpowiedzialnoscia-torun,,,,9562371338,,,,,,,,,,,
CINI-2009 shpk,2024,,C3.23b,,,Sprzedane,,https://alegria.com.al/,"ADRESRr. Kombetare Gjirokaster Tepelene, Km.13, Gjirokaster, ALBANIA",,,K93517602Q,https://www4.pwe-expoplanner.com/sklep/img/logo/22231.jpg,https://alegria.com.al/,,+355 68 214 4441; 1780480529; 56195545,https://api.whatsapp.com/send?phone=+355682144441,,https://www.facebook.com/alegriafoodalbania,https://www.instagram.com/alegria_food_albania/,,https://www.tiktok.com/@alegria_food_albania,
Fibercare LLC,"2024,2025",,C3.33b,C3.47b,,Sprzedane,Sprzedane (Targi PWE),https://fibercare.eu/,"Fibercare to firma specjalizująca się w produkcji wysokiej jakości błonnika dla zdrowia i dobrej kondycji organizmu. Ich produkty są wytwarzane z naturalnych składników, takich jak owoce, warzywa i nasiona, co zapewnia optymalne działanie i pozytywny wpływ na zdrowie. Firma oferuje szeroki wybór błonników oraz mieszanki błonników.","Fibercare is a company specializing in the production of high-quality fiber for health and well-being. Their products are made from natural ingredients such as fruits, vegetables, and seeds, ensuring optimal performance and positive impact on health. The company offers a wide selection of fiber types as well as fiber blends.",,6342756922,https://www4.pwe-expoplanner.com/sklep/img/logo/22362.jpg,https://fibercare.eu/,olkusz@fibercare.eu; biuro@solpak.pl,2019-11-08; 2026-03-19; 9999999999,,https://www.linkedin.com/company/fibercare-sp-z-o-o/,https://facebook.com/Fibercare-288326132981907/,https://www.instagram.com/fiber.care/,,,
MEGENZYMES,2024,,C1.43c,,,Sprzedane,,https://aleo.com/pl/firma/megenzymes-spolka-z-ograniczona-odpowiedzialnoscia-bialystok,Adres: Głowno 95-015 ul. Zabrzeźniańska 60A,,,9662146285,,,,,,,,,,,
GRECKI MARKET,"2024,2025",,C3.35c,C4.54,,Sprzedane (Targi PWE),Sprzedane (Dział Prawny),https://warsawexpo.eu/,,,,6131204433,https://www4.pwe-expoplanner.com/sklep/img/logo/28435.jpg,https://warsawexpo.eu/,info@warsawexpo.eu; rodo@warsawexpo.eu,2025-06-16; 2026-02-18; 00000099,,https://www.linkedin.com/company/warsaw-expo/,https://www.facebook.com/warsawexpo/,https://www.instagram.com/ptak_warsaw_expo/,https://www.youtube.com/@ptakwarsawexpo2557,,
IMPEKS PLUS o,2024,,C1.54c,,,Sprzedane,,http://www.krs-online.com.pl/impeks-plus-sp-z-o-o-krs-7120632.html,,,,5223071212,,,,,,,,,,,
DAGOMA,2024,,C3.30c,,,Sprzedane (Targi PWE),,https://www.dagoma.com.pl/,,,,5871533908,https://www4.pwe-expoplanner.com/sklep/img/logo/33053.jpg,https://www.dagoma.com.pl/,,+48 515 042 395; 1948689049; 1914-1918,,,https://www.facebook.com/MojaDagoma/,,,,
PolBioEco Polska,"2024,2025",,C1.42b,C3.48c,,Sprzedane,Sprzedane (Targi PWE),https://polbioeco.pl/,BIO ZYWNOSC,,,9462649202,https://www4.pwe-expoplanner.com/sklep/img/logo/33786.jpg,https://polbioeco.pl/,polbioeco@polbioeco.pl; handel@polbioeco.pl; export@polbioeco.pl,+485019454; 2017-12-29; 2025-04-15,,,https://www.facebook.com/Polbioeco-482320498472462/,https://www.instagram.com/polbioeco/,https://www.youtube.com/watch,,
LYCOPHARM Sp z  o.o.,2024,,C3.49c,,,Sprzedane,,https://www.lycopenehealth.pl/,,,,7011012252,https://www4.pwe-expoplanner.com/sklep/img/logo/34251.jpg,,,,,,,,,,
No Milk Deal,2024,,C3.51a,,,Sprzedane (Targi PWE),,https://rejestr.io/krs/992443/no-milk-deal,,,,7162837507,,,,,,,,,,,
Żur Czaniecki,"2024,2025",,C1.44c,C3.77b,,Sprzedane (Targi PWE),Sprzedane (Dział Prawny),https://zurpiskorek.pl/,,,,6282260702,https://www4.pwe-expoplanner.com/sklep/img/logo/36730.jpg,https://zurpiskorek.pl/,apiskorek@zurpiskorek.pl,628 22 60 702,,,https://www.facebook.com/profile.php,,,,
Gil Przetwórnia sp. z o.o.,"2024,2025",,C3.43c,C3.56c,,Sprzedane,Sprzedane (Dział Prawny),https://gil.com.pl/,,,,6981829705,https://www4.pwe-expoplanner.com/sklep/img/logo/37297.jpg,https://gil.com.pl/,gil@gil.com.pl,+48 (65) 518 54 83; 6981829705; 0000387185,,,,,,,
KASLAR POLSKA SPÓŁKA Z OGRANICZONĄ ODPOWIEDZIALNOŚCIĄ,2024,,C3.39c,,,Sprzedane,,http://www.kaslarnut.com/,,,,5272748790,https://www4.pwe-expoplanner.com/sklep/img/logo/39575.jpg,https://www.kaslarnut.com/,info@kaslarnut.com; turkey@kaslarnut.com; poland@kaslarnut.com,+994 2422 40187; +905356444554; +48792225858,,,,,,,
BOO Organizacja Odzysku Opakowań i Odpowiedzialności Producenta,"2024,2025",,C1.59d,C1.78b,,Sprzedane,Sprzedane (Targi PWE),https://e-boo.pl/o-nas/o-firmie/,,,,9930685095,https://www4.pwe-expoplanner.com/sklep/img/logo/40551.jpg,https://e-boo.pl/o-nas/o-firmie/,info@e-boo.pl,000552656; +48 14 628 34 82,,,https://www.facebook.com/,,,,
Pawer Caffe,"2024,2025",,C1.56c,C3.60b,,Sprzedane,Sprzedane (Dział Prawny),"https://www.gowork.pl/pawer-caffe-s.c.-krzysztof-czopko-magdalena-czopko,24821643/dane-kontaktowe-firmy",,,,7952527126,,,,,,,,,,,
Nasza Pszczelarnia,2024,,C1.61b,,,Sprzedane,,https://aleo.com/pl/firma/piotr-lewandowski-consulting-poznan,,,,7781187875,https://www4.pwe-expoplanner.com/sklep/img/logo/44627.jpg,,,,,,,,,,
J.S. Hamilton Poland,2024,,C1.53a,,,Sprzedane,,https://hamilton.com.pl/,"J.S. Hamilton stanowi grupę firm zlokalizowanych w krajach Europy Środkowo-Wschodniej świadczących szeroki wachlarz wyspecjalizowanych usług dla przemysłu, handlu, transportu, dystrybucji i składowania",,,5860006039,https://www4.pwe-expoplanner.com/sklep/img/logo/44612.jpg,https://hamilton.com.pl/,iodo@jsh.com.pl; bucharest@hamilton.com.pl; cluj@hamilton.com.pl,1674685821140; 2022-03-21; 2026-05-18,,https://www.linkedin.com/company/j-s-hamilton-poland/,https://www.facebook.com/JSHamiltonPoland,,,,
Lewar Catering,"2024,2025",,C3.51c,C1.63,,Sprzedane,Sprzedane (Dział Prawny),https://aleo.com/pl/firma/lewar-serwis-spolka-z-ograniczona-odpowiedzialnoscia,,,,5431889825,,,,,,,,,,,
EVEREST POLAND,2024,,C1.47b,,,Sprzedane,,https://aleo.com/pl/firma/everest-poland-kwizera-patrick-bydgoszcz,,,,9671418748,,,,,,,,,,,
Bon Ami Krzysztof Tetwejer,2024,,C3.59c,,,Sprzedane,,https://sirpancake.pl/,,,,5213180684,,https://sirpancake.pl/,biuro.sirpancake@gmail.com,+48 504 246 747; 669630192; 6696303942534,,,https://m.facebook.com/p/Sir-Pancake-Nale%C5%9Bniki-100077651895924/,https://www.instagram.com/sirpancake_nalesniki/,,,
EKO PIRK UAB,2024,,C3.23c,,,Sprzedane (Targi PWE),,https://amritawholesale.com/en/about-us/,,,,LT100005011712,https://www4.pwe-expoplanner.com/sklep/img/logo/46535.jpg,https://amritawholesale.com/en/about-us/,prekyba@ekopirk.lt; export@AmritaWholesale.com; sales@AmritaWholesale.com,+37067962941; 1665665495; 1728632023,,https://www.linkedin.com/company/amrita-wholefood/,https://www.facebook.com/Amritawholesale,https://www.instagram.com/amrita_wholesale/,,,
PROLAB SPÓŁKA Z OGRANICZONĄ ODPOWIEDZIALNOŚCIĄ,2024,,C1.60c,,,Sprzedane,,https://krs-pobierz.pl/prolab-i7176151,,,,5423428386,,,,,,,,,,,
Meriggio,"2024,2025",,C1.42c,C4.42,,Sprzedane,Sprzedane (Targi PWE),https://brak.pl,N,,,1181992157,,,,,,,,,,,
DIALLO ET FRERES ART,2024,,C1.55b,,,Sprzedane,,https://www.facebook.com/p/Diallo-et-Freres-100066463599097/?locale=sr_RS,Rue Huart X le DantecDakar - SENEGAL13000 Dakar Rue huart x le Dantec SENEGALTAX ID: 006755972 TEL. 00221772774139,,,0000000000,,,,,,,,,,,
EVAN ASIAMAH ENTERPRISE,2024,,C1.57a,,,Sprzedane,,https://warsawexpo.eu,,,,19902510,,https://warsawexpo.eu,info@warsawexpo.eu; rodo@warsawexpo.eu,2025-06-16; 2026-02-18; 00000099,,https://www.linkedin.com/company/warsaw-expo/,https://www.facebook.com/warsawexpo/,https://www.instagram.com/ptak_warsaw_expo/,https://www.youtube.com/@ptakwarsawexpo2557,,
KARAMELOKOSMOS – RIGOPOULOS ANDREAS,2024,,C3.28c,,,Sprzedane (Targi PWE),,https://www.facebook.com/people/Karamelokosmos-Karameles/100054423852696/?locale=en_GB,,,,,https://www4.pwe-expoplanner.com/sklep/img/logo/47820.jpg,,,,,,,,,,
Vitamizu,2024,,C3.62b,,,Sprzedane,,https://vitamizu.com/,Producent napojów dla dzieci i dorosłych. Od 15 lat sprzedający produkty na ponad 20 rynków globalnych. Specjalizujący się w produktach dziecięcych z licencjami najpopularniejszych bajek o zasięgu światowym.,"Producer of beverages for children and adults. For 15 years, selling products to over 20 global markets. Specializing in children's products with licenses of the most popular fairy tales.",,7262658773,https://www4.pwe-expoplanner.com/sklep/img/logo/47307.jpg,https://vitamizu.com/,office@vitamizu.com; marketing@vitamizu.com,127757365; 236468007688000; 2020-09-20,,https://pl.linkedin.com/company/vitamizu,https://www.facebook.com/vitamizu.drinks,https://www.instagram.com/vitamizu.drinks/,,https://www.tiktok.com/@vitamizu,
BROWAR GENEZA SP. Z O.O.,2024,,C1.65d,,,Sprzedane,,https://warsawexpo.eu,,,,9662094424,,https://warsawexpo.eu,info@warsawexpo.eu; rodo@warsawexpo.eu,2025-06-16; 2026-02-18; 00000099,,https://www.linkedin.com/company/warsaw-expo/,https://www.facebook.com/warsawexpo/,https://www.instagram.com/ptak_warsaw_expo/,https://www.youtube.com/@ptakwarsawexpo2557,,
Cinescope,2024,,C1.65a,,,Sprzedane,,https://www.cinescope.pl/,Pełna nazwa firmy - Media Pracownia Sp. z o.o.61-806 Poznańul. Św Marcin 29/8NIP: 9131606162KRS 0000359847,,,9131606162,,https://www.cinescope.pl/,hello@cinescope.pl,2020-01-24; 2024-10-25; 00000000 70,,,https://www.facebook.com/cinescopepl/,https://www.instagram.com/cinescope_pl/,https://www.youtube.com/@cinescopepl,,
MOTT COFFEE COMPANY,2024,,C2.29b,,,Sprzedane (Targi PWE),,https://mottcoffee.eu/,,,,9930671182,,https://mottcoffee.com/,biuro@mottcoffee.com,9460289072; 49192135; 81998152012,,,https://www.facebook.com/MottCoffeeOfficial/,https://www.instagram.com/mott.coffee.offical/,https://www.youtube.com/watch,https://www.tiktok.com/@palarniakawy_mottcoffee,
CB POLAND SPÓŁKA Z OGRANICZONĄ ODPOWIEDZIALNOŚCIĄ,2024,,C2.33b,,,Sprzedane,,https://crazybubble.pl/,,,,6482774920,https://www4.pwe-expoplanner.com/sklep/img/logo/48568.jpg,https://crazybubble.pl/,info@crazybubble.pl; b.sliwka@crazybubble.pl; franchise@crazybubble.pl,+48505108820; 2025-06-07; 2026-06-01,,https://pl.linkedin.com/company/crazy-bubble,https://www.facebook.com/crazybubblePL,https://www.instagram.com/crazybubblepolska/,https://www.youtube.com/channel/UCRwoeHgjLAWC2I4e8kBid3g,https://www.tiktok.com/@crazybubblepolska,Key Account (Manager) | Key Account (Manager)
BIOMAMI,"2024,2025",,C2.31b,C3.54b,,Sprzedane,Sprzedane (Dział Prawny),https://aleo.com/pl/firma/biomami-marzena-mochocka,,,,6572449017,https://www4.pwe-expoplanner.com/sklep/img/logo/48798.jpg,,,,,,,,,,
SARL CANILLA,2024,,C3.27c,,,Sprzedane,,https://brak.pl,,,,0000000000,,,,,,,,,,,
BrownHouse&Tea,2024,,C1.59f,,,Sprzedane,,https://jadlosfera.pl/,Herbatki bio,,,8842745578,,https://jadlosfera.pl/,,1644499668751; 2022-02-09; 2024-01-11,,,,,,,
Nsoft Ltd,2024,,C1.57b,,,Sprzedane,,https://www.sensorita.lt/,,,,,,https://www.sensorita.lt/,info@sensorita.lt,114985026; +370 616 84876; +370 631 33836,,,,,,,
Innovative Pharma Baltics Ltd,"2024,2025",,C1.57c,C3.80b,,Sprzedane,Sprzedane (Agenci),https://www.sensorita.lt/,,,,,,https://www.sensorita.lt/,info@sensorita.lt,114985026; +370 616 84876; +370 631 33836,,,,,,,
"""Platan Sp. z o.o. """,2024,,C2.44c,,,Sprzedane,,http://platan-food.pl/,,,,5260210406,https://www4.pwe-expoplanner.com/sklep/img/logo/50892.jpg,http://platan-food.pl/,,,,,,,,,
Ival sas,2024,,C1.65c,,,Sprzedane,,http://www.brak.pl,,,,0000000000,,,,,,,,,,,
RC Foods Polska,"2024,2025",,C3.49a,C4.61a,,Sprzedane,Sprzedane (Targi PWE),https://rcfoods.eu/,,,,7292694242,https://www4.pwe-expoplanner.com/sklep/img/logo/52126.jpg,https://rcfoods.eu/,office@rcfoods.pl,2017-07-14; 2025-01-07; +48 668 492 839,,,,,,,
"""LOGI-PACK MALPAK"" SPÓŁKA Z OGRANICZONĄ ODPOWIEDZIALNOŚCIĄ","2024,2025",,C3.58c,C3.56b,,Sprzedane,Sprzedane (Dział Prawny),https://krs-pobierz.pl/logi-pack-malpak-spolka-z-ograniczona-odpowiedzialnoscia-i255277,,,,1230999686,,,,,,,,,,,
Ma-Vi Trade,2024,,C1.10b,,,Sprzedane,,https://ma-vi-trade.it/contatti-2/,,,,01235070339,https://www4.pwe-expoplanner.com/sklep/img/logo/52418.jpg,https://ma-vi-trade.it/contattaci.html,info@ma-vi-trade.it; info@pec.ma-vi-trade.it,16620465; 61938378; +39 0523 482647,,https://it.linkedin.com/company/mavi-trade,https://www.facebook.com/mavitradeitalia/,https://www.instagram.com/mavitrade/,,,
Sirius Investment sp. z o.o.,"2024,2025",,C1.61c,C3.54d,,Sprzedane,Sprzedane (Dział Prawny),https://www.BRAK.PL,,,,8971826304,https://www4.pwe-expoplanner.com/sklep/img/logo/52490.jpg,,,,,,,,,,
LUX Riga SIA,2024,,C3.47b,,,Sprzedane (Targi PWE),,https://www.luxinternational.com/lv/,.,,,,,,,,,,,,,,
SWEETVEGY SPÓŁKA Z OGRANICZONĄ ODPOWIEDZIALNOŚCIĄ,2025,,,C3.15,,,Sprzedane (Targi PWE),https://brak@brak.pl,.,,"Adama Mickiewicza 37/58, 01-625, Warszawa, Polska",,,,,,,,,,,,
City Group Capital Sp. z o.o. (Smak i Aromat),2025,,,C3.15,,,Sprzedane (Targi PWE),https://smakiaromat.com/,"""Producent przetworów. Konfitury bez cukru, sosy na bazie warzyw i owoców, kiszonki warzywne.
Konfitury bd.cukru; malinowa z płatkami róży, Czarna porzeczka z daktylami. Jeżyna z czerwoną porzeczką, Czereśnia z czerwoną porzeczką i agrestem, ZAKWAS z buraków probiotyk, Ocet żywy z czarnej porzeczki, Ocet z czerwonej porzeczki, Ocet gruszkowy. Olej z pestek dyni, Ćwikła z chrzanem i miodem, Chrzan z jabłkiem i miodem, Żurek na miodzie z Kuchni Mądrej Babcie, Zakwas na barszcz czerwony z Kuchni Mądrej Babci, Sos z czarnej porzeczki do drobiu, Sos śliwkowy do serów, Chutney morelowa brzoskwiniowy do nabiału, Słodkie Chili do mięsa i kanapek. Produkty wytwarzane unowocześnioną metodą tradycyjną, bez konserwantów, stabilizatorów, barwników oraz bd.cukru. Pasteryzowane parą wodna za wyjątkiem kiszonek i naturalnych fermentów. ""
",,,,https://www4.pwe-expoplanner.com/sklep/img/logo/77238.jpg,https://smakiaromat.com/,sn@smakiaromat.com,64402325772; 174424523020; 1718591634,,,https://www.facebook.com/JellyJanes.StudioSmaku,https://www.instagram.com/smakiaromat_com,https://www.youtube.com/@SILVERTVPL,,
Sweet Brands Sp. z o.o.,2025,,,C3.15,,,Sprzedane (Targi PWE),https://brak.pl/,"Pieczywo cukiernicze o przedłużonej trwałości: ciastka, wafle, rurki waflowe, ciastka bez dodatku cukru, bezy oraz cukierki i galanteria czekoladowa. ",,,,https://www4.pwe-expoplanner.com/sklep/img/logo/81818.jpg,,,,,,,,,,
NALEWKI STAROPOLSKIE KAROL MAJEWSKI I WSPÓLNICY SP Z O.O,2025,,,C3.15,,,Sprzedane (Targi PWE),www.nalewki.pl,"Nalewki Staropolskie ręcznie produkowane. Smaki: Pigwowa, Malinowa, Wiśniowa Wykwintna, czarna Porzeczka, Głóg, Dereń,itp.
",,,,https://www4.pwe-expoplanner.com/sklep/img/logo/81819.jpg,https://nalewki.pl/,,,,,,,,,
"""Pasieka  """"Pszczela Symfonia"""" Agnieszka Zalewska""",2025,,,C3.15,,,Sprzedane (Targi PWE),www.pszczelasymfonia.pl ,"Produkt Tradycyjny: Miód Kampinoski Wielokwiatowy wytworzony przez rodzime pszczoły kampinoskie na obszarze Kampinoskiego Parku Narodowego. Nasza pasieka uczestniczy w programie ochrony zasobów genetycznych zagrożonej wymarciem rodzimej pszczoły środkowoeuropejskiej linii M. Kampinoska.
- inne miody i produkty pszczele pozyskiwane z dzikich i malowniczych obszarów województwa mazowieckiego. Wszystkie produkty w pięknej botanicznej oprawie, nawiązującej do lokalnej flory Mazowsza.
",,,,https://www4.pwe-expoplanner.com/sklep/img/logo/81820.jpg,https://pszczelasymfonia.pl/,sklep@pszczelasymfonia.pl,13-02-2026; 11-02-2026; 09-02-2026,,,https://www.facebook.com/p/Pasieka-Pszczela-Symfonia-100092881231613/,https://www.instagram.com/pszczela_symfonia/,,,Pszczoła Kampinoska (Obsługa klienta)
"Michrowska Piwniczka, Monika Szymańczak-Siemiatkowska, Daniel Si",2025,,,C3.15,,,Sprzedane (Targi PWE),https://www.facebook.com/MichrowskaPiwniczka/ ,"Tradycyjne w szkle produkty: soki, syropy, octy, kimchi, kiszonki, powidła, ... z własnego eko gospodarstwa.
Posiadane certyfikaty, dyplomy, wyróżnienia związane z prezentowanym produktem: 
Certyfikat eko na uprawy, Laur Marszałka, nagrody za produkty Smaki Regionów Nasze Kulinarne Dziedzictwo, Perła, wpis produktu na Listę Produktów Tradycyjnych, Innowacyjny rolnik, Rolniczka motorem innowacji. 
",,,,https://www4.pwe-expoplanner.com/sklep/img/logo/81821.jpg,,,,,,,,,,
SweetVegy Sp. z o.o.,2025,,,C3.15,,,Sprzedane (Targi PWE),https://brak.pl/,",",,,,https://www4.pwe-expoplanner.com/sklep/img/logo/81822.jpg,,,,,,,,,,
Zagroda Szlędaki,2025,,,C3.15,,,Sprzedane (Targi PWE),www.szledaki.pl,"wędliny z dziczyzny, wieprzowiny, wołowiny, Produkt Polski, HACAP, Kupuj Świadomie
",,,,https://www4.pwe-expoplanner.com/sklep/img/logo/81856.jpg,https://szledaki.pl/,kontakt@szledaki.pl,2016-07-04; 2023-08-03; +0152-0153,,,,,,,
INTERCHEMALL ZESPÓŁ MŁYNÓW JELONKI Sp. z o.o.,2025,,,C3.15,,,Sprzedane (Targi PWE),www.zmjelonki.pl  ,"Mąki pszenne i żytnie, kasza manna 400 g 
",,,,https://www4.pwe-expoplanner.com/sklep/img/logo/81857.jpg,https://www.zmjelonki.pl,mlyn.jelonki@zmjelonki.pl; biuro@zmjelonki.pl,+48 29 645 75 60; +48 29 645 75 90; 137386884,,,https://www.facebook.com/Zesp%C3%B3%C5%82-M%C5%82yn%C3%B3w-Jelonki-Sp-z-oo-115584513526524/,,,,
Wyrób Wędlin Tradycyjnych Adam Węgłowski,2025,,,C3.15,,,Sprzedane (Targi PWE),https://wedlinykarniewo.pl/,"Wędliny tradycyjne, typ: polędwica, szynka, boczek, kiełbasa swojska, podsuszana, kaszanka, salceson. Laur Marszałka za kielbase kruchą, szynke z nogą, kielbase krakowska podsuszaną, kabanosy wieprzowe.",,,,,https://wedlinykarniewo.pl/,wedliny_weglowski@o2.pl,08-12-2023; 696 277 818; 882 026 590,,,https://www.facebook.com/profile.php,,,,
Gospodarstwo Rolne Franciszek Kesler,2025,,,C3.15,,,Sprzedane (Targi PWE),https://brak.pl/,"Olej rzepakowy KesleraLaureat konkursów Laur Marszałka i NKD-SR, Agro Polska, Agro Poland Euro Quality, Złoty medal Natura Food beECO. Certyfikat """"Jakość Tradycja"""".",,,,,,,,,,,,,,
GRUPA MASPEX,2025,,,C3.33,,,Sprzedane,https://maspex.com/kontakt/,,,,5512617657,https://www4.pwe-expoplanner.com/sklep/img/logo/35355.jpg,https://maspex.com/kontakt,iod@maspex.com; maspex@maspex.com; u003eiod@maspex.com,+48 33 870 84 96; +48 502 199 234; 4219-2143,,https://www.linkedin.com/company/maspex-wadowice/,https://www.facebook.com/MaspexKariera/,https://www.instagram.com/maspex_kariera/,https://www.youtube.com/@grupa.maspex,https://www.tiktok.com/discover/maspex,
TYMBARK,2025,,,C3.33,,,Sprzedane,https://brak.pl/,.,,"xxx, 00-000, xxx, Polska",,https://www4.pwe-expoplanner.com/sklep/img/logo/81556.jpg,,,,,,,,,,
TIGER,2025,,,C3.33,,,Sprzedane,https://brak.pl/,.,,,,https://www4.pwe-expoplanner.com/sklep/img/logo/81557.jpg,,,,,,,,,,
KOTLIN,2025,,,C3.33,,,Sprzedane,https://brak.pl/,.,,,,https://www4.pwe-expoplanner.com/sklep/img/logo/81560.jpg,,,,,,,,,,
KUBUŚ,2025,,,C3.33,,,Sprzedane,https://brak.pl/,.,,,,https://www4.pwe-expoplanner.com/sklep/img/logo/81562.jpg,,,,,,,,,,
LUBELLA,2025,,,C3.33,,,Sprzedane,https://brak.pl/,.,,,,https://www4.pwe-expoplanner.com/sklep/img/logo/81563.jpg,,,,,,,,,,
PLUSSSZ,2025,,,C3.33,,,Sprzedane,https://brak.pl/,.,,,,https://www4.pwe-expoplanner.com/sklep/img/logo/81564.jpg,,,,,,,,,,
ŁOWICZ,2025,,,C3.33,,,Sprzedane,https://brak.pl/,.,,,,https://www4.pwe-expoplanner.com/sklep/img/logo/81566.jpg,,,,,,,,,,
DR WITT,2025,,,C3.33,,,Sprzedane,https://brak.pl/,.,,,,https://www4.pwe-expoplanner.com/sklep/img/logo/81567.jpg,,,,,,,,,,
ZBUDUJPRZYCZEPE.PL SPÓŁKA Z OGRANICZONĄ ODPOWIEDZIALNOŚCIĄ,2025,,,C3.40,,,Sprzedane (Targi PWE),https://zbudujprzyczepe.pl/,"Specjalizujemy się w produkcji przyczep gastronomicznych, przyczep handlowych i przyczep budowlanych (socjalnych). Projektujemy i doradzamy rozwiązania, które pomogą zrealizować cele naszych klientów.",,,1182251782,https://www4.pwe-expoplanner.com/sklep/img/logo/59156.jpg,https://zbudujprzyczepe.pl/,zapytania@zbudujprzyczepe.pl; biuro@zbudujprzyczepe.pl,2025-05-16; 2026-05-04; 6666666667,,https://www.linkedin.com/company/zbudujprzyczepe-pl,https://www.facebook.com/p/Piekarnia-Grahamka-Sp-z-oo-100057518234800/,https://www.instagram.com/kreuzbergkebap,https://www.youtube.com/@zbudujprzyczepepl/featured,,Adam Ujastowski (Właściciel) | Unijnych Katarzyna Chrowatkiewicz (Właściciel) | Jakub Dynar (Właściciel)
HOME BRANDS,2025,,,C1.34,,,Sprzedane,https://hb24.pl/,,,,5242784640,https://www4.pwe-expoplanner.com/sklep/img/logo/8378.jpg,https://hb24.pl/,tomasz.grzybowski@hb24.pl; sklep@hb24.pl; biuro@hb24.pl,+48 887-550-262; +48 692-165-476; +48 887-550-022,,,,,,,
Great Exhibitions,2025,,,C5.01,,,Sprzedane (Agenci),https://greatexhibitions.gr/en/,-,,,,,,,,,,,,,,
ELEA LAND,2025,,,C4.02,,,Sprzedane (Agenci),http://www.elealand.gr,-,"Our company is activated in the production, standardization and exports of premium Greek Extra Virgin Olive Oil and of various oil blends. We always emphasize in high-quality$REDNIK thus all of our production units function under the high standards of IFS and ISO22000:2005.Our olive oils are being exported to more than 25 countries worldwide successfully",,,https://www4.pwe-expoplanner.com/sklep/img/logo/80025.jpg,https://elealand.gr/,,,,,,,,,
GEA BAKERY,2025,,,C4.02,,,Sprzedane (Agenci),https://www.geabakery.com/,"Gea Bakery to pionierska grecka firma oferująca wysokiej jakości produkty bezglutenowe, przygotowane z czystych, naturalnych składników dostarczanych przez ziemię. Dzięki naszej wiedzy i doświadczeniu w wypiekach bezglutenowych tworzymy oryginalne receptury bez użycia gotowych mieszanek, modyfikowanej skrobi czy konserwantów. Nasze produkty są wolne od GMO i powstają z wysokiej jakości składników, takich jak białko grochu, siemię lniane, mąka z soczewicy, autentyczna wanilia bourbon oraz wyśmienita belgijska czekolada. Nasze pieczywo uzyskuje ocenę A w skali Nutri-Score i jest wypiekane z naturalnych cukrów owocowych zamiast cukru.","Gea Bakery is a pioneering Greek company offering premium, gluten-free products using pure natural ingredients provided by the earth. With our expertise in gluten-free baking, we develop original recipes without using ready-made mixes, modified starches, or preservatives.Our products are GMO-free and made with high-quality ingredients like pea protein, linseed, lentil flour, authentic bourbon vanilla and fine Belgian chocolate. Our bread products rank A in the Nutri-Score  scale and are baked with natural fruit sugars instead of sugar.",,,https://www4.pwe-expoplanner.com/sklep/img/logo/80051.jpg,https://www.geabakery.com/,,103074068; 652234719; +30 210 8141 469,,,https://el-gr.facebook.com/geabakeryellada/,https://www.instagram.com/geabakery/,https://www.youtube.com/channel/UCPc4eduLLeP4nmrVbv_rl4A,,
KORVEL LTD,2025,,,C4.02,,,Sprzedane (Agenci),https://korvel-food.com/en/,-,"KORVEL LTD is a Greek family-owned olive oil factory that has been operating since 2011. We boast modern production lines and hold all necessary certifications, including IFS, Organic, FDA, and Agrocert. Our high-quality, sustainably produced olive oil features unique flavor profiles that delight our customers.",,,https://www4.pwe-expoplanner.com/sklep/img/logo/80055.jpg,https://korvel-food.com/en/,info@korvel-food.com; sales@korvel-food.com,172120542733; 1780480570; 24170133,,,https://www.facebook.com/policies/cookies/,https://www.instagram.com/korvelfood,https://youtube.com/@korvel-food,,
KRITON PARADOSI LTD,2025,,,C4.02,,,Sprzedane (Agenci),HTTP://www.kriton-paradosi.gr,-,"We are a family business, a purely Greek company operating in the food trade sector since 2002. We manufacture and distribute natural cheese products from Crete. We believe in the beneficial power of the ""Mediterranean Diet"". We promote pure traditional products in Greece and abroad, meeting the needs of the modern consumer.",,,https://www4.pwe-expoplanner.com/sklep/img/logo/80057.jpg,https://kriton-paradosi.gr/,info@kriton-paradosi.gr; sales@kriton-paradosi.gr,2019-05-30; 2024-08-01; 1722519823730,,,https://www.facebook.com/kritonparadosi,https://instagram.com/,,,
FAMILY RECIPES P.C.,2025,,,C4.02,,,Sprzedane (Agenci),http://WWW.DEARGREECE.GR,"Dear Greece to rodzinna firma założona w 1930 roku, z nowymi zakładami produkcyjnymi w Atenach, produkująca zdrowe ciasteczka według tradycyjnych receptur, z oliwą z oliwek extra vergine z Krety, bez konserwantów i cholesterolu.- Nasza wizja to „Zawsze bądź pierwszym wyborem naszych klientów”.- Produkujemy produkty premium oparte na diecie śródziemnomorskiej.- Używamy wyłącznie oliwy z oliwek extra vergine i składników od certyfikowanych dostawców.- Nasze motto to „Jakość to nasza licencja na biznes”.",-,,,https://www4.pwe-expoplanner.com/sklep/img/logo/80059.jpg,https://www.deargreece.gr/,info@deargreece.gr,1580256972670; 1573319998233; +30 210 6640280,,,https://www.facebook.com/deargreece/,https://www.instagram.com/dear_greece/,,,
M.KOSMIDIS & CO,2025,,,C4.02,,,Sprzedane (Agenci),http://halvadopoiia.gr/,-,-,,,https://www4.pwe-expoplanner.com/sklep/img/logo/80066.jpg,https://halvadopoiia.gr/,,1439560530298; 1439558147562; 1738392253070,,,https://www.facebook.com/pages/%CE%A0%CE%B1%CF%81%CE%B1%CE%B4%CE%BF%CF%83%CE%B9%CE%B1%CE%BA%CE%AE-%CE%A7%CE%B1%CE%BB%CE%B2%CE%B1%CE%B4%CE%BF%CF%80%CE%BF%CE%B9%CE%B9%CE%B1-%CE%9C%CE%9A%CE%BF%CF%83%CE%BC%CE%B9%CE%B4%CE%B7-%CE%A3%CE%B9%CE%B1-%CE%9F%CE%95/320757561274379,,https://www.youtube.com/channel/UCEn_tUoAOyh7bXHMxEWV3IQ,,
MC DIVINA S.M.P.C,2025,,,C4.02,,,Sprzedane (Agenci),http://brak.com,-,"MC DIVINA S.M.P.C is a new established company based in Athens with main activity to offer a premium range of Bakery products including Butter Cookies and Panettone under the International Maria Callas brand all presented in luxurious packaging. This iconic brand, inspired by the legendary Diva, stands as a symbol of elegance and timeless appeal. Maria Callas products offer a piece of History, Culture and Art.",,,https://www4.pwe-expoplanner.com/sklep/img/logo/80068.jpg,,,,,,,,,,
REGION OF ATTICA,2025,,,C4.02,,,Sprzedane (Agenci),https://www.patt.gov.gr/,-,"The Region of Attica is located at the central part of the country. It contains a territory of 3,808 km2 and covers 2.9% of the total territory of Greece. It is based in Athens, the Greek capital.Attica, apart from its ancient monuments and history, is a region displaying rare natural beauty and a wonderful climate, suitable for the nourishing of plants that, although they do not even grow in many other places, bear fruit here. Land and sea in this place provide us with all kinds of goods. As Xenophon said, “whatever goods Gods have to offer people in each season, here it all starts to grow very early and ceases to grow very late”.",,,https://www4.pwe-expoplanner.com/sklep/img/logo/80069.jpg,,,,,,,,,,
HATZIGAVRIEL BROS. G.P.,2025,,,C4.02,,,Sprzedane (Agenci),https://halvas-marathonos.gr,-,"The Hatzigavriel family has been active since 1988 in the food industry, in bakery products, confectionery and catering services. In the early 20th century, Nikolaos Hatzigavriel was a halva producer in Makri in Asia Minor (now Turkey). Today, his great-grandchildren, a century later, rediscovering their history and investing in cutting-edge technology, present you the Marathon halva of the Hatzigavriel family. The company is housed in a privately owned 600m² facility and has completed investments of over two million euros for the vertical production and processing of sesame, tahini and halva. It continues its investments in green energy, producing 100KW of electricity, making it energy self-sufficient.",,,https://www4.pwe-expoplanner.com/sklep/img/logo/80841.jpg,,,,,,,,,,
DAMAK FOOD,2025,,,C3.27,,,Sprzedane,https://damakfood.pl/pl/,,,,1090001681,https://www4.pwe-expoplanner.com/sklep/img/logo/11053.jpg,,,,,,,,,,
Rabeko,2025,,,C3.28,,,Sprzedane (Targi obce),https://www.rabeko.be/en/,,,,,https://www4.pwe-expoplanner.com/sklep/img/logo/67801.jpg,https://rabekoshop.be/en/,info@rabeko.be,93252813187; 182454485379; 66-1780480575,,,https://www.facebook.com/rabekozero,https://www.instagram.com/rabeko.be/,https://www.youtube.com/@BartRabeko,https://www.tiktok.com/@rabeko.be,
REGION OF CENTRAL MACEDONIA,2025,,,C5.01,,,Sprzedane (Agenci),https://www.pkm.gov.gr,-,"Central Macedonia is Greece’s most visited Region, known for the legendary history and the magnificent landscapes. Central Macedonia is also Greece’s first Region in agri-food products exports. Our outstanding brand, the “Macedonian Cuisine”, is prepared with top quality and nutrition value ingredients produced in Central Macedonia, Greece.",,,https://www4.pwe-expoplanner.com/sklep/img/logo/80262.jpg,https://www.pkm.gov.gr,dpo@pkm.gov.gr,99999999; 999999999; 04-06-2026,,,,,,,
Begas Agro,2025,,,C5.01,,,Sprzedane (Agenci),https://www.begasagro.gr/,"BEGAS AGRO SA to firma z branży ryżowej z siedzibą w Halastra w Grecji. Przetwarzamy i eksportujemy około 30 000 ton ryżu pochodzącego z Grecji,z wielu odmian. Nasze produkty obejmują: - Ryż średnioziarnisty - Ryż długoziarnisty - Ryż risotto - Ryż parboiled - Ryż Camolino - Ryż brązowy - Ryż łamany 100% biały i parboiled","BEGAS AGRO SA is a rice industry based in Halastra, Greece. We process and export approximately 30,000 tons of Greek origin rice,from a plethora of varieties. Our products include: - Medium Grain Rice - Long Grain Rice - Risotto Rice - Parboiled Rice- Camolino Rice - Brown Rice - Broken 100% White and Parboiled Rice",,,https://www4.pwe-expoplanner.com/sklep/img/logo/80281.jpg,https://www.begasagro.gr/,info@begasagro.gr,+302310794260; 40.7306585; 22.7021745,,https://www.linkedin.com/,https://www.facebook.com/BEGAS-AGRO-SA-1028994297126479,,https://www.youtube.com/channel/UCj3c7fp9_ABLmAI4DB28ZrQ,,
FIRST AGRICULTURAL COOPERATIVE OF RICE PRODUCERS OF CHALASTRA,2025,,,C5.01,,,Sprzedane (Agenci),HTTP://www.chalastrarice.gr,-,The First Agricultural Cooperative of Chalastra was founded in 1917 and is one of the first and biggest in Greece. Every year we gather  and manage 50.000 mt of rice that it is released on the greek market and other markets abroad.,,,https://www4.pwe-expoplanner.com/sklep/img/logo/80282.jpg,https://www.chalastrarice.gr/,sales@chalastrarice.gr; info@chalastrarice.gr; smkampania@gmail.com,1521454471648; 1519139408004; 1774622700624,,,,,,,
KARKALIS N. VAIOS,2025,,,C5.01,,,Sprzedane (Agenci),http://ff@food-forum.gr,-,"FOOD FORUM is a Greek company that produces a variety of antipasti delicacies –appetizers such as stuffed peppers with cheese (cherry, bell, green long pepper, honey pepper), stuffed vegetables  (mushrooms, artichokes) etc. Also, Greek olives, green Halkidiki , Kalamon, whole, pitted and stuffed. Our products are exported to many different countries. Our philosophy is based on the combination of quality and   innovation   in order to satisfy the consumer’s needs by offering products of high quality. We adjust the traditional flavors and the traditional way of preserving food, such as pickled peppers, to the modern eating habits.  Our company is certified according to FSSC 22000, ISO 22000, ISO/TS 22002-1.",,,https://www4.pwe-expoplanner.com/sklep/img/logo/80284.jpg,,,,,,,,,,
Holy Monastery of Hilandar,2025,,,C5.01,,,Sprzedane (Agenci),HTTP://www.hilandarwines.com,-,"It takes time to create this exceptional wine. A wine steeped in timeless monastic tradition, handcrafted in limited quantities, with love and devotion by the monks of Hilandar. With grapes grown on vines dating back to the foundation of the Holy Monastery of Hilandaron the sacred mountain of Mount Athos in 1198.And it takes time to enjoy this exceptional wine but it’s time well spent",,,https://www4.pwe-expoplanner.com/sklep/img/logo/80286.jpg,https://hilandarwines.com/,info@hilandarwines.com,779985841; 1779985841; 79985841,,,https://facebook.com/hilandarwines,https://instagram.com/hilandarwines,,,
KRONOS SA,2025,,,C5.01,,,Sprzedane (Agenci),https://www.kronos.com.gr/preload,"Jesteśmy KRONOS SA, przemysł przetwórstwa owoców w puszkach zlokalizowany w północnej Grecji. Jesteśmy firmą w 100% eksportową, dostarczającą nasze produkty do 95 krajów na całym świecie, z ciągłą ekspansją na nowe rynki. Lider w greckim przemyśle konserwowania owoców i jeden z czołowych producentów na świecie. Produkujemy: • Brzoskwinie: połówki, plastry i kostka • Obrane morele: połówki • Mieszanka owocowa • Gruszki: połówki i kostka Wszystkie produkty mogą być pakowane w różne rodzaje syropów, a także w soki i wodę. Oferujemy również: • Przeciery owocowe: brzoskwiniowy, morelowy, gruszkowy, jabłkowy (Brix 30/32 i 10/12) • Produkty aseptyczne: kostka brzoskwiniowa, połówki moreli do zastosowań przemysłowych • Nasz nowy produkt: oliwki i owoce w plastikowych kubkach o pojemności 124 ml","KRONOS SA is a canned fruit industry situated in Northen Greece. We are an 100% export company, covering 95 countries worldwide,  with constant expansion into new markets. Leader in the Greek fruit canning industry and one of the top worldwide. We produce:  Peaches: halves, slices, and dices  Peeled Apricots: halves  Fruit Cocktail  Pear: halves and dices All products can be packed in all types of syrup, as well as in juices and water packs. Also we can provide:   Fruit Puree: Peach, Apricot, Pear, Apple puree concentrate, Brix 30/32 and 10/12  Aseptic: Peach dices, Apricot halves for industrial use  Our new product: Olives and fruits in plastic cups of 124ml",,,https://www4.pwe-expoplanner.com/sklep/img/logo/80287.jpg,https://www.kronos.com.gr/preload,,,,,,,,,
Mezap,2025,,,C5.01,,,Sprzedane (Agenci),http://mezap.gr/,-,"MEZAP was established in 1904. In 1950 initiates its first exporting activities in Europe, America, and Australia. In 1967 established in the western suburbs of Thessaloniki – Greece in  self-owned premises, at which it currently remains. Today, after 120 years, MEZAP company holds a notable share of the Greek market, while at the same time it successfully exports 50% of its production to many destinations all over the world.  Mezap SA employs a food safety & quality system according to BRC and ISO 9001, certified by TUV. We produce first class tahini/halva deriving from best sesame seed varieties. In terms of packaging and flavors we have a great variety to suit foodservice retail and industrial users.",,,https://www4.pwe-expoplanner.com/sklep/img/logo/80288.jpg,http://mezap.gr/,info@mezap.gr,4857142857143; 2310 751 041; 2022-09-21,,,,,,,
Dimitra Parparas,2025,,,C5.01,,,Sprzedane (Agenci),https://dimitra-foods.eu,-,"PARPARAS SA, founded in 1970, is a family owned and international oriented company, specialized in Olives, Pickled Peppers and Canned Vegetables. The company, exporting to more than 50 countries worldwide, has developed its main brand DIMITRA. The DIMITRA product range includes all varieties of Greek olives, pickled peppers, sundried tomatoes, fire roasted red paprika and fire roasted eggplant spread.",,,https://www4.pwe-expoplanner.com/sklep/img/logo/80289.jpg,https://dimitra-foods.eu,,+306932171971; 2020-07-07; 2025-10-16,,,https://www.facebook.com/Parparas-SA-539401619461054/,https://www.instagram.com/parparassa/,https://www.youtube.com/channel/UCXDhF5RuuJPnMDA1KPNHr4w,,
NTAMPOSIS & CO,2025,,,C5.01,,,Sprzedane (Agenci),https://www.emag.ro/brands/brand/stalida,"Stalida Extra Virgin Olive Oil to najwyższej jakości olej tłoczony na zimno, wytwarzany z oliwek Koroneiki w Veria. Z bogatym aromatem, z harmonijną równowagą owocowych, pieprznych i gorzkich nut. Pełen przeciwutleniaczy i zdrowych tłuszczów, wzbogaca sałatki i dania śródziemnomorskie. EVOO Stalida to czysty, naturalny skarb z nasłonecznionych Grecji.","Stalida Extra Virgin Olive Oil is a premium, cold-pressed oil crafted from Koroneiki olives in Veria. With rich aroma, With a harmonious balance of fruity, peppery, and bitter notes. Packed with antioxidants and healthy fats, it enhances salads and Mediterranean dishes. Stalida’s EVOO is a pure, natural treasure from Greece’s sun-drenched groves.",,,https://www4.pwe-expoplanner.com/sklep/img/logo/80292.jpg,,,,,,,,,,
Tarsmak Prymat spółka z ograniczoną odpowiedzialnością,2025,,,C4.08,,,Sprzedane,http://www.tarsmak.pl/,,,,8711003184,https://www4.pwe-expoplanner.com/sklep/img/logo/48488.jpg,https://www.tarsmak.pl/,,134591434; 77673457; +48 14 641 41 61,,,https://www.facebook.com/Tarsmak-wiemy-jak-%C5%82%C4%85czy%C4%87-smaki-1699243757010679/,https://www.instagram.com/tarsmak.pl/,,,
GREATGASTRO - Spółka z ograniczoną odpowiedzialnością,2025,,,C4.08,,,Sprzedane,https://greatgastro.pl/,"Greatgastro to firma stworzona z myślą o profesjonalnej gastronomii, dostarczająca wysokiej jakości przyprawy, marynaty, panierkę oraz opakowania gastronomiczne. W Polsce i Europie wspieramy lokale gastronomiczne, pizzerie, cateringi, hotele, cukiernie, kawiarnie, piekarnie - nie tylko najlepszymi produktami, ale także kompleksowym doradztwem i wsparciem marketingowym.","Greatgastro is a company created with professional gastronomy in mind, providing high-quality spices, marinades, breading, and food packaging. In Poland and across Europe, we support restaurants, pizzerias, catering services, hotels, confectioneries, cafés, and bakeries—not only with top-quality products but also with comprehensive consulting and marketing support.","1, 11-111, 1, Polska",,https://www4.pwe-expoplanner.com/sklep/img/logo/25387.png,https://greatgastro.pl/,biuro@greatgastro.pl,2020-02-12; 2025-02-21; +48 728 501 601,,,https://www.facebook.com/greatgastropl/,https://www.instagram.com/greatgastro.pl/,https://www.youtube.com/channel/UC8z4dsmrMOodnbVhshkULPw,,
Urząd Marszałkowski Województwa Podlaskiego,2025,,,C3.02,,,Sprzedane (Targi PWE),https://www.wrotapodlasia.pl/,,,,5422542016,https://www4.pwe-expoplanner.com/sklep/img/logo/50586.jpg,,,,,,,,,,
BGF HUB SPÓŁKA Z OGRANICZONĄ ODPOWIEDZIALNOŚCIĄ,2025,,,C3.44,,,Sprzedane (Targi PWE),https://aleo.com/pl/firma/bgf-hub-spolka-z-ograniczona-odpowiedzialnoscia,"Sprzedaż hurtowa cukru, czekolady, wyrobów cukierniczych i piekarskich",,,9462735255,https://www4.pwe-expoplanner.com/sklep/img/logo/65812.jpg,,,,,,,,,,
Orzeszek/Przyprawy Twojej Kuchniwied,2025,,,C3.07,,,Sprzedane,https://orzeszek.com.pl/,"Firma Orzeszek od wielu lat  zajmuje się importem, konfekcjonowaniem i sprzedażą produktów z wielu różnych kategorii żywności, ze szczególnym uwzględnieniem produktów ważnych dla zachowania zdrowia konsumentów.",,,7311964778,https://www4.pwe-expoplanner.com/sklep/img/logo/15801.jpg,https://orzeszek.com.pl/,sklep@orzeszek.com.pl; biuro@orzeszek.com.pl,1602077689-1024; 2021-02-01; 2025-10-15,,,https://www.facebook.com/Firma.Orzeszek/,https://www.instagram.com/orzeszekznatury/,,,
Tender Meat Sp. z o.o.,2025,,,C5.11,,,Sprzedane (Dział Prawny),https://tendermeat.pl/,"Jesteśmy dostawcą mięs premium na rynku HoReCa od ponad 20 lat. Zawsze najważniejsze dla nas było budowanie trwałych relacji z Klientami. Wieloletnia współpraca oparta na zaufaniu to efekt gwarantowanej przez nas jakości oraz indywidualnego podejścia. Mamy zaszczyt pracować z najlepszymi szefami kuchni w całej Polsce. Są to relacje w większości osobiste, które bardzo sobie cenimy. W zamian za zaufanie odpłacamy pełnym zaangażowaniem w każde zlecenie.",,,5671640019,https://www4.pwe-expoplanner.com/sklep/img/logo/77975.jpg,https://tendermeat.pl/,,00000040; 1000000000; 00000008,,,,,,,
FOLPOL,2025,,,C5.25,,,Sprzedane,https://www.folpol.pl/pl/,,,,1231029091,https://www4.pwe-expoplanner.com/sklep/img/logo/33138.jpg,https://folpol.pl/,lp.loplof@ezcinlor.eilof; lp.loplof@keis.anna; lp.loplof@kazcarf.arabrab,(168 168 173; 123-10-29-091; 015803517,,,,,,,Katarzyna Wińska (Manager)
SMART WORK,2025,,,C3.26,,,Sprzedane (Dział Prawny),https://www.smartwork.pl/,,,,8842754100,https://www4.pwe-expoplanner.com/sklep/img/logo/24164.jpg,https://www.smartwork.pl/,biuro@smartwork.pl; info@smartwork.pl; b.madejczyk@smartwork.pl,+74 74 648 70 47; 0000550541; 361127620,,https://www.linkedin.com/company/agencjapracy-smartwork/,https://www.facebook.com/smartwork.agencjapracy/,,,,Smart Work Nawigacja (Wiceprezes)
MCCS Agnieszka Nowicka,2025,,,C4.31,,,Sprzedane,http://mccs.com.pl,,,,9670997508,https://www4.pwe-expoplanner.com/sklep/img/logo/24618.jpg,https://mccs.com.pl/,biuro@mccs.com.pl; czesci@mccs.com.pl,2023-12-21; 2026-05-12; 697 484 048,,,,,,,
SOLIGRANO,2025,,,C1.28,,,Sprzedane (Dział Prawny),https://soligrano.pl/,Zywnosc bio,,,7312050508,https://www4.pwe-expoplanner.com/sklep/img/logo/38202.jpg,https://soligrano.pl/,biuro@soligrano.pl; katarzyna.kuran@soligrano.pl; martyna.wawszczak@organikagro.pl,415195843127943; 2019-12-28; 2026-05-26,,,https://www.facebook.com/soligrano,https://www.instagram.com/soligrano/,https://www.youtube.com/channel/UCFXp5VmnGhi8I1fKB81t08w,,Martyna Wawszczak (Specjalista) | Joanna Michlewska Key (Account Manager) | Kamil Rabenda (CEO)
Carnauba,2025,,,C3.84,,,Sprzedane,https://brak.pl,.,,,40203290405,,,,,,,,,,,
FUNDACJA FITMENTOR,2025,,,C3.86,,,Sprzedane,https://www.fitmentor.pl/,,,,6252492129,https://www4.pwe-expoplanner.com/sklep/img/logo/78095.jpg,https://www.fitmentor.pl/,office@fitmentor.pl,11324410718; 1617099911; 17-03-2024,,,,,,,
Andrzej Langer,2025,,,C5.10,,,Sprzedane,https://brak.com,,,,0000000000,https://www4.pwe-expoplanner.com/sklep/img/logo/57202.jpg,,,,,,,,,,
Čokoládovny Fikar,2025,,,C5.02,,,Sprzedane,https://www.fikar.cz/,Czekolada,,,CZ25529811,https://www4.pwe-expoplanner.com/sklep/img/logo/64582.jpg,https://www.fikar.cz/,info@fikar.cz; marketing@fikar.cz; export@fikar.cz,17776735562; +420 777 787 782; 561133019762640,,,https://www.facebook.com/fikar.cz,https://www.instagram.com/cokoladovny_fikar/,,,
ABP Food Group,2025,,,C5.14,,,Sprzedane,https://abpfoodgroup.com/,,,,,https://www4.pwe-expoplanner.com/sklep/img/logo/68600.jpg,https://abpfoodgroup.com/,,54734123,,,,,,,
Ambasada Republiki Słowackiej,2025,,,C1.01,,,Sprzedane,https://brak@brak.com,.,,,SK2020210049,https://www4.pwe-expoplanner.com/sklep/img/logo/72715.jpg,,,,,,,,,,
Organizacja Producentów Ryb Jesiotrowatych,2025,,,C1.26,,,Sprzedane,https://rejestr.io/krs/354106/organizacja-producentow-ryb-jesiotrowatych,.,,,9562269203,https://www4.pwe-expoplanner.com/sklep/img/logo/74692.jpg,,,,,,,,,,
"Messetop (Beijing)International Business &Exhibition Co.,Ltd",2025,,,C3.25,,,Sprzedane (Agenci),https://mp.weixin.qq.com,-,-,,,,,,,,,,,,,
"Qingdao Yilong Packaging Machinery Co.,Ltd",2025,,,C3.25,,,Sprzedane (Agenci),http://www.yilongpackagingmachine.com,"Założona w 1999 roku w Qingdao, jesteśmy wiodącym, profesjonalnym i elastycznym producentem automatycznych maszyn do napełniania i zgrzewania. Przyczyniamy się do opracowania krajowej normy Chin GB/T 38501-2007 oraz normy przemysłowej GB/T 38501-2020 dla maszyn do napełniania i zgrzewania.","Founded in 1999 Qingdao, Qingdao Yilong Packaging Machinery Co., Ltd. is the leading, professional and flexible manufacturer for automatic rotary fill and seal packaging machines. We lead to make and draft the China's national standard GB/T 38501-2007 and Industrial Standard GB/T 38501-2020 for rotary fill and seal packaging machines.",,,https://www4.pwe-expoplanner.com/sklep/img/logo/79456.jpg,,,,,,,,,,
Świat Przypraw,2025,,,C4.11,,,Sprzedane (Dział Prawny),http://www.swiatprzypraw.eu/,,,,1250590115,https://www4.pwe-expoplanner.com/sklep/img/logo/9330.jpg,http://swiatprzypraw.eu/,biuro@swiatprzypraw.eu,25-07-2024; +48 22 353 85 50; +48 502 447 415,,,https://www.facebook.com/przyprawyprzyprawy/,,,,
Bejoy,2025,,,C1.40b,,,Sprzedane,https://bejoy.pl/,"Projektowanie i produkcja opakowań, materiałów poligraficznych i reklamowych oraz wspierających sprzedaż.",,"Krajkowo 16a, 09-210, Drobin, Polska",,https://www4.pwe-expoplanner.com/sklep/img/logo/19385.jpg,https://bejoy.pl/,bejoy@bejoy.pl,969652825; +48 504 265 292; 5361457172,,,,,,,
English Tea Shop Polska/EWAX cywilna,2025,,,C1.60a,,,Sprzedane,https://herbata.sklep.pl/,HERBATY BIO,,,295562747,https://www4.pwe-expoplanner.com/sklep/img/logo/13484.jpg,https://herbata.sklep.pl/,kontakt@englishteashop.pl; info.herbata@gmail.com,66.66666667; 33.33333333; 1496304045405,https://api.whatsapp.com/send?text=https%3A%2F%2Fherbata.sklep.pl%2F,,https://www.facebook.com/etsherbata,https://www.instagram.com/englishteashoppolska/,,,
ROLESKI,2025,,,C2.23,,,Sprzedane,https://roleski.pl/,"Firma Roleski to rodzinne przedsiębiorstwo ze 100% polskim kapitałem, od ponad 40 lat związane z produkcją spożywczą.Zajmujemy się projektowaniem i wytwarzaniem produktów premium w postaci ketchupów, majonezów, musztard, sosów, dressingów, bulionów, marynat oraz octów.  W ostatnim czasie nasze portfolio zostało wzbogacone o najwyższej jakości serię produktów ekologicznych w skład których wchodzą musztardy bio, ketchupy bio oraz koncentrat pomidorowy bio.",,,8732595273,,https://roleski.pl/,biuro@roleski.pl,54811222; 2015-03-17; 2025-02-11,,,https://www.facebook.com/Roleski,https://www.instagram.com/roleskipl/,https://www.youtube.com/channel/UCeT7WupaVEPEg-XFjaME5zA,,
TWARDZIK,2025,,,C1.44a,,,Sprzedane,https://twardzik.com.pl/,"Główną dziedziną naszej działalności jest produkcja mrożonych owoców i warzyw. Posiadamy bogaty asortyment produktów mrożonych, warzyw i owoców mono jak i mieszanek warzywnych oraz owocowych. Produkty są skierowane głównie do gastronomi, sektor „HoReCa”, opakowania - woreczki 2,5 kg, kartony 10 kg. Dysponujemy również linią produktów dedykowanych do detalu, opakowania kolorowe 750 g oraz 450 g.","Our main activity is production of IQF fruits and vegetables. We offer a wide range of frozen vegetable and fruit products, both mono and in mixtures. The Products are mainly aimed at the catering market, HoReCa sector, with the following packaging: bags 2.5 kg, cartons 10 kg. We also have products line dedicated to retail market, with coloured packaging of 750 g and 450 g.",,6340251276,https://www4.pwe-expoplanner.com/sklep/img/logo/68316.jpg,https://twardzik.com.pl/,artur@twardzik.com.pl,+48 32 2020892; +48 81 8289093; 63595997,,https://www.linkedin.com/company/7139185/,https://www.facebook.com/people/Twardzik-SpJ/61567334487374/,https://instagram.com/twardzikspj,https://www.youtube.com/@TwardzikSpJ,https://www.tiktok.com/@twardzik.sp.j,Biuro Handlowe (Dyrektor)
Roberto & Franco,2025,,,C4.43a,,,Sprzedane (Dział Prawny),https://robertofranco.pl/index.php?,,,,5252526247,https://www4.pwe-expoplanner.com/sklep/img/logo/32983.jpg,https://robertofranco.pl/index.php?,info@robertofranco.pl; nazar.svyryd@gmail.com; elektrownia@robertofranco.pl,58727499; 1520334431; 0000408656,,,https://www.facebook.com/TemplateMonster/,,https://www.youtube.com/user/TemplateMonsterCo,,
SDCCOM,2025,,,C0.14,,,Sprzedane,https://www.adresse-algerie.com/annuaire/sarl-communication-et-consulting-djazia/,,,,800 71629023545,,,,,,,,,,,
YÖKLMN,2025,,,C6.10,,,Sprzedane (Dział Prawny),https://www.yomleko.pl,.YÖMleko,,,5862375841,https://www4.pwe-expoplanner.com/sklep/img/logo/19754.jpg,https://www.yomleko.pl,say-yo@yomilch.com; info@yoklmn.eu,(030) 52014010; +386 69 666 227; 74 586-237-58-41,,https://www.linkedin.com/company/yoklmn/,https://www.facebook.com/profile.php,https://www.instagram.com/yomleko_pl,https://www.youtube.com/channel/UCKbDgIlV91ER1xSVRStVZ_g,,
Pure Chocolate,2025,,,C1.40a,,,Sprzedane (Dział Prawny),https://purechocolate.lv/,,,,,https://www4.pwe-expoplanner.com/sklep/img/logo/80878.jpg,https://purechocolate.lv/,info@purechocolate.lv; muzejs@purechocolate.lv,2024-08-01; 2026-01-30; 10800802934,,https://lv.linkedin.com/company/pure-chocolate-ltd,https://www.facebook.com/purechocolatelatvia,https://www.instagram.com/purechocolate.lv/,https://youtu.be/DYObsMi6nHE,,
NUTIN,2025,,,C5.21,,,Sprzedane,http://nutin.com.pl/,,,,7011007392,https://www4.pwe-expoplanner.com/sklep/img/logo/34241.jpg,https://nutin.com.pl/,info@nutin.com.pl,+48 22 2431958; 31536000,,,,,,,
POLAND FRUITS,2025,,,C2.31,,,Sprzedane,http://polandfruits.pl/,,,,7971848647,https://www4.pwe-expoplanner.com/sklep/img/logo/58290.jpg,https://polandfruits.pl/strona-glowna,marketing@polandfruits.com; a.dabrowska@polandfruits.pl,52536197; +48 22 824 14 97; +48 508 112 968,,,,,,,
Go Fair Turkey,2025,,,C1.19,,,Sprzedane (Agenci),https://www.gofairturkey.com/,-,,,,https://www4.pwe-expoplanner.com/sklep/img/logo/75042.jpg,https://www.gofairturkey.com/,info@gofairturkey.com,2014-03-18; 2026-04-30; 1777541028,,,,,,,
DURU BULGUR GIDA SAN. VE TIC. A.Ş.,2025,,,C1.19,,,Sprzedane (Agenci),HTTP://BRAK.COM,-,-,,,https://www4.pwe-expoplanner.com/sklep/img/logo/75230.jpg,,,,,,,,,,
Agrisicilia Spa,2025,,,C1.48a,,,Sprzedane,https://agrisicilia.eu/,.,.,,05637860874,https://www4.pwe-expoplanner.com/sklep/img/logo/50997.jpg,https://agrisicilia.eu/,agrisicilia@pec.agrisicilia.eu,2023-11-15; 2026-04-29; 772985104960143,,https://it.linkedin.com/company/agrisicilia-spa,https://www.facebook.com/agrisicilia.eu,https://www.instagram.com/agrisicilia.eu,https://www.youtube.com/channel/UCD-Fp87Oei1wAzCS81UqJHA,,
JANTEX POLSKA Sp. z o.o,2025,,,C4.17,,,Sprzedane (Targi PWE),https://jantexpolska.com/,,,,7861616172,https://www4.pwe-expoplanner.com/sklep/img/logo/62552.jpg,https://jantexpolska.com/,,+48 515 515 519,,,https://www.facebook.com/jantexpolska,https://www.instagram.com/jantexpolska/,,,
Zakłady Mięsne Mielczarek,2025,,,C4.47a,,,Sprzedane,https://www.zmmielczarek.pl/,.,,,7790001284,https://www4.pwe-expoplanner.com/sklep/img/logo/36892.jpg,https://www.sklep.zmmielczarek.pl/mielczarek-zaklady-miesne-strona-glowna/,sklep@zmmielczarek.pl; mielczarek@zmmielczarek.pl; handel@zmmielczarek.pl,(255 255 255; 1070432710; +0152-0153,,,https://www.facebook.com/profile.php,https://www.instagram.com/mielczarek.zakladymiesne/,,,
EXPRESS MENU,2025,,,C5.09,,,Sprzedane (Dział Prawny),https://www.expresmenu.com/,Petříkovická 518541 03 TrutnovRepublika Czeska,,,25927078,,https://www.expresmenu.com/,info@expresmenu.com; prodejna@expresmenu.com; jan.hotovec@expresmenu.cz,969189834; +420 499 399 421; 24.11.2025,,,https://www.facebook.com/Expresmenu/,https://www.instagram.com/expres_menu/,https://www.youtube.com/channel/UCwECRONjaWrhZhqwNPY0PlA,,
Mediovo Digital Marketing,2025,,,C3.48a,,,Sprzedane,https://mediovo.pl,"Mediovo to agencja specjalizująca się w kompleksowych rozwiązaniach digital marketingowych. Nasze doświadczenie obejmuje obsługę Klientów w szerokim zakresie działań reklamowych, od strategii marketingowej po kampanie reklamowe online (Facebook Ads i Google ADS) oraz outdoor. Oferujemy profesjonalne wsparcie w zakresie social media na kanałach Facebook, Instagram, LinkedIn, TikTok oraz tworzenia responsywnych stron internetowych. Zaufało nam już wiele firm, którym pomogliśmy w dotarciu do nowych klientów i zwiększeniu swojej widoczności online. Specjalizujemy się także w zdobywaniu rynków zagranicznych dla polskich przedsiębiorców, obecnie dystrybuując reklamy w 4 różnych językach w 15 państwach Europy, Azji i Ameryki Południowej.","Mediovo is a marketing agency specializing in comprehensive digital marketing solutions. Our experience includes serving clients in a wide range of advertising activities, from marketing strategy to online advertising campaigns (Facebook Ads and Google ADS) and outdoor. We offer professional support in the field of social media on Facebook, Instagram, LinkedIn, TikTok and creating responsive websites. Many companies have already trusted us and helped them reach new customers and increase their online visibility. We also specialize in gaining foreign markets for Polish entrepreneurs, currently distributing advertising in 4 different languages in 15 countries in Europe, Asia and South America.",,5273014914,https://www4.pwe-expoplanner.com/sklep/img/logo/44826.jpg,https://mediovo.pl,kontakt@mediovo.pl; mateusz@mediovo.pl; paulina@mediovo.pl,2023-09-26; 2025-09-19; 792 405 702,,,https://www.facebook.com/mediovo.digital.marketing,https://www.instagram.com/mediovo_marketing/,,,
Klaster Creative Packaging Group CPG,2025,,,C4.23,,,Sprzedane,https://cpgpackaging.pl/,,,,9592059723,https://www4.pwe-expoplanner.com/sklep/img/logo/81079.jpg,https://cpgpackaging.pl/,biuro@cpgpackaging.pl; Info@cpgpackaging.pl,99999999; 999999999; +0490-0491,,https://www.linkedin.com/company/klaster-cpg/,https://www.facebook.com/share/d4S33gsaAjYF5bmy/,https://www.instagram.com/klaster_cpg,,,Paweł Paździerz (Prezes) | Katarzyna Piątek (Wiceprezes)
AZERPOLTRADE,2025,,,C1.13,,,Sprzedane,http://www.azerpoltrade.pl,"Azerpoltrade Sp. z o.o. jest partnerem azerbejdżańskiego holdingu Azersun oraz największym dystrybutorem artykułów spożywczych z Azerbejdżanu w Europie, mającym siedzibę w Warszawie.Mamy w swoim portfolio szeroką gamę najwyższej klasy światowej (Orange Pekoe) herbat Azercay oraz Berga, tłoczony na zimno (NFC) naturalny sok z granatów i sos z granatów Saville oraz konfitury, przetwory warzywne i kompoty Bizim Tarla. Wszystkie produkty oferowane przez Azerpoltrade cieszą się bardzo dużą popularnością nie tylko w Polsce ale także w innych krajach europejskich. Wśród naszych klientów są delikatesy, sklepy specjalistyczne, hurtownie spożywcze a także wybrane sieci NKD i TKD. Dzięki profesjonalnej kadrze pracowniczej oraz bezpośrednim kontaktom z produkcją bardzo szybko reagujemy na zmieniające się potrzeby rynku co zapewnia nam bardzo dynamiczny wzrost sprzedaży rok do roku.","Azerpoltrade Ltd. is a partner of Azerbaijani holding company Azersun and the largest distributor of Azerbaijani food products in Europe, based in Warsaw. We have in our portfolio a wide range of world-class (Orange Pekoe) Azercay and Berga teas, cold-pressed (NFC) natural pomegranate juice and Saville pomegranate sauce, and Bizim Tarla jams, vegetable preserves and compotes. All products offered by Azerpoltrade are very popular not only in Poland but also in other European countries. Among our customers are delicatessens, specialty stores, food wholesalers and selected NKD and TKD chains. Thanks to our professional staff and direct contacts with production, we respond very quickly to changing market needs, which provides us with a very dynamic sales growth year on year.",,1133027978,https://www4.pwe-expoplanner.com/sklep/img/logo/75159.jpg,http://www.azerpoltrade.pl,office@azerpoltrade.pl,+48 781 259 399,,,,,,,
Rhumveld Baltic OÜ,2025,,,C1.14,,,Sprzedane (Targi PWE),https://rhumveld.com/Baltic/,,,,100149146,https://www4.pwe-expoplanner.com/sklep/img/logo/44137.jpg,https://rhumveld.com/Baltic/,sales@rhumveld.com; angelica@rhumveld.com; aleksei@rhumveld.com,2023-09-08; 2026-03-12; +372 633 3036,,,,,,,
Bacówka Towary Tradycyjne,2025,,,C3.47a,,,Sprzedane,https://bacowkatowary.pl/,,,,8681735993,https://www4.pwe-expoplanner.com/sklep/img/logo/47287.jpg,https://bacowkatowary.pl/,biuro@bacowkatowary.pl; prezenty@bacowkatowary.pl; bacowka@bacowkatowary.pl,+48126395886; 48 12 639 58 86; 14 685 31 20,,,https://www.facebook.com/BacowkaTowaryTradycyjne/,https://www.instagram.com/bacowkatowary/,,,Rafał Mróz (Dyrektor) | Wojciech Bartczak (Kierownik) | Tomasz Węclewicz (Kierownik)
Francesco Piscopo,2025,,,C6.12,,,Sprzedane (Dział Prawny),"https://www.owg.pl/ceidg/francesco_piscopo_9,74,521375,5213751402",,,,5213751402,,,,,,,,,,,
KACZMARSKI GROUP SPÓŁKA JAWNA,2025,,,C4.09,,,Sprzedane (Dział Prawny),https://kaczmarskigroup.pl/,,,,8952053350,https://www4.pwe-expoplanner.com/sklep/img/logo/49298.jpg,https://kaczmarskigroup.pl/,kontakt@kaczmarskigroup.pl; obslugacok@kaczmarskigroup.pl; hr@kaczmarskigroup.pl,2026-05-15; 2026-05-11; 2026-02-23,,https://www.linkedin.com/company/kaczmarskigroup/,https://www.facebook.com/Kaczmarski-Group-192903287911160/,,https://www.youtube.com/watch,,Kaczmarski Group (CEO)
C.M.C. FOOD,2025,,,C1.12,,,Sprzedane,https://cmcfood.net.pl/,,,,5512651602,,https://cmcfood.net.pl/,biuropg4@cmc.net.pl,2021-04-20; 2025-10-28; +0152-0153,,,,,,,
CNC MILLING SPÓŁKA Z OGRANICZONĄ ODPOWIEDZIALNOŚCIĄ SPÓŁKA KOMAN,2025,,,C3.48b,,,Sprzedane (Dział Prawny),https://cncmilling.pl/,.,.,,7792414518,https://www4.pwe-expoplanner.com/sklep/img/logo/59376.jpg,https://cncmilling.pl/,biuro@cncmilling.pl; j.koscielniak@cncmilling.pl; a.smyrnov@cncmilling.pl,2022-08-18; 2025-09-09; 48 534-129-048,,,,,,,
Feedwell  PsiBufet,2025,,,C2.21,,,Sprzedane,https://psibufet.pl/,Psi bufet/ katering dla psów.,,,1133005563,,https://psibufet.com/,,205357142857143; 81183092,,,https://www.facebook.com/psibufet/,https://www.instagram.com/psibufet/#,https://www.youtube.com/@psibufetpl,https://www.tiktok.com/@psibufet,
FIRST EDITION SPÓŁKA Z OGRANICZONĄ ODPOWIEDZIALNOŚCIĄ,2025,,,C4.43b,,,Sprzedane (Dział Prawny),https://brak@brak.com,.,,,7272861702,,,,,,,,,,,
ACHNAGAL Ltd,2025,,,C3.80a,,,Sprzedane,https://brak@brak.com,.,,,000,,,,,,,,,,,
Teste Di Moro Trading Sp. z o.o.,2025,,,C4.13,,,Sprzedane (Targi PWE),https://www.testedimoro.pl/?srsltid=AfmBOorc6w7lkjLUPV27v128cSfH9vhLXlWxl15xcpFgjRSQu6q_2VDi,.,,,8513318094,https://www4.pwe-expoplanner.com/sklep/img/logo/67331.jpg,,,,,,,,,,
Meat revolution,2025,,,C3.18,,,Sprzedane (Targi obce),https://meatrevolution.com/,.,,,202010202,https://www4.pwe-expoplanner.com/sklep/img/logo/67795.jpg,https://meatrevolution.com/,,766415882; 766415883; 1766415883,,,https://www.facebook.com/meatrevolution,https://www.instagram.com/meat_revolution/,,,
Wise Trading Group,2025,,,C5.15,,,Sprzedane (Targi obce),http://www.wisetradinggroup.pl/,,,,6762565241,https://www4.pwe-expoplanner.com/sklep/img/logo/68219.jpg,http://wisetradinggroup.pl/,,00000026,,,,,,,
Monolith Polska,2025,,,C4.16,,,Sprzedane,https://monolith-gruppe.net/,,,,7792541398,https://www4.pwe-expoplanner.com/sklep/img/logo/73290.jpg,https://monolith-gruppe.net/,,814368356; +49 (4108) 41 42 300; +49 (4108) 41 42 419,,,https://www.facebook.com/monolithgruppe/,https://www.instagram.com/monolithgermany/,,,
Cheese Familia s.r.o,2025,,,C4.18,,,Sprzedane (Dział Prawny),https://www4.pwe-expoplanner.com/sklep/index.php?id_category=1092&controller=category&id_lang=2,.,,,5252984688,https://www4.pwe-expoplanner.com/sklep/img/logo/74522.jpg,,,,,,,,,,
VIRAPOL SP. Z O.O.,2025,,,C5.07,,,Sprzedane,https://brak@brak.com,.,,,7011182356,https://www4.pwe-expoplanner.com/sklep/img/logo/76577.jpg,,,,,,,,,,
Dobele,2025,,,C1.17,,,Sprzedane,https://dobelemill.eu/,.,,,40003020653,,https://dobelemill.eu/,,2018-03-19; 2022-05-24; 40003020653,,https://www.linkedin.com/company/22331285/,https://www.facebook.com/DobelesDzirnavnieks/,https://www.instagram.com/dobelesdzirnavnieks/,,,Zvonko Export (Manager)
ITALIATARTUFI,2025,,,C3.79a,,,Sprzedane,https://brak@brak.com,.,,,2445080415,https://www4.pwe-expoplanner.com/sklep/img/logo/77597.jpg,,,,,,,,,,
ECOTORBA Sp. z o.o.,2025,,,C0.08,,,Sprzedane,https://rendpacoeco.com/en,-,-,,7011197263,,https://rendpacoeco.com/en,,2011-2021; 33.3333333333; 16.6666666667,,,https://www.facebook.com/rendpaco.eco,https://www.instagram.com/rendpaco_eco/,,,
"""Nowe Imperium"" Sp z o.o.",2025,,,C4.41,,,Sprzedane,https://www.newempire.com.ua/,.,.,,0000000,https://www4.pwe-expoplanner.com/sklep/img/logo/79220.jpg,https://www.newempire.com.ua/,director@newempire.com.ua; quality@newempire.com.ua; supply@newempire.com.ua,+38 095 276 65 11; +38 063 196 41 06,,,,,,,
LEQI GROUP SPÓŁKA Z OGRANICZONĄ ODPOWIEDZIALNOŚCIĄ,2025,,,C3.30,,,Sprzedane,https://brak.pl,-,,,1133151431,,,,,,,,,,,
House of Ads Sp. z o.o.,2025,,,C1.07,,,Marketing - Barter,https://www.houseofads.pl/,"House of Ads to agencja marketingowa 360 założona w 2024 roku z jasnym celem: tworzyć marketing, który nie jest kosztem, lecz inwestycją.Łączymy analityczne podejście i inżynieryjną precyzję z kreatywną wizją. Działamy na podstawie danych, ale nie zapominamy o budowaniu emocji i relacji. Twój sukces to dla nas konkretne liczby, a nie puste slogany.",,,8393169495,https://www4.pwe-expoplanner.com/sklep/img/logo/79910.jpg,https://horecaline.pl/,kontakt@horecaline.pl,+0152-0153; 489309-40; 88888815,,https://www.linkedin.com/company/horecaline-pl/,https://www.facebook.com/profile.php,https://www.instagram.com/horecaline.pl/,https://www.youtube.com/@Horecaline,,
JPM LOGISTICS SPÓŁKA Z OGRANICZONĄ ODPOWIEDZIALNOŚCIĄ,2025,,,C1.48b,,,Sprzedane,https://warsawexpo.eu/,v,v,,9581671277,,https://warsawexpo.eu/,info@warsawexpo.eu; rodo@warsawexpo.eu,2025-06-16; 2026-02-18; 00000099,,https://www.linkedin.com/company/warsaw-expo/,https://www.facebook.com/warsawexpo/,https://www.instagram.com/ptak_warsaw_expo/,https://www.youtube.com/@ptakwarsawexpo2557,,
Bolton OÜ,2025,,,C1.42,,,Sprzedane (Targi PWE),https://bolton.ee/,.,.,,14289808,,https://bolton.ee/,,,,,,,,,
CB Poland Sp. z o.o.,2025,,,C5.19,,,Sprzedane,https://crazybubble.pl/,.,,,6482774920,https://www4.pwe-expoplanner.com/sklep/img/logo/80507.jpg,https://crazybubble.pl/,info@crazybubble.pl; b.sliwka@crazybubble.pl; franchise@crazybubble.pl,+48505108820; 2025-06-07; 2026-06-01,,https://pl.linkedin.com/company/crazy-bubble,https://www.facebook.com/crazybubblePL,https://www.instagram.com/crazybubblepolska/,https://www.youtube.com/channel/UCRwoeHgjLAWC2I4e8kBid3g,https://www.tiktok.com/@crazybubblepolska,Key Account (Manager) | Key Account (Manager)
SEALAND LIQUIDS SPÓŁKA Z OGRANICZONĄ ODPOWIEDZIALNOŚCIĄ,2025,,,C1.18,,,Sprzedane,https://warsawexpo.eu/,v,v,,5862296395,,https://warsawexpo.eu/,info@warsawexpo.eu; rodo@warsawexpo.eu,2025-06-16; 2026-02-18; 00000099,,https://www.linkedin.com/company/warsaw-expo/,https://www.facebook.com/warsawexpo/,https://www.instagram.com/ptak_warsaw_expo/,https://www.youtube.com/@ptakwarsawexpo2557,,
MIREALLUM SPÓŁKA Z OGRANICZONĄ ODPOWIEDZIALNOŚCIĄ,2025,,,C0.18,,,Sprzedane,https://www.migmaskincare.com/,KOSMETYKI BIO,v,,6572956398,https://www4.pwe-expoplanner.com/sklep/img/logo/80768.jpg,https://www.migmaskincare.com/,,100646145232201; 2020-11-22; 2021-10-27,,,https://www.facebook.com/Migma-Skincare-100646145232201/,https://www.instagram.com/migmaskincare/,,,
Rembor General Sp. z o.o. Sp. k.,2025,,,C1.20,,,Sprzedane (Targi PWE),https://www.rembor.com.pl/,.,,,7732207856,,https://www.rembor.com.pl/,rembor@rembor.com.pl,2023-08-15; 2025-09-27; +48 44 711 16 16,,https://www.linkedin.com/company/rembor-general-sp--z-o--o--sp--k-/,https://www.facebook.com/remborgeneral/,,https://www.youtube.com/channel/UCWpx-_6-zaRv_ylvba6CR2A,,
Biolife,2025,,,C3.50a,,,Sprzedane,https://sklepbiolife.pl/,Zywnosc bio,,,5432181241,https://www4.pwe-expoplanner.com/sklep/img/logo/4652.jpg,,,,,,,,,,
EG Paweł Czerski,2025,,,C1.53,,,Sprzedane,https://gorillacoffee.pl/,.,.,,5311716513,https://www4.pwe-expoplanner.com/sklep/img/logo/80411.jpg,https://gorillacoffee.pl/,pawel@gorillacoffee.pl; sklep@gorillacoffee.pl; biuro@palarniakawymagicdrum.pl,+48501535747; 2019-04-09; 2026-05-31,,,https://www.facebook.com/gorillacoffeepl,https://www.instagram.com/ingagicoffee/,,,
Kuchnie Świata,2025,,,C3.56a,,,Sprzedane (Targi PWE),https://www.kuchnieswiata.com.pl/,,,,1180039859,https://www4.pwe-expoplanner.com/sklep/img/logo/15758.jpg,https://www.kuchnieswiata.com.pl/,zamowienie@kuchnieswiata.com.pl; iodo@kuchnieswiata.com.pl; iod@kuchnieswiata.com.pl,2014-2020; 03.04.00-14-0284; +48 22 785-95-20,,,https://www.facebook.com/KuchnieSwiata,https://www.instagram.com/_kuchnie_swiata_/,,,Chojnacka Prezes Zarządu (Dyrektor) | Jarosław Rymuszka (Prezes) | Joanna Kołodziejczyk (Dyrektor)
NUTURA SPÓŁKA Z OGRANICZONĄ ODPOWIEDZIALNOŚCIĄ,2025,,,C1.86a,,,Sprzedane,https://nutura.pl/pl/,.,,,7262658922,https://www4.pwe-expoplanner.com/sklep/img/logo/51111.jpg,https://nutura.pl/,,2025-11-02; 2026-04-19; 533 562 900,,,https://www.facebook.com/nutura,https://www.instagram.com/nutura/,,,
Forever Young Kombucha,2025,,,C3.55a,,,Sprzedane (Targi PWE),https://kombuchabylaurent.pl/sklep/?gclid=EAIaIQobChMIocHpnJjm9QIVktSyCh3zSwVsEAAYASAAEgJmrvD_BwE,,,,5272954288,https://www4.pwe-expoplanner.com/sklep/img/logo/31011.jpg,https://kombuchabylaurent.pl/sklep/?gclid=EAIaIQobChMIocHpnJjm9QIVktSyCh3zSwVsEAAYASAAEgJmrvD_BwE,artur@kombuchabylaurent.pl; agata@kombuchabylaurent.pl; biuro@kombuchabylaurent.pl,99999999; 999999999; 99999999999999,,,https://www.facebook.com/kombuchabylaurent/,https://www.instagram.com/kombucha_by_laurent/,,,
Wytwórnia Cukierków L. Pomorski i Syn,2025,,,C1.50a,,,Sprzedane,https://www.krowki-pomorski.pl/,.,,,5291845229,https://www4.pwe-expoplanner.com/sklep/img/logo/44376.jpg,https://www.krowki-pomorski.pl/,,529-184-52-29; +48 22 758 32 71; +48 798 750 807,https://wa.me/48508508645,,https://www.facebook.com/pages/Prawdziwa-krówka-Pomorskiego/703753859737682,,,,Zarządu Oskar Pomorski (Prezes)
TOM-DOLEKO-EKOLA ORGANIZACJA ODZYSKU OPAKOWAŃ SPÓŁKA AKCYJNA,2025,,,C1.54a,,,Sprzedane,http://www.krs-online.com.pl/tom-doleko-ekola-organizacja-odzysku-krs-169451.html,,,,9552081024,,,,,,,,,,,
Akcenta cz,2025,,,C1.68a,,,Sprzedane,https://www.akcentacz.cz/,,,,CZ25163680,https://www4.pwe-expoplanner.com/sklep/img/logo/30774.jpg,https://www.akcenta.cz/,info@akcenta.eu; ipu@akcenta.eu; sales@akcenta.eu,+420 498 777 777; +420 498 777 770; 3614399685006,,https://cz.linkedin.com/company/akcenta-cz,https://www.facebook.com/akcentacz/,https://www.instagram.com/jsme.akcenta/,https://www.youtube.com/channel/UCC8wa87hRUrcI6SbUG_E3Pw,,Department Hovo (Head of Sales)
KUCHNIA POLKI,2025,,,C4.77a,,,Sprzedane (Dział Prawny),https://www.kuchniapolki.pl/kontakt/,",",,,7792015801,,https://kuchniapolki.pl/kontakt/,bok@kuchniapolki.pl; kuchniapolki@kuchniapolki.pl; iodo@kuchniapolki.pl,2024-02-15; 2026-04-19; 061 891 60 90,,,https://www.facebook.com/Kuchnia.Polki/,https://www.instagram.com/kuchniapolki/,,,
MORAWIEC NIERUCHOMOŚCI SPÓŁKA KOMANDYTOWA,2025,,,C1.61,,,Sprzedane,https://aleo.com/pl/firma/morawiec-nieruchomosci-spolka-komandytowa,,,,7551935492,https://www4.pwe-expoplanner.com/sklep/img/logo/36284.jpg,,,,,,,,,,
"""NORDPOL"" SPÓŁKA Z OGRANICZONĄ ODPOWIEDZIALNOŚCIĄ",2025,,,C4.58,,,Sprzedane (Dział Prawny),http://www.pininordpol.pl/,,,,6941004097,,https://pininordpol.pl/,sklep@pininordpol.pl,2025-08-08; 2025-09-29; 6666666667,,,https://www.facebook.com/pininordpol,https://www.instagram.com/pini.nordpol,https://youtube.com/@PiniNordpol,https://www.tiktok.com/@pini.nordpol,
M.I.T. LIMITED,2025,,,C3.49a,,,Sprzedane (Targi PWE),https://www.mitltd.kr,,,,0000000000,https://www4.pwe-expoplanner.com/sklep/img/logo/45318.jpg,https://www.mitltd.kr,info@mit21.net,0588235294118; 88235294117647; 8235294117647,,,,https://www.instagram.com/fivestar.korea,https://www.youtube.com/@fivestar5531/videos,,
FOODPAK SP. Z O.O.,2025,,,C0.20,,,Sprzedane,https://warsawexpo.eu,,,,5223246462,https://www4.pwe-expoplanner.com/sklep/img/logo/79506.jpg,https://warsawexpo.eu,info@warsawexpo.eu; rodo@warsawexpo.eu,2025-06-16; 2026-02-18; 00000099,,https://www.linkedin.com/company/warsaw-expo/,https://www.facebook.com/warsawexpo/,https://www.instagram.com/ptak_warsaw_expo/,https://www.youtube.com/@ptakwarsawexpo2557,,
Planteris,2025,,,C1.74a,,,Sprzedane,https://qurczak.pl/kontakt,.,,,1231440610,https://www4.pwe-expoplanner.com/sklep/img/logo/52231.jpg,https://qurczak.pl/,,097763-69; 982531-77,,,,,,,
OKRĘGOWA SPÓŁDZIELNIA MLECZARSKA WART-MILK,2025,,,C1.44b,,,Sprzedane,https://www.osmsieradz.pl/,,,,8270007832,,https://www.osmsieradz.pl/,m.jedrzejowski@osmsieradz.pl; p.razniecki@osmsieradz.pl; biuro@osmsieradz.pl,502 135 779; 601 381 634; 43 828-67-29,,,https://www.facebook.com/powiedzmuzWARTMILK/,https://www.instagram.com/powiedz_mu_z_wart_milk/,,,
Miroleader,2025,,,C3.67a,,,Sprzedane,https://aleo.com/pl/firma/miroleader-sp-z-oo-warszawa,.,,,5223099009,https://www4.pwe-expoplanner.com/sklep/img/logo/59755.jpg,,,,,,,,,,
STOWARZYSZENIE DORADCÓW NA RZECZ ROZWOJU OBSZARÓW WIEJSKICH,2025,,,C4.55b,,,Sprzedane,https://rejestr.io/krs/243025/stowarzyszenie-doradcow-na-rzecz-rozwoju-obszarow-wiejskich,.,,,7393523482,,,,,,,,,,,
MASARNIA KRZYŚ SPÓŁKA Z OGRANICZONĄ ODPOWIEDZIALNOŚCIĄ  SPÓŁKA K,2025,,,C3.73a,,,Sprzedane,https://brak@brak.com,.,,,9820367968,,,,,,,,,,,
TCP TECNOCENTER POLSKA SPÓŁKA Z OGRANICZONĄ ODPOWIEDZIALNOŚCIĄ,2025,,,C3.74a,,,Sprzedane,http://www.tecnocenter.pl/index.html#section4,.,,,7732391357,https://www4.pwe-expoplanner.com/sklep/img/logo/65711.jpg,,,,,,,,,,
RAMSS,2025,,,C3.72a,,,Sprzedane,https://brak.pl,.,,,3735134452,https://www4.pwe-expoplanner.com/sklep/img/logo/66930.jpg,,,,,,,,,,
SIA “LATLIQ”,2025,,,C3.59a,,,Sprzedane,https://brak@brak.com,.,,,40103986857,,,,,,,,,,,
BAZZARA SRL,2025,,,C3.77a,,,Sprzedane,https://brak@brak.com,.,,,949800320,https://www4.pwe-expoplanner.com/sklep/img/logo/69761.jpg,,,,,,,,,,
Zakłady Mięsne Saltowski Sp. z.o.o.,2025,,,C1.41,,,Sprzedane,https://brak@brak.com,.,,,000,https://www4.pwe-expoplanner.com/sklep/img/logo/71590.jpg,,,,,,,,,,
RSA Distibution SP. Z O.O.,2025,,,C3.65a,,,Sprzedane,http://www.krs-online.com.pl/snacks-and-dried-fish-sp-z-o-o-krs-10414084.html,Spółka z ograniczoną odpowiedzialnością,,,6772473664,https://www4.pwe-expoplanner.com/sklep/img/logo/73450.jpg,,,,,,,,,,
PURO SPIRITS SPÓŁKA Z OGRANICZONĄ ODPOWIEDZIALNOŚCIĄ,2025,,,C1.59,,,Sprzedane (Dział Prawny),https://brak@brak.com,.,,,8561926294,https://www4.pwe-expoplanner.com/sklep/img/logo/73983.jpg,,,,,,,,,,
MANUFAKTURA DOBRA SPÓŁKA Z OGRANICZONĄ ODPOWIEDZIALNOŚCIĄ,2025,,,C1.66a,,,Sprzedane,https://brak@brak.com,.,,,9112006372,,,,,,,,,,,
PASSION MK MICHAL KATUŠ,2025,,,C3.78a,,,Sprzedane (Targi PWE),https://aleo.com/pl/firma/michal-katus-dzialoszyce,.,,,6621824551,,,,,,,,,,,
DMHERMES HOLDING s.r.o.,2025,,,C4.59a,,,Sprzedane,https://brak@brak.com,.,,,29455791,,,,,,,,,,,
EURO INVESTMENT HOLDING JSC,2025,,,C1.65,,,Sprzedane,https://www.eihbg.com/,.,,,000,https://www4.pwe-expoplanner.com/sklep/img/logo/74774.jpg,https://eihbg.com/,info@eihbg.com,02 906 04 00,,https://www.linkedin.com/company/euro-investment-holding-ltd/,https://www.facebook.com/lacrimadairy,https://www.instagram.com/lacrimadairy/,https://www.youtube.com/channel/UClb5Le3IRVxe1HlLicTFUpA,,
MAREMA SPÓŁKA Z OGRANICZONĄ ODPOWIEDZIALNOŚCIĄ,2025,,,C3.71a,,,Sprzedane,https://brak@brak.com,.,,,5492449931,https://www4.pwe-expoplanner.com/sklep/img/logo/75724.jpg,,,,,,,,,,
GASTRONOMICZNA SPÓŁKA Z OGRANICZONĄ ODPOWIEDZIALNOŚCIĄ,2025,,,C3.66a,,,Sprzedane (Targi PWE),https://brak@brak.com,.,,,7011175675,https://www4.pwe-expoplanner.com/sklep/img/logo/76963.jpg,,,,,,,,,,
"JSC ""Darom AS""",2025,,,C1.56a,,,Sprzedane,https://brak@brak.com,.,,,0000000000,,,,,,,,,,,
Melograno Siciliano di Carminio rosa,2025,,,C4.79a,,,Sprzedane,https://registroaziende.it/azienda/melograno-siciliano-di-carminio-rosa-partinico,.,,,06569270827,,,,,,,,,,,
FIRMA HANDLOWO-USŁUGOWA  JARPOL  JAROSŁAW KRZYSZTOF WICZKOWSKI,2025,,,C4.65a,,,Sprzedane,https://fhu-jarpol.pl/,v,v,,8581045326,https://www4.pwe-expoplanner.com/sklep/img/logo/80360.jpg,https://fhu-jarpol.pl/,es@fhu-jarpol.pl; marta.petri@fhu-jarpol.pl; maciej.sonnek@fhu-jarpol.pl,330867 100; 321575 100; 596164 100,,,,,,,Jarosław Wiczkowski (Prezes) | Jarosław Wiczkowski (Właściciel) | John Doe (CEO)
EVOO PREMIUM,2025,,,C6.17,,,Sprzedane,https://evoopremium.shop/,,,,5251994118,https://www4.pwe-expoplanner.com/sklep/img/logo/79500.jpg,https://evoopremium.shop/pl,contact@evoopremium.shop; monika@olivemylove.pl,117537308; +48 604 119 208; +48 604 119 208,,,,https://instagram.com/evoopremium.shop,,,
FEDERACJA POLSKICH BANKÓW ŻYWNOŚCI,2025,,,C4.44,,,Sprzedane,https://bankizywnosci.pl/,,,,5242102362,https://www4.pwe-expoplanner.com/sklep/img/logo/68586.jpg,https://bankizywnosci.pl/,federacja@bankizywnosci.pl; biuroprasowe@bankizywnosci.pl; dorota.szwalgin@bankizywnosci.pl,2017-11-23; 2026-06-01; 604167787501768,,https://www.linkedin.com/company/bankizywnosci,https://www.facebook.com/bankizywnosci,https://www.instagram.com/bankizywnosci/,https://www.youtube.com/c/bankizywnoscifederacja,,
P.W. MAT Marzena Tkaczuk,2025,,,C3.66c,,,Sprzedane,https://matcukierki.pl/,,,,6641436326,https://www4.pwe-expoplanner.com/sklep/img/logo/80017.jpg,https://matcukierki.pl/,handel@matcukierki.pl,+0152-0153; 33.33333333; 21.73913043,,,https://www.facebook.com/matcukierki/,https://www.instagram.com/mateo_slodycze/,,,
Cornucopia,2025,,,C3.62c,,,Sprzedane,https://cornucopiagarlic.com.pl/,,,,5272993213,https://www4.pwe-expoplanner.com/sklep/img/logo/14552.jpg,https://cornucopiagarlic.com.pl/,biuro@concucopia.com.pl; biuro@cornucopia.com.pl,99999999; 999999999; 1683738151380,,,,,,,
NAV24 SP Z O O,2025,,,C4.46,,,Sprzedane,https://nav24.pl/,,,,5472148066,https://www4.pwe-expoplanner.com/sklep/img/logo/15459.jpg,,,,,,,,,,
FHU Grota,2025,,,C3.56d,,,Sprzedane (Dział Prawny),https://mapa.targeo.pl/7951208258/nip/firma,.,,,7951208258,,,,,,,,,,,
KMC Collection,2025,,,C3.55d,,,Sprzedane,https://www.google.com/,,,,1111111112,,,,,,,,,,,
Elbest Hotels,2025,,,C3.62d,,,Sprzedane,https://elbesthotels.pl/,,,,7691949726,https://www4.pwe-expoplanner.com/sklep/img/logo/66477.jpg,https://elbesthotels.pl/,elbest@elbest.pl; marketing@elbesthotels.pl; iod@elbest.pl,29489974; 77339961-17; 618304605461343,,,https://www.facebook.com/ElbestHotels,,,,
Creta Drop & ManaGi,2025,,,C4.67b,,,Sprzedane,https://www.cretadrop.com/,,,,4289778929,https://www4.pwe-expoplanner.com/sklep/img/logo/19688.jpg,https://www.cretadrop.com/,info@cretadrop.com,+30 210 6634821; 2025-05-16 07; 2022-09-28 20,,https://www.linkedin.com/company/creta-drop,https://www.facebook.com/cretadrop,https://instagram.com/cretadrop,https://www.youtube.com/channel/UC_oRK8SsZVAtEvO3DKIk2gg,,
Roga Agro,2025,,,C3.62b,,,Sprzedane,https://foodlatvia.lv/producer/rogaagro,ROGA-AGRO to łotewska spółka akcyjna specjalizująca się w produkcji pieczywa oraz świeżych wyrobów ciastkarskich i ciast. Firma zarejestrowana jest pod numerem 40003101668 i działa w branży oznaczonej kodem NACE 10.71,,,4000 3101668,,,,,,,,,,,
Konsonet,2025,,,C4.65b,,,Sprzedane (Dział Prawny),https://konsonet.eu/,.,,,100008015419,https://www4.pwe-expoplanner.com/sklep/img/logo/62983.jpg,https://konsonet.eu/,info@konsonet.eu,2022-06-07; 2026-05-25; 3333333333333,,,,,,,Team Clarel Martingale (Founder)
APIMAR,2025,,,C3.73b,,,Sprzedane,https://apimar.pl/,,,,7160012547,https://www4.pwe-expoplanner.com/sklep/img/logo/23560.jpg,https://apimar.pl/,kontakt@apimar.pl; bmarcinkowski@apimar.pl; tomek@apimar.pl,2019-09-16; 2025-11-24; 174455902,,,,,,,
Unmate,2025,,,C3.50c,,,Sprzedane,https://un-mate.pl/,,,,6312681846,https://www4.pwe-expoplanner.com/sklep/img/logo/38201.jpg,https://un-mate.pl/,sklep@un-mate.pl,+48 694 788 324; 37936256; 8964710565,https://wa.me/message/7KYOM62K2SNNG1,,https://www.facebook.com/Unmate.poland,https://www.instagram.com/unmate.poland/,https://www.youtube.com/@unmateeurope,,
Gospodarstwo Pasieczne “Sądecki Bartnik”,2025,,,C3.78d,,,Sprzedane,https://bartnik.pl/,BIO MIOD,,,7343533509,https://www4.pwe-expoplanner.com/sklep/img/logo/31826.jpg,https://bartnik.pl/,bartnik@bartnik.pl; piotr.fejklowicz@gmail.com; zamowienia@bartnik.pl,2021-02-03; 2026-06-02; 01.06.2026,,,https://www.facebook.com/,https://www.instagram.com/miodysadeckibartnik/,https://www.youtube.com/user/sadeckibartnik,,Tomasz Król (Dyrektor) | Wiesław Janowski (Dyrektor)
DENNEMEYER & ASSOCIATES SPÓŁKA Z OGRANICZONĄ ODPOWIEDZIALNOŚCIĄ,2025,,,C3.47c,,,Sprzedane (Targi PWE),http://www.krs-online.com.pl/dennemeyer-associates-sp-z-o-o-krs-712791.html,.,.,,5272668306,https://www4.pwe-expoplanner.com/sklep/img/logo/58392.jpg,,,,,,,,,,
Kawiarnia cukiernia Lavender Cakewie,2025,,,C3.71c,,,Sprzedane,"https://www.owg.pl/ceidg/kawiarnia_cukiernia_lavender_cake_liudmyla_kaprior_9,74,823167,8231670644",,,,8231670644,,,,,,,,,,,
Qmatch Consulting,2025,,,C4.77b,,,Sprzedane (Dział Prawny),https://qmatch.pl/,,,,5214022869,https://www4.pwe-expoplanner.com/sklep/img/logo/38029.jpg,https://qmatch.pl/,hello@qmatch.pl,2025-10-28; 2026-05-29; 5214022869,,https://www.linkedin.com/in/tomasz-pietrzak/,,,,,Bartosz Olszewski (Prezes) | Sebastian Barandziak (Prezes) | Maciej Łojewski (Prezes)
PotejMax - Producent warzyw obranych,2025,,,C3.55b,,,Sprzedane,https://potejmax.pl/,,,,6812076083,https://www4.pwe-expoplanner.com/sklep/img/logo/47311.jpg,https://potejmax.pl/,,+48 518 064 842; +48 575 477 268; 6424064523473,,,https://www.facebook.com/p/PotejMax-100057149572325/,,,,
Para Food,2025,,,C1.43,,,Sprzedane,https://www.para-food.com/,,,,,https://www4.pwe-expoplanner.com/sklep/img/logo/50877.jpg,https://www.para-food.com/en,info@para-food.com,+420-774-409-646; +420 774 409 646; 07036558,https://wa.me/+420774409646,https://www.linkedin.com/in/ondrejbrach,https://www.facebook.com/Czebos,https://www.instagram.com/parafood_,,,
Probiomarket Sp. z o.o./Narex,2025,,,C3.53b,,,Sprzedane,https://narex.pl/,.,,,7010626696,https://www4.pwe-expoplanner.com/sklep/img/logo/51481.jpg,https://narex.pl/,kontakt@narex.pl,2024-03-06; 2026-04-29; 22 299 7574,,https://www.linkedin.com/company/probiomarket/,https://www.facebook.com/narex.probiotyki,https://www.instagram.com/narex.probiotyki,https://www.youtube.com/@NarexProbiotyki,https://www.tiktok.com/@narex.probiotyki,
LAVICA FOOD SPÓŁKA Z OGRANICZONĄ ODPOWIEDZIALNOŚCIĄ,2025,,,C3.59b,,,Sprzedane,https://www.facebook.com/lavicafood/,.,,,7773400745,,,,,,,,,,,
PRAVDA SPÓŁKA Z OGRANICZONĄ ODPOWIEDZIALNOŚCIĄ,2025,,,C4.67a,,,Sprzedane (Dział Prawny),https://www.pravdavodka.com/pl,,,,5471984576,https://www4.pwe-expoplanner.com/sklep/img/logo/55611.jpg,https://www.pravdavodka.com/pl,info@pravda.com.pl,00000080; 2545352419; 00000087,,,https://www.facebook.com/PravdaUSA/,https://www.instagram.com/pravdavodkasa/,https://www.youtube.com/channel/UCFV4-Y7ZxVB7naNrXoENa0Q,,
NIEPUBLICZNE BRANŻOWE CENTRUM UMIEJETNOŚCI W DZIEDZINIE GASTRONOMI I KELNERSTWA,2025,,,C4.50,,,Sprzedane,https://bazakonkurencyjnosci.funduszeeuropejskie.gov.pl/ogloszenia/183354,.,,,8132456304,https://www4.pwe-expoplanner.com/sklep/img/logo/56694.jpg,,,,,,,,,,
Exotic Food PCL,2025,,,C6.15,,,Sprzedane,https://brak@brak.com,.,,,01075560000680,,,,,,,,,,,
PROVEGGO SPÓŁKA Z OGRANICZONĄ ODPOWIEDZIALNOŚCIĄ,2025,,,C1.73,,,Sprzedane,https://aleo.com/pl/firma/proveggo-spolka-z-ograniczona-odpowiedzialnoscia,.,x,,7162846570,,,,,,,,,,,
MAKAR Bakalie,2025,,,C1.50b,,,Sprzedane,http://www.makar.pl/,,,,9542750469,https://www4.pwe-expoplanner.com/sklep/img/logo/60581.jpg,https://makar.pl/,serwis@makar.pl; import@makar.pl; marketing@makar.pl,+48 32 256 81 01; 32 256 81 01; 32 256 91 98,,,,,,,
"Fundacja Amar ""pozywienie dla zdrowia""",2025,,,C3.50d,,,Sprzedane,https://aleo.com/pl/firma/fundacja-amar---pozywienie-dla-zdrowia,",",",",,8513001374,,,,,,,,,,,
ORLIK & PARTNERS ADWOKACKA SPÓŁKA PARTNERSKA,2025,,,C1.47,,,Sprzedane (Targi PWE),https://warsawexpo.eu/kalendarz-targowy/,.,,,7010965004,https://www4.pwe-expoplanner.com/sklep/img/logo/62027.jpg,https://warsawexpo.eu/kalendarz-targowy/,info@warsawexpo.eu; rodo@warsawexpo.eu,2019-08-02; 2026-01-28; 09763 10.3166,,https://www.linkedin.com/company/warsaw-expo/,https://www.facebook.com/warsawexpo/,https://www.instagram.com/ptak_warsaw_expo/,https://www.youtube.com/@ptakwarsawexpo2557,,
RAW ENERGY SPÓŁKA Z OGRANICZONĄ ODPOWIEDZIALNOŚCIĄ,2025,,,C3.66b,,,Sprzedane,https://brak.pl,.,,,1133138206,,,,,,,,,,,
DRIED FRUITS,2025,,,C4.61b,,,Sprzedane,https://rejestr.io/krs/720511/dried-fruits,x,,,6431769820,,,,,,,,,,,
"""ROOM SERVICE"" SPÓŁKA JAWNA",2025,,,C4.71a,,,Sprzedane (Dział Prawny),https://brak@brak.com,.,,,7571410835,https://www4.pwe-expoplanner.com/sklep/img/logo/65038.jpg,,,,,,,,,,
LVIVSKYI KHOLODOKOM­BI­NAT PRIVATE JOINT-STOCK COMPANI,2025,,,C3.60d,,,Sprzedane,https://brak@brak.com,.,,,1553706,,,,,,,,,,,
Gretos konditerija,2025,,,C3.53a,,,Sprzedane,https://www.facebook.com/gretoskonditerijairdizainas/,x,x,,49807014068,,,,,,,,,,,
PRO-BIZNES SPÓŁKA Z OGRANICZONĄ ODPOWIEDZIALNOŚCIĄ,2025,,,C1.56b,,,Sprzedane (Dział Prawny),https://aleo.com/pl/firma/pro-biznes-spolka-z-ograniczona-odpowiedzialnoscia,.,.,,9291873966,,,,,,,,,,,
"""UZDROWISKO KRYNICA-ŻEGIESTÓW"" SPÓŁKA AKCYJNA",2025,,,C3.55c,,,Sprzedane,https://kryniczanka.pl/,.,,,7340010604,,https://kryniczanka.pl/,kryniczanka@kryniczanka.pl; biurozarzadu@uzdrowisko-krynica-zegiestow.pl; zamowienia@uzdrowisko-krynica-zegiestow.pl,2019-05-28; 2026-01-16; 141668948,,,https://www.facebook.com/woda.kryniczanka,https://www.instagram.com/woda.kryniczanka,https://www.youtube.com/channel/UCLdAKQb0IfTHZTDWv9aapnA,,Obszaru Sprzedaży (Kierownik)
AGJ-JAWORSCY SPÓŁKA JAWNA,2025,,,C3.53d,,,Sprzedane,https://brak@brak.com,.,,,7132940956,,,,,,,,,,,
Bifido Polska,2025,,,C1.54b,,,Sprzedane,https://bifido.net.pl/,,,,8442384527,https://www4.pwe-expoplanner.com/sklep/img/logo/71018.jpg,https://bifido.net.pl/,kontakt@bifido.net.pl,2025-02-17; 2026-05-20; +48 605 054 005,,,https://www.facebook.com/profile.php,https://www.instagram.com/bifido.polska/,,,
OKRĘGOWA SPÓŁDZIELNIA MLECZARSKA W KOWALEWIE-DOBRZYCY,2025,,,C3.49c,,,Sprzedane (Dział Prawny),https://www.osm-kowalew.pl/,.,,,6170001409,,,,,,,,,,,
INTERNATIONAL FOOD EUROPE B.V.,2025,,,C3.72b,,,Sprzedane (Targi PWE),https://ifeurope.nl/,x,,,863950462B01,https://www4.pwe-expoplanner.com/sklep/img/logo/73984.jpg,https://ifeurope.nl/,,2025-01-21,,,,,,,
PESKO SPÓŁKA Z OGRANICZONĄ ODPOWIEDZIALNOŚCIĄ,2025,,,C4.53b,,,Sprzedane,https://brak@brak.com,.,,,7972086990,,,,,,,,,,,
"Liptov Farm, s.r.o.",2025,,,C3.50b,,,Sprzedane (Targi PWE),https://www.konopnafarmaliptov.sk/spoznajte-nas/,-,-,,2121094910,,https://www.konopnafarmaliptov.sk/spoznajte-nas/,info@konopnafarmaliptov.sk,2024-01-19; 2025-05-22; +421905311977,,,,,,,
CELPO a.s,2025,,,C3.65b,,,Sprzedane,https://brak@brak.com,.,,,SK2020070811,https://www4.pwe-expoplanner.com/sklep/img/logo/76458.jpg,,,,,,,,,,
YEMEK SPÓŁKA CYWILNA,2025,,,C1.49,,,Sprzedane,https://brak@brak.com,.,,,1251772261,https://www4.pwe-expoplanner.com/sklep/img/logo/76928.jpg,,,,,,,,,,
PW Bonus,2025,,,C3.59c,,,Sprzedane,https://www.pwbonus.pl/,,,,7940001648,,https://www.pwbonus.com.pl/,firma@pwbonus.pl; katarzyna@pwbonus.pl; sylwia@pwbonus.pl,+48 (16) 642 44 06; +48 (16) 642 35 60; 2025-12-11 12,,,,,,,
WIZAX SPÓŁKA Z OGRANICZONĄ ODPOWIEDZIALNOŚCIĄ,2025,,,C1.72b,,,Sprzedane,https://brak@brak.com,.,,,5471843083,,,,,,,,,,,
NutriDesign Lab Sp. z o.o.,2025,,,C1.66b,,,Sprzedane,https://brak@brak.com,.,,,9662172408,,,,,,,,,,,
TERRA FOOD LLC,2025,,,C1.51,,,Sprzedane,https://brak@brak.com,.,,,000,https://www4.pwe-expoplanner.com/sklep/img/logo/77717.jpg,,,,,,,,,,
Global Research and Consulting LLC,2025,,,A1.29f,,,Sprzedane (Agenci),HTTP://www.grc.Uz,-,-,,,,https://grc.Uz/,info@grc.uz,+99871 207-35-03; +99890 168-02-44; +99871 255-35-03,,,https://www.facebook.com/GRCuz,,,,
Urszula Makowska,2025,,,C4.52,,,Sprzedane,https://brak@brak.com,.,,,7292297498,,,,,,,,,,,
UCC | Ukrainian Coffee Company,2025,,,C3.68d,,,Sprzedane,http://www.ucc.net.ua/,.,.,,32299065,https://www4.pwe-expoplanner.com/sklep/img/logo/78345.jpg,https://ucc.net.ua/,SALES@UCC.NET.UA; a.nazarenko@ucc.net.ua; o.bilyi@ucc.net.ua,2016-01-29; 2026-03-22; 1495112538029,,,https://www.facebook.com/ucc.net.ua/,https://www.instagram.com/ukrainiancoffeecompany/,,,
"ZIZIN, s.r.o.",2025,,,C1.87,,,Sprzedane,https://brak@brak.com,.,,,0000000000,,,,,,,,,,,
GOOD SNACK SPÓŁKA Z OGRANICZONĄ ODPOWIEDZIALNOŚCIĄ,2025,,,C3.61c,,,Sprzedane,https://brak@brak.com,.,,,8711779430,,,,,,,,,,,
Koło Gospodyń Wiejskich w Tylmanowej,2025,,,C4.73b,,,Sprzedane,https://brak@brak.com,.,,,7352921783,,,,,,,,,,,
WALBRO,2025,,,C4.89b,,,Sprzedane,https://krs-pobierz.pl/walbro-spolka-z-ograniczona-odpowiedzialnoscia-i7139332,,,,7123424729,,,,,,,,,,,
Trading Manufacturing Company ROMA LLC,2025,,,C4.74,,,Sprzedane,https://warsawexpo.eu/,v,v,,23325414,,https://warsawexpo.eu/,info@warsawexpo.eu; rodo@warsawexpo.eu,2025-06-16; 2026-02-18; 00000099,,https://www.linkedin.com/company/warsaw-expo/,https://www.facebook.com/warsawexpo/,https://www.instagram.com/ptak_warsaw_expo/,https://www.youtube.com/@ptakwarsawexpo2557,,
SANTERA INTERFOOD Sp. z o.o.,2025,,,C3.73c,,,Sprzedane,https://brak@brak.com,"Sprzedaż hurtowa niewyspecjalizowana żywności, napojów i wyrobów tytoniowych",,,6751802677,,,,,,,,,,,
NAWAR SP. Z O.O.,2025,,,C3.67c,,,Sprzedane (Targi PWE),https://krs-pobierz.pl/nawar-spolka-z-ograniczona-odpowiedzialnoscia-i6564724,.,,,5432184334,,,,,,,,,,,
LEGALFS,2025,,,C3.67d,,,Sprzedane,https://aleo.com/pl/firma/legalfs-spolka-z-ograniczona-odpowiedzialnoscia,",",,,7011235472,https://www4.pwe-expoplanner.com/sklep/img/logo/81450.jpg,,,,,,,,,,
